run_id,alpha,width,eta_kappa,seed,eta_0,p,train_fraction,data_seed,lr,budget,status,t_mem,t_mem_prev,censored_mem,S_t_at_mem,R_t_at_mem,D_t_at_mem,A_t_at_mem,t_grok80,t_grok80_prev,censored_grok80,S_t_at_grok80,R_t_at_grok80,D_t_at_grok80,A_t_at_grok80,t_grok90,t_grok90_prev,censored_grok90,S_t_at_grok90,R_t_at_grok90,D_t_at_grok90,A_t_at_grok90,t_grok95,t_grok95_prev,censored_grok95,S_t_at_grok95,R_t_at_grok95,D_t_at_grok95,A_t_at_grok95,train_acc_final,test_acc_final,train_loss_final,test_loss_final,S_t_final,R_t_final,D_t_final,A_t_final
ntk_N50_a0.5_wd0_s0,0.5,50,0.0,0,100.0,23,0.9,42,400.0,200000,ok,3000,2983,False,3.145561288680603,0.08926493402571967,2.2726658102986974,0.3256345969018832,4000,3662,False,3.841873549435469,0.09842468762489165,2.9719548581659163,0.31511510879539356,4496,4058,False,4.235266784102057,0.10288960759604704,3.3672661075827874,0.3161738493687677,4981,4496,False,4.628692930183986,0.10530439284821935,3.760619068578335,0.3160314680866478,1.0,1.0,0.0033479982521384954,0.010668777860701084,13.778605321717434,0.1513236101798795,12.940742272732159,0.25242696677099535
ntk_N50_a0.5_wd0_s1,0.5,50,0.0,1,100.0,23,0.9,43,400.0,200000,ok,3305,3000,False,2.873089672197129,0.09520223983942622,2.013830694024929,0.3105049711344951,6776,6116,False,4.874867407937478,0.13176295267906635,4.037233121368356,0.2872374755225095,9000,8319,False,6.072508587916258,0.13660594152647387,5.233490697483275,0.28752694453094224,10000,9218,False,6.667084335864476,0.13790197179130737,5.827062126134387,0.28300018816345646,1.0,1.0,0.004693623166531324,0.013349894434213638,12.944047367626313,0.16480927258253786,12.121339265195322,0.22353920258619084
ntk_N50_a0.5_wd0_s2,0.5,50,0.0,2,100.0,23,0.9,44,400.0,200000,ok,2692,2430,False,2.8583522262943477,0.08344985668442606,1.9825567240936404,0.3324588465129157,4496,4058,False,4.303089267774749,0.10151923586348488,3.4327964372392428,0.31420592413690773,4981,4496,False,4.704427073345432,0.10006514521611198,3.829396597146924,0.3099657760091189,5520,5000,False,5.183482280409541,0.09934284597111065,4.304812162458894,0.303144260083011,1.0,1.0,0.003514169016852975,0.009363471530377865,16.72440033019449,0.1795959593433688,15.914271431256545,0.21931647623880804
ntk_N50_a0.5_wd0_s3,0.5,50,0.0,3,100.0,23,0.9,45,400.0,200000,ok,3305,3000,False,3.615753049955095,0.10308517824450592,2.7545644145009307,0.31576351218388704,6000,5520,False,5.609154723744653,0.11942710257831546,4.752270768859686,0.303929240002097,6116,6000,False,5.668181053937998,0.11997406497734342,4.811650839003458,0.3032873962387447,9000,8319,False,7.473600895403233,0.133141105254038,6.625526056084048,0.2934573842874635,1.0,1.0,0.005128113552927971,0.014447865076363087,18.57228637764335,0.19145243686604474,17.773482143582832,0.20318560634212707
ntk_N50_a0.5_wd0_s4,0.5,50,0.0,4,100.0,23,0.9,46,400.0,200000,ok,2983,2692,False,3.5438598568226443,0.1366039151073053,2.727532444027184,0.3399287849419212,5520,5000,False,5.648021738582625,0.16569067089185674,4.8451785420654785,0.3378174230545728,6776,6116,False,6.753133598621929,0.16397611168988513,5.942495383426157,0.3334307600619136,6776,6116,False,6.753133598621929,0.16397611168988513,5.942495383426157,0.3334307600619136,1.0,1.0,0.0026965767610818148,0.008016866631805897,15.32034152791269,0.1945334327537922,14.526968669782125,0.25099514791975086
ntk_N50_a0.5_wd3e-06_s0,0.5,50,3e-06,0,100.0,23,0.9,42,400.0,200000,ok,3305,3000,False,3.319053129345494,0.0925533233883673,2.447935091454449,0.32242216230204734,4496,4058,False,4.18331739787737,0.10487561730399719,3.3182775116904595,0.3163684002632981,4981,4496,False,4.524465521665687,0.10823691160201399,3.6607766338360443,0.31397170062962804,4981,4496,False,4.524465521665687,0.10823691160201399,3.6607766338360443,0.31397170062962804,1.0,1.0,0.0018031594809144735,0.0053109764121472836,12.873250724516671,0.15883001148632514,12.04422682815789,0.24673673114049582
ntk_N50_a0.5_wd3e-06_s1,0.5,50,3e-06,1,100.0,23,0.9,43,400.0,200000,ok,3305,3000,False,2.859980691383254,0.09526559836708293,2.0011106206515383,0.31044808584027445,6776,6116,False,4.9086629114665765,0.12758059993994808,4.0657282341261,0.2930320599485248,7508,7000,False,5.358776036898141,0.1300537820930232,4.515837322337198,0.2952333385863096,9000,8319,False,6.301048164017311,0.13205503505166205,5.455756767814556,0.29343998778808966,1.0,1.0,0.004343004431575537,0.010265442542731762,13.529103269164255,0.16288984376157545,12.7037764371418,0.22129400257974977
ntk_N50_a0.5_wd3e-06_s2,0.5,50,3e-06,2,100.0,23,0.9,44,400.0,200000,ok,2692,2430,False,2.846413046237404,0.08342869053703006,1.9708338752076244,0.3321497768254792,4496,4058,False,4.275258755710402,0.10262953045738676,3.406590012640563,0.3169661311955722,4981,4496,False,4.689647234770799,0.10149219116902064,3.8164671968176362,0.3112440795808849,6000,5520,False,5.5921283634643695,0.10209158884032932,4.7148129809976815,0.2983159486009038,1.0,1.0,0.0023661679588258266,0.007165616378188133,14.664967325405653,0.1472218001616914,13.822059824147827,0.24326477800100701
ntk_N50_a0.5_wd3e-06_s3,0.5,50,3e-06,3,100.0,23,0.9,45,400.0,200000,ok,3305,3000,False,3.6122286512851742,0.10335699951624544,2.75144266822372,0.3157206417769505,6000,5520,False,5.5633720774591975,0.11990281668186265,4.707280816140826,0.3050460518027217,6116,6000,False,5.621551758456116,0.12063711790129605,4.766033598353566,0.304622495057745,9000,8319,False,7.3085697917565975,0.1302126731181219,6.457661313197978,0.29922960634078327,1.0,1.0,0.004229981452226639,0.010053567588329315,19.939902796766276,0.2005568920437455,19.149884799029543,0.2277441737094362
ntk_N50_a0.5_wd3e-06_s4,0.5,50,3e-06,4,100.0,23,0.9,46,400.0,200000,ok,2692,2430,False,3.274310153316379,0.12998173917009093,2.4543202175141436,0.34413212247060954,6000,5520,False,6.019275561825176,0.1708807081787962,5.2201803902730655,0.3402645632730808,6116,6000,False,6.122534133572372,0.17084996840946165,5.322821195214755,0.33969306925711107,6776,6116,False,6.685255570360474,0.1703495949371765,5.88215879224963,0.33831221811151985,1.0,1.0,0.002878738334402442,0.006555895786732435,16.379997396360828,0.17453063411634762,15.564766062388724,0.286629043204243
ntk_N50_a0.5_wd1e-05_s0,0.5,50,1e-05,0,100.0,23,0.9,42,400.0,200000,ok,3305,3000,False,3.3105188899993796,0.09140904161696595,2.4379746223091368,0.3248647038314128,4496,4058,False,4.154015090068675,0.10424339639924707,3.2884446888682617,0.3192522253761366,4981,4496,False,4.511660821096323,0.10801278513882562,3.647793281451072,0.3187596817006364,4981,4496,False,4.511660821096323,0.10801278513882562,3.647793281451072,0.3187596817006364,1.0,1.0,0.002124255755916238,0.007666766177862883,13.400730023047554,0.15766331142941303,12.56995274639183,0.24570826668149012
ntk_N50_a0.5_wd1e-05_s1,0.5,50,1e-05,1,100.0,23,0.9,43,400.0,200000,ok,3305,3000,False,2.8338917731616147,0.09497667002992305,1.9752129615183318,0.3111773554973258,6776,6116,False,4.916012903044291,0.1269149288930811,4.0722214960466045,0.2874061984066253,6776,6116,False,4.916012903044291,0.1269149288930811,4.0722214960466045,0.2874061984066253,8319,8000,False,5.80551681773684,0.13579450862028564,4.966860828798644,0.2862872605486704,1.0,1.0,0.002902635373175144,0.007403477095067501,13.92031655316374,0.15326177902791993,13.084398526225662,0.22687359442155838
ntk_N50_a0.5_wd1e-05_s2,0.5,50,1e-05,2,100.0,23,0.9,44,400.0,200000,ok,2692,2430,False,2.823941216511279,0.0831196725189538,1.9483869481052867,0.33216926787884615,4496,4058,False,4.272362605917117,0.10131947584908507,3.402073500726016,0.31518852887706533,4981,4496,False,4.657227844274678,0.10078018850723458,3.7833884422660455,0.30999503364844844,5520,5000,False,5.111129751707794,0.10188985391887306,4.235909862461761,0.30329881782413737,1.0,1.0,0.002679751720279455,0.007479989435523748,14.716435765908102,0.10904048595196181,13.832931169317439,0.2559646290019593
ntk_N50_a0.5_wd1e-05_s3,0.5,50,1e-05,3,100.0,23,0.9,45,400.0,200000,ok,3305,3000,False,3.5850709323385734,0.10306855386233771,2.7242628137171168,0.3171725636440553,5520,5000,False,5.340915875775041,0.11609283062715725,4.481476846406359,0.31053959735492104,6000,5520,False,5.6421042837684015,0.11875012654941086,4.784258916152625,0.3095612170372839,7508,7000,False,6.629792531582223,0.13017777983998657,5.781061087186432,0.30207082620499603,1.0,1.0,0.003900484647601843,0.00906201172620058,17.796122799006294,0.14782179871949386,16.952022028184814,0.2618891949777312
ntk_N50_a0.5_wd1e-05_s4,0.5,50,1e-05,4,100.0,23,0.9,46,400.0,200000,ok,2983,2692,False,3.4797255767258037,0.13700281632234268,2.6650522216175743,0.34458585883266835,6000,5520,False,5.630400628672914,0.17225379840455612,4.835320648278781,0.32664267142303277,6776,6116,False,6.0622244612217235,0.17675812550316694,5.269650022542442,0.32633800640280913,7508,7000,False,6.660503906185665,0.18141671352488065,5.870090112604988,0.3267478897634326,1.0,1.0,0.0028908487875014544,0.008004809729754925,16.46410499574876,0.18815295113723485,15.663144103439405,0.28438464414527326
ntk_N50_a0.5_wd3e-05_s0,0.5,50,3e-05,0,100.0,23,0.9,42,400.0,200000,ok,3305,3000,False,3.2180890472091477,0.09051841001814953,2.3457432999050805,0.32533222002829415,4496,4058,False,4.0144110928725665,0.10108157468376422,3.1461468856720973,0.3221021237957043,4496,4058,False,4.0144110928725665,0.10108157468376422,3.1461468856720973,0.3221021237957043,4981,4496,False,4.423333340203604,0.10303699396900956,3.553975956523133,0.32206870746476624,1.0,1.0,0.001956711756065488,0.00545693701133132,10.689556686903554,0.1472007413385985,9.850610647391548,0.29228561186553276
ntk_N50_a0.5_wd3e-05_s1,0.5,50,3e-05,1,100.0,23,0.9,43,400.0,200000,ok,3305,3000,False,2.7166808313396102,0.09886359581364423,1.8665890677964776,0.31475873573887436,6776,6116,False,4.506834310417791,0.13073554403394005,3.671007184903077,0.2939625441270569,7508,7000,False,4.962209780490652,0.1352642406177157,4.128138251088924,0.2933441423139037,9000,8319,False,5.901635898466081,0.14405164456502628,5.072111512449962,0.28973951214936194,1.0,1.0,0.00295649585314095,0.0067339506931602955,14.286622030468719,0.1426549154053819,13.439138316681882,0.26510320031181517
ntk_N50_a0.5_wd3e-05_s2,0.5,50,3e-05,2,100.0,23,0.9,44,400.0,200000,ok,2692,2430,False,2.7796850081225837,0.08244558854497774,1.9041072083958184,0.3326529261414622,4496,4058,False,4.178182362578483,0.097286343427607,3.303604591694186,0.31407205850647874,4981,4496,False,4.5652166068749285,0.09912773215783743,3.6899659337227484,0.3069656232396361,5520,5000,False,5.016668372482068,0.10119236087172223,4.141125673913033,0.3018188774557859,1.0,1.0,0.0026554386131465435,0.0074572935700416565,11.073764880704907,0.12245570116069215,10.207488925178135,0.3074127066262338
ntk_N50_a0.5_wd3e-05_s3,0.5,50,3e-05,3,100.0,23,0.9,45,400.0,200000,ok,2983,2692,False,3.290046288631742,0.10075187539369168,2.430487332100174,0.3181013863572954,5520,5000,False,5.206096070241684,0.11768265976010972,4.349319328024551,0.31373213264631467,6000,5520,False,5.47213998793332,0.1213517195765228,4.6182402781005845,0.3123910537032442,6776,6116,False,5.842181586423458,0.12519239994101705,4.990943396121573,0.3073161699963059,1.0,1.0,0.0027666722889989614,0.008346590213477612,18.15048906113661,0.12959533594000106,17.287096705082472,0.26504077603185755
ntk_N50_a0.5_wd3e-05_s4,0.5,50,3e-05,4,100.0,23,0.9,46,400.0,200000,ok,2692,2430,False,3.1385061472017606,0.13086312601864325,2.322636000866864,0.3497066089725467,6000,5520,False,5.503257962247717,0.1719692884232834,4.708727533644571,0.32623041873802155,6776,6116,False,6.1354476855351505,0.176875914224357,5.342588208722232,0.32432967231598814,7508,7000,False,6.726213230908015,0.18084326508194726,5.934837713910602,0.32087671575358606,1.0,1.0,0.0019152284367009997,0.004801496863365173,15.153505811799217,0.20847664917263564,14.374979338919347,0.2803775636379893
ntk_N50_a0.5_wd0.0001_s0,0.5,50,0.0001,0,100.0,23,0.9,42,400.0,200000,ok,2983,2692,False,2.817538393191701,0.08743802980453497,1.9483751750431701,0.3272501695973985,4000,3662,False,3.4096697377866376,0.1010806570423316,2.5486882037609817,0.31854266630785405,4496,4058,False,3.7283465782367218,0.1026764783895715,2.865222861264781,0.3219490615348216,4981,4496,False,4.056517703620321,0.10176397532058246,3.1887168590989523,0.3216399307684397,1.0,1.0,0.0017862148815765977,0.0040993341244757175,7.432387304457394,0.12688039858124067,6.577359269626683,0.3365752183586972
ntk_N50_a0.5_wd0.0001_s1,0.5,50,0.0001,1,100.0,23,0.9,43,400.0,200000,ok,3305,3000,False,2.435413557320304,0.09859019290931792,1.5939347117743823,0.3234410858762299,5520,5000,False,3.6066904128227693,0.12333221076961554,2.7720889438566285,0.30898949344720505,6116,6000,False,3.945950021463461,0.1264820855729406,3.1107564201530056,0.3105663463694105,6776,6116,False,4.282687683001962,0.13043519016494964,3.4486613038730973,0.3088602696968532,1.0,1.0,0.0025901938788592815,0.007000465411692858,8.827714175894016,0.13047843920797964,7.973503743924733,0.273653090742656
ntk_N50_a0.5_wd0.0001_s2,0.5,50,0.0001,2,100.0,23,0.9,44,400.0,200000,ok,2983,2692,False,2.780262806042344,0.09324645769965656,1.9203736550090649,0.3301221597530397,4058,4000,False,3.509989483066959,0.10453040277266801,2.6521403495841565,0.3152136215076082,4981,4496,False,4.166422484631858,0.10619856759431356,3.3032056476858167,0.30634541136502297,5520,5000,False,4.583598850157396,0.10739202795933656,3.7184223362321807,0.3028674402875491,1.0,1.0,0.002532167825847864,0.006314508616924286,7.720928327378722,0.12012252669140366,6.857535447953416,0.31310219123868593
ntk_N50_a0.5_wd0.0001_s3,0.5,50,0.0001,3,100.0,23,0.9,45,400.0,200000,ok,2692,2430,False,2.8736213159491735,0.0969577993361469,2.016853200760745,0.3293449801416996,5520,5000,False,4.727413133080632,0.1163984811154748,3.8722262435521295,0.31964581619440996,6000,5520,False,4.960629037323053,0.11680504391896807,4.104319109965378,0.3182287580328965,6776,6116,False,5.331628053310945,0.11727434125201597,4.473648167629634,0.3116478365633768,1.0,1.0,0.004008718300610781,0.008721095509827137,8.363378395275259,0.13441986288775143,7.514502628008656,0.3086773844417237
ntk_N50_a0.5_wd0.0001_s4,0.5,50,0.0001,4,100.0,23,0.9,46,400.0,200000,ok,2692,2430,False,2.9185111474034295,0.13122207475377679,2.1087036772908205,0.3567770124397186,4981,4496,False,4.742592791625025,0.1629558339278564,3.9436869970374926,0.3507200309480166,6000,5520,False,5.406320284477253,0.1698432390904665,4.6100013391264785,0.3466177805575611,6776,6116,False,5.856533530434792,0.17501175560626936,5.063185001764618,0.3471067444205242,1.0,1.0,0.001978321000933647,0.004569469951093197,10.71138999820847,0.22398015486759792,9.955369067924876,0.3305231265947885
ntk_N50_a0.5_wd0.0003_s0,0.5,50,0.0003,0,100.0,23,0.9,42,400.0,200000,ok,2692,2430,False,2.129090470668834,0.08369173965176557,1.2771921788390779,0.34713623863235804,3662,3305,False,2.640357721932717,0.09892251089622839,1.7925275693667733,0.34585572930522496,4000,3662,False,2.839964718537917,0.10106920982669076,1.9898583229820486,0.3455489317417212,4496,4058,False,3.1194770442553628,0.1044555555992307,2.2680115424748024,0.34488661696125417,1.0,1.0,0.003453131066635251,0.007338291499763727,4.655057094748072,0.1201586865480837,3.80501425207459,0.35317987880051593
ntk_N50_a0.5_wd0.0003_s1,0.5,50,0.0003,1,100.0,23,0.9,43,400.0,200000,ok,2692,2430,False,1.7651577013479673,0.08276509331958315,0.9368314638630553,0.34590983542337317,4496,4058,False,2.5182680102028394,0.12104285393125525,1.7072710518962004,0.35932316077249615,4496,4058,False,2.5182680102028394,0.12104285393125525,1.7072710518962004,0.35932316077249615,4981,4496,False,2.7422846359343125,0.12578078396659498,1.9301319062042088,0.3555616959502564,1.0,1.0,0.004696960095316172,0.009070413187146187,4.702328028979065,0.11865840037838382,3.8500875675898847,0.34508423797549265
ntk_N50_a0.5_wd0.0003_s2,0.5,50,0.0003,2,100.0,23,0.9,44,400.0,200000,ok,2983,2692,False,2.3628591350502512,0.09004010747805091,1.510923294856743,0.33938620649738616,4000,3662,False,3.0293727203677867,0.10185197832165971,2.176108647898631,0.33486575993246953,4000,3662,False,3.0293727203677867,0.10185197832165971,2.176108647898631,0.33486575993246953,4058,4000,False,3.068814277918313,0.10208059492112576,2.2150677847197735,0.3343101419351115,1.0,1.0,0.0033404419664293528,0.006545671261847019,5.276397220369533,0.10981462227157146,4.409810009717376,0.350458760701202
ntk_N50_a0.5_wd0.0003_s3,0.5,50,0.0003,3,100.0,23,0.9,45,400.0,200000,ok,2430,2193,False,2.2423805379848094,0.09667136800636289,1.4060787280800089,0.34307170247248353,4000,3662,False,3.2631766599328427,0.11433614835850103,2.422429915494964,0.33614961275442234,4496,4058,False,3.5201482513002347,0.11760254403475667,2.6793850018234497,0.3313183818110135,4981,4496,False,3.730829672655573,0.12115024480508352,2.8916107202375514,0.32785666114486167,1.0,1.0,0.004558989778161049,0.007967481389641762,5.992439181918518,0.1358321755263564,5.152900259730822,0.34258217202368596
ntk_N50_a0.5_wd0.0003_s4,0.5,50,0.0003,4,100.0,23,0.9,46,400.0,200000,ok,2430,2193,False,2.2935314715237647,0.12525125381189817,1.4992528314974876,0.38387466570682327,4000,3662,False,3.3114943313110046,0.15943311596509802,2.5296105951640566,0.3784926360499588,4496,4058,False,3.535295318017334,0.16486965327607872,2.7556211960610146,0.37634529480510237,6116,6000,False,4.095797832990655,0.17498150078282493,3.3192381544850216,0.37445170451199516,1.0,1.0,0.0040773265063762665,0.008302456699311733,6.59447811343611,0.2000583676184714,5.82552541965574,0.34214643109419934
ntk_N50_a0.5_wd0.001_s0,0.5,50,0.001,0,100.0,23,0.9,42,400.0,200000,ok,2983,2692,False,1.285768904098357,0.07072504672149493,0.5133575734128983,0.3817681569023023,4000,3662,False,1.52069298872844,0.08795346908225221,0.7339084657138141,0.38135549950631836,4496,4058,False,1.608396511387222,0.09145755002521783,0.8150744284231398,0.38322916667044865,6000,5520,False,1.7448451575802353,0.09847513700384869,0.9478618257199498,0.38933333132066883,1.0,0.9811320900917053,0.01210158970206976,0.02100936695933342,1.8499796383359484,0.09734377182493803,1.0404966973400838,0.3854900848138501
ntk_N50_a0.5_wd0.001_s1,0.5,50,0.001,1,100.0,23,0.9,43,400.0,200000,ok,3305,3000,False,1.179464575885717,0.07831708691927186,0.4657810573794597,0.36765356542480826,4981,4496,False,1.5455800018595052,0.10008950109307457,0.7791342637826417,0.36605425039458817,5520,5000,False,1.591175026833063,0.09912499464931179,0.8154375171605511,0.36741447007551814,6000,5520,False,1.6107008785593262,0.09902184983018536,0.8318321489995633,0.36826722774080956,1.0,1.0,0.011854037642478943,0.01901174522936344,1.8112714020297238,0.10446126492917418,1.0181241040872184,0.35949412871444103
ntk_N50_a0.5_wd0.001_s2,0.5,50,0.001,2,100.0,23,0.9,44,400.0,200000,ok,2983,2692,False,1.4114740056413548,0.06557561552143432,0.595338064248721,0.3825836844315719,4496,4058,False,1.818077393031006,0.08558498760701438,0.9901771979250539,0.38752608893600454,5520,5000,False,1.9301626531009137,0.0907220953996607,1.1024605942738714,0.3870038442719323,5520,5000,False,1.9301626531009137,0.0907220953996607,1.1024605942738714,0.3870038442719323,1.0,1.0,0.010564095340669155,0.018122809007763863,2.2446207104030744,0.0963148721145709,1.4076439273128107,0.3740771693179981
ntk_N50_a0.5_wd0.001_s3,0.5,50,0.001,3,100.0,23,0.9,45,400.0,200000,ok,2692,2430,False,1.4671150087227691,0.08698417547442161,0.6880610511385382,0.37244675323686754,4496,4058,False,2.0285108201829063,0.10125431725344558,1.2118685834326304,0.36717862188226613,4981,4496,False,2.1033841465311762,0.10289122148245278,1.2846385106259153,0.3638896331674627,6000,5520,False,2.199160576955554,0.10533025704799248,1.3788627150827804,0.36552023068365097,1.0,1.0,0.011386753991246223,0.017952842637896538,2.4688823239448245,0.11882225888813647,1.6566024359869147,0.38235085738504254
ntk_N50_a0.5_wd0.001_s4,0.5,50,0.001,4,100.0,23,0.9,46,400.0,200000,ok,2692,2430,False,1.4319878852601287,0.11693233201207343,0.7221529607254455,0.42944409787443955,4000,3662,False,1.7724892414568976,0.15620866369571007,1.0726117563278257,0.42043706156777794,4496,4058,False,1.8644695733333836,0.1607917684327982,1.160556057668065,0.41892394026181906,4981,4496,False,1.9541319300000672,0.1648960749556143,1.2469262649613864,0.4170078971700955,1.0,1.0,0.012504546903073788,0.018659204244613647,2.4104236729857598,0.190893167280637,1.7057437545445093,0.41741374711102897
ntk_N50_a0.5_wd0.003_s0,0.5,50,0.003,0,100.0,23,0.9,42,400.0,200000,ok,200000,200000,True,,,,,200000,200000,True,,,,,200000,200000,True,,,,,200000,200000,True,,,,,0.720588207244873,0.056603774428367615,0.035221993923187256,0.0418652705848217,0.5019254697371143,0.0709663050634951,0.5650821442105551,0.41554031052577706
ntk_N50_a0.5_wd0.003_s1,0.5,50,0.003,1,100.0,23,0.9,43,400.0,200000,ok,200000,200000,True,,,,,200000,200000,True,,,,,200000,200000,True,,,,,200000,200000,True,,,,,0.4852941036224365,0.03773584961891174,0.0373944491147995,0.042953893542289734,0.5604674315983064,0.04787265373290106,0.4968410261328443,0.3802871031019378
ntk_N50_a0.5_wd0.003_s2,0.5,50,0.003,2,100.0,23,0.9,44,400.0,200000,ok,200000,200000,True,,,,,200000,200000,True,,,,,200000,200000,True,,,,,200000,200000,True,,,,,0.5210084319114685,0.01886792480945587,0.037038978189229965,0.0427912138402462,0.5822423385096407,0.05505888717465757,0.488504548783853,0.3982090780956685
ntk_N50_a0.5_wd0.003_s3,0.5,50,0.003,3,100.0,23,0.9,45,400.0,200000,ok,200000,200000,True,,,,,200000,200000,True,,,,,200000,200000,True,,,,,200000,200000,True,,,,,0.5861344337463379,0.01886792480945587,0.03626948222517967,0.04258040338754654,0.7552007291624486,0.05064640280335775,0.36935495618131114,0.4029573196488349
ntk_N50_a0.5_wd0.003_s4,0.5,50,0.003,4,100.0,23,0.9,46,400.0,200000,ok,200000,200000,True,,,,,200000,200000,True,,,,,200000,200000,True,,,,,200000,200000,True,,,,,0.4957983195781708,0.056603774428367615,0.03749721124768257,0.04251522943377495,0.8743693335414019,0.0799503758008312,0.39445579976157863,0.43320173234476944
ntk_N50_a1_wd0_s0,1.0,50,0.0,0,100.0,23,0.9,42,100.0,200000,ok,8319,8000,False,1.9978667149942178,0.0802503749113721,1.1473434911550362,0.31096064768449155,16000,15395,False,2.664202004857304,0.09066952176362608,1.8035221529815713,0.3092173297636926,20000,19000,False,2.9017948276295082,0.0915206279768015,2.036657000127249,0.3067669464226244,23204,23000,False,3.271916038577097,0.08933363026860552,2.397120514630874,0.3042036399283748,1.0,1.0,0.004801888018846512,0.01532074250280857,10.305418301223105,0.17881796173794495,9.501389243247596,0.2201006147377945
ntk_N50_a1_wd0_s1,1.0,50,0.0,1,100.0,23,0.9,43,100.0,200000,ok,12000,11317,False,2.0500352207809462,0.09673691985328281,1.2244191074050899,0.2958844980101427,20941,20000,False,3.01963422392356,0.10827365626508012,2.1755036369673264,0.2974808770601979,25000,24000,False,3.381867297387275,0.11454900298116255,2.5393051956437973,0.2974671381209321,34000,33000,False,4.2108519047651916,0.13024680351318163,3.3773465850665043,0.28474185525009704,1.0,1.0,0.0059250108897686005,0.015968453139066696,12.08007595584351,0.22963900351472166,11.327673918198103,0.22107298493434946
ntk_N50_a1_wd0_s2,1.0,50,0.0,2,100.0,23,0.9,44,100.0,200000,ok,10214,10000,False,2.0727617044068394,0.06309730888617082,1.1884397525590582,0.3411535336575908,22000,21000,False,3.413753252419694,0.10556114558621599,2.558695795071161,0.3098903712698981,31000,30000,False,4.472948457669704,0.10910719927756696,3.6107385320857674,0.2971551434417031,46000,45000,False,5.521869675895464,0.12292014872836399,4.669561376555873,0.2939673193088022,1.0,1.0,0.005630833096802235,0.01983950473368168,13.180037004040345,0.1488761925045502,12.3400846379696,0.2569048033276177
ntk_N50_a1_wd0_s3,1.0,50,0.0,3,100.0,23,0.9,45,100.0,200000,ok,12000,11317,False,2.555798209671217,0.09264970603367872,1.7012042719294607,0.3143628824673845,23000,22000,False,3.729832496402871,0.10954569549610405,2.875614655725272,0.28790646077235477,30000,29000,False,4.32522314666983,0.11201970763978175,3.4678710241129713,0.27874853820019857,33000,32000,False,4.5990832272997375,0.11534869066012243,3.7435807102348146,0.27061922506109726,1.0,1.0,0.0067502036690711975,0.02115687169134617,13.369527050588324,0.22032072749560594,12.605410239549995,0.21476874461842657
ntk_N50_a1_wd0_s4,1.0,50,0.0,4,100.0,23,0.9,46,100.0,200000,ok,8000,7508,False,2.192578212258617,0.12603185451530907,1.405315690112221,0.34254346163175164,20941,20000,False,4.008602859369971,0.16492716145391084,3.2208610878758828,0.3063539709336722,23000,22000,False,4.217509718719674,0.16369100384940394,3.4253621106766565,0.3029591207563278,30000,29000,False,5.32928246885552,0.17482011712830836,4.5393852299590165,0.29171194947553525,1.0,1.0,0.00581509992480278,0.018400894477963448,15.87023884457429,0.20403208021672303,15.086420350257898,0.2430733209069502
ntk_N50_a1_wd3e-06_s0,1.0,50,3e-06,0,100.0,23,0.9,42,100.0,200000,ok,8319,8000,False,1.9882181648783102,0.080779713975341,1.1392060966982005,0.3087689066522427,15000,14000,False,2.60865930198179,0.09250568409981663,1.7522603620692023,0.305703007888367,22000,21000,False,3.18386124913184,0.10151594887134552,2.3271603612601206,0.29138930881421266,28000,27000,False,3.7001888462020176,0.10602266904519053,2.8417648741662194,0.2870491984749662,1.0,1.0,0.0035938413348048925,0.010399415157735348,9.369642519490357,0.1397146138919857,8.524615409383227,0.22917474598997706
ntk_N50_a1_wd3e-06_s1,1.0,50,3e-06,1,100.0,23,0.9,43,100.0,200000,ok,10000,9218,False,1.817797947511531,0.08278299453347981,0.9847634223800704,0.3090567303943007,23000,22000,False,3.5470545725719793,0.12352219315946178,2.7136261562309216,0.2635351932469771,28000,27000,False,4.212186938105529,0.1315372501638472,3.380275713512839,0.2569522096435263,38000,37000,False,5.122757765938925,0.14481289405866182,4.298931768696024,0.2510900300548612,1.0,1.0,0.006051680538803339,0.01644323766231537,10.764878884174294,0.14916722523724157,9.927960205849311,0.2227408070571387
ntk_N50_a1_wd3e-06_s2,1.0,50,3e-06,2,100.0,23,0.9,44,100.0,200000,ok,11000,10214,False,2.1075351751972087,0.06745628931362901,1.2292140453690796,0.3424302207191726,23000,22000,False,3.4496591246523116,0.1059797903463724,2.594613290759634,0.30334666868338467,27000,26000,False,3.867561376453667,0.10898317184315187,3.010964373740882,0.3014414321832912,30000,29000,False,4.1846353034470285,0.11239841817894192,3.329053137678573,0.29868830870581325,1.0,1.0,0.005579743068665266,0.018553437665104866,9.830691060387487,0.14396167593368936,8.989526690837897,0.27790361490694643
ntk_N50_a1_wd3e-06_s3,1.0,50,3e-06,3,100.0,23,0.9,45,100.0,200000,ok,12000,11317,False,2.5275941286319337,0.09077247711672487,1.6710522978751974,0.3128680077605145,20000,19000,False,3.3967197145601475,0.10592315387707218,2.542409864708394,0.29544763838533844,23000,22000,False,3.6672340317797683,0.109448661649034,2.8136959845989638,0.29355457230448734,31000,30000,False,4.457709961597478,0.11311921671020952,3.600592103652515,0.2777725541101987,1.0,1.0,0.00407556165009737,0.011799142695963383,10.693605060294315,0.12967003939754473,9.835611798149817,0.24260986532948287
ntk_N50_a1_wd3e-06_s4,1.0,50,3e-06,4,100.0,23,0.9,46,100.0,200000,ok,8000,7508,False,2.181512726991594,0.12511505675359946,1.3935036782641153,0.3425061479950583,18900,18000,False,3.721297195019569,0.16405619750967848,2.9370839550237675,0.3076412309779557,23000,22000,False,4.279576259131045,0.1702580996861517,3.49469390392624,0.29397985525142734,25000,24000,False,4.5589928691737445,0.17351661323701473,3.774725453286771,0.2874609115189787,1.0,1.0,0.004069151356816292,0.009616171941161156,14.051062166314647,0.1967876883428512,13.261235830568397,0.24866311775789704
ntk_N50_a1_wd1e-05_s0,1.0,50,1e-05,0,100.0,23,0.9,42,100.0,200000,ok,7508,7000,False,1.8784946749570763,0.07759190732414023,1.0311473528959185,0.31567817190401415,16000,15395,False,2.6444936341578633,0.09048646063319477,1.7840798891948912,0.30810706058788034,18900,18000,False,2.92380652276845,0.09503148257964356,2.063186582526135,0.3020693994616484,20000,19000,False,3.0389997220043297,0.09705385789155863,2.178855929298108,0.30118265953011747,1.0,1.0,0.003520258003845811,0.009745508432388306,6.793644386705236,0.11913307510391402,5.9316954383635,0.2643321517640779
ntk_N50_a1_wd1e-05_s1,1.0,50,1e-05,1,100.0,23,0.9,43,100.0,200000,ok,10214,10000,False,1.795885447630397,0.0807772111982824,0.9610238716765378,0.31480634847613465,20000,19000,False,2.97932028786536,0.11950733059456864,2.151699335672499,0.2984173953681175,20941,20000,False,3.120057885536712,0.12073518867068234,2.2908616267626996,0.2970339096455437,22000,21000,False,3.2638153145012425,0.12230680602324806,2.4337693874529642,0.2965947839169672,1.0,1.0,0.00453882897272706,0.011387336067855358,8.783881820607908,0.12154680635919757,7.919856170578686,0.2688434597010288
ntk_N50_a1_wd1e-05_s2,1.0,50,1e-05,2,100.0,23,0.9,44,100.0,200000,ok,11000,10214,False,2.0625498890611182,0.06644672247317152,1.1845301291545205,0.3430857701651935,24000,23204,False,3.5396707048451765,0.10221619372203428,2.678348487782373,0.31453784646684907,31000,30000,False,4.249498094444519,0.10701225680620852,3.386552026554286,0.3048422187549194,44000,43000,False,5.297164620558945,0.11455241340132716,4.436127788862919,0.2821049884370545,1.0,1.0,0.004833173006772995,0.014157316647469997,8.840356021957646,0.13241383638714777,7.988263482311959,0.26673308964740094
ntk_N50_a1_wd1e-05_s3,1.0,50,1e-05,3,100.0,23,0.9,45,100.0,200000,ok,12000,11317,False,2.4568414346446814,0.0912437542102007,1.6033495681509649,0.317213741016455,17000,16000,False,3.0564696856142,0.1022553177263742,2.2032131366477437,0.31393983875608733,22000,21000,False,3.6108408825389815,0.10501383109798557,2.7522475511948827,0.3079106286560304,27000,26000,False,4.063723378204807,0.10318264937939614,3.1976573342331407,0.30657845136374634,1.0,1.0,0.006439133081585169,0.01786062866449356,7.701460939852917,0.1410979263179737,6.86169797242917,0.26428597243538066
ntk_N50_a1_wd1e-05_s4,1.0,50,1e-05,4,100.0,23,0.9,46,100.0,200000,ok,7508,7000,False,2.061225813065679,0.12275590256549773,1.2775975487082272,0.34514648144713234,19000,18900,False,3.673973064513238,0.17325178441579814,2.9022709605388863,0.31670504079236517,24000,23204,False,4.239513704572863,0.17851434126618715,3.4652672385599628,0.30481830460977144,31564,31000,False,5.104317213709153,0.17926982425365812,4.321518239047752,0.29115261614175714,1.0,1.0,0.004840354435145855,0.013564118184149265,10.122713600866268,0.18795699055016457,9.328942759641656,0.26565021574896086
ntk_N50_a1_wd3e-05_s0,1.0,50,3e-05,0,100.0,23,0.9,42,100.0,200000,ok,7508,7000,False,1.7816906314720682,0.07336732205567453,0.9340642290853342,0.32172503496115124,13894,13000,False,2.2531426565374537,0.07669813596656916,1.3841929783379627,0.32685900417334235,15395,15000,False,2.3716653510707086,0.07809156649532245,1.500626522577657,0.3283316198521313,20000,19000,False,2.7134477463748508,0.08308285227743561,1.8403220196765184,0.329626491361395,1.0,1.0,0.003688695840537548,0.009654831141233444,4.782714814100885,0.12019361957144348,3.9317470639129097,0.3138407152977365
ntk_N50_a1_wd3e-05_s1,1.0,50,3e-05,1,100.0,23,0.9,43,100.0,200000,ok,11000,10214,False,1.79539063388355,0.08496348362550299,0.9683653989669232,0.3174691448000826,18000,17057,False,2.5652858528836058,0.10803405262921406,1.733319432452186,0.30130211291825487,20941,20000,False,2.9393160112339034,0.11030558267259827,2.099855357395905,0.2978019985661074,24000,23204,False,3.2197299170514904,0.11409859260760746,2.379481920267053,0.2943051569869171,1.0,1.0,0.006045423448085785,0.014771307818591595,5.382079315537565,0.14626488460804932,4.558183579863707,0.27327549672616047
ntk_N50_a1_wd3e-05_s2,1.0,50,3e-05,2,100.0,23,0.9,44,100.0,200000,ok,11317,11000,False,1.9360769088556302,0.07064501213449392,1.0722818345619547,0.3487969657523459,20941,20000,False,3.0185733219097446,0.09526221557438852,2.1563279483797144,0.33244447930559623,25000,24000,False,3.427639716540293,0.09843211671690333,2.562852757886767,0.3315924532178854,28000,27000,False,3.743863969137532,0.09770985380647357,2.874093645538134,0.32820850374160476,1.0,1.0,0.003577632363885641,0.010212529450654984,5.464157151393731,0.11162340301234319,4.598755777817015,0.30491351852272497
ntk_N50_a1_wd3e-05_s3,1.0,50,3e-05,3,100.0,23,0.9,45,100.0,200000,ok,11317,11000,False,2.235394230417198,0.08724549872555631,1.3842886525252096,0.3204646253728724,15395,15000,False,2.6275492346362865,0.09911046974916848,1.7803796755279204,0.3208103153043579,23000,22000,False,3.355160993817054,0.10665107266628537,2.5024880308833986,0.31210206519668415,24000,23204,False,3.429823372911775,0.10599874294587819,2.575103018455463,0.3096103264337216,1.0,1.0,0.005497313104569912,0.013983320444822311,5.921588452126157,0.12233255916215513,5.066639816624906,0.2752478779603976
ntk_N50_a1_wd3e-05_s4,1.0,50,3e-05,4,100.0,23,0.9,46,100.0,200000,ok,6776,6116,False,1.8680414127369545,0.11536237343804556,1.0883470385562488,0.3506659886455323,17000,16000,False,3.2038416905259384,0.16231488609357736,2.4283699460789268,0.3223661975745167,20941,20000,False,3.682091179755863,0.16830956570587552,2.903975797287657,0.3119451173373191,25000,24000,False,4.105071737984387,0.16808707360654218,3.319862871986555,0.3065908658461399,1.0,1.0,0.004991788417100906,0.011930842883884907,6.086183574119046,0.17800169956988898,5.294899941435481,0.29802583617369827
ntk_N50_a1_wd0.0001_s0,1.0,50,0.0001,0,100.0,23,0.9,42,100.0,200000,ok,6776,6116,False,1.4469968979934227,0.062175035236482934,0.6162307952832186,0.34355318084800524,11317,11000,False,1.7831020948825091,0.06870053110007568,0.9264172995241108,0.35064724233102645,12000,11317,False,1.833966887280707,0.071161241486277,0.9780160991353407,0.3553487601818103,13894,13000,False,1.9590796595601612,0.07685207063061561,1.1049671715110245,0.3654732473590881,1.0,1.0,0.005305863451212645,0.011932292021811008,3.0860289361416386,0.10454881986860576,2.235351893802892,0.3553259297950253
ntk_N50_a1_wd0.0001_s1,1.0,50,0.0001,1,100.0,23,0.9,43,100.0,200000,ok,8000,7508,False,1.305549884340406,0.0699552657956356,0.525376921987847,0.34701366942397815,13894,13000,False,1.788080368730714,0.10155413102353461,0.9920910057409635,0.33074312842861475,15000,14000,False,1.8875232328163989,0.10327865774052658,1.0851632230533552,0.3331065224662599,17000,16000,False,2.102243440205865,0.10159596567895213,1.2814443047892388,0.3314885271159536,1.0,1.0,0.006175434682518244,0.014728612266480923,3.154577486343743,0.10803270612031368,2.307335959432692,0.30539344901725424
ntk_N50_a1_wd0.0001_s2,1.0,50,0.0001,2,100.0,23,0.9,44,100.0,200000,ok,10000,9218,False,1.6856497488307436,0.06498562281063602,0.8301816521752201,0.3621873051393576,15395,15000,False,2.1349116411852895,0.08420279130179875,1.2835713739558465,0.3591762834393052,18000,17057,False,2.368484872761851,0.08769484444783815,1.5126660807877708,0.35495334921745914,20000,19000,False,2.5373284795255517,0.09290254456238611,1.6836945679776403,0.355510576864393,1.0,1.0,0.0031610787846148014,0.007103717420250177,3.544767669441925,0.11084474539041878,2.69475049513157,0.3519244164920603
ntk_N50_a1_wd0.0001_s3,1.0,50,0.0001,3,100.0,23,0.9,45,100.0,200000,ok,8000,7508,False,1.60502105550844,0.07866211741746554,0.7864853381089607,0.34849496462740365,14000,13894,False,2.1846961280313426,0.0994572788248278,1.3557554276781365,0.33839658824122276,16000,15395,False,2.409824879300272,0.10423816097903138,1.5779726289430944,0.3368873029676251,20000,19000,False,2.8448396171156416,0.10701747412562224,2.0030797071289563,0.3357893032359994,1.0,1.0,0.00406059343367815,0.009157096035778522,4.1102165333558585,0.11116309284809422,3.2538063323754454,0.33594607518163105
ntk_N50_a1_wd0.0001_s4,1.0,50,0.0001,4,100.0,23,0.9,46,100.0,200000,ok,6776,6116,False,1.6235206185733637,0.11104226405859297,0.8656424043740567,0.3652592117564698,12000,11317,False,2.2548262630301332,0.1410731868614703,1.4868691952822781,0.35616941983883754,13894,13000,False,2.4023928345045396,0.14541701756530667,1.6326062796331227,0.35339182819707365,18900,18000,False,2.835883237273394,0.16045616684738517,2.0689459076207677,0.34982427007238426,1.0,1.0,0.004026270937174559,0.008713926188647747,4.186871903148228,0.18294611925941373,3.418785816647498,0.36363597746455123
ntk_N50_a1_wd0.0003_s0,1.0,50,0.0003,0,100.0,23,0.9,42,100.0,200000,ok,6000,5520,False,1.0456940470346208,0.050681604036712846,0.32875956138965007,0.36917049084964226,10000,9218,False,1.2948635011123595,0.06620337120795394,0.5083238557689215,0.3769368730893582,12000,11317,False,1.3913509841975003,0.07074104182545915,0.5916137499808221,0.3772351263512724,13894,13000,False,1.4755091428729816,0.07358480557392433,0.6657770285594952,0.374041352270524,1.0,1.0,0.007733946666121483,0.015194130130112171,1.6631680877988657,0.0933842827011313,0.8662675282242913,0.38185639454293446
ntk_N50_a1_wd0.0003_s1,1.0,50,0.0003,1,100.0,23,0.9,43,100.0,200000,ok,9000,8319,False,1.1245210500230371,0.06552299002631812,0.40357087975834893,0.3604538140915193,13000,12539,False,1.2931033506793306,0.0803420606463473,0.5419324218239743,0.3716347487082462,13894,13000,False,1.3424886308686563,0.08096134418600298,0.5785134661296943,0.3705566221062003,15000,14000,False,1.392260685297196,0.08082792366992919,0.6155773923963714,0.3669346083239914,1.0,1.0,0.008610839024186134,0.016965573653578758,1.7146275323426536,0.10587508021558567,0.9347540666054412,0.35649959581511126
ntk_N50_a1_wd0.0003_s2,1.0,50,0.0003,2,100.0,23,0.9,44,100.0,200000,ok,8319,8000,False,1.190254890615896,0.054095166227149716,0.4061662168673765,0.36905593818564186,15000,14000,False,1.575872346457328,0.07537918283563061,0.7544566911842658,0.3608503731587342,17000,16000,False,1.6494692897122054,0.07813217287725993,0.8243564748810595,0.3619605998370135,23000,22000,False,1.746668088199513,0.0801082357546894,0.915072801434331,0.35899412706015527,1.0,1.0,0.0077787041664123535,0.015275122597813606,1.9124271557068735,0.09521052657583917,1.0939331366847367,0.3610384022615276
ntk_N50_a1_wd0.0003_s3,1.0,50,0.0003,3,100.0,23,0.9,45,100.0,200000,ok,7508,7000,False,1.2627993303158758,0.07480229785468862,0.5079213239158716,0.361844288373462,11317,11000,False,1.5953398749750842,0.09068114675471395,0.8023490919717391,0.3549310851414536,13000,12539,False,1.69198156329399,0.09244605203409928,0.8897598076002422,0.3491084730326213,13894,13000,False,1.7509674613721524,0.09345834254650132,0.9440535798486905,0.34479471232863684,1.0,1.0,0.007706832140684128,0.015072526410222054,2.164549514366869,0.10814729555915936,1.3506872041954971,0.35921898325897944
ntk_N50_a1_wd0.0003_s4,1.0,50,0.0003,4,100.0,23,0.9,46,100.0,200000,ok,6776,6116,False,1.2090367384864558,0.1110086989633644,0.5586801846438058,0.40312777845736003,11000,10214,False,1.5313174498539126,0.14191984101664967,0.8467271641903564,0.3988750727779073,15000,14000,False,1.7007457083561406,0.15162101776696113,1.003385338893811,0.39212704754239563,15395,15000,False,1.717318150614043,0.15295449344013778,1.0197491773989333,0.392117476714875,1.0,1.0,0.006909738760441542,0.011756659485399723,2.2585321321800427,0.18366874478204198,1.5535593491284716,0.4118251056728511
ntk_N50_a1_wd0.001_s0,1.0,50,0.001,0,100.0,23,0.9,42,100.0,200000,ok,38000,37000,False,0.6615215782525623,0.06972416053723873,0.454769958803893,0.393009078526969,200000,200000,True,,,,,200000,200000,True,,,,,200000,200000,True,,,,,0.9915966391563416,0.5849056839942932,0.025083910673856735,0.03645341470837593,0.6631679291087502,0.071067856386402,0.45575836829708843,0.3919120406215216
ntk_N50_a1_wd0.001_s1,1.0,50,0.001,1,100.0,23,0.9,43,100.0,200000,ok,200000,200000,True,,,,,200000,200000,True,,,,,200000,200000,True,,,,,200000,200000,True,,,,,0.9726890921592712,0.43396225571632385,0.02670644037425518,0.03639741241931915,0.6851512851687904,0.0455170432480515,0.401872908501974,0.36873145606571783
ntk_N50_a1_wd0.001_s2,1.0,50,0.001,2,100.0,23,0.9,44,100.0,200000,ok,50000,49000,False,0.7349310601164835,0.05090496876819961,0.3809000239104616,0.4033256416340611,200000,200000,True,,,,,200000,200000,True,,,,,200000,200000,True,,,,,0.9978991746902466,0.4528301954269409,0.024751950055360794,0.035695839673280716,0.745146635333179,0.05000314165087494,0.3734562665111879,0.4063201825034159
ntk_N50_a1_wd0.001_s3,1.0,50,0.001,3,100.0,23,0.9,45,100.0,200000,ok,200000,200000,True,,,,,200000,200000,True,,,,,200000,200000,True,,,,,200000,200000,True,,,,,0.9810924530029297,0.4716981053352356,0.02618270553648472,0.03754062578082085,0.7909651848521028,0.06224264400568791,0.37703989548481526,0.3968903319130478
ntk_N50_a1_wd0.001_s4,1.0,50,0.001,4,100.0,23,0.9,46,100.0,200000,ok,200000,200000,True,,,,,200000,200000,True,,,,,200000,200000,True,,,,,200000,200000,True,,,,,0.9621848464012146,0.5849056839942932,0.02712356299161911,0.03546462580561638,0.8105341776079787,0.10554899785979388,0.4549719092536965,0.43309334282576395
ntk_N50_a1_wd0.003_s0,1.0,50,0.003,0,100.0,23,0.9,42,100.0,200000,ok,200000,200000,True,,,,,200000,200000,True,,,,,200000,200000,True,,,,,200000,200000,True,,,,,0.05882352963089943,0.03773584961891174,0.04734452813863754,0.05146181955933571,0.3112734735820643,0.05926301825151381,0.7150092581805689,0.36280421020325837
ntk_N50_a1_wd0.003_s1,1.0,50,0.003,1,100.0,23,0.9,43,100.0,200000,ok,200000,200000,True,,,,,200000,200000,True,,,,,200000,200000,True,,,,,200000,200000,True,,,,,0.06092436984181404,0.01886792480945587,0.04748622700572014,0.050353992730379105,0.3449917490591494,0.03706760164658207,0.67424909510622,0.34499096705465454
ntk_N50_a1_wd0.003_s2,1.0,50,0.003,2,100.0,23,0.9,44,100.0,200000,ok,200000,200000,True,,,,,200000,200000,True,,,,,200000,200000,True,,,,,200000,200000,True,,,,,0.05882352963089943,0.0,0.04783589765429497,0.0514858216047287,0.31483712796675317,0.05787319690705617,0.7112590410067144,0.3724269194185223
ntk_N50_a1_wd0.003_s3,1.0,50,0.003,3,100.0,23,0.9,45,100.0,200000,ok,200000,200000,True,,,,,200000,200000,True,,,,,200000,200000,True,,,,,200000,200000,True,,,,,0.06302521377801895,0.01886792480945587,0.047701165080070496,0.05188018083572388,0.4642988752059505,0.03794520308831539,0.5676367899743129,0.3607086176972461
ntk_N50_a1_wd0.003_s4,1.0,50,0.003,4,100.0,23,0.9,46,100.0,200000,ok,200000,200000,True,,,,,200000,200000,True,,,,,200000,200000,True,,,,,200000,200000,True,,,,,0.04411764815449715,0.07547169923782349,0.04759085923433304,0.04786590859293938,0.559041982911528,0.08743582915702253,0.5405594985323151,0.4004418959004878
ntk_N50_a2_wd0_s0,2.0,50,0.0,0,100.0,23,0.9,42,25.0,200000,ok,57000,56000,False,1.5808708993807652,0.06525721255969308,0.7373855561157046,0.3352716891340727,200000,200000,True,,,,,200000,200000,True,,,,,200000,200000,True,,,,,1.0,0.7169811129570007,0.015633011236786842,0.045579586178064346,2.6682663997990335,0.1278867585503486,1.8616080850535224,0.2908344134251538
ntk_N50_a2_wd0_s1,2.0,50,0.0,1,100.0,23,0.9,43,25.0,200000,ok,127000,126000,False,1.8221596977005399,0.09689877249273471,1.0144341499125868,0.3064219890346425,200000,200000,True,,,,,200000,200000,True,,,,,200000,200000,True,,,,,1.0,0.6603773832321167,0.016963457688689232,0.05119391158223152,2.2774141237441095,0.13467998556310912,1.4984095054941045,0.2759917066258991
ntk_N50_a2_wd0_s2,2.0,50,0.0,2,100.0,23,0.9,44,25.0,200000,ok,47000,46000,False,1.6967764293840237,0.045560950799405586,0.8000693016099685,0.3498354806381682,200000,200000,True,,,,,200000,200000,True,,,,,200000,200000,True,,,,,1.0,0.5094339847564697,0.01826353371143341,0.05223792791366577,2.446233000045185,0.08425480703666954,1.5823411987276248,0.31100580234369823
ntk_N50_a2_wd0_s3,2.0,50,0.0,3,100.0,23,0.9,45,25.0,200000,ok,78000,77000,False,1.6948281662626412,0.06989835246739406,0.84836169981093,0.3109734916943056,200000,200000,True,,,,,200000,200000,True,,,,,200000,200000,True,,,,,0.9957982897758484,0.30188679695129395,0.020441848784685135,0.05650733783841133,2.039647118664327,0.09177104485746668,1.2063279926237849,0.2890612216360947
ntk_N50_a2_wd0_s4,2.0,50,0.0,4,100.0,23,0.9,46,25.0,200000,ok,73000,72000,False,1.7714179303838382,0.1271266892375662,1.0224845313300355,0.349400804035272,200000,200000,True,,,,,200000,200000,True,,,,,200000,200000,True,,,,,1.0,0.3962264060974121,0.019227605313062668,0.059260398149490356,2.7201853162002485,0.17593415137778512,1.9789351966304898,0.28621276190086437
ntk_N50_a2_wd3e-06_s0,2.0,50,3e-06,0,100.0,23,0.9,42,25.0,200000,ok,58000,57000,False,1.5727553455702665,0.06817611329225215,0.7365442139617304,0.3374726101389701,133000,132692,False,2.548093273365901,0.09860111277974215,1.7026692125840706,0.29550291292863495,158000,157000,False,2.8751355428083065,0.10486451873042668,2.0295646611689113,0.28834543702097476,200000,200000,True,,,,,1.0,0.9245283007621765,0.012204594910144806,0.032921746373176575,3.2872501461575463,0.10877966297531427,2.438582612323572,0.282941706074895
ntk_N50_a2_wd3e-06_s1,2.0,50,3e-06,1,100.0,23,0.9,43,25.0,200000,ok,173000,172000,False,1.8380750313033885,0.09197289320631097,1.020037212660735,0.3047070410346355,200000,200000,True,,,,,200000,200000,True,,,,,200000,200000,True,,,,,0.9978991746902466,0.49056604504585266,0.01817319728434086,0.05027309060096741,2.159803256291992,0.11020754487396744,1.3495172551245833,0.29257042159542046
ntk_N50_a2_wd3e-06_s2,2.0,50,3e-06,2,100.0,23,0.9,44,25.0,200000,ok,47575,47000,False,1.6313190346157351,0.045175443023090844,0.7388875717385412,0.3559985630331339,200000,200000,True,,,,,200000,200000,True,,,,,200000,200000,True,,,,,1.0,0.6792452931404114,0.01632550172507763,0.04624128341674805,2.6865796035262197,0.09240814415090737,1.8278606154687338,0.27900007783210123
ntk_N50_a2_wd3e-06_s3,2.0,50,3e-06,3,100.0,23,0.9,45,25.0,200000,ok,82000,81000,False,1.6462566130869005,0.06383477282706296,0.7923537365226824,0.3309601838677099,200000,200000,True,,,,,200000,200000,True,,,,,200000,200000,True,,,,,1.0,0.6037735939025879,0.01736903004348278,0.05077068507671356,2.3114398619570795,0.09027170055659106,1.4619130362905723,0.3010104331320608
ntk_N50_a2_wd3e-06_s4,2.0,50,3e-06,4,100.0,23,0.9,46,25.0,200000,ok,79453,79000,False,1.7329077507478137,0.13262663105628314,0.9984053309814741,0.3542954194128827,164000,163000,False,2.5801025934329718,0.16868767328113632,1.83498970362214,0.31554874965293556,191000,190000,False,2.7387026654341864,0.18470442190214575,2.0086781583792157,0.30638298954170706,200000,200000,True,,,,,0.9978991746902466,0.8867924809455872,0.014670725911855698,0.041041918098926544,2.828409383382729,0.18590247383831748,2.096353375754844,0.30782543303783716
ntk_N50_a2_wd1e-05_s0,2.0,50,1e-05,0,100.0,23,0.9,42,25.0,200000,ok,44000,43000,False,1.3870641050130554,0.06088203968299688,0.5645469025316572,0.33304066793145276,105000,104000,False,2.010659553716334,0.0795782654926307,1.1582065157302326,0.2987852595692098,162000,161000,False,2.4777393649552883,0.09008789609086598,1.6217713413546126,0.2863954849416102,197000,196000,False,2.7144504458320724,0.09215142717252767,1.854621604629594,0.2892741575668533,1.0,0.9622641801834106,0.010321964509785175,0.02834004908800125,2.7386376549964924,0.09246874588167708,1.8786531542931038,0.28907593643666246
ntk_N50_a2_wd1e-05_s1,2.0,50,1e-05,1,100.0,23,0.9,43,25.0,200000,ok,89000,88036,False,1.549099179708544,0.056226807312018345,0.6897185740038841,0.3274700203949556,200000,200000,True,,,,,200000,200000,True,,,,,200000,200000,True,,,,,0.9978991746902466,0.7358490824699402,0.0160515159368515,0.04342201352119446,2.002530785823869,0.08660091983438856,1.1627166433068203,0.3146932655838264
ntk_N50_a2_wd1e-05_s2,2.0,50,1e-05,2,100.0,23,0.9,44,25.0,200000,ok,56000,55000,False,1.6005891822104068,0.04789368185153908,0.7169543806434027,0.3553218546718821,177000,176000,False,2.410974396049611,0.06627181654627545,1.5200026486993692,0.31379846195682637,200000,200000,True,,,,,200000,200000,True,,,,,1.0,0.8113207817077637,0.01468881405889988,0.039629530161619186,2.4927870473199243,0.06838752663470549,1.6029236568946812,0.31111846534151333
ntk_N50_a2_wd1e-05_s3,2.0,50,1e-05,3,100.0,23,0.9,45,25.0,200000,ok,66000,65000,False,1.5664763813962312,0.07567749952451108,0.7469869623335544,0.33016788622243426,200000,200000,True,,,,,200000,200000,True,,,,,200000,200000,True,,,,,0.9978991746902466,0.7735849022865295,0.014926391653716564,0.039420563727617264,2.5628034730377394,0.09817745377327525,1.7162673842811103,0.28894874879122734
ntk_N50_a2_wd1e-05_s4,2.0,50,1e-05,4,100.0,23,0.9,46,25.0,200000,ok,68000,67000,False,1.5662821814105319,0.11828117665883264,0.8313837307628004,0.38032932933420416,171000,170000,False,2.278160416985885,0.15586245932275744,1.530964866414605,0.3407709829782299,200000,200000,True,,,,,200000,200000,True,,,,,1.0,0.8113207817077637,0.01461021974682808,0.03907100856304169,2.3843927778278466,0.1589663427298088,1.6354264772062441,0.34266405993133026
ntk_N50_a2_wd3e-05_s0,2.0,50,3e-05,0,100.0,23,0.9,42,25.0,200000,ok,42937,42000,False,1.2136780471004325,0.04838772371960631,0.4038719399363477,0.3540777154825099,97000,96000,False,1.6869156278648765,0.07850519840588888,0.858321834700744,0.3419912430042687,126000,125000,False,1.8328377210585616,0.08687899751331096,1.0060262805902824,0.3260576533643188,177000,176000,False,1.909921308888004,0.08830744722796258,1.079480124299116,0.3160124559261626,1.0,0.9811320900917053,0.010317208245396614,0.02512442320585251,1.971651568305909,0.08636183487293225,1.133427397114309,0.3155332664378206
ntk_N50_a2_wd3e-05_s1,2.0,50,3e-05,1,100.0,23,0.9,43,25.0,200000,ok,85000,84000,False,1.1807292545902652,0.04271177353505018,0.365410925563658,0.34832217250289127,123000,122000,False,1.390946160327161,0.06096878883360424,0.5678446140717974,0.3447352856596267,171000,170000,False,1.5712964382784962,0.07934218972083174,0.7587620316125566,0.3395747181193984,186000,185000,False,1.6143468001232564,0.0875711362380529,0.8125037587357989,0.3373705126153797,1.0,0.9622641801834106,0.012182029895484447,0.031428731977939606,1.631671654761074,0.09229350149467941,0.8367762305680225,0.3379243801786937
ntk_N50_a2_wd3e-05_s2,2.0,50,3e-05,2,100.0,23,0.9,44,25.0,200000,ok,55000,54000,False,1.3614511807188914,0.03675883052905682,0.4803516029892484,0.36359650249156783,187000,186000,False,1.7146753740904643,0.06068657038011904,0.8478658065218457,0.3527874665235778,200000,200000,True,,,,,200000,200000,True,,,,,0.9978991746902466,0.8679245114326477,0.015072893351316452,0.037721384316682816,1.8093048565091436,0.06229104058347679,0.9382863716684104,0.34191198241348963
ntk_N50_a2_wd3e-05_s3,2.0,50,3e-05,3,100.0,23,0.9,45,25.0,200000,ok,51000,50000,False,1.3237501282748745,0.061228718542058025,0.5166402942147551,0.3411252997172995,169000,168000,False,1.9072976244161326,0.089935697980008,1.0799339171848017,0.34160535575518497,200000,200000,True,,,,,200000,200000,True,,,,,1.0,0.8301886916160583,0.014158797450363636,0.03587974235415459,2.0288575495601853,0.08671734835613254,1.187611953066888,0.3418614190862136
ntk_N50_a2_wd3e-05_s4,2.0,50,3e-05,4,100.0,23,0.9,46,25.0,200000,ok,49000,48000,False,1.3549370211524068,0.1010187406972759,0.6322407391068791,0.3862585108958115,124000,123000,False,1.8069029313373428,0.13387507266693977,1.0653125659028826,0.37214566529048193,164000,163000,False,1.9749337005188574,0.1513791350689554,1.2443565530881995,0.37162918019845,200000,200000,True,,,,,1.0,0.9245283007621765,0.013411304913461208,0.03271932154893875,2.0298452372236793,0.15736559742507084,1.3036244971250632,0.3694797981408693
ntk_N50_a2_wd0.0001_s0,2.0,50,0.0001,0,100.0,23,0.9,42,25.0,200000,ok,37000,36000,False,1.0037150391798138,0.04300918244881358,0.29385664533835704,0.3644787641160434,50000,49000,False,1.1236107955134227,0.04579702327803381,0.3437959980607947,0.3727364574611842,64000,63000,False,1.1561921899624439,0.0498301883013772,0.3736610085118392,0.3750866267982186,200000,200000,True,,,,,1.0,0.9433962106704712,0.013749765232205391,0.02954724058508873,1.2409566131735754,0.05423904216383557,0.4389495250742445,0.3731258186355869
ntk_N50_a2_wd0.0001_s1,2.0,50,0.0001,1,100.0,23,0.9,43,25.0,200000,ok,58408,58000,False,0.909311937608691,0.053343586902553586,0.32440136465651137,0.35839186954254926,106000,105000,False,1.0820420662905015,0.07103127225434835,0.40056029489190725,0.35357223987426367,200000,200000,True,,,,,200000,200000,True,,,,,1.0,0.8867924809455872,0.013465708121657372,0.030760329216718674,1.2189113187747869,0.07981671153160119,0.49244405947703085,0.35298693966618816
ntk_N50_a2_wd0.0001_s2,2.0,50,0.0001,2,100.0,23,0.9,44,25.0,200000,ok,55000,54000,False,1.0608885274690791,0.0427099035927887,0.30712913609612624,0.3841080370131915,106000,105000,False,1.178361887227368,0.05943985963688447,0.4146037785305465,0.37875530203885777,143000,142000,False,1.2774183959573953,0.06612938332549667,0.49589388780483057,0.3769700570517678,200000,200000,True,,,,,1.0,0.9245283007621765,0.014272848144173622,0.02928890474140644,1.3861817971136823,0.06668683970137379,0.57794164672925,0.3712331493990452
ntk_N50_a2_wd0.0001_s3,2.0,50,0.0001,3,100.0,23,0.9,45,25.0,200000,ok,41000,40000,False,1.0793449859434507,0.04498770926048423,0.32157447602870637,0.36123276877965116,97000,96000,False,1.3081575130178114,0.06878058434278,0.5243212079869057,0.34810544190853393,113000,112000,False,1.328782361776416,0.07238143585590562,0.5481388437120973,0.34967547282248945,170000,169000,False,1.4103863705942588,0.07641635441662087,0.6196532439106024,0.3549680769219726,1.0,0.9622641801834106,0.013978841714560986,0.028795668855309486,1.4308413226013652,0.07667524122350677,0.6364310272032124,0.35645474450901793
ntk_N50_a2_wd0.0001_s4,2.0,50,0.0001,4,100.0,23,0.9,46,25.0,200000,ok,38000,37000,False,1.0438909522077753,0.07623234605565055,0.4013513776129798,0.40739780213486143,125000,124000,False,1.3299950083514573,0.11234753653737972,0.638545245951667,0.4132102843421051,200000,200000,True,,,,,200000,200000,True,,,,,1.0,0.8113207817077637,0.015954522415995598,0.03367157280445099,1.3622433051169007,0.11653290466351163,0.6698600977139968,0.4085314189293455
ntk_N50_a2_wd0.0003_s0,2.0,50,0.0003,0,100.0,23,0.9,42,25.0,200000,ok,82000,81000,False,0.7425523980534708,0.034520417378852475,0.342849391367355,0.39521452341837626,200000,200000,True,,,,,200000,200000,True,,,,,200000,200000,True,,,,,0.9915966391563416,0.5094339847564697,0.021995780989527702,0.03951012343168259,0.7512088482954594,0.033247563431811455,0.3344379835409763,0.3955717741502474
ntk_N50_a2_wd0.0003_s1,2.0,50,0.0003,1,100.0,23,0.9,43,25.0,200000,ok,200000,200000,True,,,,,200000,200000,True,,,,,200000,200000,True,,,,,200000,200000,True,,,,,0.9852941036224365,0.5283018946647644,0.022084757685661316,0.03892168030142784,0.7454018906338913,0.03496225052333324,0.34196791161542267,0.36164581834772774
ntk_N50_a2_wd0.0003_s2,2.0,50,0.0003,2,100.0,23,0.9,44,25.0,200000,ok,200000,200000,True,,,,,200000,200000,True,,,,,200000,200000,True,,,,,200000,200000,True,,,,,0.9747899174690247,0.35849055647850037,0.023934420198202133,0.04107113555073738,0.7953134766923299,0.04398084638577038,0.33444535056965313,0.3851582281291537
ntk_N50_a2_wd0.0003_s3,2.0,50,0.0003,3,100.0,23,0.9,45,25.0,200000,ok,200000,200000,True,,,,,200000,200000,True,,,,,200000,200000,True,,,,,200000,200000,True,,,,,0.9894958138465881,0.5094339847564697,0.022692352533340454,0.039765361696481705,0.9127561939507544,0.04837652551501792,0.30971507600576526,0.3663258034662984
ntk_N50_a2_wd0.0003_s4,2.0,50,0.0003,4,100.0,23,0.9,46,25.0,200000,ok,112000,111000,False,0.8492849911590215,0.07095819322190489,0.3784738708235849,0.4263592647402536,200000,200000,True,,,,,200000,200000,True,,,,,200000,200000,True,,,,,0.9957982897758484,0.7169811129570007,0.022173210978507996,0.03538617864251137,0.8569967563993234,0.0820760752012798,0.40140725968931085,0.42390300228671096
ntk_N50_a2_wd0.001_s0,2.0,50,0.001,0,100.0,23,0.9,42,25.0,200000,ok,200000,200000,True,,,,,200000,200000,True,,,,,200000,200000,True,,,,,200000,200000,True,,,,,0.14915966987609863,0.01886792480945587,0.04585998132824898,0.0589725524187088,0.4573607686648745,0.037906051593763146,0.5736992392987145,0.37279533502564804
ntk_N50_a2_wd0.001_s1,2.0,50,0.001,1,100.0,23,0.9,43,25.0,200000,ok,200000,200000,True,,,,,200000,200000,True,,,,,200000,200000,True,,,,,200000,200000,True,,,,,0.11134453862905502,0.01886792480945587,0.04664941504597664,0.05726025998592377,0.4901618326950771,0.02721556986563467,0.5353643843656423,0.35115122655192094
ntk_N50_a2_wd0.001_s2,2.0,50,0.001,2,100.0,23,0.9,44,25.0,200000,ok,200000,200000,True,,,,,200000,200000,True,,,,,200000,200000,True,,,,,200000,200000,True,,,,,0.11134453862905502,0.0,0.046218834817409515,0.05815501883625984,0.48383116652275887,0.034781517855838384,0.547801998324669,0.3773925738456076
ntk_N50_a2_wd0.001_s3,2.0,50,0.001,3,100.0,23,0.9,45,25.0,200000,ok,200000,200000,True,,,,,200000,200000,True,,,,,200000,200000,True,,,,,200000,200000,True,,,,,0.12815126776695251,0.0,0.04606408625841141,0.05828579515218735,0.586448220441296,0.028274098783998114,0.45187129164075607,0.3603364144811222
ntk_N50_a2_wd0.001_s4,2.0,50,0.001,4,100.0,23,0.9,46,25.0,200000,ok,200000,200000,True,,,,,200000,200000,True,,,,,200000,200000,True,,,,,200000,200000,True,,,,,0.09873949736356735,0.01886792480945587,0.04698530584573746,0.05328253284096718,0.5430216507144425,0.05891699128631367,0.5223175427291312,0.4123588668853315
ntk_N50_a2_wd0.003_s0,2.0,50,0.003,0,100.0,23,0.9,42,25.0,200000,ok,200000,200000,True,,,,,200000,200000,True,,,,,200000,200000,True,,,,,200000,200000,True,,,,,0.04831932857632637,0.03773584961891174,0.06869224458932877,0.0758533850312233,0.27586234865490983,0.052911597786813425,0.7440214871686786,0.34234740037400285
ntk_N50_a2_wd0.003_s1,2.0,50,0.003,1,100.0,23,0.9,43,25.0,200000,ok,200000,200000,True,,,,,200000,200000,True,,,,,200000,200000,True,,,,,200000,200000,True,,,,,0.054621849209070206,0.01886792480945587,0.06873934715986252,0.07192987203598022,0.2897260012840069,0.043496933588579645,0.7278004798881881,0.32468453964562066
ntk_N50_a2_wd0.003_s2,2.0,50,0.003,2,100.0,23,0.9,44,25.0,200000,ok,200000,200000,True,,,,,200000,200000,True,,,,,200000,200000,True,,,,,200000,200000,True,,,,,0.054621849209070206,0.0,0.07032597810029984,0.07656070590019226,0.2549932904600962,0.056181863841631485,0.7639941059391703,0.3592616886249831
ntk_N50_a2_wd0.003_s3,2.0,50,0.003,3,100.0,23,0.9,45,25.0,200000,ok,200000,200000,True,,,,,200000,200000,True,,,,,200000,200000,True,,,,,200000,200000,True,,,,,0.06092436984181404,0.01886792480945587,0.06972000002861023,0.07610227912664413,0.3759646334448977,0.048413304924753375,0.6525515455436013,0.33191585422753644
ntk_N50_a2_wd0.003_s4,2.0,50,0.003,4,100.0,23,0.9,46,25.0,200000,ok,200000,200000,True,,,,,200000,200000,True,,,,,200000,200000,True,,,,,200000,200000,True,,,,,0.03361344709992409,0.09433962404727936,0.06896838545799255,0.06549772620201111,0.3940950676157351,0.07858129715301199,0.6550250302982914,0.38894266548484774
ntk_N100_a0.5_wd0_s0,0.5,100,0.0,0,100.0,23,0.9,42,400.0,200000,ok,1313,1185,False,1.7618795709638302,0.03046642164896851,0.8293472206858871,0.3904602713663752,3305,3000,False,3.5610130963348547,0.06692794213731634,2.6524423908017476,0.39655639850735275,3662,3305,False,3.7697642461571497,0.06862452688693099,2.861641234506186,0.3989464679427272,3662,3305,False,3.7697642461571497,0.06862452688693099,2.861641234506186,0.3989464679427272,1.0,1.0,0.0003514823329169303,0.006315743084996939,9.091651468846576,0.06550965471134518,8.164925314431665,0.3472840203379559
ntk_N100_a0.5_wd0_s1,0.5,100,0.0,1,100.0,23,0.9,43,400.0,200000,ok,1455,1313,False,1.9184521435066342,0.027704811992983913,0.9746050747963029,0.3537767458249445,4000,3662,False,4.101734972174359,0.05524736403935637,3.1739533594573865,0.33923854076105847,4496,4058,False,4.325271052487116,0.05654570713980922,3.3980256904528003,0.33846621531097265,4981,4496,False,4.505759196652271,0.057177412603056976,3.578491700460683,0.3379289519164349,1.0,1.0,0.0003132391138933599,0.005708979442715645,8.63383038027089,0.06197845126252943,7.703608839083921,0.3036897901941772
ntk_N100_a0.5_wd0_s2,0.5,100,0.0,2,100.0,23,0.9,44,400.0,200000,ok,1612,1455,False,1.9448865949765362,0.04119800443305277,1.0261878826460629,0.387574987690558,3662,3305,False,3.494059978526805,0.07268538125714585,2.593890772534232,0.3702636319443542,4000,3662,False,3.6388088825682074,0.07337213593687186,2.7381173602826188,0.36984125630492476,4058,4000,False,3.6614117709749423,0.07346786515811687,2.760634859455455,0.3697115559088654,1.0,1.0,0.00026842960505746305,0.004266665317118168,7.346892619750293,0.07011910057491522,6.427547038464634,0.344790985689493
ntk_N100_a0.5_wd0_s3,0.5,100,0.0,3,100.0,23,0.9,45,400.0,200000,ok,1455,1313,False,1.8165691395366632,0.034463703545762225,0.8899418858747968,0.3880390394047424,4000,3662,False,3.7107394794641135,0.07086725011096495,2.8060734721494742,0.3925657440390716,4058,4000,False,3.7353198211738112,0.07105048148149995,2.8306831450499557,0.3923558470271363,4981,4496,False,4.069549603722772,0.07272982507348136,3.164504705531001,0.3862991755760537,1.0,1.0,0.0003389826451893896,0.006416091695427895,7.769868022038565,0.0771247263987388,6.857813859133859,0.35073123079784985
ntk_N100_a0.5_wd0_s4,0.5,100,0.0,4,100.0,23,0.9,46,400.0,200000,ok,1612,1455,False,2.1381958019071643,0.03794779450477925,1.2073811797782015,0.41053585353517236,4981,4496,False,4.882109836376936,0.07222343364044392,3.9718990739041207,0.4124664117501568,6000,5520,False,5.236720339572381,0.07422042118118743,4.327486847370955,0.41109297781516774,6776,6116,False,5.4650757862307024,0.07491836649819095,4.5558501817081485,0.4109675937258647,1.0,1.0,0.0003344622964505106,0.006325969006866217,10.592248912131506,0.08634124641617735,9.687122128843825,0.37199995847308276
ntk_N100_a0.5_wd3e-06_s0,0.5,100,3e-06,0,100.0,23,0.9,42,400.0,200000,ok,1313,1185,False,1.754764677087754,0.030395836803567278,0.8224018478129951,0.3905238907008002,3305,3000,False,3.540444027495914,0.06684438213889166,2.631952401520637,0.39653911345623966,3662,3305,False,3.7450162673773693,0.06816490771898398,2.8364893239196465,0.39918060053623455,3662,3305,False,3.7450162673773693,0.06816490771898398,2.8364893239196465,0.39918060053623455,1.0,1.0,0.0002973439695779234,0.004478313960134983,6.888929705015628,0.06695514469110297,5.966740453626903,0.378416673072397
ntk_N100_a0.5_wd3e-06_s1,0.5,100,3e-06,1,100.0,23,0.9,43,400.0,200000,ok,1455,1313,False,1.908083283937138,0.02768219627279489,0.9644973418872804,0.35392069459499015,4000,3662,False,4.0890954602488945,0.055352630622919174,3.161517854404171,0.33824531214598585,4496,4058,False,4.313936546604848,0.05655814775276624,3.386761278289501,0.3367948580523906,4981,4496,False,4.483691548118546,0.057224281729232884,3.556579657354187,0.3358948616503417,1.0,1.0,0.0002940550330094993,0.00496412068605423,6.912213128144957,0.05544953651256446,5.976689895006515,0.32257279318159354
ntk_N100_a0.5_wd3e-06_s2,0.5,100,3e-06,2,100.0,23,0.9,44,400.0,200000,ok,1612,1455,False,1.9361478522830176,0.041254863102381356,1.0179016801822847,0.3876527521639206,3662,3305,False,3.4635358037787793,0.07268361368760046,2.563687432822108,0.37073107829519003,4000,3662,False,3.6063643655733033,0.0734855336641802,2.7061349608091616,0.370206874565538,4000,3662,False,3.6063643655733033,0.0734855336641802,2.7061349608091616,0.370206874565538,1.0,1.0,0.0002686466905288398,0.00343111134134233,5.978419752526303,0.07152102889763634,5.063578645198406,0.35395936803312955
ntk_N100_a0.5_wd3e-06_s3,0.5,100,3e-06,3,100.0,23,0.9,45,400.0,200000,ok,1455,1313,False,1.8048128172067306,0.03416419270842286,0.8780908930854476,0.3886891320207792,3662,3305,False,3.5431951287876506,0.06969264027134692,2.638505393235498,0.3932112359667697,4000,3662,False,3.70335322044874,0.07106235718213794,2.799009941596648,0.3915090518900276,4981,4496,False,4.0588467384896445,0.07297062178438762,3.1541871393496894,0.3866749845841117,1.0,1.0,0.00032292830292135477,0.006001979112625122,6.3453583674944,0.07996540350399639,5.439455336833891,0.3672574348189194
ntk_N100_a0.5_wd3e-06_s4,0.5,100,3e-06,4,100.0,23,0.9,46,400.0,200000,ok,1612,1455,False,2.1262599652204925,0.037964414911055844,1.1957867453334894,0.41053648184311464,4981,4496,False,4.839749064248826,0.07151384961659868,3.92885365595682,0.41254921397600924,6000,5520,False,5.227183463249738,0.07327359866278149,4.316840177539334,0.4095123188770227,6776,6116,False,5.442522008031763,0.07427381142636647,4.532601405204672,0.40868786939589324,1.0,1.0,0.0003313348279334605,0.0055666472762823105,8.312483315093592,0.07769624577885781,7.400277679039247,0.3890184333269074
ntk_N100_a0.5_wd1e-05_s0,0.5,100,1e-05,0,100.0,23,0.9,42,400.0,200000,ok,1313,1185,False,1.7374817746922178,0.03029031329122034,0.8056904508492135,0.390833537655655,3305,3000,False,3.5023127154464277,0.06747108800833701,2.5950295999849557,0.3980505697201197,3305,3000,False,3.5023127154464277,0.06747108800833701,2.5950295999849557,0.3980505697201197,3662,3305,False,3.698145859589544,0.06890301241387942,2.7909886885767676,0.40087099938875836,1.0,1.0,0.0002934279036708176,0.0036928358022123575,5.6393418352872065,0.06646179857177226,4.719437918535905,0.3944317914416088
ntk_N100_a0.5_wd1e-05_s1,0.5,100,1e-05,1,100.0,23,0.9,43,400.0,200000,ok,1455,1313,False,1.886814199694148,0.027603663459295102,0.9437189163815275,0.3541886500650488,4000,3662,False,4.026059937346114,0.05550164620356801,3.099023177210047,0.33995669267749484,4496,4058,False,4.231177555324648,0.056898038562652964,3.3048448982441463,0.3385984134695611,4981,4496,False,4.405837831018441,0.057707218474276956,3.4796880066681317,0.3382926911407119,1.0,1.0,0.0002902337582781911,0.004050172865390778,5.496211306603037,0.06436437526224248,4.574214307150742,0.34109895008500474
ntk_N100_a0.5_wd1e-05_s2,0.5,100,1e-05,2,100.0,23,0.9,44,400.0,200000,ok,1612,1455,False,1.9138717929057307,0.041152516265520855,0.9963347499932359,0.38790607183140446,3662,3305,False,3.412957898114167,0.07282838794340685,2.5138588388667102,0.3716517894799126,4000,3662,False,3.5543565993865798,0.07362187831018052,2.6548247503162665,0.37140838785252966,4058,4000,False,3.5766196522764604,0.07372753670484067,2.6770057052390084,0.37127120849171524,1.0,1.0,0.00026623107260093093,0.0025474175345152617,4.766864157064029,0.07120066725484642,3.8559140803661642,0.378523577613489
ntk_N100_a0.5_wd1e-05_s3,0.5,100,1e-05,3,100.0,23,0.9,45,400.0,200000,ok,1455,1313,False,1.7863610042203346,0.03414052381371602,0.8604290963044948,0.3885304801629959,3662,3305,False,3.4986574353978326,0.06991441810062393,2.5947065685598045,0.393989168317745,4000,3662,False,3.6575379237573844,0.07109756012472612,2.753650642527901,0.392690933427699,4496,4058,False,3.8545497886763256,0.07201531699542074,2.9501911371713483,0.38992758939726124,1.0,1.0,0.00027795127243734896,0.003853654256090522,4.66648281494974,0.07973620075749954,3.7665994548730923,0.390603379905568
ntk_N100_a0.5_wd1e-05_s4,0.5,100,1e-05,4,100.0,23,0.9,46,400.0,200000,ok,1612,1455,False,2.108896296775129,0.0379754101163724,1.1789077150173644,0.4099731536877364,4981,4496,False,4.768880592543174,0.07105643130611627,3.8577428884401836,0.4149930679231118,5520,5000,False,4.970689915740493,0.07102644579088147,4.058630222458126,0.4145296545873297,6776,6116,False,5.348899111648791,0.07180432688525007,4.436335389020734,0.4149941746619775,1.0,1.0,0.0002773414016701281,0.0034992301370948553,5.99686237642026,0.06781984344860903,5.077602401132614,0.40961285988516194
ntk_N100_a0.5_wd3e-05_s0,0.5,100,3e-05,0,100.0,23,0.9,42,400.0,200000,ok,1313,1185,False,1.6923729377675212,0.03007976214933561,0.7623599122624867,0.3912438559760875,3000,2983,False,3.211376359634655,0.06584852311960665,2.305019345879192,0.39674991373461377,3662,3305,False,3.5779742409880586,0.06936608444415615,2.6725140437192736,0.4030022824916187,4000,3662,False,3.72017346947096,0.07038230339666918,2.8147846204721896,0.40549398552831034,1.0,1.0,0.0002897334052249789,0.002278385916724801,3.9466430545148583,0.06584740974360193,3.033555296243241,0.41355431292927924
ntk_N100_a0.5_wd3e-05_s1,0.5,100,3e-05,1,100.0,23,0.9,43,400.0,200000,ok,1612,1455,False,1.9825006846855433,0.031999576586887346,1.045077011704814,0.3528554693403465,4000,3662,False,3.879664923107595,0.05647768771624384,2.9547756390829654,0.34317117589387086,4496,4058,False,4.074913083203613,0.058014492403205,3.1508567878396545,0.34288621319967705,4496,4058,False,4.074913083203613,0.058014492403205,3.1508567878396545,0.34288621319967705,1.0,1.0,0.00028724255389533937,0.0025103867519646883,3.7843696591882967,0.05952836669132644,2.8641349633953586,0.38974471366610414
ntk_N100_a0.5_wd3e-05_s2,0.5,100,3e-05,2,100.0,23,0.9,44,400.0,200000,ok,1612,1455,False,1.8562621003961661,0.040679563859930656,0.9403236942045672,0.38803301291501996,3662,3305,False,3.287695699637184,0.07097057916573302,2.387511455467041,0.3736779576339627,3662,3305,False,3.287695699637184,0.07097057916573302,2.387511455467041,0.3736779576339627,4000,3662,False,3.4316961029462445,0.07228091097867873,2.5316473249901583,0.3735458354732748,1.0,1.0,0.00027301718364469707,0.0019971902947872877,3.4081900727219527,0.0714667428370821,2.5072941417573635,0.4138847996773751
ntk_N100_a0.5_wd3e-05_s3,0.5,100,3e-05,3,100.0,23,0.9,45,400.0,200000,ok,1455,1313,False,1.7327804911747982,0.03397916102194176,0.8091502350595927,0.3894131659118756,3662,3305,False,3.3947532193065793,0.06994872739423386,2.4919390675526496,0.395890308566996,4000,3662,False,3.5352112923788224,0.07140267407509715,2.6328963854276064,0.39518713145410156,4496,4058,False,3.7007067883680507,0.07247617488590408,2.7982571900251942,0.39331125893562824,1.0,1.0,0.00027001454145647585,0.0022590484004467726,3.29340045372913,0.07420449015698338,2.3975937613091327,0.4205041194213836
ntk_N100_a0.5_wd3e-05_s4,0.5,100,3e-05,4,100.0,23,0.9,46,400.0,200000,ok,1612,1455,False,2.035613790054813,0.03755525141160643,1.1069742081352105,0.4107799133343036,4496,4058,False,4.327378158243077,0.07060895614926987,3.4179743587666764,0.4184110967577525,5520,5000,False,4.7252105854927295,0.07217110919083114,3.8156573856280147,0.4183756032921346,6000,5520,False,4.859756724458254,0.07236434011704684,3.9498187488782723,0.41831564883925454,1.0,1.0,0.00029826766694895923,0.0027577339205890894,4.40420826841919,0.08309336302905912,3.5100647982309754,0.45214467872800707
ntk_N100_a0.5_wd0.0001_s0,0.5,100,0.0001,0,100.0,23,0.9,42,400.0,200000,ok,1455,1313,False,1.6617587988113696,0.03517334616501189,0.7448650500264862,0.3920683481183454,2983,2692,False,2.876062265238849,0.06448678076631709,1.972446606778138,0.39880290216524866,3305,3000,False,3.0396921222881526,0.0661681472816622,2.1360256425898285,0.40205524273430604,3662,3305,False,3.1876424249383977,0.06771961242636027,2.284187207417916,0.40511569488671356,1.0,1.0,0.00046002023736946285,0.0019945965614169836,2.5908415836856546,0.059963928055426496,1.6856722756923275,0.46275624920361413
ntk_N100_a0.5_wd0.0001_s1,0.5,100,0.0001,1,100.0,23,0.9,43,400.0,200000,ok,1786,1612,False,1.912950980194676,0.03513468004349285,0.9838197667736054,0.3537922400253725,3662,3305,False,3.2569381060520257,0.05600930581003516,2.3363662596695223,0.352955798039935,3662,3305,False,3.2569381060520257,0.05600930581003516,2.3363662596695223,0.352955798039935,4000,3662,False,3.3617923858258565,0.057273906632460125,2.4419560274894385,0.3538479323688088,1.0,1.0,0.0004634672950487584,0.002088526263833046,2.6697315681535314,0.057055555528552904,1.7585930584290046,0.41605174698786834
ntk_N100_a0.5_wd0.0001_s2,0.5,100,0.0001,2,100.0,23,0.9,44,400.0,200000,ok,1612,1455,False,1.6649253193467242,0.03964335051658485,0.757715062768282,0.39017480110643243,3305,3000,False,2.7410640560658366,0.0683287382757699,1.8455056066814068,0.3798072749360181,3662,3305,False,2.875340553579312,0.07024939203851344,1.9801222294304002,0.3810741256318694,3662,3305,False,2.875340553579312,0.07024939203851344,1.9801222294304002,0.3810741256318694,1.0,1.0,0.000426684768171981,0.0017172517254948616,2.2867552586878417,0.06269878867813627,1.3937333551318147,0.4643611328352772
ntk_N100_a0.5_wd0.0001_s3,0.5,100,0.0001,3,100.0,23,0.9,45,400.0,200000,ok,1455,1313,False,1.557872399995271,0.03311949093683686,0.6437495602649116,0.3909952346552719,3305,3000,False,2.877219942454636,0.06778248726981839,1.9783844319527952,0.4008173814294806,3662,3305,False,3.0306532223408977,0.06990113087767769,2.1324269470448183,0.4015859886673512,4000,3662,False,3.1403056965957847,0.07151002219702707,2.2427739821521016,0.4014566816468065,1.0,1.0,0.00046449038200080395,0.0022330242209136486,2.482927316174467,0.07255857313682701,1.5998089734666918,0.43470254370273914
ntk_N100_a0.5_wd0.0001_s4,0.5,100,0.0001,4,100.0,23,0.9,46,400.0,200000,ok,1786,1612,False,1.9677002836290165,0.04181415796331267,1.0492851375598133,0.41081210228063997,4058,4000,False,3.5516832070143995,0.07046499380533322,2.647947480468758,0.4246570192450437,4496,4058,False,3.7117049855801563,0.07266611691603453,2.8094081771256136,0.42647648272792194,5520,5000,False,3.933408659542575,0.0770259160536827,3.0349357776251,0.430643717619884,1.0,1.0,0.00046568165998905897,0.001926997909322381,2.8507208391309717,0.07375314991173121,1.9610372018917674,0.48277511539714835
ntk_N100_a0.5_wd0.0003_s0,0.5,100,0.0003,0,100.0,23,0.9,42,400.0,200000,ok,1455,1313,False,1.2641550088425701,0.03237840129763703,0.3894104583265106,0.39721763544398186,2983,2692,False,2.1556352668935603,0.0655662912293069,1.2720718884853817,0.4157743603714084,2983,2692,False,2.1556352668935603,0.0655662912293069,1.2720718884853817,0.4157743603714084,3000,2983,False,2.1621706306623114,0.0656997372791629,1.2785728995831667,0.4160928590253923,1.0,1.0,0.0013147322461009026,0.0034218733198940754,2.0813615232887765,0.05376819912979658,1.180324051157138,0.47440068780707284
ntk_N100_a0.5_wd0.0003_s1,0.5,100,0.0003,1,100.0,23,0.9,43,400.0,200000,ok,1786,1612,False,1.3785428801401662,0.031367831932594736,0.4793521824890711,0.3623234173686563,3305,3000,False,2.268936050423108,0.054109508802719364,1.3622557507493769,0.37146868438555897,3305,3000,False,2.268936050423108,0.054109508802719364,1.3622557507493769,0.37146868438555897,3662,3305,False,2.411381633907259,0.05634692736680569,1.5045750257430064,0.3739770089520996,1.0,1.0,0.001349886879324913,0.0039340537041425705,2.078190552280045,0.05384380984097692,1.1774082812884035,0.4420105499651813
ntk_N100_a0.5_wd0.0003_s2,0.5,100,0.0003,2,100.0,23,0.9,44,400.0,200000,ok,1612,1455,False,1.231200793344814,0.03665472585682705,0.3790942652597054,0.3990669846592182,2983,2692,False,1.9260614576366655,0.0638136682937327,1.050432252580853,0.3985340740578124,3305,3000,False,2.0491368358265585,0.06590123017375993,1.1707986064387141,0.4012686707428307,3662,3305,False,2.160208819633834,0.06735972353813335,1.2794946826409557,0.40393038436941814,1.0,1.0,0.0013170645106583834,0.0032186158932745457,1.9108032196548574,0.06489897249524701,1.0380659112628998,0.47523250204099005
ntk_N100_a0.5_wd0.0003_s3,0.5,100,0.0003,3,100.0,23,0.9,45,400.0,200000,ok,1455,1313,False,1.1668650778628986,0.029404330594620665,0.3105893224626186,0.3952978618643882,2983,2692,False,2.0459961719661024,0.06501479210360872,1.1662538417077353,0.4060571401528771,3305,3000,False,2.1831143970013356,0.06797824106015726,1.3025237924407933,0.4088282334030407,3305,3000,False,2.1831143970013356,0.06797824106015726,1.3025237924407933,0.4088282334030407,1.0,1.0,0.0013852101983502507,0.00382409431040287,1.9515035271072434,0.07205602479407736,1.0893090172983342,0.45953545305178173
ntk_N100_a0.5_wd0.0003_s4,0.5,100,0.0003,4,100.0,23,0.9,46,400.0,200000,ok,1786,1612,False,1.4350964558317512,0.03892678820493023,0.548667766008691,0.4154212579130539,3305,3000,False,2.3036031922255065,0.06536789125980602,1.414406111670481,0.43735157891472937,3662,3305,False,2.44457013356279,0.06911539374038633,1.5571440926889126,0.4421407649101366,4000,3662,False,2.557389936528123,0.07165434307415885,1.6709157986481087,0.4445453233993249,1.0,1.0,0.001342247356660664,0.00354467099532485,2.2216394700215725,0.06939580635443243,1.3419194907357705,0.4974724757077211
ntk_N100_a0.5_wd0.001_s0,0.5,100,0.001,0,100.0,23,0.9,42,400.0,200000,ok,2430,2193,False,0.7808994019932,0.04319773262094129,0.33981059310923134,0.4187034041117266,3305,3000,False,1.0044204536580918,0.053686919664470145,0.3284326731924345,0.4277454582704209,3305,3000,False,1.0044204536580918,0.053686919664470145,0.3284326731924345,0.4277454582704209,3662,3305,False,1.077855171761046,0.05563180433492976,0.35494715635365653,0.4312540642924091,1.0,1.0,0.009012716822326183,0.015359250828623772,1.2732477464997303,0.05803270986348785,0.47164008001981517,0.46838352347378914
ntk_N100_a0.5_wd0.001_s1,0.5,100,0.001,1,100.0,23,0.9,43,400.0,200000,ok,2692,2430,False,0.7514523847362594,0.034912515830158086,0.33800311183289694,0.38198696825343975,3662,3305,False,0.9887873372606734,0.05021911551011149,0.3153375569375851,0.3899630991362562,4000,3662,False,1.0710204945658677,0.05381638174034109,0.3468728963510291,0.39136465915282603,4000,3662,False,1.0710204945658677,0.05381638174034109,0.3468728963510291,0.39136465915282603,1.0,1.0,0.008853578008711338,0.01563657820224762,1.2884768335758718,0.053719877382803705,0.4707998709967103,0.4203784072257415
ntk_N100_a0.5_wd0.001_s2,0.5,100,0.001,2,100.0,23,0.9,44,400.0,200000,ok,2430,2193,False,0.6934238593095108,0.03902793541763627,0.38485676976900646,0.41913434809504313,3305,3000,False,0.8847552544929728,0.05238673798755955,0.32554605629228495,0.4205366332828462,3662,3305,False,0.9621826740205558,0.05602386316872621,0.3305155534759731,0.4248847912285264,4000,3662,False,1.0240785794470613,0.057685536349226574,0.3445704894887312,0.4283746638881015,1.0,1.0,0.00879954919219017,0.014736589044332504,1.2478323676022167,0.06107396485165084,0.46242947867831735,0.46675939960006013
ntk_N100_a0.5_wd0.001_s3,0.5,100,0.001,3,100.0,23,0.9,45,400.0,200000,ok,2692,2430,False,0.7522918834678153,0.04618632221228958,0.36173263835461683,0.40802791628519147,4000,3662,False,1.0810704372142732,0.0630346022650714,0.3779710383756549,0.4144074774856817,4496,4058,False,1.1495946121552088,0.06502558637939182,0.41458976771482353,0.4193397614031419,4981,4496,False,1.193025944220177,0.06618625676885437,0.4417950408212096,0.42158043467957124,1.0,1.0,0.00881277583539486,0.015462285839021206,1.2661259803193998,0.06394231974033304,0.48243248432419333,0.4441824062988216
ntk_N100_a0.5_wd0.001_s4,0.5,100,0.001,4,100.0,23,0.9,46,400.0,200000,ok,2983,2692,False,0.8645400721974738,0.05025676071203089,0.3244184937839489,0.4348099723096407,3662,3305,False,1.0354667898631384,0.060295629975695486,0.3551424193342922,0.44403952988117634,4000,3662,False,1.10876961753278,0.06356680911077184,0.39088709744539546,0.4501769376550618,4058,4000,False,1.1192430869803571,0.06431204089366882,0.39771915738656394,0.4513164443342809,1.0,1.0,0.0088151004165411,0.015221339650452137,1.4232758281019335,0.07083549460865302,0.6170893947813874,0.4824436523839765
ntk_N100_a0.5_wd0.003_s0,0.5,100,0.003,0,100.0,23,0.9,42,400.0,200000,ok,200000,200000,True,,,,,200000,200000,True,,,,,200000,200000,True,,,,,200000,200000,True,,,,,0.07352941483259201,0.01886792480945587,0.042630814015865326,0.04524112120270729,0.3681512954694646,0.03555827954922275,0.6522380231007231,0.3748915726185277
ntk_N100_a0.5_wd0.003_s1,0.5,100,0.003,1,100.0,23,0.9,43,400.0,200000,ok,200000,200000,True,,,,,200000,200000,True,,,,,200000,200000,True,,,,,200000,200000,True,,,,,0.07352941483259201,0.0,0.042612433433532715,0.04529356211423874,0.49148920254189016,0.07994408601448921,0.5806604354507772,0.35521755380212344
ntk_N100_a0.5_wd0.003_s2,0.5,100,0.003,2,100.0,23,0.9,44,400.0,200000,ok,200000,200000,True,,,,,200000,200000,True,,,,,200000,200000,True,,,,,200000,200000,True,,,,,0.07983193546533585,0.01886792480945587,0.04261058568954468,0.04524029418826103,0.4039559562635734,0.0683848344764102,0.6407163369880309,0.38596096425253035
ntk_N100_a0.5_wd0.003_s3,0.5,100,0.003,3,100.0,23,0.9,45,400.0,200000,ok,200000,200000,True,,,,,200000,200000,True,,,,,200000,200000,True,,,,,200000,200000,True,,,,,0.07983193546533585,0.03773584961891174,0.042734935879707336,0.04596918448805809,0.324020734076238,0.0435078546732558,0.696521975229389,0.3724102325039331
ntk_N100_a0.5_wd0.003_s4,0.5,100,0.003,4,100.0,23,0.9,46,400.0,200000,ok,200000,200000,True,,,,,200000,200000,True,,,,,200000,200000,True,,,,,200000,200000,True,,,,,0.05672268941998482,0.09433962404727936,0.04272022843360901,0.04451248049736023,0.4064461497062043,0.07958712503736409,0.6457568693198975,0.40491035252158514
ntk_N100_a1_wd0_s0,1.0,100,0.0,0,100.0,23,0.9,42,100.0,200000,ok,2983,2692,False,1.498402338012804,0.026518486627210125,0.5726042396473984,0.3826562097691569,11000,10214,False,2.553854042589352,0.0638849586797613,1.6555265342606846,0.3699745421489913,13894,13000,False,2.722146337040387,0.06528141469247195,1.8224157412471715,0.36831285718073525,15395,15000,False,2.796223649585863,0.06558941646496652,1.8955803212460578,0.36849962778073175,1.0,1.0,0.000948518980294466,0.013715198263525963,4.536618116574781,0.07432848916944557,3.6307117268618874,0.3313977133151775
ntk_N100_a1_wd0_s1,1.0,100,0.0,1,100.0,23,0.9,43,100.0,200000,ok,2692,2430,False,1.4265880127970758,0.019529922919988674,0.48754450106546326,0.35446042468380257,20941,20000,False,3.2272084451663825,0.06100683045040145,2.313918964679877,0.3205070383383734,25000,24000,False,3.340525132107606,0.06079230169317307,2.425739952533403,0.319974836614745,34000,33000,False,3.518613104565625,0.05983523413280745,2.6008625585291103,0.31733186829298576,1.0,1.0,0.0010947207920253277,0.02569540962576866,4.839860853294158,0.06490990312826916,3.9208214918488946,0.2894962241179825
ntk_N100_a1_wd0_s2,1.0,100,0.0,2,100.0,23,0.9,44,100.0,200000,ok,2983,2692,False,1.3842081963541921,0.02796997547400959,0.47439274525612296,0.38914108269870173,13894,13000,False,2.436984818609775,0.06573774337281346,1.5444510785820933,0.36075064199875273,15000,14000,False,2.4879476442687145,0.0655255339426355,1.5937491608496226,0.35947562915902903,17000,16000,False,2.580499167111077,0.06481122944942552,1.6829938396994157,0.3576364466598274,1.0,1.0,0.0008548198966309428,0.015256435610353947,4.106602196560857,0.06291330825873054,3.188682653926722,0.34111322115825876
ntk_N100_a1_wd0_s3,1.0,100,0.0,3,100.0,23,0.9,45,100.0,200000,ok,2692,2430,False,1.346190821146115,0.02267989483832311,0.42533635767195027,0.3822308545479015,15000,14000,False,2.552776321185239,0.06630970471633735,1.6582104787278569,0.3690660767690928,22000,21000,False,2.8012874705194335,0.06957005004241812,1.9064123296036384,0.36181971025271736,23000,22000,False,2.828425428239257,0.06988095949847195,1.9335060672835716,0.3614120423189678,1.0,0.9811320900917053,0.0010237059323117137,0.019810829311609268,4.273091710417727,0.07463577114278852,3.3691215969072723,0.3369712504168096
ntk_N100_a1_wd0_s4,1.0,100,0.0,4,100.0,23,0.9,46,100.0,200000,ok,2983,2692,False,1.5109754213261046,0.02724889135383668,0.5860381313425391,0.41374732488187094,17000,16000,False,3.1671085009996283,0.06765779650635995,2.2638282664666165,0.4120740683314717,20941,20000,False,3.3169454083402323,0.0683941408946066,2.412872828895955,0.41373787231071146,25000,24000,False,3.444922154461103,0.06774562292158759,2.538582505240949,0.41489268874260654,1.0,1.0,0.0010217195376753807,0.01829454116523266,5.087948683088588,0.07983082059634816,4.186128840899652,0.38475996744227153
ntk_N100_a1_wd3e-06_s0,1.0,100,3e-06,0,100.0,23,0.9,42,100.0,200000,ok,2983,2692,False,1.4864933956468156,0.026403994400637343,0.5614040885124146,0.3829507103235563,11000,10214,False,2.506986157816122,0.0631040993852573,1.6085426594187624,0.37183748950613005,13000,12539,False,2.616588769829804,0.0640988839023332,1.7172070609844285,0.37117189178033083,15395,15000,False,2.7312287199927447,0.06433014194550168,1.829905337282026,0.37055829246714284,1.0,1.0,0.0008959390688687563,0.011568449437618256,3.7510750808045454,0.06579064803358914,2.8393635591451294,0.3417816145470453
ntk_N100_a1_wd3e-06_s1,1.0,100,3e-06,1,100.0,23,0.9,43,100.0,200000,ok,2692,2430,False,1.415153697839856,0.019434412346509,0.47682067260671473,0.35468664467861066,18000,17057,False,3.0863283522463805,0.059558403053398545,2.1726480546336857,0.3235068529701575,22000,21000,False,3.2122685595116565,0.06013712508676772,2.2979306716598455,0.3233895017638195,28000,27000,False,3.3227254751777786,0.059467347105543356,2.4062919547256714,0.32267385276001564,1.0,1.0,0.0009041851735673845,0.015990260988473892,3.8595864317000834,0.058261576288890504,2.9371696816887067,0.32261127309583343
ntk_N100_a1_wd3e-06_s2,1.0,100,3e-06,2,100.0,23,0.9,44,100.0,200000,ok,2692,2430,False,1.323319733419268,0.02441110020730408,0.41127002231612675,0.39077160052906923,12539,12000,False,2.327279567074172,0.06492089304661319,1.436610310731405,0.36402156711565736,13894,13000,False,2.381989799371361,0.06459754988327027,1.489173332872691,0.36196069074574,18000,17057,False,2.538512826214102,0.06313935535260062,1.6393845928360546,0.358525815818902,1.0,1.0,0.00075401650974527,0.010460767894983292,3.4242948164164995,0.05557120179298314,2.5015574575426816,0.3501053618972222
ntk_N100_a1_wd3e-06_s3,1.0,100,3e-06,3,100.0,23,0.9,45,100.0,200000,ok,2692,2430,False,1.3349984266327568,0.022596671614622976,0.415399792912491,0.38249964325738695,13894,13000,False,2.4539178372978783,0.06446352729948668,1.5589270273504268,0.3708793889723737,18900,18000,False,2.646933167513783,0.06688671462676332,1.751136255429657,0.3638234453883255,23000,22000,False,2.7552906073257866,0.06765207426359754,1.8584529495618993,0.36059959974621947,1.0,1.0,0.0010414671851322055,0.01680353470146656,3.5440825460318264,0.07157100717811637,2.6419052056626744,0.34746524119278843
ntk_N100_a1_wd3e-06_s4,1.0,100,3e-06,4,100.0,23,0.9,46,100.0,200000,ok,2983,2692,False,1.4987798645711685,0.027146609071390437,0.5745911028173016,0.4138353643418728,15395,15000,False,3.0217488677222137,0.0685372247232493,2.1217146477659656,0.413051754072669,18900,18000,False,3.1553774454386816,0.06897979841390511,2.2540999384495053,0.4145412319666089,27000,26000,False,3.3900032181934843,0.06949996821216597,2.4866293681975176,0.41547404165396695,1.0,1.0,0.0009394946391694248,0.014176604337990284,4.0157029141876475,0.07040626195208333,3.1080420410985354,0.40912023532668124
ntk_N100_a1_wd1e-05_s0,1.0,100,1e-05,0,100.0,23,0.9,42,100.0,200000,ok,2983,2692,False,1.4587587341921338,0.026178160975027565,0.535569620247813,0.38356288487303125,10000,9218,False,2.3454799430444635,0.06149971083504158,1.4487266663067198,0.3748850883692964,12539,12000,False,2.4828268775642544,0.06286993072202551,1.5846027440344321,0.3728242373535987,13000,12539,False,2.5026792251782495,0.06326184441131966,1.604585012173441,0.3730385098765532,1.0,1.0,0.000814843166153878,0.009120467118918896,2.925945341548375,0.06346475274898489,2.0200629331653777,0.38079754395683985
ntk_N100_a1_wd1e-05_s1,1.0,100,1e-05,1,100.0,23,0.9,43,100.0,200000,ok,2692,2430,False,1.390260400280034,0.019182095689518897,0.4534748020450235,0.35457949282842915,16000,15395,False,2.822884861539879,0.057199455221499385,1.9094093775032803,0.3244457142228509,18000,17057,False,2.881635877736827,0.0571715414174403,1.9672439366419372,0.324846988634414,23000,22000,False,2.966161679205034,0.056595456462215976,2.0497644491806963,0.32615600917864684,1.0,1.0,0.0008581602014601231,0.011987216770648956,2.8464065192900376,0.050460279910123695,1.9226226810998313,0.35005858837039194
ntk_N100_a1_wd1e-05_s2,1.0,100,1e-05,2,100.0,23,0.9,44,100.0,200000,ok,2692,2430,False,1.2978540280455528,0.024428786710376516,0.39003464011240974,0.3909735456779188,12000,11317,False,2.2038192614388623,0.06331220491388201,1.3146247097776467,0.3663026317305502,13000,12539,False,2.242026457550426,0.06342913096479219,1.3516838760820706,0.3648560084646259,15000,14000,False,2.3096317568069913,0.06255865537560268,1.4156660102844316,0.36308458383600706,1.0,1.0,0.0007595475181005895,0.008274349384009838,2.6415213571421927,0.05894320675979481,1.7337796414143398,0.37422230069583695
ntk_N100_a1_wd1e-05_s3,1.0,100,1e-05,3,100.0,23,0.9,45,100.0,200000,ok,2692,2430,False,1.3106434208401871,0.022415470809998284,0.39402628541204315,0.382941350627077,12539,12000,False,2.296549818547571,0.06384608210127773,1.4050953165195113,0.37493249501876397,18900,18000,False,2.4925361007464026,0.06560784862380309,1.598350360342045,0.3668281383231811,20941,20000,False,2.5340068345329274,0.06543908694047729,1.638542997757233,0.3658296726726373,1.0,1.0,0.0009708735742606223,0.01175926998257637,2.7053205252191903,0.06284324929221974,1.802259792065859,0.3760922043029814
ntk_N100_a1_wd1e-05_s4,1.0,100,1e-05,4,100.0,23,0.9,46,100.0,200000,ok,2983,2692,False,1.4694534878045862,0.026962972676625174,0.5473830886083199,0.4141011380801056,15000,14000,False,2.8225023209526747,0.06676700562102189,1.9231263002035701,0.41474002155407513,20000,19000,False,3.0040500284715677,0.06898121915864597,2.1049139135299475,0.4171860362309456,30000,29000,False,3.2047093508270956,0.06910098798398678,2.3029634140193753,0.41828991079037026,1.0,1.0,0.0008953327778726816,0.010642695240676403,3.2055595328397066,0.0651079698397552,2.2982401527402305,0.4212480112970855
ntk_N100_a1_wd3e-05_s0,1.0,100,3e-05,0,100.0,23,0.9,42,100.0,200000,ok,3000,2983,False,1.3831245998469748,0.025916135126238915,0.4674130368956599,0.385954776374729,9218,9000,False,2.110542334820776,0.060317318524193975,1.219798666159929,0.3829016211251108,11000,10214,False,2.1998518948318444,0.06125252557578842,1.3073398710487778,0.384239503518701,12000,11317,False,2.2317968299365747,0.06171128338382026,1.3389464229372476,0.3847450106287623,1.0,1.0,0.0008605868788436055,0.006125347688794136,2.0422355628254034,0.056060309890075155,1.1468355093294913,0.41210757477739623
ntk_N100_a1_wd3e-05_s1,1.0,100,3e-05,1,100.0,23,0.9,43,100.0,200000,ok,2692,2430,False,1.3158269918392116,0.019032871190051148,0.3870847711578718,0.3549267458181283,13000,12539,False,2.346458677169702,0.0526794379198714,1.4353296547332226,0.33957853925761516,13894,13000,False,2.3657452557469463,0.053163609136281376,1.4549237834953341,0.34097233495968715,17000,16000,False,2.4013690189360535,0.05383619560960773,1.490770361827194,0.34374117023836864,1.0,1.0,0.0008844343828968704,0.007102356757968664,2.0172198575553684,0.04769309466232696,1.1077685470562844,0.39431749305508834
ntk_N100_a1_wd3e-05_s2,1.0,100,3e-05,2,100.0,23,0.9,44,100.0,200000,ok,2983,2692,False,1.2719845836148231,0.02779794525546364,0.38038497521112147,0.39062790544331,10000,9218,False,1.9081908389850766,0.06063886797507734,1.0277313193288184,0.3790569633241702,11000,10214,False,1.9473213644964116,0.06071756537278161,1.0648431772484588,0.3783220691545568,11317,11000,False,1.9586652667787128,0.060707770262909966,1.0755703118824853,0.37826360154833194,1.0,1.0,0.0008805280667729676,0.005975926760584116,1.9684132928543656,0.05775163926329985,1.0794361929252947,0.4140339365383659
ntk_N100_a1_wd3e-05_s3,1.0,100,3e-05,3,100.0,23,0.9,45,100.0,200000,ok,2983,2692,False,1.288547626612784,0.02492101492515575,0.3840358864651236,0.3837555710900101,13000,12539,False,2.0666647587886673,0.06273900460357795,1.1819876003042817,0.3776585289126928,15000,14000,False,2.107231756233883,0.06366933836994393,1.2224132956720746,0.3750996613408549,17057,17000,False,2.1301675435196707,0.06420927259636533,1.2453239311042148,0.37560571836881335,1.0,1.0,0.0008865887066349387,0.006201151292771101,1.8992828863933646,0.05533697938754045,1.0094111479624628,0.4060571926910139
ntk_N100_a1_wd3e-05_s4,1.0,100,3e-05,4,100.0,23,0.9,46,100.0,200000,ok,2983,2692,False,1.3898549423634607,0.026831541618116295,0.47599451419481326,0.41450496934937536,13000,12539,False,2.3906056219595047,0.06500040616854985,1.4981871273835436,0.42129936987772487,15395,15000,False,2.451138032962462,0.06697078800349388,1.56016373559182,0.42529767304162464,17000,16000,False,2.4829420065288246,0.06820532176587346,1.5930526393344129,0.4268901665134244,1.0,1.0,0.0009633684530854225,0.007944382727146149,2.258509720535506,0.06970120118149037,1.3779290248358773,0.4468911448162915
ntk_N100_a1_wd0.0001_s0,1.0,100,0.0001,0,100.0,23,0.9,42,100.0,200000,ok,2692,2430,False,1.1177080462183326,0.02052856223955446,0.24442803139047842,0.38907122073737394,7508,7000,False,1.6074824202847566,0.05201909084507328,0.7323076123189817,0.3957642955014968,8000,7508,False,1.6315490864244053,0.05273269111743473,0.7555965832361888,0.3969852985162066,10000,9218,False,1.6988579685325005,0.05564485499964722,0.8230843643450807,0.3984668602968803,1.0,1.0,0.0014919565292075276,0.005546894855797291,1.4760732147205016,0.0471805089460392,0.6049210500541137,0.44018169545194913
ntk_N100_a1_wd0.0001_s1,1.0,100,0.0001,1,100.0,23,0.9,43,100.0,200000,ok,3305,3000,False,1.161806977463193,0.02251615187103151,0.28017912601502876,0.35648790535635266,9000,8319,False,1.6399714459363859,0.048545367804058936,0.7541813347439599,0.35093987264130855,10000,9218,False,1.6835661576012497,0.050900711904429796,0.7991571333210727,0.35332046953069557,10214,10000,False,1.6920388425783184,0.05128654797199117,0.8077595076369384,0.3534537018746154,1.0,1.0,0.0015559610910713673,0.006765739526599646,1.435032913851894,0.043013545109673035,0.5592006277554927,0.4035126077955033
ntk_N100_a1_wd0.0001_s2,1.0,100,0.0001,2,100.0,23,0.9,44,100.0,200000,ok,2983,2692,False,1.0563736085435926,0.02653898451885628,0.24340942756343567,0.39438573955000533,8319,8000,False,1.4419062467121337,0.05983818968645638,0.6065008243068585,0.3904224021742234,9000,8319,False,1.4712910866128996,0.06134923242029755,0.6345395543083358,0.39171471658574203,10000,9218,False,1.4976411473229763,0.06262464512920396,0.659716001225465,0.39383281630701855,1.0,1.0,0.0014726428780704737,0.005428476724773645,1.3140083523730033,0.053048315696393344,0.4878658680096091,0.4406939515448142
ntk_N100_a1_wd0.0001_s3,1.0,100,0.0001,3,100.0,23,0.9,45,100.0,200000,ok,2692,2430,False,1.0501862767211618,0.019658564279360413,0.20930592734937872,0.38857455577443284,8319,8000,False,1.5047744561648613,0.05380710275602485,0.6455481075578638,0.39853981501444097,10000,9218,False,1.5540372010659604,0.05794018170173654,0.6978822363171622,0.4027158524283821,10000,9218,False,1.5540372010659604,0.05794018170173654,0.6978822363171622,0.4027158524283821,1.0,1.0,0.0015523085603490472,0.005812474526464939,1.3263135024692891,0.056256439086278975,0.5056756385428519,0.43899982198606774
ntk_N100_a1_wd0.0001_s4,1.0,100,0.0001,4,100.0,23,0.9,46,100.0,200000,ok,2983,2692,False,1.1550669415315362,0.025981261159136126,0.2899412838565341,0.41705536796371273,10000,9218,False,1.7576312483157264,0.061262507681091094,0.888458723928907,0.43063541716806597,10214,10000,False,1.7631656876235924,0.061759272041348345,0.8945420758565935,0.4310169149458798,12539,12000,False,1.8212072021660888,0.06664622009246135,0.9576713533089152,0.43832963489994003,1.0,1.0,0.0015167095698416233,0.0058339498937129974,1.4956041430260822,0.05717890306325668,0.6454901046606399,0.4844924757792924
ntk_N100_a1_wd0.0003_s0,1.0,100,0.0003,0,100.0,23,0.9,42,100.0,200000,ok,2983,2692,False,0.7629696103936185,0.018143615140964076,0.2896022436850572,0.3986003651633822,6776,6116,False,1.0139964395075503,0.04478926661890392,0.3017088233352394,0.4167645362270847,6776,6116,False,1.0139964395075503,0.04478926661890392,0.3017088233352394,0.4167645362270847,7508,7000,False,1.0464917509118759,0.04708131790907211,0.31733563388100433,0.4201184333295524,1.0,1.0,0.004625275265425444,0.010149888694286346,1.0639552792086622,0.04204480796378296,0.30587230755892314,0.45438432390221095
ntk_N100_a1_wd0.0003_s1,1.0,100,0.0003,1,100.0,23,0.9,43,100.0,200000,ok,4496,4058,False,0.7599368874143372,0.024022748356624324,0.3068254279730716,0.3704913328315926,8000,7508,False,0.9805193377040629,0.04410014453458999,0.29472289566117515,0.38743112277879005,8319,8000,False,0.995505183497762,0.045254590062376865,0.30020419941052384,0.3875818241762528,9218,9000,False,1.0275506605978095,0.04799569030145823,0.31526979787096376,0.38849482851359135,1.0,1.0,0.004862827714532614,0.011033537797629833,1.0210807320892468,0.04400372013319798,0.3005113954610221,0.42184291650966216
ntk_N100_a1_wd0.0003_s2,1.0,100,0.0003,2,100.0,23,0.9,44,100.0,200000,ok,4000,3662,False,0.7130184508277452,0.029253833166596466,0.3522434600893917,0.40454566762855004,7508,7000,False,0.9024668414814,0.04861616510945144,0.3118680345164344,0.4184963488783479,8000,7508,False,0.919482681138204,0.04956706055117255,0.3124662319357977,0.4200698436877209,8319,8000,False,0.9294385505056633,0.04979192267173138,0.31230751355763114,0.42176863385414415,1.0,1.0,0.00466703437268734,0.009776786901056767,0.9324169073498835,0.05045747465308381,0.3141055226346413,0.4623868349782096
ntk_N100_a1_wd0.0003_s3,1.0,100,0.0003,3,100.0,23,0.9,45,100.0,200000,ok,3305,3000,False,0.7093356800990231,0.01915692969666083,0.3341603423111089,0.3972566675630289,8000,7508,False,0.9606322614162754,0.04869285631772635,0.30838559661538534,0.41305061965116363,8319,8000,False,0.9741378610619678,0.049536749645342604,0.311737224144636,0.4145422569808419,11000,10214,False,1.0513995579439457,0.05675882510501662,0.34927685552652593,0.4231796592712631,1.0,1.0,0.004707013256847858,0.01056167297065258,0.955206532565047,0.04744473651753833,0.30437723180225945,0.44911512705827467
ntk_N100_a1_wd0.0003_s4,1.0,100,0.0003,4,100.0,23,0.9,46,100.0,200000,ok,4496,4058,False,0.7952720778983131,0.03388288858982691,0.30952504343935,0.4250539478192237,8000,7508,False,1.0202014721470636,0.05215319452873435,0.32683578621026527,0.4484456544420366,9000,8319,False,1.0711679887525478,0.055508060099266676,0.35211048949904444,0.4538780135685384,10000,9218,False,1.1122313516574789,0.057038671867391644,0.3734652253028351,0.4564571266303874,1.0,1.0,0.004730247426778078,0.010436701588332653,1.0962877631525172,0.049439150858519354,0.3430312020015191,0.4773372995352204
ntk_N100_a1_wd0.001_s0,1.0,100,0.001,0,100.0,23,0.9,42,100.0,200000,ok,200000,200000,True,,,,,200000,200000,True,,,,,200000,200000,True,,,,,200000,200000,True,,,,,0.9369747638702393,0.2075471729040146,0.029633108526468277,0.039587609469890594,0.4659797164234043,0.027298557712243765,0.5573318684897413,0.4005744269628132
ntk_N100_a1_wd0.001_s1,1.0,100,0.001,1,100.0,23,0.9,43,100.0,200000,ok,200000,200000,True,,,,,200000,200000,True,,,,,200000,200000,True,,,,,200000,200000,True,,,,,0.9159663915634155,0.22641509771347046,0.029911847785115242,0.03964722156524658,0.42772234615437826,0.03389878649034561,0.5970764189531549,0.3837315408093641
ntk_N100_a1_wd0.001_s2,1.0,100,0.001,2,100.0,23,0.9,44,100.0,200000,ok,200000,200000,True,,,,,200000,200000,True,,,,,200000,200000,True,,,,,200000,200000,True,,,,,0.9474790096282959,0.4150943458080292,0.029603077098727226,0.038315705955028534,0.4006631844105626,0.033707287581024925,0.6214621121846441,0.4235285772499299
ntk_N100_a1_wd0.001_s3,1.0,100,0.001,3,100.0,23,0.9,45,100.0,200000,ok,200000,200000,True,,,,,200000,200000,True,,,,,200000,200000,True,,,,,200000,200000,True,,,,,0.9432772994041443,0.30188679695129395,0.02956114336848259,0.0399409756064415,0.4604321571154197,0.03484499754040882,0.5685252605113895,0.3917988849239754
ntk_N100_a1_wd0.001_s4,1.0,100,0.001,4,100.0,23,0.9,46,100.0,200000,ok,200000,200000,True,,,,,200000,200000,True,,,,,200000,200000,True,,,,,200000,200000,True,,,,,0.9285714030265808,0.3396226465702057,0.029567992314696312,0.03910971060395241,0.45040689049481164,0.03626068193535692,0.5785470663749258,0.4375134754402199
ntk_N100_a1_wd0.003_s0,1.0,100,0.003,0,100.0,23,0.9,42,100.0,200000,ok,200000,200000,True,,,,,200000,200000,True,,,,,200000,200000,True,,,,,200000,200000,True,,,,,0.042016807943582535,0.01886792480945587,0.05138634517788887,0.05323653295636177,0.2208487351136938,0.05073524397611173,0.793401740916636,0.3453764756068706
ntk_N100_a1_wd0.003_s1,1.0,100,0.003,1,100.0,23,0.9,43,100.0,200000,ok,200000,200000,True,,,,,200000,200000,True,,,,,200000,200000,True,,,,,200000,200000,True,,,,,0.03991596773266792,0.0,0.05116153135895729,0.05257211625576019,0.24728462605080595,0.05129292468904778,0.769381789218488,0.33288864780338234
ntk_N100_a1_wd0.003_s2,1.0,100,0.003,2,100.0,23,0.9,44,100.0,200000,ok,200000,200000,True,,,,,200000,200000,True,,,,,200000,200000,True,,,,,200000,200000,True,,,,,0.052521008998155594,0.056603774428367615,0.0512671135365963,0.05194436386227608,0.19983993776550044,0.030574244060514344,0.8077598871296339,0.36489217512713484
ntk_N100_a1_wd0.003_s3,1.0,100,0.003,3,100.0,23,0.9,45,100.0,200000,ok,200000,200000,True,,,,,200000,200000,True,,,,,200000,200000,True,,,,,200000,200000,True,,,,,0.05672268941998482,0.056603774428367615,0.05154424533247948,0.05468805134296417,0.18923245275069422,0.06851024170138842,0.8266031319950637,0.35012694579126397
ntk_N100_a1_wd0.003_s4,1.0,100,0.003,4,100.0,23,0.9,46,100.0,200000,ok,200000,200000,True,,,,,200000,200000,True,,,,,200000,200000,True,,,,,200000,200000,True,,,,,0.0357142873108387,0.1320754736661911,0.05099831894040108,0.05093163996934891,0.17708212811333027,0.06078986325800084,0.8358967762692803,0.36846101230178524
ntk_N100_a2_wd0_s0,2.0,100,0.0,0,100.0,23,0.9,42,25.0,200000,ok,6000,5520,False,1.2034038281896864,0.014909040938641094,0.27795019554339945,0.38146352987011745,200000,200000,True,,,,,200000,200000,True,,,,,200000,200000,True,,,,,1.0,0.698113203048706,0.003610737156122923,0.05914489924907684,2.7832124344236897,0.06504331806559394,1.8819950397160814,0.3185034238439569
ntk_N100_a2_wd0_s1,2.0,100,0.0,1,100.0,23,0.9,43,25.0,200000,ok,5520,5000,False,1.203700768833687,0.012742338720850399,0.2686446147859452,0.35661317173325646,200000,200000,True,,,,,200000,200000,True,,,,,200000,200000,True,,,,,1.0,0.49056604504585266,0.004016570281237364,0.0778891071677208,2.952643460866028,0.058368149371818445,2.0389941526139705,0.28331043121116917
ntk_N100_a2_wd0_s2,2.0,100,0.0,2,100.0,23,0.9,44,25.0,200000,ok,5520,5000,False,1.1401098030079568,0.015047782852855685,0.2322563376682758,0.3932368055445589,183000,182000,False,2.408404920734428,0.06943509539604442,1.5225176752983678,0.3612023960949311,200000,200000,True,,,,,200000,200000,True,,,,,1.0,0.8113207817077637,0.003244361374527216,0.05254773795604706,2.452792915210389,0.07045762848937365,1.5672406319541434,0.36089199345887646
ntk_N100_a2_wd0_s3,2.0,100,0.0,3,100.0,23,0.9,45,25.0,200000,ok,5520,5000,False,1.1381688041862,0.014427082990899787,0.22788490525161975,0.37967567901729654,200000,200000,True,,,,,200000,200000,True,,,,,200000,200000,True,,,,,1.0,0.4150943458080292,0.0041901301592588425,0.07793013006448746,2.3814243625660767,0.06531828512180027,1.4897766210111085,0.3432727605711022
ntk_N100_a2_wd0_s4,2.0,100,0.0,4,100.0,23,0.9,46,25.0,200000,ok,4496,4058,False,1.1624293286294927,0.012234247665063425,0.2341499165026568,0.4236264144989396,200000,200000,True,,,,,200000,200000,True,,,,,200000,200000,True,,,,,1.0,0.6415094137191772,0.0035542254336178303,0.06212832033634186,2.8272916677406883,0.06279002023200608,1.9219901771426888,0.37558036528813604
ntk_N100_a2_wd3e-06_s0,2.0,100,3e-06,0,100.0,23,0.9,42,25.0,200000,ok,6000,5520,False,1.186964097992169,0.014683636138748124,0.2642223907759789,0.3821017401484196,121000,120000,False,2.133454430095421,0.048058737215211145,1.220565932973759,0.3420331811968364,200000,200000,True,,,,,200000,200000,True,,,,,1.0,0.8679245114326477,0.0033228679094463587,0.04101221635937691,2.2501549671219414,0.05021436657880696,1.3374855717263012,0.339182445300237
ntk_N100_a2_wd3e-06_s1,2.0,100,3e-06,1,100.0,23,0.9,43,25.0,200000,ok,5520,5000,False,1.185454504824792,0.012659452116403291,0.25378688390028553,0.3568217681333487,200000,200000,True,,,,,200000,200000,True,,,,,200000,200000,True,,,,,1.0,0.6792452931404114,0.0035076350905001163,0.05719078704714775,2.360769390252375,0.048954524308671976,1.4432026948604204,0.3148318141951349
ntk_N100_a2_wd3e-06_s2,2.0,100,3e-06,2,100.0,23,0.9,44,25.0,200000,ok,4981,4496,False,1.1099748545443304,0.013137327579903046,0.2031223157884305,0.3939514496156544,157000,156000,False,1.9914604615908804,0.05507352806683852,1.096516007246976,0.3681156590660394,200000,200000,True,,,,,200000,200000,True,,,,,1.0,0.8301886916160583,0.003079719142988324,0.04480750113725662,2.0147105133384664,0.0562203831883491,1.1207912473010229,0.36655186602806156
ntk_N100_a2_wd3e-06_s3,2.0,100,3e-06,3,100.0,23,0.9,45,25.0,200000,ok,5520,5000,False,1.1244056089808006,0.014105851213961462,0.21725135671552837,0.3799318703074814,200000,200000,True,,,,,200000,200000,True,,,,,200000,200000,True,,,,,1.0,0.6415094137191772,0.003707768628373742,0.05939410254359245,2.0183736416130644,0.0521591108159839,1.116977180972901,0.3533596317285058
ntk_N100_a2_wd3e-06_s4,2.0,100,3e-06,4,100.0,23,0.9,46,25.0,200000,ok,4496,4058,False,1.1473837113090504,0.01215918081626155,0.22276546047830179,0.42394332695412107,139000,138000,False,2.3003087718069875,0.056023674577280524,1.395903435827906,0.3941549545267488,200000,200000,True,,,,,200000,200000,True,,,,,1.0,0.7924528121948242,0.0030873471405357122,0.04772324115037918,2.3711170997243873,0.05584586432783134,1.4645122972750464,0.3923130987623337
ntk_N100_a2_wd1e-05_s0,2.0,100,1e-05,0,100.0,23,0.9,42,25.0,200000,ok,6776,6116,False,1.1743799560432981,0.015818209749887346,0.2599260395019618,0.3826164109184276,64000,63000,False,1.714760995402827,0.0455137305918929,0.8166845293610876,0.36119102905215694,81000,80000,False,1.7307818592190367,0.045786504941534356,0.8321868961136871,0.3584167929421626,95000,94000,False,1.7323734684956185,0.04624941909993441,0.8346337103906264,0.3585546005526782,1.0,0.9811320900917053,0.0027791087049990892,0.026389161124825478,1.7084146140194278,0.041600781818244226,0.8024923878655414,0.3684485083742426
ntk_N100_a2_wd1e-05_s1,2.0,100,1e-05,1,100.0,23,0.9,43,25.0,200000,ok,6000,5520,False,1.1559434532742785,0.013599128237353209,0.23613133449739082,0.3561783766132399,113000,112000,False,1.7110687592016018,0.04462492715477473,0.8113762492117151,0.33496512737982215,132000,131000,False,1.7142522935710207,0.045812801670536696,0.8168388700035806,0.334893873370489,200000,200000,True,,,,,1.0,0.9056603908538818,0.0029273568652570248,0.03557134419679642,1.7247397919769025,0.04433969881145827,0.8235269588079737,0.3404404750131029
ntk_N100_a2_wd1e-05_s2,2.0,100,1e-05,2,100.0,23,0.9,44,25.0,200000,ok,4981,4496,False,1.0741121319959361,0.012929122040997276,0.1823931517068713,0.3945158649838149,60000,59000,False,1.4908878238728882,0.04672131408259439,0.6166711702267433,0.38139386169407724,73000,72000,False,1.5163491142910133,0.04540404474824211,0.6358562525505008,0.3798852471131262,81000,80000,False,1.5230924035419326,0.04457182441778784,0.639843478523264,0.37908661133448146,1.0,1.0,0.0027240035124123096,0.027997568249702454,1.5765936416194317,0.042040109180449536,0.6819241638259522,0.3798825279868875
ntk_N100_a2_wd1e-05_s3,2.0,100,1e-05,3,100.0,23,0.9,45,25.0,200000,ok,5520,5000,False,1.090926582348819,0.01363332091272862,0.1949706330615249,0.3810773903320295,121000,120000,False,1.647429902138315,0.04479211907443015,0.7528274907769645,0.36924664281753006,200000,200000,True,,,,,200000,200000,True,,,,,1.0,0.8679245114326477,0.0030617385637015104,0.03556140884757042,1.6509142177979619,0.04474221209313467,0.7559235590270412,0.3732137175952932
ntk_N100_a2_wd1e-05_s4,2.0,100,1e-05,4,100.0,23,0.9,46,25.0,200000,ok,4981,4496,False,1.1254727998860838,0.013582849829572363,0.21521542595152404,0.42395286036223356,77000,76000,False,1.778975720637724,0.04699562536683044,0.8797791349825343,0.397362763962749,102000,101000,False,1.788430883239416,0.048121261254671865,0.8909244396593126,0.40042573321517994,112000,111000,False,1.7867531528721972,0.04809446788901872,0.8892954558678305,0.40177149488220243,1.0,0.9811320900917053,0.002916651079431176,0.030425187200307846,1.7850172917622773,0.0490639775929268,0.8896135369798516,0.4103265270638419
ntk_N100_a2_wd3e-05_s0,2.0,100,3e-05,0,100.0,23,0.9,42,25.0,200000,ok,6776,6116,False,1.07112373589722,0.014637083598822764,0.19082673067995304,0.3847633423435219,42937,42000,False,1.3432028639060152,0.041136078640157225,0.4778037286082391,0.38862523568837587,47575,47000,False,1.3498872076207244,0.04173623648018987,0.48487058221169815,0.39022228988111013,56000,55000,False,1.358317289669234,0.042733902900221166,0.49445290817704635,0.3910700988970464,1.0,1.0,0.002861514687538147,0.019020061939954758,1.3272747777430192,0.03884120485001996,0.45849174825279504,0.3991741797499362
ntk_N100_a2_wd3e-05_s1,2.0,100,3e-05,1,100.0,23,0.9,43,25.0,200000,ok,6776,6116,False,1.056691065151416,0.014285605048610428,0.18276985336291016,0.3561303172498638,57000,56000,False,1.2537758951695845,0.039063576008624756,0.40293441764957366,0.36038696869784925,63000,62000,False,1.252048411857537,0.038894811158973974,0.4011543032326726,0.36172087670875364,69000,68000,False,1.2512903734595422,0.038812917757509724,0.40034898839029603,0.3632426615929042,1.0,1.0,0.003093279665336013,0.02277650497853756,1.239092464403194,0.03185676340900501,0.3689338118079442,0.3780644067689986
ntk_N100_a2_wd3e-05_s2,2.0,100,3e-05,2,100.0,23,0.9,44,25.0,200000,ok,4981,4496,False,0.982748099296259,0.012684853402239571,0.15883846895414497,0.3954519439143603,37000,36000,False,1.1914017237871026,0.039007128841687666,0.3599735281275827,0.39387332460281116,41000,40000,False,1.205432027587414,0.03948767814884402,0.3706774093872415,0.39463907278705784,47000,46000,False,1.2140285152546664,0.03901441292560548,0.3748832150648086,0.39570203449355945,1.0,1.0,0.002879742067307234,0.019474972039461136,1.2062722659445444,0.031239278762580258,0.343386660860201,0.40364792854975096
ntk_N100_a2_wd3e-05_s3,2.0,100,3e-05,3,100.0,23,0.9,45,25.0,200000,ok,5520,5000,False,0.9974877244958499,0.01245644198179685,0.1576597839135998,0.3847225656501857,50000,49000,False,1.2071902125142513,0.036998177956656386,0.36366943888918296,0.3927248553272192,68000,67000,False,1.2342852110055327,0.03619048118938062,0.37977402691384815,0.3925256643731318,80000,79453,False,1.229351857413191,0.036205804738716374,0.3763264820714078,0.3942810885080536,1.0,1.0,0.0030965369660407305,0.021040866151452065,1.209412099237509,0.03432738427352977,0.3562096785016167,0.4019946437791792
ntk_N100_a2_wd3e-05_s4,2.0,100,3e-05,4,100.0,23,0.9,46,25.0,200000,ok,4981,4496,False,1.033256759921482,0.012824881692962031,0.16615897053535184,0.425153685505326,44000,43000,False,1.332609121060919,0.03995986153962228,0.4659727238165139,0.41717279811987856,62000,61000,False,1.3488117686674246,0.04219055864982524,0.4852668276607954,0.42475637130935795,79000,78000,False,1.3562381245681705,0.043172457871292536,0.49397354988761044,0.42953214952051727,1.0,1.0,0.0029776394367218018,0.023465942591428757,1.3384941486528568,0.045203472527920896,0.4853735217613822,0.4347664484270466
ntk_N100_a2_wd0.0001_s0,2.0,100,0.0001,0,100.0,23,0.9,42,25.0,200000,ok,6000,5520,False,0.820255357621559,0.010649949633742661,0.22311318417948242,0.39155891669612597,25000,24000,False,0.9300166068096755,0.026418362416177454,0.2324579679554023,0.402608652972647,28000,27000,False,0.9444481656592209,0.027212025246261207,0.23342386543374935,0.4031540927410904,29000,28487,False,0.9478129509378489,0.02723649351755053,0.23313877986717285,0.40336907574184355,1.0,1.0,0.005193235352635384,0.016813280060887337,0.9094057347245169,0.02810083571416855,0.24355172592046578,0.4152361676298802
ntk_N100_a2_wd0.0001_s1,2.0,100,0.0001,1,100.0,23,0.9,43,25.0,200000,ok,7000,6776,False,0.7861645266781646,0.011983899651992869,0.254102820224626,0.36204849878902573,36000,35000,False,0.8766459136859414,0.033933423263352025,0.2733339062259972,0.3838829394647022,45000,44000,False,0.8976247942276734,0.03370052014289904,0.26642358693290813,0.382959973356172,65000,64717,False,0.8994500606690532,0.03269607996372925,0.2625400398291475,0.38646103907893586,1.0,1.0,0.005592334549874067,0.020640380680561066,0.8748180338789187,0.0305814711666631,0.2630151508948292,0.3950503979721125
ntk_N100_a2_wd0.0001_s2,2.0,100,0.0001,2,100.0,23,0.9,44,25.0,200000,ok,6000,5520,False,0.7415018849640077,0.013204963355312738,0.29394605953278397,0.39923198141467253,27000,26000,False,0.7922321681345058,0.03311697238063005,0.3092573905671494,0.4119356297946962,29000,28487,False,0.7959645531697165,0.03350101276093431,0.3081585644910968,0.4124105039125836,34974,34000,False,0.8096215767359052,0.033510210388427386,0.30084069337006925,0.41314441004632035,1.0,1.0,0.0051788631826639175,0.016956519335508347,0.7954969908750447,0.030710565248642352,0.30113419803784286,0.4322016185579413
ntk_N100_a2_wd0.0001_s3,2.0,100,0.0001,3,100.0,23,0.9,45,25.0,200000,ok,5520,5000,False,0.7712732590332649,0.009813628078266357,0.25971888621159933,0.3924489805120992,32000,31564,False,0.8680216986929448,0.03306702637730374,0.27353987795091084,0.40422985282131113,40000,39000,False,0.8807465605742044,0.03446324983951499,0.27373008665400067,0.4062224942695439,42937,42000,False,0.8770075558398949,0.03502065874705862,0.2766837653058064,0.4076475798350676,1.0,1.0,0.0054975152015686035,0.01862821914255619,0.8465151457407193,0.034356438217019836,0.28587425749062867,0.4190003355810903
ntk_N100_a2_wd0.0001_s4,2.0,100,0.0001,4,100.0,23,0.9,46,25.0,200000,ok,8000,7508,False,0.7886275318073209,0.017930747512951206,0.27011050075675147,0.42677062630050017,34000,33000,False,0.9207593893492243,0.03782074478816044,0.27554797427683325,0.4420917378658328,38000,37000,False,0.9299443172062946,0.03855696804026698,0.2768022133711973,0.4438422935800453,52000,51000,False,0.9502353030209612,0.03971090079174877,0.27918797388064714,0.44630842522319525,1.0,0.9811320900917053,0.005347702652215958,0.019153457134962082,0.891774306085949,0.03994779601848142,0.2880306181142315,0.4538033498005084
ntk_N100_a2_wd0.0003_s0,2.0,100,0.0003,0,100.0,23,0.9,42,25.0,200000,ok,18000,17057,False,0.5860929331336516,0.016965383748107965,0.43727067480822096,0.39503153686668796,74000,73000,False,0.6295308128838352,0.022988431638743978,0.4076656359265981,0.40351206160133535,200000,200000,True,,,,,200000,200000,True,,,,,1.0,0.849056601524353,0.017006458714604378,0.03137068822979927,0.6384458756876537,0.024051597470535424,0.4017868479987786,0.40197487100721
ntk_N100_a2_wd0.0003_s1,2.0,100,0.0003,1,100.0,23,0.9,43,25.0,200000,ok,34000,33000,False,0.5436666427123855,0.02818775894831993,0.48876335942808136,0.38311146227710413,200000,200000,True,,,,,200000,200000,True,,,,,200000,200000,True,,,,,1.0,0.6792452931404114,0.017182908952236176,0.03419308736920357,0.551627587571611,0.028154980400499463,0.4817675249119232,0.38525439397247674
ntk_N100_a2_wd0.0003_s2,2.0,100,0.0003,2,100.0,23,0.9,44,25.0,200000,ok,26000,25710,False,0.5124999700743265,0.02599714954558463,0.5141044212081746,0.41108406688158594,47575,47000,False,0.5323972628726162,0.029781449619671108,0.5003633122969791,0.41430968714736865,200000,200000,True,,,,,200000,200000,True,,,,,1.0,0.849056601524353,0.016823504120111465,0.030012330040335655,0.5313243612916078,0.030038782830422384,0.5015750477460199,0.4224643208079626
ntk_N100_a2_wd0.0003_s3,2.0,100,0.0003,3,100.0,23,0.9,45,25.0,200000,ok,30000,29000,False,0.5590905279084244,0.022474569537471734,0.4685422077833666,0.4116862065789831,200000,200000,True,,,,,200000,200000,True,,,,,200000,200000,True,,,,,1.0,0.7358490824699402,0.016908833757042885,0.03290826827287674,0.5884446873850655,0.02622604528382566,0.4474851163763455,0.42226649708513675
ntk_N100_a2_wd0.0003_s4,2.0,100,0.0003,4,100.0,23,0.9,46,25.0,200000,ok,31564,31000,False,0.5587998586158701,0.030529397249525636,0.47830660719950446,0.4332991178897082,200000,200000,True,,,,,200000,200000,True,,,,,200000,200000,True,,,,,1.0,0.7358490824699402,0.016933254897594452,0.03298044949769974,0.5880207602643718,0.031426357429918284,0.4546268746452488,0.4506951383475184
ntk_N100_a2_wd0.001_s0,2.0,100,0.001,0,100.0,23,0.9,42,25.0,200000,ok,200000,200000,True,,,,,200000,200000,True,,,,,200000,200000,True,,,,,200000,200000,True,,,,,0.08193277567625046,0.01886792480945587,0.051883529871702194,0.06159168854355812,0.3878030061906314,0.03044304981658852,0.6311869546356266,0.35883314074262534
ntk_N100_a2_wd0.001_s1,2.0,100,0.001,1,100.0,23,0.9,43,25.0,200000,ok,200000,200000,True,,,,,200000,200000,True,,,,,200000,200000,True,,,,,200000,200000,True,,,,,0.07983193546533585,0.0,0.05195491760969162,0.06210487335920334,0.3406489486338124,0.04263425064721804,0.6810216107108699,0.342972999511041
ntk_N100_a2_wd0.001_s2,2.0,100,0.001,2,100.0,23,0.9,44,25.0,200000,ok,200000,200000,True,,,,,200000,200000,True,,,,,200000,200000,True,,,,,200000,200000,True,,,,,0.06932773441076279,0.01886792480945587,0.05211854726076126,0.06066012755036354,0.30723191726494786,0.035016491332071964,0.7081270959312937,0.3709975109010382
ntk_N100_a2_wd0.001_s3,2.0,100,0.001,3,100.0,23,0.9,45,25.0,200000,ok,200000,200000,True,,,,,200000,200000,True,,,,,200000,200000,True,,,,,200000,200000,True,,,,,0.07352941483259201,0.03773584961891174,0.052157774567604065,0.06344474107027054,0.37256288689934425,0.030504273225280487,0.6452959407025889,0.3750806732552315
ntk_N100_a2_wd0.001_s4,2.0,100,0.001,4,100.0,23,0.9,46,25.0,200000,ok,200000,200000,True,,,,,200000,200000,True,,,,,200000,200000,True,,,,,200000,200000,True,,,,,0.07352941483259201,0.056603774428367615,0.052081309258937836,0.06164529547095299,0.32678371783921,0.044566785018998134,0.6945124635078151,0.3867722117169079
ntk_N100_a2_wd0.003_s0,2.0,100,0.003,0,100.0,23,0.9,42,25.0,200000,ok,200000,200000,True,,,,,200000,200000,True,,,,,200000,200000,True,,,,,200000,200000,True,,,,,0.04411764815449715,0.01886792480945587,0.08174286782741547,0.08502469956874847,0.209322312265955,0.06498434948569154,0.807698306591851,0.3365655782905952
ntk_N100_a2_wd0.003_s1,2.0,100,0.003,1,100.0,23,0.9,43,25.0,200000,ok,200000,200000,True,,,,,200000,200000,True,,,,,200000,200000,True,,,,,200000,200000,True,,,,,0.03781512752175331,0.01886792480945587,0.08198970556259155,0.08359040319919586,0.17691381187407154,0.07920268943822972,0.8399374812937344,0.31951721808823463
ntk_N100_a2_wd0.003_s2,2.0,100,0.003,2,100.0,23,0.9,44,25.0,200000,ok,200000,200000,True,,,,,200000,200000,True,,,,,200000,200000,True,,,,,200000,200000,True,,,,,0.052521008998155594,0.056603774428367615,0.08191029727458954,0.08124677836894989,0.14533221305037405,0.06306604005523864,0.8653254187809772,0.3423598097183763
ntk_N100_a2_wd0.003_s3,2.0,100,0.003,3,100.0,23,0.9,45,25.0,200000,ok,200000,200000,True,,,,,200000,200000,True,,,,,200000,200000,True,,,,,200000,200000,True,,,,,0.054621849209070206,0.056603774428367615,0.08274257928133011,0.08836422115564346,0.18528106225414467,0.07346076765348863,0.83125731614911,0.34819761549991135
ntk_N100_a2_wd0.003_s4,2.0,100,0.003,4,100.0,23,0.9,46,25.0,200000,ok,200000,200000,True,,,,,200000,200000,True,,,,,200000,200000,True,,,,,200000,200000,True,,,,,0.0357142873108387,0.1320754736661911,0.08050969988107681,0.07983411848545074,0.13678775560891385,0.1334632897243483,0.8841084020536439,0.29550104305873137
ntk_N200_a0.5_wd0_s0,0.5,200,0.0,0,100.0,23,0.9,42,400.0,200000,ok,710,640,False,1.1708848139050028,0.004809263253873652,0.20115617376409747,0.3990289270412446,6000,5520,False,3.3444091435648993,0.05138439592061339,2.416599908867337,0.39190488267618,10000,9218,False,3.6163105865699174,0.0531401551705204,2.688758765086237,0.38858153771891696,77000,76000,False,4.396841460243719,0.05468734524258945,3.466905692380057,0.37815434929521047,1.0,0.9245283007621765,5.747255727328593e-06,0.030973445624113083,4.607557656207167,0.05352806513011288,3.675287680642614,0.37602225476571793
ntk_N200_a0.5_wd0_s1,0.5,200,0.0,1,100.0,23,0.9,43,400.0,200000,ok,425,383,False,1.0810812430753616,0.001888562839845065,0.10323539946983962,0.3780445229214405,7508,7000,False,3.3597930306637958,0.05702151806679312,2.4396278703045646,0.364138465840631,20000,19000,False,3.8091442524955665,0.060857998721337014,2.890488751651596,0.3597821903134629,200000,200000,True,,,,,1.0,0.8679245114326477,5.527150278794579e-06,0.034944914281368256,4.48888269136852,0.05580912251099812,3.559963994516099,0.36301107296093776
ntk_N200_a0.5_wd0_s2,0.5,200,0.0,2,100.0,23,0.9,44,400.0,200000,ok,522,471,False,1.126232997052436,0.0024047307957192343,0.14612099057689923,0.40662669866696205,6776,6116,False,3.3885571946350543,0.04843784893610059,2.456313154924066,0.39592232326921456,9000,8319,False,3.5258204933400243,0.049755277488558236,2.5943449112672736,0.39444837508329345,27000,26000,False,3.9249852739626765,0.04999384878568858,2.991318955484955,0.3877406632448058,1.0,0.9433962106704712,5.1393021749390755e-06,0.030791113153100014,4.430526184558795,0.047127912952225404,3.4908613274749842,0.38494437200339127
ntk_N200_a0.5_wd0_s3,0.5,200,0.0,3,100.0,23,0.9,45,400.0,200000,ok,522,471,False,1.1343584122747041,0.0018937802353620192,0.14949459532352508,0.39986993025311174,4496,4058,False,3.1806285412387707,0.04119039520874279,2.2399025711215192,0.3862262506286715,4981,4496,False,3.264877938727197,0.04215857662779221,2.3248564022007026,0.3859830922346462,9000,8319,False,3.570307788898196,0.044981395314931394,2.6320480584076638,0.38434024954637014,1.0,0.9622641801834106,4.714486749435309e-06,0.02599412575364113,4.377538019248137,0.04311282942838013,3.4329607005246676,0.3780917638638935
ntk_N200_a0.5_wd0_s4,0.5,200,0.0,4,100.0,23,0.9,46,400.0,200000,ok,640,578,False,1.1410546382824802,0.0033733596533465082,0.1661167852418698,0.43229358969359605,9000,8319,False,3.62175388355891,0.04986008763436178,2.689750054931667,0.4106820442300503,13894,13000,False,3.813091770629057,0.05039579232239133,2.8805924515520425,0.40933476913683925,200000,200000,True,,,,,1.0,0.9056603908538818,5.138394953974057e-06,0.032007426023483276,4.572054472266084,0.04786681116002467,3.6328050441650097,0.4045402781061436
ntk_N200_a0.5_wd3e-06_s0,0.5,200,3e-06,0,100.0,23,0.9,42,400.0,200000,ok,710,640,False,1.167104317199086,0.004794518001807302,0.1977757774454929,0.39901084251190544,6116,6000,False,3.3226307821811716,0.051596124046019876,2.3953044671457966,0.392505928115087,11000,10214,False,3.6126112857719246,0.054037837331265104,2.686293567826513,0.3898007515791541,16000,15395,False,3.7535607021568707,0.05507872187932272,2.827645520995365,0.3875280440055801,1.0,1.0,1.30168173200218e-05,0.019848890602588654,3.7102603073462483,0.052198928752339446,2.7808009926005446,0.39679748238306783
ntk_N200_a0.5_wd3e-06_s1,0.5,200,3e-06,1,100.0,23,0.9,43,400.0,200000,ok,425,383,False,1.0788262695854556,0.0018896866718576266,0.10144391565061778,0.37804866852292357,6776,6116,False,3.245549282988498,0.05634167922103206,2.3255560572745897,0.36669566220293487,10214,10000,False,3.4305134971938487,0.058674933216476766,2.51196460180744,0.36432453646490365,53000,52714,False,3.7303366776950644,0.06082473840794933,2.812211208063094,0.365491138189171,1.0,1.0,1.4320013178803492e-05,0.0243802722543478,3.5275161245041082,0.05448182572564608,2.6024428518427727,0.3734910018753413
ntk_N200_a0.5_wd3e-06_s2,0.5,200,3e-06,2,100.0,23,0.9,44,400.0,200000,ok,522,471,False,1.1233591447414317,0.002402846837754158,0.14358272364231622,0.4066382417454408,6000,5520,False,3.274830783985484,0.0478622646861151,2.3427199430018764,0.39652224964279736,7508,7000,False,3.3829983441209497,0.0492547586991976,2.4519254968946576,0.39617383032761544,25710,25000,False,3.7156487025525853,0.051081710399212166,2.7846635806886146,0.394184309070688,1.0,1.0,1.25087517517386e-05,0.019398683682084084,3.501463581611092,0.04962786233354466,2.569992287014656,0.40490049707440273
ntk_N200_a0.5_wd3e-06_s3,0.5,200,3e-06,3,100.0,23,0.9,45,400.0,200000,ok,522,471,False,1.1316862762162263,0.0018934198607081232,0.1470604973698018,0.39986341118340385,4496,4058,False,3.145415295740151,0.04122608015919316,2.2050290423094356,0.3866773045376337,4981,4496,False,3.2262759802903904,0.042234560605184046,2.286662510571944,0.3865104115088077,9000,8319,False,3.508378386578951,0.044968842149717525,2.5705053117999035,0.3846888048022629,1.0,1.0,1.2035916370223276e-05,0.017089098691940308,3.559391545339324,0.04170470007560245,2.6167483249358234,0.389355034877722
ntk_N200_a0.5_wd3e-06_s4,0.5,200,3e-06,4,100.0,23,0.9,46,400.0,200000,ok,640,578,False,1.1376025569853336,0.0033747698855317587,0.16313416990605456,0.4323079636425073,7000,6776,False,3.434347068477441,0.04929695676304813,2.5029285582478735,0.41236307933165295,15000,14000,False,3.7233604310703807,0.05078972746354138,2.7919364177224826,0.4104994472044133,40000,39000,False,3.879431050204739,0.05041448356815281,2.9465712614413087,0.4076194027743567,1.0,0.9811320900917053,1.284804875467671e-05,0.02102847397327423,3.6521476155563817,0.04735398789063161,2.716574034077686,0.4111935247295333
ntk_N200_a0.5_wd1e-05_s0,0.5,200,1e-05,0,100.0,23,0.9,42,400.0,200000,ok,710,640,False,1.1582111514080669,0.00479982245085353,0.19012938806134402,0.39904899251808285,5520,5000,False,3.175407766284731,0.051213924571882674,2.248921772153686,0.39497504915298226,7508,7000,False,3.3218234186714195,0.0526316637518347,2.395940352746705,0.39444869446953323,13894,13000,False,3.4950240985327214,0.055180628491167893,2.5711593698090063,0.39217810950250037,1.0,1.0,3.750606265384704e-05,0.008365283720195293,2.8720818618913486,0.04561325820210971,1.9407989387648246,0.4197655949035449
ntk_N200_a0.5_wd1e-05_s1,0.5,200,1e-05,1,100.0,23,0.9,43,400.0,200000,ok,425,383,False,1.0736272988650213,0.0018925897497169553,0.0973902006356668,0.378056322603174,6776,6116,False,3.1345022336497466,0.0570269852564127,2.2166646590733636,0.36751062104272253,9000,8319,False,3.2343282800884716,0.05885265584839383,2.3179561000029003,0.3657259891675862,13894,13000,False,3.3265163099082624,0.06070134853118536,2.4117475390500522,0.3658852225818412,1.0,1.0,3.561336052371189e-05,0.01055180188268423,2.7819122281465476,0.05247847948043649,1.8620398052621006,0.3953189963039366
ntk_N200_a0.5_wd1e-05_s2,0.5,200,1e-05,2,100.0,23,0.9,44,400.0,200000,ok,522,471,False,1.1171740746066634,0.0024209300309311343,0.13834364565788299,0.40668817208752445,6000,5520,False,3.177898262405056,0.047797133975046924,2.246559525007394,0.39831688747168525,6776,6116,False,3.2239750566743743,0.04837403576318178,2.2930282209541453,0.39850241643453316,7508,7000,False,3.259447502145766,0.048781032882817765,2.328755342777924,0.39862662878450594,1.0,1.0,3.407953408895992e-05,0.007512782700359821,2.705395342602912,0.04620314626888611,1.777180021278259,0.43695647565888196
ntk_N200_a0.5_wd1e-05_s3,0.5,200,1e-05,3,100.0,23,0.9,45,400.0,200000,ok,522,471,False,1.1253000675843945,0.0018965280408977936,0.14130970667951218,0.3999208004928929,4496,4058,False,3.0755421203557964,0.0411311458780127,2.135620808239068,0.38760206029906474,4981,4496,False,3.14999197869408,0.042083570405225146,2.2107897518469324,0.3874189308496459,8000,7508,False,3.343657914678119,0.04421319971423043,2.4059094021489775,0.3864678205396028,1.0,1.0,3.366150849615224e-05,0.007385259959846735,2.7568749357139204,0.03629530028558625,1.8129348435679857,0.41417036081781994
ntk_N200_a0.5_wd1e-05_s4,0.5,200,1e-05,4,100.0,23,0.9,46,400.0,200000,ok,640,578,False,1.1297222000216816,0.0033992922441352658,0.15655146439298329,0.43233399088522023,6116,6000,False,3.2491202950605396,0.048697695578593714,2.3184027785756696,0.41507216078866943,11000,10214,False,3.4405344329687164,0.05077701292667991,2.5110970593071498,0.41367985506719523,18900,18000,False,3.479904681280664,0.05144671681951396,2.5510755711329383,0.4141671670436774,1.0,1.0,3.4384858736302704e-05,0.007945449091494083,2.782499048776565,0.04568561622213896,1.852442502819212,0.43712320525862336
ntk_N200_a0.5_wd3e-05_s0,0.5,200,3e-05,0,100.0,23,0.9,42,400.0,200000,ok,710,640,False,1.1328673887634348,0.004810037484551777,0.16897340680346815,0.39921336237019867,4981,4496,False,2.9264528414035973,0.05107447821689204,2.002537054327348,0.39815667151845663,6000,5520,False,3.007042360731031,0.0523411677659299,2.0839873452430924,0.39949028692216343,6776,6116,False,3.0409622867403927,0.052963579107567105,2.118406842221385,0.4003350509004656,1.0,1.0,9.813690121518448e-05,0.002305482979863882,2.0945412992031223,0.0423794986188063,1.1728392370032998,0.45933991394086915
ntk_N200_a0.5_wd3e-05_s1,0.5,200,3e-05,1,100.0,23,0.9,43,400.0,200000,ok,425,383,False,1.0590518003418925,0.0018992859260874573,0.08666025318675674,0.37808929290667026,5520,5000,False,2.8129188779816365,0.05583455440292384,1.8975750320842522,0.3711430853871242,6776,6116,False,2.8763507875450944,0.05802132526023884,1.9632808375610686,0.3708959122173699,8000,7508,False,2.8972141525983397,0.05918625238686781,1.9855407416944177,0.371026657993464,1.0,1.0,9.595905430614948e-05,0.0027427137829363346,1.896307013377277,0.045800527665997626,0.9884685052585721,0.43152898143649887
ntk_N200_a0.5_wd3e-05_s2,0.5,200,3e-05,2,100.0,23,0.9,44,400.0,200000,ok,522,471,False,1.0990927669226018,0.0024284317031397773,0.12311587995116584,0.40681750566333597,4496,4058,False,2.838521444385805,0.04648180442621852,1.9089369551511137,0.40235265935468323,5520,5000,False,2.9274063061882587,0.04853001311761651,1.9997572857759733,0.4031441677279409,6776,6116,False,2.9720443339416196,0.04968667207284516,2.0455563642794776,0.4044542211711262,1.0,1.0,9.558834426570684e-05,0.0025600821245461702,2.0629732313129328,0.04496584501747325,1.146925786472989,0.4687579299176786
ntk_N200_a0.5_wd3e-05_s3,0.5,200,3e-05,3,100.0,23,0.9,45,400.0,200000,ok,522,471,False,1.1075188276938712,0.001902811139836924,0.1255989515660653,0.3999610649098757,4000,3662,False,2.8146455119233145,0.03968963211947196,1.8751967426841762,0.38999821715571426,4496,4058,False,2.9021866084416157,0.040884895020045,1.963574567711664,0.39038126728391004,5520,5000,False,2.9945038960964183,0.042530607467421544,2.0573677189731727,0.3910215676301477,1.0,1.0,9.467321069678292e-05,0.0024247097317129374,2.034079944733027,0.03486238137177278,1.1005212736003678,0.4495156381189232
ntk_N200_a0.5_wd3e-05_s4,0.5,200,3e-05,4,100.0,23,0.9,46,400.0,200000,ok,640,578,False,1.1071432701585804,0.003424138798832632,0.13806413290463224,0.43254004707055693,5520,5000,False,2.9741381313543247,0.04853104750176085,2.0459465876523404,0.4189666180030447,7508,7000,False,3.0413750891833966,0.0498600885639483,2.1143553905018573,0.41795678630402855,9000,8319,False,3.0468592725975934,0.05060387623905083,2.12084857095348,0.4181646992745857,1.0,1.0,9.428623889107257e-05,0.0021730719599872828,2.039793354106097,0.04196315130181483,1.1190900471046943,0.4664081534387226
ntk_N200_a0.5_wd0.0001_s0,0.5,200,0.0001,0,100.0,23,0.9,42,400.0,200000,ok,710,640,False,1.0509169966591165,0.0048975736692092875,0.11351840102604098,0.3997865613550807,4000,3662,False,2.3208685267901252,0.04865018077494643,1.403750338141068,0.40778189261613457,4058,4000,False,2.3292140673620962,0.04887705777937579,1.4122677855050265,0.4083573530890142,4981,4496,False,2.4098223154715805,0.05108814823445407,1.49459883599067,0.41509544197038784,1.0,1.0,0.0004000872722826898,0.0022192911710590124,1.643742872213808,0.046293702605194276,0.7527248985502144,0.47833156542384725
ntk_N200_a0.5_wd0.0001_s1,0.5,200,0.0001,1,100.0,23,0.9,43,400.0,200000,ok,522,471,False,1.0159952977954776,0.002587978269670832,0.0742603329990591,0.3778759840570443,4000,3662,False,2.1493741634233485,0.05409424365346882,1.246434317139298,0.37846977595667114,4496,4058,False,2.201791450088269,0.056403274690366434,1.3010300478642767,0.3791561541617308,4981,4496,False,2.2302072439660243,0.05839478965108236,1.3318689233126186,0.3795750980412808,1.0,1.0,0.0004024800145998597,0.0025276995729655027,1.488353585077003,0.05586366196948345,0.6362224353110972,0.4510360878130622
ntk_N200_a0.5_wd0.0001_s2,0.5,200,0.0001,2,100.0,23,0.9,44,400.0,200000,ok,578,522,False,1.0460205012679737,0.002781280856211543,0.08908670006077442,0.40681577749140907,4000,3662,False,2.291828713373865,0.04696140457413622,1.3726166309439503,0.41024906030070457,4000,3662,False,2.291828713373865,0.04696140457413622,1.3726166309439503,0.41024906030070457,4496,4058,False,2.341780098072531,0.04859466907036669,1.4240680775111636,0.4126425480961488,1.0,1.0,0.000397552183130756,0.0021503677126020193,1.5951451905701617,0.04209298016387597,0.6989181837591136,0.4853094452021932
ntk_N200_a0.5_wd0.0001_s3,0.5,200,0.0001,3,100.0,23,0.9,45,400.0,200000,ok,522,471,False,1.0493076783867572,0.0019654839427368787,0.08096938886771561,0.39995392834508564,3662,3305,False,2.3025914456976846,0.03876975981854236,1.3694109350463957,0.395747214284618,3662,3305,False,2.3025914456976846,0.03876975981854236,1.3694109350463957,0.395747214284618,4000,3662,False,2.3590415269422733,0.039964091181271755,1.4267262432996184,0.3976625884145501,1.0,1.0,0.0003947003569919616,0.002157609211280942,1.5786855233720447,0.03680143727510965,0.671619481173214,0.4712103342569538
ntk_N200_a0.5_wd0.0001_s4,0.5,200,0.0001,4,100.0,23,0.9,46,400.0,200000,ok,640,578,False,1.0330289711626763,0.003491488422006417,0.0911291957656186,0.4328635667679666,4496,4058,False,2.368472158163513,0.047995482859387595,1.4491611288634718,0.42509498541239554,4981,4496,False,2.4021949762664394,0.04908720532636679,1.4839086318014179,0.4259493723953682,5520,5000,False,2.414829777881866,0.04984887757787548,1.4974967139594442,0.4274668211457249,1.0,1.0,0.00039331792504526675,0.002068411326035857,1.5914129450075523,0.04241085034075609,0.6962439400128527,0.4889483880356948
ntk_N200_a0.5_wd0.0003_s0,0.5,200,0.0003,0,100.0,23,0.9,42,400.0,200000,ok,786,710,False,0.8506152510148612,0.005775887300251803,0.17928167469328232,0.40048410473435747,3662,3305,False,1.4735988736250711,0.04744543254855649,0.6034293372246256,0.4178800907632551,3662,3305,False,1.4735988736250711,0.04744543254855649,0.6034293372246256,0.4178800907632551,4000,3662,False,1.5319425742361943,0.04904669566526032,0.6582069163382174,0.4245947581515589,1.0,1.0,0.0017949865432456136,0.004624742083251476,1.2951915635952618,0.04441375258353242,0.4496517480511024,0.4897580457793902
ntk_N200_a0.5_wd0.0003_s1,0.5,200,0.0003,1,100.0,23,0.9,43,400.0,200000,ok,710,640,False,0.8406031549009879,0.004103747375834743,0.1797403688924812,0.3785587872324389,3662,3305,False,1.3418272412315466,0.05603988807392801,0.5169502487418853,0.3862118394713463,3662,3305,False,1.3418272412315466,0.05603988807392801,0.5169502487418853,0.3862118394713463,3662,3305,False,1.3418272412315466,0.05603988807392801,0.5169502487418853,0.3862118394713463,1.0,1.0,0.0018281167140230536,0.005312154535204172,1.222236840190782,0.05438962379675516,0.4270166472106283,0.45771789636385635
ntk_N200_a0.5_wd0.0003_s2,0.5,200,0.0003,2,100.0,23,0.9,44,400.0,200000,ok,710,640,False,0.8679550162726293,0.0039047569303862772,0.1556090757561058,0.407869234362549,3305,3000,False,1.358574365073833,0.04384546201890105,0.4977049494786015,0.42591374868773,3662,3305,False,1.4388547231401414,0.046447825514053576,0.5711889479527599,0.43048971434607475,4000,3662,False,1.4972530122665668,0.04843845772785771,0.6263463991221935,0.4344097106089398,1.0,1.0,0.001800099853426218,0.004812451545149088,1.3101927421782593,0.042078371486832356,0.45440190487004434,0.4836174613196738
ntk_N200_a0.5_wd0.0003_s3,0.5,200,0.0003,3,100.0,23,0.9,45,400.0,200000,ok,871,786,False,0.8759869702827352,0.0045840627729141215,0.15300454261137894,0.40107596310080296,3305,3000,False,1.4371402642364601,0.03569120366485257,0.5419207897362583,0.40515377648226747,3305,3000,False,1.4371402642364601,0.03569120366485257,0.5419207897362583,0.40515377648226747,3662,3305,False,1.51156870850416,0.037938394700885,0.6135108182274296,0.41015683507863016,1.0,1.0,0.0018069692887365818,0.005067523568868637,1.252239596218856,0.03711138090903676,0.39568863414301464,0.48488367414798444
ntk_N200_a0.5_wd0.0003_s4,0.5,200,0.0003,4,100.0,23,0.9,46,400.0,200000,ok,871,786,False,0.833512385130207,0.006282214528251728,0.1954244947178278,0.4340684721534793,3662,3305,False,1.4372145587302476,0.046383568894386995,0.5696339626176148,0.44011384703647366,3662,3305,False,1.4372145587302476,0.046383568894386995,0.5696339626176148,0.44011384703647366,4000,3662,False,1.503369060651269,0.04749020032920748,0.6294211681688686,0.4429589157875122,1.0,1.0,0.0017899010563269258,0.0048028030432760715,1.3040111427679624,0.04348997088623896,0.45370209190139454,0.49509083367790874
ntk_N200_a0.5_wd0.001_s0,0.5,200,0.001,0,100.0,23,0.9,42,400.0,200000,ok,4496,4058,False,0.4811009496142769,0.03587390707694582,0.5511571155427382,0.41912143790875067,5520,5000,False,0.5605860081881406,0.03988814336819102,0.4876536950845899,0.42871321658715594,6000,5520,False,0.5933494235024777,0.04099139833223797,0.46261121528099075,0.43202992659869904,6000,5520,False,0.5933494235024777,0.04099139833223797,0.46261121528099075,0.43202992659869904,1.0,1.0,0.01516383420675993,0.02300647832453251,0.6875621057833327,0.03818488149182464,0.3874614726624538,0.4555057040692211
ntk_N200_a0.5_wd0.001_s1,0.5,200,0.001,1,100.0,23,0.9,43,400.0,200000,ok,4496,4058,False,0.4370624038515221,0.03833840064972316,0.5919554748906444,0.3897403064393253,5520,5000,False,0.5088960102976817,0.04443642775654033,0.535173028371109,0.3997638727519431,6000,5520,False,0.539639685837324,0.04587417837940899,0.5113146519251889,0.4049011342682591,6116,6000,False,0.5459507347527207,0.04629778725972322,0.5066688832120403,0.4062199806844091,1.0,1.0,0.01518673449754715,0.023961106315255165,0.6324379399824249,0.046890753662751194,0.44092272709143826,0.44574015107136156
ntk_N200_a0.5_wd0.001_s2,0.5,200,0.001,2,100.0,23,0.9,44,400.0,200000,ok,4058,4000,False,0.4658130508579231,0.027995256656023648,0.5580652367409259,0.44387412871972026,5520,5000,False,0.5724077262612499,0.03418394077507847,0.4711363456458204,0.4582176561472775,5520,5000,False,0.5724077262612499,0.03418394077507847,0.4711363456458204,0.4582176561472775,5520,5000,False,0.5724077262612499,0.03418394077507847,0.4711363456458204,0.4582176561472775,1.0,1.0,0.015178842470049858,0.02343609742820263,0.6866613244131883,0.031110158465344706,0.3753736949328396,0.4715281487441132
ntk_N200_a0.5_wd0.001_s3,0.5,200,0.001,3,100.0,23,0.9,45,400.0,200000,ok,4000,3662,False,0.496593741714086,0.02184787093908136,0.5245158651915821,0.411937579002837,5520,5000,False,0.596881168994491,0.03087492521583657,0.44649984862499126,0.4228302680692099,6000,5520,False,0.6213506332012004,0.032960513472909736,0.4293430036825921,0.4276564688487561,6776,6116,False,0.6521184162874596,0.0345896261741645,0.4075961981761952,0.433720447008116,1.0,1.0,0.015079602599143982,0.02350420318543911,0.6775717895251621,0.030308908754087982,0.38083181851853043,0.46050133689590544
ntk_N200_a0.5_wd0.001_s4,0.5,200,0.001,4,100.0,23,0.9,46,400.0,200000,ok,4000,3662,False,0.4026372079960252,0.03836388211339392,0.6226843165158693,0.44178645797988497,5520,5000,False,0.5247436343477155,0.04455877913086426,0.5221422071614894,0.4479071854045238,6776,6116,False,0.5983975736542173,0.046410255675951806,0.4656480190284747,0.45583476325091743,7000,6776,False,0.6075887057707992,0.04670230597712355,0.4590623172608937,0.45674379736163473,1.0,1.0,0.01513400673866272,0.023308685049414635,0.6660002264467624,0.03838811214081905,0.40334703605073474,0.4857219339759066
ntk_N200_a0.5_wd0.003_s0,0.5,200,0.003,0,100.0,23,0.9,42,400.0,200000,ok,200000,200000,True,,,,,200000,200000,True,,,,,200000,200000,True,,,,,200000,200000,True,,,,,0.05672268941998482,0.01886792480945587,0.04488665238022804,0.044915445148944855,0.2522740181246868,0.03950869711060878,0.7609390116910357,0.35508922825748146
ntk_N200_a0.5_wd0.003_s1,0.5,200,0.003,1,100.0,23,0.9,43,400.0,200000,ok,200000,200000,True,,,,,200000,200000,True,,,,,200000,200000,True,,,,,200000,200000,True,,,,,0.05042016878724098,0.0,0.044611137360334396,0.045202407985925674,0.2799270262942246,0.06660073176164472,0.7455144378505297,0.3293571599068883
ntk_N200_a0.5_wd0.003_s2,0.5,200,0.003,2,100.0,23,0.9,44,400.0,200000,ok,200000,200000,True,,,,,200000,200000,True,,,,,200000,200000,True,,,,,200000,200000,True,,,,,0.03781512752175331,0.01886792480945587,0.044636182487010956,0.04476282000541687,0.4055025967302953,0.09740790612809469,0.6575906631396374,0.3585537086520697
ntk_N200_a0.5_wd0.003_s3,0.5,200,0.003,3,100.0,23,0.9,45,400.0,200000,ok,200000,200000,True,,,,,200000,200000,True,,,,,200000,200000,True,,,,,200000,200000,True,,,,,0.03991596773266792,0.01886792480945587,0.044806964695453644,0.04633428901433945,0.4200895477645798,0.07158018815348055,0.6296318847965754,0.35091343701962924
ntk_N200_a0.5_wd0.003_s4,0.5,200,0.003,4,100.0,23,0.9,46,400.0,200000,ok,200000,200000,True,,,,,200000,200000,True,,,,,200000,200000,True,,,,,200000,200000,True,,,,,0.042016807943582535,0.056603774428367615,0.04456840455532074,0.04475816711783409,0.2810319806865814,0.0820209313479956,0.750343936061611,0.37235333458497455
ntk_N200_a1_wd0_s0,1.0,200,0.0,0,100.0,23,0.9,42,100.0,200000,ok,710,640,False,1.0434631418116764,0.0013450157142742558,0.06852731821797316,0.39849858258106413,200000,200000,True,,,,,200000,200000,True,,,,,200000,200000,True,,,,,1.0,0.24528302252292633,1.9454675566521473e-05,0.06694255769252777,2.9910068540894343,0.04338689022199749,2.055151883704546,0.37861691455148694
ntk_N200_a1_wd0_s1,1.0,200,0.0,1,100.0,23,0.9,43,100.0,200000,ok,522,471,False,1.0260222124755585,0.0008452918019483668,0.04910938679894169,0.376239009014871,200000,200000,True,,,,,200000,200000,True,,,,,200000,200000,True,,,,,1.0,0.3207547068595886,1.7516405932838097e-05,0.06190008297562599,2.8762092327591415,0.042667864584084225,1.9405165542216762,0.3605225418058067
ntk_N200_a1_wd0_s2,1.0,200,0.0,2,100.0,23,0.9,44,100.0,200000,ok,522,471,False,1.0314426763670232,0.0007265827062354901,0.04987483051965651,0.40585429412253765,200000,200000,True,,,,,200000,200000,True,,,,,200000,200000,True,,,,,1.0,0.30188679695129395,2.0944200514350086e-05,0.0607418455183506,2.8647426927632518,0.04091836234677004,1.9265789548522116,0.3847678211564894
ntk_N200_a1_wd0_s3,1.0,200,0.0,3,100.0,23,0.9,45,100.0,200000,ok,578,522,False,1.0368682311207817,0.0007749328480850526,0.05446350125394501,0.39779016327790284,200000,200000,True,,,,,200000,200000,True,,,,,200000,200000,True,,,,,1.0,0.43396225571632385,1.778275691322051e-05,0.05933995544910431,2.991024808375836,0.04146972640752433,2.0523775842985037,0.3778690206672278
ntk_N200_a1_wd0_s4,1.0,200,0.0,4,100.0,23,0.9,46,100.0,200000,ok,710,640,False,1.0297705324908224,0.001202073411547766,0.05798279192133195,0.431850283084728,200000,200000,True,,,,,200000,200000,True,,,,,200000,200000,True,,,,,1.0,0.3396226465702057,2.0081015463802032e-05,0.06194319203495979,2.9129808685276504,0.04242263867389695,1.9765243416289742,0.4042998456189839
ntk_N200_a1_wd3e-06_s0,1.0,200,3e-06,0,100.0,23,0.9,42,100.0,200000,ok,710,640,False,1.0399868647863373,0.00134693446492129,0.06633654843247046,0.39850755150981804,200000,200000,True,,,,,200000,200000,True,,,,,200000,200000,True,,,,,1.0,0.5849056839942932,4.7088582505239174e-05,0.045427966862916946,2.337761809637074,0.04324040715386068,1.4113037250281617,0.38940571734785967
ntk_N200_a1_wd3e-06_s1,1.0,200,3e-06,1,100.0,23,0.9,43,100.0,200000,ok,522,471,False,1.0234386482893703,0.0008481543809333303,0.047806256703062905,0.3762168438880913,200000,200000,True,,,,,200000,200000,True,,,,,200000,200000,True,,,,,1.0,0.6226415038108826,4.645607259590179e-05,0.045365218073129654,2.2344705921339774,0.03826737631452426,1.3018956551388714,0.3722465191773579
ntk_N200_a1_wd3e-06_s2,1.0,200,3e-06,2,100.0,23,0.9,44,100.0,200000,ok,522,471,False,1.0285576416208024,0.0007315454974096136,0.048170658268806156,0.4059284893933468,200000,200000,True,,,,,200000,200000,True,,,,,200000,200000,True,,,,,1.0,0.5849056839942932,4.8644815251464024e-05,0.0444912351667881,2.2404645941486288,0.0376271182028427,1.306658662988522,0.3954792751152244
ntk_N200_a1_wd3e-06_s3,1.0,200,3e-06,3,100.0,23,0.9,45,100.0,200000,ok,578,522,False,1.0339748992273885,0.000776804492985339,0.05254223512774207,0.39779723264338596,200000,200000,True,,,,,200000,200000,True,,,,,200000,200000,True,,,,,1.0,0.6792452931404114,5.036191942053847e-05,0.03901490569114685,2.306642261453999,0.03818978327230471,1.3724045815724149,0.3924582752120132
ntk_N200_a1_wd3e-06_s4,1.0,200,3e-06,4,100.0,23,0.9,46,100.0,200000,ok,710,640,False,1.026219716078985,0.0012041222709392452,0.05620375024211451,0.4318553376283771,200000,200000,True,,,,,200000,200000,True,,,,,200000,200000,True,,,,,1.0,0.6603773832321167,4.463394725462422e-05,0.04165938124060631,2.2876760412201644,0.036882362609591324,1.351613621455314,0.41351864781634057
ntk_N200_a1_wd1e-05_s0,1.0,200,1e-05,0,100.0,23,0.9,42,100.0,200000,ok,710,640,False,1.0317535217407787,0.0013511277580449121,0.06161450955993767,0.3985406680115065,52000,51000,False,2.023791032923383,0.04407662382916733,1.1074980050674308,0.39092879376726997,63000,62000,False,1.9950828736882265,0.043848589463689525,1.0794225610280732,0.39180046568689436,106000,105000,False,1.8831037929499188,0.04216800151058353,0.9688579649741895,0.39693436369780444,1.0,1.0,0.00013642797421198338,0.020952370017766953,1.757737361430849,0.036888711395667295,0.8389560425782713,0.4060979568392551
ntk_N200_a1_wd1e-05_s1,1.0,200,1e-05,1,100.0,23,0.9,43,100.0,200000,ok,522,471,False,1.0174577349885534,0.000861354768901923,0.04536029822772266,0.37623665848297677,64000,63000,False,1.8788658160734852,0.04380261570791799,0.9679894613470404,0.37422928208394923,85000,84000,False,1.8375775570118384,0.04130668810344573,0.9237665560284585,0.3770212628210825,109000,108081,False,1.7964874827518482,0.038630732411396584,0.8793131209265536,0.37948271230611663,1.0,1.0,0.0001314136025030166,0.021388640627264977,1.6833972889263524,0.033526914661315965,0.7615182788388853,0.3877995956352991
ntk_N200_a1_wd1e-05_s2,1.0,200,1e-05,2,100.0,23,0.9,44,100.0,200000,ok,578,522,False,1.026003119613556,0.0008183315237465516,0.048532294630698664,0.4058191895071091,54000,53000,False,1.9557394752703552,0.038039630547049064,1.030645020732736,0.40050185048497744,86000,85000,False,1.8514226169750612,0.03605421248934748,0.9265115442220179,0.40828430610759747,96000,95000,False,1.8262388487416765,0.03526244246743093,0.9008140317740675,0.4102352552579158,1.0,1.0,0.00012636098836082965,0.018417872488498688,1.6479559408215714,0.03094037084107326,0.7223736132525238,0.4287268777680058
ntk_N200_a1_wd1e-05_s3,1.0,200,1e-05,3,100.0,23,0.9,45,100.0,200000,ok,578,522,False,1.027378329075449,0.0007795862579808022,0.048491576146306746,0.3978045530128319,63000,62000,False,1.9143925826515262,0.036055032129433506,0.9869958294541208,0.39333817186486886,86000,85000,False,1.8424722530363258,0.03344918604385494,0.9126981382039787,0.3970039892983829,97545,97000,False,1.8140164724416823,0.03228786909389436,0.8830426208281964,0.39857774523457606,1.0,1.0,0.00012212820001877844,0.01771472580730915,1.6557664325706387,0.02698573890420708,0.7206897913511924,0.4078492543684998
ntk_N200_a1_wd1e-05_s4,1.0,200,1e-05,4,100.0,23,0.9,46,100.0,200000,ok,640,578,False,1.0129766010142678,0.0010717546297185354,0.04837062019192166,0.43244294613799833,45000,44000,False,1.9818786440938558,0.040261575391121296,1.060034331811034,0.4176973988069341,82000,81000,False,1.8745424388047844,0.03662072727436583,0.9497992904303572,0.42407260409343844,110000,109000,False,1.8041318495622831,0.03432054664165496,0.877761706878156,0.42933004247270534,1.0,1.0,0.0001194234355352819,0.017837950959801674,1.6768349926723154,0.028847148653181165,0.7448821543752289,0.43797072868179954
ntk_N200_a1_wd3e-05_s0,1.0,200,3e-05,0,100.0,23,0.9,42,100.0,200000,ok,710,640,False,1.0095939745285574,0.0013645295330125817,0.053359965671342234,0.39856725685039496,18900,18000,False,1.656726339365843,0.04449701041321885,0.7607418899772066,0.40217723218919693,22000,21000,False,1.6355894391355568,0.04426393166235454,0.740789560849626,0.40450337908244427,25000,24000,False,1.6132421800052932,0.043864069228441105,0.7194391598110514,0.40642514315903505,1.0,1.0,0.0003591290151234716,0.006921436637639999,1.2392065072016711,0.02831443917394849,0.3569238401001941,0.43926992320487096
ntk_N200_a1_wd3e-05_s1,1.0,200,3e-05,1,100.0,23,0.9,43,100.0,200000,ok,425,383,False,0.9990996425195549,0.0007423126509547018,0.038524008773825155,0.3762369975042161,20941,20000,False,1.5310809628844513,0.0455410444290234,0.6492311155887256,0.37808752775484955,25000,24000,False,1.5042977096569923,0.04545131331415275,0.6253485372206868,0.3803394870236079,27000,26000,False,1.4899094608805372,0.045321335621567704,0.6124219569095237,0.38173031298344917,1.0,1.0,0.00035992421908304095,0.007576916832476854,1.1264280292327786,0.031666243758200596,0.29550555946579765,0.4171383559455552
ntk_N200_a1_wd3e-05_s2,1.0,200,3e-05,2,100.0,23,0.9,44,100.0,200000,ok,578,522,False,1.0068620792586405,0.0008298018599102175,0.04144973080534281,0.40591514292041003,17000,16000,False,1.6298937742243713,0.0379314217581318,0.721397631787587,0.40647408985107975,18900,18000,False,1.6142123051914616,0.03805384090658448,0.7071850623076127,0.40827686080305764,27000,26000,False,1.5464881024926456,0.03790755359449405,0.6449003081275325,0.41617378696234064,1.0,1.0,0.00035172782372683287,0.0065007563680410385,1.1885522117013319,0.02970191698049318,0.3258166582225843,0.44910967059201345
ntk_N200_a1_wd3e-05_s3,1.0,200,3e-05,3,100.0,23,0.9,45,100.0,200000,ok,578,522,False,1.008686410030143,0.0007830143843040593,0.04068274395641465,0.39781237722590296,16000,15395,False,1.6557527199322462,0.037771650176271265,0.7450454044754053,0.3952449914492335,18900,18000,False,1.631404352920055,0.037720674367729745,0.7223204286212472,0.39778124232507306,25000,24000,False,1.5745601166708243,0.03688771650782208,0.6680442964993751,0.40051638427911346,1.0,1.0,0.00035554394708015025,0.0068936655297875404,1.225735763474203,0.024148301506409342,0.3318968340891629,0.4381158187967837
ntk_N200_a1_wd3e-05_s4,1.0,200,3e-05,4,100.0,23,0.9,46,100.0,200000,ok,640,578,False,0.9931649529170468,0.0010899935820527507,0.047029827958695015,0.4321263183628698,18900,18000,False,1.6020415449073435,0.04059817901537466,0.7018076379285515,0.42580714768353556,22000,21000,False,1.5754230494671826,0.039929919980294826,0.675962068801782,0.4287921784060079,28000,27000,False,1.5161466083200887,0.03900913882179957,0.6202374289871971,0.43359749137510023,1.0,1.0,0.0003466760681476444,0.006391852628439665,1.1538475438412428,0.029309401910729393,0.30216920683333226,0.4613175579070914
ntk_N200_a1_wd0.0001_s0,1.0,200,0.0001,0,100.0,23,0.9,42,100.0,200000,ok,871,786,False,0.9256277425714633,0.0018951404198636057,0.09507692555191988,0.3985018277758519,10000,9218,False,1.1636143860366754,0.04020923259201492,0.34690885014551737,0.4090694572088202,10000,9218,False,1.1636143860366754,0.04020923259201492,0.34690885014551737,0.4090694572088202,11000,10214,False,1.157878358247638,0.0403782657057995,0.3441392392791116,0.4141391776064587,1.0,1.0,0.001498687663115561,0.006178129930049181,0.8833165175442179,0.03471902516283887,0.2737714592077605,0.46387462361710025
ntk_N200_a1_wd0.0001_s1,1.0,200,0.0001,1,100.0,23,0.9,43,100.0,200000,ok,471,425,False,0.9469056627314943,0.0007841037046667498,0.06560452062333148,0.3762456198755612,10000,9218,False,1.0722958734586567,0.04385192351492295,0.31507327175706795,0.3819512695156167,11000,10214,False,1.0642903220159656,0.045102398728048,0.31644484264536543,0.38434216424286893,11317,11000,False,1.06084230010421,0.045365708566990515,0.31615425147560106,0.3851040289693396,1.0,1.0,0.0015161341289058328,0.007243448402732611,0.8175655350901867,0.03727700710390325,0.3069774039010961,0.4320859816043546
ntk_N200_a1_wd0.0001_s2,1.0,200,0.0001,2,100.0,23,0.9,44,100.0,200000,ok,965,871,False,0.9235105417135662,0.001879281762712015,0.09654900448156338,0.40563090142263464,9000,8319,False,1.1325053681774635,0.03483207642945674,0.3105683494467841,0.4160892234771313,10000,9218,False,1.1269455370795949,0.03580242689065605,0.31114295715396406,0.41963785519414143,10214,10000,False,1.1251262267487163,0.03593885781217099,0.31068967731179004,0.4203856630628193,1.0,1.0,0.001499711535871029,0.006415000185370445,0.8819792002891151,0.03232360212647056,0.2663576517998547,0.4715974360372279
ntk_N200_a1_wd0.0001_s3,1.0,200,0.0001,3,100.0,23,0.9,45,100.0,200000,ok,786,710,False,0.9366061754570575,0.0012012532541276766,0.07917688692029452,0.3981961733572167,9000,8319,False,1.1561926619284897,0.03276263896628262,0.31647431674112886,0.4001898275517986,9218,9000,False,1.155458396702199,0.03293669131940702,0.31667217464503084,0.40080773606792996,10000,9218,False,1.1494363385478017,0.033320333281779746,0.3145320699893346,0.4035984131052862,1.0,1.0,0.0014921237016096711,0.006649760529398918,0.8509843850793377,0.027756519735950613,0.2635268169448107,0.45508701065670876
ntk_N200_a1_wd0.0001_s4,1.0,200,0.0001,4,100.0,23,0.9,46,100.0,200000,ok,965,871,False,0.9038287267619047,0.0020918352962125963,0.11415005677168849,0.4316066127768716,10000,9218,False,1.0937378590473192,0.038777435437405194,0.30595993961314844,0.43777279335866964,10214,10000,False,1.0927717054139447,0.03895625673641834,0.30618161203150407,0.43840296684821395,11317,11000,False,1.0844017862909,0.039715010769627024,0.3053812678790018,0.4420746848218862,1.0,1.0,0.0014980335254222155,0.006287056487053633,0.8432947140474556,0.03321531693929625,0.2838611439526512,0.48271496520722834
ntk_N200_a1_wd0.0003_s0,1.0,200,0.0003,0,100.0,23,0.9,42,100.0,200000,ok,3662,3305,False,0.5028162018894126,0.014998051599071194,0.5121271871178511,0.39834460499409435,9000,8319,False,0.6201732954354792,0.034953365807729675,0.43315426076563884,0.42511731434140293,9000,8319,False,0.6201732954354792,0.034953365807729675,0.43315426076563884,0.42511731434140293,10000,9218,False,0.6380721557753978,0.036212947619652214,0.4209568998536244,0.4331639912862911,1.0,1.0,0.006717986427247524,0.013551647774875164,0.610071189179773,0.03407583791226765,0.44002483046135615,0.469107190626608
ntk_N200_a1_wd0.0003_s1,1.0,200,0.0003,1,100.0,23,0.9,43,100.0,200000,ok,3662,3305,False,0.4749869105906915,0.014840034586008244,0.5382716678529912,0.3755710568436909,9000,8319,False,0.5549098851608357,0.03595953830394116,0.48786659741049476,0.39336664185651077,9000,8319,False,0.5549098851608357,0.03595953830394116,0.48786659741049476,0.39336664185651077,10000,9218,False,0.567488311005861,0.03722071490745371,0.47886428389585106,0.400802773430206,1.0,1.0,0.006820306647568941,0.014404280111193657,0.5712833163493489,0.03806774042080774,0.4767524775262977,0.439537570371234
ntk_N200_a1_wd0.0003_s2,1.0,200,0.0003,2,100.0,23,0.9,44,100.0,200000,ok,3662,3305,False,0.5116718521026001,0.01131722397181234,0.5000457878330132,0.41175445435037317,8319,8000,False,0.6053363605074648,0.028365624513847276,0.43600559188038035,0.4384543625740637,9000,8319,False,0.6213710229872691,0.030146168840209486,0.4252338342329813,0.441681470082313,9000,8319,False,0.6213710229872691,0.030146168840209486,0.4252338342329813,0.441681470082313,1.0,1.0,0.006731134373694658,0.013794534839689732,0.6275834435203553,0.02634838818188856,0.41444627626865893,0.4684940746059418
ntk_N200_a1_wd0.0003_s3,1.0,200,0.0003,3,100.0,23,0.9,45,100.0,200000,ok,4058,4000,False,0.5230647282353473,0.013534441563250676,0.4915547085009164,0.4008955057442971,8319,8000,False,0.6245458994203299,0.027646208877535106,0.4189253327504249,0.4169887055030117,9000,8319,False,0.6365794824842386,0.028657960260417226,0.4105613371649653,0.42100846217970755,10000,9218,False,0.6511504891004832,0.029524414906742402,0.4001820281680498,0.4250526745057053,1.0,1.0,0.006710698362439871,0.013917699456214905,0.6082121876022979,0.029345053193868265,0.43496405361831225,0.4614458795295208
ntk_N200_a1_wd0.0003_s4,1.0,200,0.0003,4,100.0,23,0.9,46,100.0,200000,ok,4000,3662,False,0.4668650330815086,0.022139969831342587,0.5521826223693095,0.43295555144484077,9000,8319,False,0.5762236786084077,0.038452234769965066,0.4731813044826656,0.4505963327451139,9000,8319,False,0.5762236786084077,0.038452234769965066,0.4731813044826656,0.4505963327451139,10000,9218,False,0.5949030727143141,0.03986980680338725,0.4599357146906801,0.4537275300379707,1.0,1.0,0.0067233433946967125,0.013514025136828423,0.597891124199783,0.0327930391899004,0.4482241427362753,0.47894760921179225
ntk_N200_a1_wd0.001_s0,1.0,200,0.001,0,100.0,23,0.9,42,100.0,200000,ok,200000,200000,True,,,,,200000,200000,True,,,,,200000,200000,True,,,,,200000,200000,True,,,,,0.19117647409439087,0.0,0.04109692946076393,0.047626253217458725,0.23114916226430093,0.029377622465616038,0.7776328415977392,0.3809716596473826
ntk_N200_a1_wd0.001_s1,1.0,200,0.001,1,100.0,23,0.9,43,100.0,200000,ok,200000,200000,True,,,,,200000,200000,True,,,,,200000,200000,True,,,,,200000,200000,True,,,,,0.16806723177433014,0.0,0.0417555533349514,0.04912620782852173,0.20773540874503862,0.030657891312420138,0.8002628578926329,0.3548346060020204
ntk_N200_a1_wd0.001_s2,1.0,200,0.001,2,100.0,23,0.9,44,100.0,200000,ok,200000,200000,True,,,,,200000,200000,True,,,,,200000,200000,True,,,,,200000,200000,True,,,,,0.20588235557079315,0.0,0.04079669713973999,0.04756533354520798,0.2555168582867898,0.029422222965322375,0.7545136819481782,0.4009966447772593
ntk_N200_a1_wd0.001_s3,1.0,200,0.001,3,100.0,23,0.9,45,100.0,200000,ok,200000,200000,True,,,,,200000,200000,True,,,,,200000,200000,True,,,,,200000,200000,True,,,,,0.17436975240707397,0.01886792480945587,0.04121331125497818,0.04992028698325157,0.27697476821925177,0.023246385019322524,0.7318762258721959,0.39003043195831416
ntk_N200_a1_wd0.001_s4,1.0,200,0.001,4,100.0,23,0.9,46,100.0,200000,ok,200000,200000,True,,,,,200000,200000,True,,,,,200000,200000,True,,,,,200000,200000,True,,,,,0.16806723177433014,0.01886792480945587,0.04138254001736641,0.048240985721349716,0.19397277909102636,0.05306149422980522,0.8186970452146503,0.39863079184499317
ntk_N200_a1_wd0.003_s0,1.0,200,0.003,0,100.0,23,0.9,42,100.0,200000,ok,200000,200000,True,,,,,200000,200000,True,,,,,200000,200000,True,,,,,200000,200000,True,,,,,0.052521008998155594,0.03773584961891174,0.0553474985063076,0.054855749011039734,0.10603141951487295,0.09007153414472291,0.9045886623991524,0.3362006721680758
ntk_N200_a1_wd0.003_s1,1.0,200,0.003,1,100.0,23,0.9,43,100.0,200000,ok,200000,200000,True,,,,,200000,200000,True,,,,,200000,200000,True,,,,,200000,200000,True,,,,,0.05672268941998482,0.0,0.05455395206809044,0.05422072485089302,0.09652270613181864,0.04308686902422121,0.9080687985661122,0.3279421329067568
ntk_N200_a1_wd0.003_s2,1.0,200,0.003,2,100.0,23,0.9,44,100.0,200000,ok,200000,200000,True,,,,,200000,200000,True,,,,,200000,200000,True,,,,,200000,200000,True,,,,,0.0357142873108387,0.01886792480945587,0.05473916232585907,0.05372500792145729,0.1751025320762757,0.04749079884581642,0.8349175712867868,0.3558730179048791
ntk_N200_a1_wd0.003_s3,1.0,200,0.003,3,100.0,23,0.9,45,100.0,200000,ok,200000,200000,True,,,,,200000,200000,True,,,,,200000,200000,True,,,,,200000,200000,True,,,,,0.03781512752175331,0.01886792480945587,0.055300649255514145,0.057786837220191956,0.1976203364991356,0.02683113839800777,0.8089609889219003,0.34742691526817077
ntk_N200_a1_wd0.003_s4,1.0,200,0.003,4,100.0,23,0.9,46,100.0,200000,ok,200000,200000,True,,,,,200000,200000,True,,,,,200000,200000,True,,,,,200000,200000,True,,,,,0.03991596773266792,0.07547169923782349,0.054057855159044266,0.05394923314452171,0.08823778847255168,0.05610079602989293,0.9171754198166665,0.36191700231664475
ntk_N200_a2_wd0_s0,2.0,200,0.0,0,100.0,23,0.9,42,25.0,200000,ok,640,578,False,1.0106319036541935,0.00040599985497746793,0.03055601721347745,0.3986370991108311,200000,200000,True,,,,,200000,200000,True,,,,,200000,200000,True,,,,,1.0,0.07547169923782349,7.933600136311725e-05,0.10944776237010956,1.9414068417533783,0.02865069829193445,0.9987452953931834,0.3780706672997782
ntk_N200_a2_wd0_s1,2.0,200,0.0,1,100.0,23,0.9,43,25.0,200000,ok,522,471,False,1.0044818286894877,0.0003414395124804459,0.02657115654555563,0.37585460034431845,200000,200000,True,,,,,200000,200000,True,,,,,200000,200000,True,,,,,1.0,0.01886792480945587,6.891159137012437e-05,0.10574688762426376,1.8784206380241657,0.029225760494793085,0.9388393689324731,0.35874514897601834
ntk_N200_a2_wd0_s2,2.0,200,0.0,2,100.0,23,0.9,44,25.0,200000,ok,578,522,False,1.0097304897913417,0.0002813645651488228,0.025746595734862866,0.40520042853891697,200000,200000,True,,,,,200000,200000,True,,,,,200000,200000,True,,,,,1.0,0.056603774428367615,6.571789708686993e-05,0.11008699238300323,1.9308674139405393,0.027103224994361685,0.9854844545932581,0.38926229690633424
ntk_N200_a2_wd0_s3,2.0,200,0.0,3,100.0,23,0.9,45,25.0,200000,ok,640,578,False,1.0083914580074134,0.0002894813567140275,0.02557806916511721,0.3972397553423953,200000,200000,True,,,,,200000,200000,True,,,,,200000,200000,True,,,,,1.0,0.09433962404727936,7.819233724148944e-05,0.10380704700946808,2.0369531004082084,0.02560396918594987,1.086084665796525,0.38051726350132115
ntk_N200_a2_wd0_s4,2.0,200,0.0,4,100.0,23,0.9,46,25.0,200000,ok,640,578,False,1.002076596499764,0.00036233806468588536,0.027027638489301682,0.4320053438054196,200000,200000,True,,,,,200000,200000,True,,,,,200000,200000,True,,,,,1.0,0.03773584961891174,7.7750941272825e-05,0.1144254207611084,1.9577407408532752,0.026286717887863853,1.0100457830192429,0.40473870885565433
ntk_N200_a2_wd3e-06_s0,2.0,200,3e-06,0,100.0,23,0.9,42,25.0,200000,ok,640,578,False,1.0075036698511595,0.00040628759057437236,0.0295800192405651,0.3986465849287672,200000,200000,True,,,,,200000,200000,True,,,,,200000,200000,True,,,,,1.0,0.11320754885673523,0.000186479912372306,0.07922107726335526,1.5110124503274383,0.021512741107999722,0.571091729671661,0.38899335486909736
ntk_N200_a2_wd3e-06_s1,2.0,200,3e-06,1,100.0,23,0.9,43,25.0,200000,ok,522,471,False,1.0019474483061281,0.00034506989190141724,0.02636809341346548,0.37584010049123434,200000,200000,True,,,,,200000,200000,True,,,,,200000,200000,True,,,,,1.0,0.03773584961891174,0.00017560936976224184,0.07876510173082352,1.4463187020315653,0.0224067668648823,0.5138239345540673,0.37065908007944237
ntk_N200_a2_wd3e-06_s2,2.0,200,3e-06,2,100.0,23,0.9,44,25.0,200000,ok,640,578,False,1.006406502316226,0.0003288398876956089,0.026512949181919446,0.4055129298602807,200000,200000,True,,,,,200000,200000,True,,,,,200000,200000,True,,,,,1.0,0.07547169923782349,0.00017261761240661144,0.08449067175388336,1.4931414336689999,0.02236662790844668,0.5567598686365917,0.3952198043077442
ntk_N200_a2_wd3e-06_s3,2.0,200,3e-06,3,100.0,23,0.9,45,25.0,200000,ok,640,578,False,1.005522892518091,0.0002784480046035265,0.02429967135119117,0.3971660822540391,200000,200000,True,,,,,200000,200000,True,,,,,200000,200000,True,,,,,1.0,0.1320754736661911,0.00018333822663407773,0.07703816145658493,1.5481208758188962,0.0211944719920083,0.6050286799764519,0.39436782997515235
ntk_N200_a2_wd3e-06_s4,2.0,200,3e-06,4,100.0,23,0.9,46,25.0,200000,ok,578,522,False,0.9983758694873879,0.00032203192618829313,0.025409754200781717,0.43199844334883686,200000,200000,True,,,,,200000,200000,True,,,,,200000,200000,True,,,,,1.0,0.11320754885673523,0.00017760263290256262,0.08477732539176941,1.5092928572371294,0.022321306794272355,0.5716274943093158,0.41442612236554366
ntk_N200_a2_wd1e-05_s0,2.0,200,1e-05,0,100.0,23,0.9,42,25.0,200000,ok,522,471,False,0.9997182007280798,0.0003279293183405807,0.02560767906360927,0.39844702354100253,200000,200000,True,,,,,200000,200000,True,,,,,200000,200000,True,,,,,1.0,0.5471698045730591,0.0004894203739240766,0.04757040739059448,1.122615100612898,0.01961309913115805,0.2430439989121784,0.4072829075749908
ntk_N200_a2_wd1e-05_s1,2.0,200,1e-05,1,100.0,23,0.9,43,25.0,200000,ok,471,425,False,0.9954006128818604,0.00032345464269556423,0.025789305167451898,0.3758575629173606,200000,200000,True,,,,,200000,200000,True,,,,,200000,200000,True,,,,,1.0,0.4150943458080292,0.00047371271648444235,0.048153046518564224,1.0856266004912,0.017036682717896046,0.2105299660310456,0.3859202102111462
ntk_N200_a2_wd1e-05_s2,2.0,200,1e-05,2,100.0,23,0.9,44,25.0,200000,ok,640,578,False,0.9994456306587888,0.00032667198967162303,0.025559520943049696,0.4055405601823014,200000,200000,True,,,,,200000,200000,True,,,,,200000,200000,True,,,,,1.0,0.4716981053352356,0.0004833499260712415,0.048867013305425644,1.085781203686643,0.018631783228347576,0.21867440395925902,0.409628066643859
ntk_N200_a2_wd1e-05_s3,2.0,200,1e-05,3,100.0,23,0.9,45,25.0,200000,ok,710,640,False,0.9985412113120864,0.0003172822249395413,0.02521441688546228,0.3972177232240104,200000,200000,True,,,,,200000,200000,True,,,,,200000,200000,True,,,,,1.0,0.5283018946647644,0.0004870374978054315,0.044460784643888474,1.1311527137861965,0.018065880911118604,0.24098044479290073,0.4106443079563173
ntk_N200_a2_wd1e-05_s4,2.0,200,1e-05,4,100.0,23,0.9,46,25.0,200000,ok,578,522,False,0.9916664061078257,0.00032329481927373394,0.0266580196234611,0.4319985282297383,200000,200000,True,,,,,200000,200000,True,,,,,200000,200000,True,,,,,1.0,0.43396225571632385,0.0004943833337165415,0.05097101628780365,1.1052705696999745,0.01961097021045577,0.23330827091793438,0.4263914402556604
ntk_N200_a2_wd3e-05_s0,2.0,200,3e-05,0,100.0,23,0.9,42,25.0,200000,ok,578,522,False,0.98168149128592,0.0003718960501110091,0.0326455923466051,0.39866899492686936,61000,60000,False,0.8724703026640345,0.021516588245929058,0.23196765339385003,0.4106877129627011,75000,74000,False,0.8602814871268072,0.020046341794119238,0.2324053706343536,0.4150836229605658,80000,79453,False,0.8546253284213023,0.01960335417707937,0.23375380454680372,0.41624552461346065,1.0,1.0,0.0013227332383394241,0.020135659724473953,0.8352104371919706,0.016191506020372892,0.23281372308050396,0.4267708643986369
ntk_N200_a2_wd3e-05_s1,2.0,200,3e-05,1,100.0,23,0.9,43,25.0,200000,ok,425,383,False,0.9818486340563001,0.00029269617960114847,0.03007056324533897,0.37580309447104937,76000,75000,False,0.819850296513287,0.02033603247809801,0.25651300197162646,0.38459170669087256,107000,106000,False,0.8066442257770384,0.019080400263904007,0.26109125765170077,0.3893012825065166,132692,132000,False,0.799041959145212,0.01795821381149021,0.2628361978068435,0.3922625297435604,1.0,0.9811320900917053,0.001336878864094615,0.024474872276186943,0.7865708967617075,0.016994066420925713,0.2688606669592509,0.397312305569631
ntk_N200_a2_wd3e-05_s2,2.0,200,3e-05,2,100.0,23,0.9,44,25.0,200000,ok,786,710,False,0.9765226183728342,0.00041678208589490673,0.03694836553468986,0.4054207966909458,56000,55000,False,0.8599542124796327,0.018042255788584982,0.2250418857418701,0.41573597754465597,78000,77000,False,0.831340865361316,0.01773615500482162,0.2406979114924997,0.4217334781621881,86000,85000,False,0.8229437094736278,0.017927772832326605,0.24669014120841962,0.42388755231565206,1.0,1.0,0.0013347817584872246,0.02030748315155506,0.7850991781295297,0.018424522073204108,0.274066629699435,0.43164748891707594
ntk_N200_a2_wd3e-05_s3,2.0,200,3e-05,3,100.0,23,0.9,45,25.0,200000,ok,786,710,False,0.9744751464330955,0.0003751885061451521,0.03718523764269081,0.39737726638886584,68000,67000,False,0.855932132015611,0.01692532009783776,0.22300089959088767,0.409976434114344,82000,81000,False,0.8358295933680112,0.01674441193370979,0.23439896000023303,0.41324475188942006,95000,94000,False,0.8268777412294792,0.01673681110376446,0.24010395582650784,0.4152111606004367,1.0,1.0,0.0013289113994687796,0.021773474290966988,0.8121328342016657,0.015223922821793856,0.24499340228455302,0.41850873979741005
ntk_N200_a2_wd3e-05_s4,2.0,200,3e-05,4,100.0,23,0.9,46,25.0,200000,ok,640,578,False,0.9708146715361683,0.0003695203957122528,0.039613823858858616,0.4320253443924902,64000,63000,False,0.840986195942372,0.0201460997468198,0.24325002252658676,0.4412970171284117,71000,70000,False,0.8313372328247104,0.01991705298891877,0.24811832755136823,0.4428075445553909,74000,73000,False,0.8278660656546589,0.019769810379371866,0.2497270542576922,0.4436625936765543,1.0,1.0,0.001320086419582367,0.02104129083454609,0.7652849732569482,0.02099618589291241,0.29534263982381964,0.44747702044736914
ntk_N200_a2_wd0.0001_s0,2.0,200,0.0001,0,100.0,23,0.9,42,25.0,200000,ok,1313,1185,False,0.8497658458584615,0.0010545337371139496,0.15608495948307627,0.39849335643584893,26000,25710,False,0.5965474654998272,0.021378199394300412,0.433912628216618,0.41669088233362434,31000,30000,False,0.5962957337643544,0.021326573359220835,0.434063387072318,0.42059225332550776,37000,36000,False,0.5977287247657902,0.0215105643084309,0.4330555890699245,0.4229613580476535,1.0,1.0,0.005713304039090872,0.020197156816720963,0.5691075701953321,0.019602516822287752,0.45604842670473195,0.43034182055941606
ntk_N200_a2_wd0.0001_s1,2.0,200,0.0001,1,100.0,23,0.9,43,25.0,200000,ok,1185,1069,False,0.8504014146484672,0.0009715021923268896,0.15502280611754507,0.37569920814147456,33000,32000,False,0.5528412833226013,0.018548480755306795,0.46953130855085146,0.39037721549896043,40000,39000,False,0.5463137198760033,0.01790002378884714,0.474751827733878,0.39281254510656793,50000,49000,False,0.5376682570144051,0.01784199308372736,0.4826352527717798,0.3966575747272864,1.0,1.0,0.005719412118196487,0.022944161668419838,0.5311323010133894,0.01668659291934893,0.4874038327092373,0.40322904607375376
ntk_N200_a2_wd0.0001_s2,2.0,200,0.0001,2,100.0,23,0.9,44,25.0,200000,ok,1786,1612,False,0.8083932898321508,0.0013980980782700714,0.1974172170590684,0.40571803943772816,25710,25000,False,0.5885853960551226,0.01751450353592643,0.4357516934447007,0.4265695749146095,30000,29000,False,0.5883806442635244,0.018049219234223535,0.4366578941229429,0.42894772933095937,34000,33000,False,0.5860886343512581,0.018344912787215617,0.4391196970971703,0.43096868453563686,1.0,1.0,0.005676564294844866,0.020282864570617676,0.5604429949272811,0.017050685058543902,0.46078436899274516,0.4398078887200825
ntk_N200_a2_wd0.0001_s3,2.0,200,0.0001,3,100.0,23,0.9,45,25.0,200000,ok,2000,1979,False,0.7929560242944182,0.0016026474309033256,0.21309356101553842,0.3982300662789725,28000,27000,False,0.6032150506545707,0.01955735064044628,0.4254795794648045,0.4154597272651332,34974,34000,False,0.5943301823280679,0.020380539922135066,0.4345037870786776,0.4199678675549327,46000,45000,False,0.5810931237049655,0.0203439176891671,0.44623580354343273,0.42350088422934623,1.0,1.0,0.005620677024126053,0.020983144640922546,0.5521541149030099,0.01821131582395108,0.46976253867064843,0.4331037450437164
ntk_N200_a2_wd0.0001_s4,2.0,200,0.0001,4,100.0,23,0.9,46,25.0,200000,ok,2430,2193,False,0.7469483929145107,0.0027061675594669543,0.2609173257327913,0.43197601522459483,30000,29000,False,0.5498111184744848,0.024495900938396487,0.4791724808825673,0.4418893220766725,37000,36000,False,0.5495612475136191,0.02606319619982944,0.4811878167379429,0.4422672733363238,40000,39000,False,0.5479433468561504,0.026360007070348246,0.4829521701433544,0.4428781747765737,1.0,1.0,0.005662345793098211,0.020340191200375557,0.5283867394097033,0.02432266815193307,0.49811908034294317,0.45258694841500985
ntk_N200_a2_wd0.0003_s0,2.0,200,0.0003,0,100.0,23,0.9,42,25.0,200000,ok,200000,200000,True,,,,,200000,200000,True,,,,,200000,200000,True,,,,,200000,200000,True,,,,,0.9747899174690247,0.5471698045730591,0.024306166917085648,0.038363706320524216,0.373018671321603,0.019131334940209577,0.6382619186441718,0.4133725288029881
ntk_N200_a2_wd0.0003_s1,2.0,200,0.0003,1,100.0,23,0.9,43,25.0,200000,ok,200000,200000,True,,,,,200000,200000,True,,,,,200000,200000,True,,,,,200000,200000,True,,,,,0.9684873819351196,0.30188679695129395,0.024859795346856117,0.04186815768480301,0.34792257205750055,0.021090793652585926,0.663235175771603,0.37950072424818104
ntk_N200_a2_wd0.0003_s2,2.0,200,0.0003,2,100.0,23,0.9,44,25.0,200000,ok,200000,200000,True,,,,,200000,200000,True,,,,,200000,200000,True,,,,,200000,200000,True,,,,,0.9747899174690247,0.3962264060974121,0.024196015670895576,0.039141424000263214,0.37788440397992645,0.018476113432363106,0.6332388846524819,0.41744821156485756
ntk_N200_a2_wd0.0003_s3,2.0,200,0.0003,3,100.0,23,0.9,45,25.0,200000,ok,200000,200000,True,,,,,200000,200000,True,,,,,200000,200000,True,,,,,200000,200000,True,,,,,0.9726890921592712,0.3396226465702057,0.024356519803404808,0.0413316935300827,0.3748839439497412,0.021876766834921235,0.6381007606920076,0.40728259473962053
ntk_N200_a2_wd0.0003_s4,2.0,200,0.0003,4,100.0,23,0.9,46,25.0,200000,ok,200000,200000,True,,,,,200000,200000,True,,,,,200000,200000,True,,,,,200000,200000,True,,,,,0.9768907427787781,0.37735849618911743,0.024586014449596405,0.03978636488318443,0.3373896777402521,0.03398023880288237,0.6796922853789423,0.4299980900728408
ntk_N200_a2_wd0.001_s0,2.0,200,0.001,0,100.0,23,0.9,42,25.0,200000,ok,200000,200000,True,,,,,200000,200000,True,,,,,200000,200000,True,,,,,200000,200000,True,,,,,0.05882352963089943,0.01886792480945587,0.06029748171567917,0.0669839009642601,0.21295652501160783,0.03628111783858112,0.7967998701547874,0.36162214773192713
ntk_N200_a2_wd0.001_s1,2.0,200,0.001,1,100.0,23,0.9,43,25.0,200000,ok,200000,200000,True,,,,,200000,200000,True,,,,,200000,200000,True,,,,,200000,200000,True,,,,,0.054621849209070206,0.0,0.06038099527359009,0.06842003762722015,0.18541329136871038,0.03626508199094458,0.8227998312506828,0.33836327716821285
ntk_N200_a2_wd0.001_s2,2.0,200,0.001,2,100.0,23,0.9,44,25.0,200000,ok,200000,200000,True,,,,,200000,200000,True,,,,,200000,200000,True,,,,,200000,200000,True,,,,,0.05672268941998482,0.0,0.05914434418082237,0.06509136408567429,0.22550982865595776,0.031168650065337755,0.7835130499103811,0.37788546643285686
ntk_N200_a2_wd0.001_s3,2.0,200,0.001,3,100.0,23,0.9,45,25.0,200000,ok,200000,200000,True,,,,,200000,200000,True,,,,,200000,200000,True,,,,,200000,200000,True,,,,,0.03991596773266792,0.01886792480945587,0.05987877771258354,0.0708114430308342,0.23886082571443362,0.035482557825838645,0.7721940356889542,0.36297906803644847
ntk_N200_a2_wd0.001_s4,2.0,200,0.001,4,100.0,23,0.9,46,25.0,200000,ok,200000,200000,True,,,,,200000,200000,True,,,,,200000,200000,True,,,,,200000,200000,True,,,,,0.04621848836541176,0.03773584961891174,0.05940641835331917,0.06640297919511795,0.17439511030075536,0.060654366261305825,0.838319201547971,0.36841167015032295
ntk_N200_a2_wd0.003_s0,2.0,200,0.003,0,100.0,23,0.9,42,25.0,200000,ok,200000,200000,True,,,,,200000,200000,True,,,,,200000,200000,True,,,,,200000,200000,True,,,,,0.052521008998155594,0.03773584961891174,0.09640971571207047,0.09631990641355515,0.0927763943496864,0.17562477223047823,0.9250093712504828,0.22744599384118744
ntk_N200_a2_wd0.003_s1,2.0,200,0.003,1,100.0,23,0.9,43,25.0,200000,ok,200000,200000,True,,,,,200000,200000,True,,,,,200000,200000,True,,,,,200000,200000,True,,,,,0.05882352963089943,0.01886792480945587,0.09396611154079437,0.09165085107088089,0.06625032166063084,0.1398133091856727,0.9436174093406987,0.30138543511074484
ntk_N200_a2_wd0.003_s2,2.0,200,0.003,2,100.0,23,0.9,44,25.0,200000,ok,200000,200000,True,,,,,200000,200000,True,,,,,200000,200000,True,,,,,200000,200000,True,,,,,0.0357142873108387,0.01886792480945587,0.09516571462154388,0.09178078174591064,0.09841962977815363,0.02826450557897997,0.9046605597235092,0.35072413455646784
ntk_N200_a2_wd0.003_s3,2.0,200,0.003,3,100.0,23,0.9,45,25.0,200000,ok,200000,200000,True,,,,,200000,200000,True,,,,,200000,200000,True,,,,,200000,200000,True,,,,,0.03781512752175331,0.01886792480945587,0.09724808484315872,0.10317336022853851,0.12747178425832473,0.04407558262570033,0.8789438398352866,0.3449242499560448
ntk_N200_a2_wd0.003_s4,2.0,200,0.003,4,100.0,23,0.9,46,25.0,200000,ok,200000,200000,True,,,,,200000,200000,True,,,,,200000,200000,True,,,,,200000,200000,True,,,,,0.03991596773266792,0.07547169923782349,0.09199117124080658,0.09186019748449326,0.06292508648172587,0.19522069652566965,0.9500936543147112,0.2336274876911949
ntk_N400_a0.5_wd0_s0,0.5,400,0.0,0,100.0,23,0.9,42,400.0,200000,ok,152,137,False,1.021913378532711,0.00021296285060379283,0.03025649237836921,0.40628969716284113,8000,7508,False,2.687529698706655,0.03379984847777029,1.7405265517103035,0.40567575539674244,200000,200000,True,,,,,200000,200000,True,,,,,1.0,0.8301886916160583,7.38971828173618e-10,0.03001905046403408,2.8865268249135356,0.03405062989759067,1.9379266173742342,0.40602820976835297
ntk_N400_a0.5_wd0_s1,0.5,400,0.0,1,100.0,23,0.9,43,400.0,200000,ok,124,112,False,1.035047120027083,0.00023921105700053236,0.04151493771459416,0.37363010582562706,17000,16000,False,2.655566146577332,0.033835599899675106,1.7089776513981507,0.38364237415777336,200000,200000,True,,,,,200000,200000,True,,,,,1.0,0.8113207817077637,1.0500781355560207e-09,0.031504400074481964,2.7194150197918163,0.03258669016797722,1.770203796081652,0.38411172711069114
ntk_N400_a0.5_wd0_s2,0.5,400,0.0,2,100.0,23,0.9,44,400.0,200000,ok,187,169,False,1.0277920979206496,0.00027211743730448656,0.036493300897110025,0.40863148563050355,200000,200000,True,,,,,200000,200000,True,,,,,200000,200000,True,,,,,1.0,0.6037735939025879,1.1240038899629212e-09,0.035400502383708954,2.899204932439469,0.0323071248991007,1.9478986952927575,0.40108939248108627
ntk_N400_a0.5_wd0_s3,0.5,400,0.0,3,100.0,23,0.9,45,400.0,200000,ok,169,152,False,1.033009864329422,0.00022152413362597212,0.03933604420238841,0.3972229302419766,12000,11317,False,2.7053215560100665,0.031582130645789075,1.7547083082478843,0.39778872203924753,200000,200000,True,,,,,200000,200000,True,,,,,1.0,0.7735849022865295,7.939103818799254e-10,0.03031362220644951,2.8176432813184347,0.029921549321408114,1.8634493829847525,0.39811878371029147
ntk_N400_a0.5_wd0_s4,0.5,400,0.0,4,100.0,23,0.9,46,400.0,200000,ok,152,137,False,1.0246164583553858,0.00019901493888463406,0.03184019449754883,0.43327390214294675,200000,200000,True,,,,,200000,200000,True,,,,,200000,200000,True,,,,,1.0,0.7169811129570007,8.287294184228244e-10,0.03427327424287796,2.8979068134858275,0.034327094814730286,1.9496162998337618,0.42445659293395255
ntk_N400_a0.5_wd3e-06_s0,0.5,400,3e-06,0,100.0,23,0.9,42,400.0,200000,ok,152,137,False,1.0210831904519333,0.0002138424202610123,0.029685058886599325,0.40631724414841114,7508,7000,False,2.618817092885929,0.03360776029929258,1.672301986625159,0.40654559309597166,18900,18000,False,2.70737804117396,0.03627822300417327,1.763966412421634,0.4065239158547354,23000,22000,False,2.7003145089890155,0.036160263227335676,1.7568032321127576,0.40681318499606556,1.0,1.0,1.6028617437768844e-06,0.016031069681048393,2.1806761406187207,0.03021883013966309,1.2352291741989672,0.4223968182912962
ntk_N400_a0.5_wd3e-06_s1,0.5,400,3e-06,1,100.0,23,0.9,43,400.0,200000,ok,124,112,False,1.034511416570068,0.00024067683111039795,0.0410974905882147,0.37358044529198997,11000,10214,False,2.5347074088424586,0.033026285757548624,1.5883169624317266,0.3849785215596123,42937,42000,False,2.4654340039909735,0.03370053150755847,1.5210751765496746,0.3866790778948334,47000,46000,False,2.4506747825628152,0.03352719654382719,1.5062489286182545,0.38701036127771243,1.0,1.0,1.7027986132234219e-06,0.01747114770114422,2.0620238933247235,0.0305008122449405,1.119679220679906,0.3966154473964421
ntk_N400_a0.5_wd3e-06_s2,0.5,400,3e-06,2,100.0,23,0.9,44,400.0,200000,ok,187,169,False,1.0267277506606356,0.00027240965801123007,0.03568968711312819,0.40863203826011724,60000,59000,False,2.5694463463507304,0.03344007167164964,1.623270394614067,0.4048656140116066,76000,75000,False,2.5128635235308674,0.03294835397169238,1.566635080209149,0.4062400102140364,105000,104000,False,2.4202084117032574,0.03210079056656079,1.4738972621508315,0.4087542884398662,1.0,1.0,1.7044069409166696e-06,0.01955839805305004,2.1868775149502326,0.0301845954258797,1.2412486703170686,0.41703347676088925
ntk_N400_a0.5_wd3e-06_s3,0.5,400,3e-06,3,100.0,23,0.9,45,400.0,200000,ok,169,152,False,1.032055343350862,0.00022189177762266254,0.038542888148452914,0.3972234500014339,13894,13000,False,2.63289124559453,0.03192898094701413,1.6835869115586375,0.3984089970221982,49000,48000,False,2.538012295705354,0.030385118380327203,1.5873617829128688,0.40218651687542306,70000,69000,False,2.462640638956995,0.029412640191661232,1.5113514365621703,0.40447302291678777,1.0,1.0,1.6626516980977613e-06,0.017256610095500946,2.118597818515235,0.02643843225727227,1.167598342495176,0.41592470210616717
ntk_N400_a0.5_wd3e-06_s4,0.5,400,3e-06,4,100.0,23,0.9,46,400.0,200000,ok,152,137,False,1.0237522356517277,0.00019920756677160867,0.0311776696072273,0.43327446401679426,42000,41000,False,2.6398456315327388,0.03516892902573965,1.6955160814824422,0.4274404670411934,67000,66000,False,2.545843565712533,0.03381671526308194,1.6005675442126575,0.4295118116450543,93000,92000,False,2.4584551983631022,0.03274796671628688,1.5126501193770192,0.4316933210506507,1.0,1.0,1.7227256421392667e-06,0.018673798069357872,2.1841094827740806,0.029115938032512,1.236648721306436,0.439609056877451
ntk_N400_a0.5_wd1e-05_s0,0.5,400,1e-05,0,100.0,23,0.9,42,400.0,200000,ok,137,124,False,1.0177475392834827,0.00019262962583443954,0.026590821837461746,0.4061613864510677,6000,5520,False,2.4622413752973866,0.03253858791094788,1.516042728463735,0.4081516126543962,8000,7508,False,2.5175452782427206,0.034692098311443376,1.5740462280725398,0.4077491212842165,10214,10000,False,2.5297386176245835,0.03582908737117274,1.587884344077418,0.407916584731312,1.0,1.0,1.3959886018710677e-05,0.004707413725554943,1.5964877543483944,0.02625242494760227,0.6630392077314776,0.44579524463032116
ntk_N400_a0.5_wd1e-05_s1,0.5,400,1e-05,1,100.0,23,0.9,43,400.0,200000,ok,152,137,False,1.0345619504707582,0.0002594586533966048,0.04160986086725192,0.373756422560829,7000,6776,False,2.367596052732176,0.030761622135235034,1.4198525112611773,0.3870230550767489,12539,12000,False,2.377076343518863,0.03378271135611577,1.43420619990585,0.38657712807097383,15000,14000,False,2.3559569621561427,0.034306875090000744,1.4143091336960012,0.38697740758062193,1.0,1.0,1.390573652315652e-05,0.005082615651190281,1.5583728922675029,0.030120096118881,0.6369120578443211,0.42238819246114984
ntk_N400_a0.5_wd1e-05_s2,0.5,400,1e-05,2,100.0,23,0.9,44,400.0,200000,ok,187,169,False,1.0242503987678346,0.00027306681751604334,0.03387417060034046,0.4086330911945354,13894,13000,False,2.513116088832042,0.03464810579366051,1.5696081429826942,0.40510189580916084,20941,20000,False,2.4392360558764348,0.03533788193807852,1.4979303375184334,0.40633920233804544,30000,29000,False,2.3391802592154542,0.03538899671412821,1.3996307554803975,0.4087663604788422,1.0,1.0,1.3915469025960192e-05,0.005679019261151552,1.6309997332661132,0.028943490246341574,0.701836386293168,0.44764055602227854
ntk_N400_a0.5_wd1e-05_s3,0.5,400,1e-05,3,100.0,23,0.9,45,400.0,200000,ok,169,152,False,1.029831153969894,0.00022273127039351692,0.03672395607236297,0.39722521695552243,9000,8319,False,2.4572018038891215,0.03135288031115868,1.5091447264504179,0.40123328347082765,15395,15000,False,2.4328887075653625,0.03261955096334268,1.4872422541864094,0.40185085375365936,18900,18000,False,2.3991387283932273,0.03268227986799532,1.4541003500504377,0.4027324953926984,1.0,1.0,1.4077496416575741e-05,0.005559572484344244,1.6108203082338066,0.025872852443884153,0.675614151160212,0.44081989111886605
ntk_N400_a0.5_wd1e-05_s4,0.5,400,1e-05,4,100.0,23,0.9,46,400.0,200000,ok,152,137,False,1.0217400254484448,0.00019968203821729702,0.02967616835304875,0.43327519245072316,16000,15395,False,2.499065027673858,0.03683999139347316,1.5592713123178064,0.4295069232269576,20000,19000,False,2.4554501200485803,0.036866671257220984,1.5163718530354273,0.43022916238985737,29000,28487,False,2.3559005533900628,0.03633625438299248,1.4176302459744246,0.4322959720223397,1.0,1.0,1.4095615370024461e-05,0.005265092011541128,1.584911679100544,0.025361746624054216,0.6500107146823987,0.46660570493086123
ntk_N400_a0.5_wd3e-05_s0,0.5,400,3e-05,0,100.0,23,0.9,42,400.0,200000,ok,124,112,False,1.0117493984611399,0.0001833871674099541,0.022563955256638988,0.4062104543042681,4981,4496,False,2.1856933125418556,0.031693217739314106,1.2427437143425757,0.4112141464613237,6000,5520,False,2.22560965634269,0.03375856251676168,1.2854515919176237,0.411320028004366,6776,6116,False,2.232187585349772,0.03484966876692541,1.2937806001947416,0.41132142828505236,1.0,1.0,8.81122614373453e-05,0.0021231607533991337,1.2509549807708542,0.026662490851991794,0.36011880516825656,0.4654043700277472
ntk_N400_a0.5_wd3e-05_s1,0.5,400,3e-05,1,100.0,23,0.9,43,400.0,200000,ok,152,137,False,1.028819697390435,0.00026271083325846156,0.03702889571165687,0.3737479303939926,6000,5520,False,2.1152295036894873,0.03041285226066226,1.1714935640820676,0.38957702869363275,6776,6116,False,2.1168215510727375,0.031498482823389407,1.1750079623023009,0.3896973543906542,7508,7000,False,2.1092084818212062,0.03233848655988847,1.1690854016823837,0.39005943078039174,1.0,1.0,8.876818901626393e-05,0.0023116120137274265,1.2656911071547474,0.030711268338866726,0.38514117265362446,0.43627295447806974
ntk_N400_a0.5_wd3e-05_s2,0.5,400,3e-05,2,100.0,23,0.9,44,400.0,200000,ok,187,169,False,1.0172030988765774,0.00027490926346507294,0.029244208321816782,0.4086362516254031,7000,6776,False,2.235693647836197,0.0327503661743872,1.2935912656413155,0.40970388470128394,8319,8000,False,2.218919039171692,0.0339247393932125,1.2791857270671512,0.41013905547450696,10000,9218,False,2.182508344659187,0.034996888821786976,1.2454268300345583,0.410968633461201,1.0,1.0,8.81493542692624e-05,0.0021275687031447887,1.2483778844713211,0.02772064392183904,0.3618055432481726,0.4812224186537984
ntk_N400_a0.5_wd3e-05_s3,0.5,400,3e-05,3,100.0,23,0.9,45,400.0,200000,ok,152,137,False,1.0232653787121633,0.0002205126019635406,0.03150497847862662,0.3973261433680078,6000,5520,False,2.1685275511357456,0.029553602415743896,1.2221424793824194,0.4052054300229539,8319,8000,False,2.157956888728154,0.031859069015447994,1.2158804016241442,0.4060601571559358,9000,8319,False,2.1458771175093942,0.032222802086495195,1.2047102206549614,0.4064028025012666,1.0,1.0,8.908839663490653e-05,0.0024475902318954468,1.2725664635843854,0.026865746063643337,0.37771599382397375,0.4618994324856297
ntk_N400_a0.5_wd3e-05_s4,0.5,400,3e-05,4,100.0,23,0.9,46,400.0,200000,ok,152,137,False,1.0160223055139073,0.0002009708896713036,0.025789456902201996,0.43327361330300673,6776,6116,False,2.241727331547741,0.03441891653768492,1.3023833605211061,0.43536761474419466,8319,8000,False,2.2233548968853443,0.03579942395025015,1.2867738157206488,0.43560294874279765,11000,10214,False,2.154857634664933,0.0370212981570881,1.2219850286733878,0.4369840964548508,1.0,1.0,9.131273691309616e-05,0.0022890050895512104,1.2557330193446805,0.0268377724692046,0.3644194441761121,0.4867008690915198
ntk_N400_a0.5_wd0.0001_s0,0.5,400,0.0001,0,100.0,23,0.9,42,400.0,200000,ok,137,124,False,0.9945177254705815,0.0001972593436597725,0.020552643664138788,0.40616720491183744,4000,3662,False,1.607638082417317,0.031105066909755674,0.6850076053915882,0.4160198659248841,4496,4058,False,1.6511554593026638,0.0333510239431446,0.7308480571868392,0.4178550536987101,4496,4058,False,1.6511554593026638,0.0333510239431446,0.7308480571868392,0.4178550536987101,1.0,1.0,0.0005385048571042717,0.0025087730027735233,1.0076304189702514,0.034526948561842685,0.2638920813209998,0.4867996847635979
ntk_N400_a0.5_wd0.0001_s1,0.5,400,0.0001,1,100.0,23,0.9,43,400.0,200000,ok,169,152,False,1.0074313440400515,0.0002830383151445348,0.025010162229036893,0.37395021945239265,4496,4058,False,1.5622757547523083,0.029513068478272952,0.6390376569860172,0.39394040182098644,4496,4058,False,1.5622757547523083,0.029513068478272952,0.6390376569860172,0.39394040182098644,4981,4496,False,1.5777048308952433,0.03136472227081666,0.6578080414014494,0.3963263979187966,1.0,1.0,0.0005376337212510407,0.002655863296240568,1.010545570518884,0.03317929653152463,0.2591709693297046,0.4631380286201197
ntk_N400_a0.5_wd0.0001_s2,0.5,400,0.0001,2,100.0,23,0.9,44,400.0,200000,ok,187,169,False,0.9929174409673263,0.0002805670520744652,0.02464391367422278,0.4086632083237048,4981,4496,False,1.6677292153647527,0.03248479671237314,0.7444555017705543,0.41669921553446826,5520,5000,False,1.6718152892027855,0.034067923117052756,0.7518286588602283,0.4190458978036468,6000,5520,False,1.6635460721336877,0.035218727688873686,0.7466386958019172,0.42080729036143094,1.0,1.0,0.0005335007444955409,0.0024598194286227226,1.0260824565061384,0.03273602190562441,0.2604995395076893,0.505348721487368
ntk_N400_a0.5_wd0.0001_s3,0.5,400,0.0001,3,100.0,23,0.9,45,400.0,200000,ok,187,169,False,0.9997031650202518,0.0002371936887833881,0.021779225739329375,0.39715242719200283,4496,4058,False,1.602180109602501,0.02801164013455082,0.6725922016517295,0.4115424929550372,4981,4496,False,1.619630750226101,0.02959264912253068,0.6926764003665529,0.41331464341874624,6000,5520,False,1.6122678305404612,0.03195856271293884,0.6913200571800923,0.4167816202893908,1.0,1.0,0.0005375392502173781,0.0027331984601914883,1.0077185741022678,0.029842849886359768,0.24536903768697704,0.4854023011282547
ntk_N400_a0.5_wd0.0001_s4,0.5,400,0.0001,4,100.0,23,0.9,46,400.0,200000,ok,169,152,False,0.994871099426789,0.000227424745205429,0.02188200707633206,0.43308799419967786,4496,4058,False,1.623315647520576,0.03086638343770476,0.6990952459268964,0.441837681217471,4981,4496,False,1.6454945974235962,0.032553015007785735,0.7237367587413066,0.44346160409994345,5520,5000,False,1.6495043710375432,0.033946034112104506,0.7306464201592222,0.44511546006891867,1.0,1.0,0.0005435200873762369,0.002605338813737035,1.0014534241460946,0.03200194613791396,0.2531778614335269,0.5081873152172215
ntk_N400_a0.5_wd0.0003_s0,0.5,400,0.0003,0,100.0,23,0.9,42,400.0,200000,ok,425,383,False,0.8468739501429996,0.0006788179845281794,0.15683537126802613,0.4065330655643803,4000,3662,False,0.8400120501655051,0.03136362547437854,0.27979955461536454,0.4221092183136313,4000,3662,False,0.8400120501655051,0.03136362547437854,0.27979955461536454,0.4221092183136313,4496,4058,False,0.8873832065965658,0.034359394758951445,0.2714082569714917,0.42789821576143705,1.0,1.0,0.003025706158950925,0.007491324562579393,0.8099191670415075,0.034090989258241944,0.3022459500233324,0.4792665702814569
ntk_N400_a0.5_wd0.0003_s1,0.5,400,0.0003,1,100.0,23,0.9,43,400.0,200000,ok,425,383,False,0.8593906588353356,0.0005979713671477871,0.14421778266606533,0.37436568077724064,4000,3662,False,0.8023070667102336,0.027970699275192246,0.2897665875344142,0.4023290911428124,4496,4058,False,0.8495039559293527,0.03131534307327033,0.275416184936489,0.40882929109384236,4496,4058,False,0.8495039559293527,0.03131534307327033,0.275416184936489,0.40882929109384236,1.0,1.0,0.003030880354344845,0.00759531045332551,0.8266800161534564,0.033808028474256124,0.2931495520225046,0.45984907911239503
ntk_N400_a0.5_wd0.0003_s2,0.5,400,0.0003,2,100.0,23,0.9,44,400.0,200000,ok,346,312,False,0.8703074036251337,0.0006140195610966348,0.13374954614666987,0.407869389988203,4058,4000,False,0.8186738678005637,0.031076301520369665,0.28941644414863926,0.42706424114281744,4496,4058,False,0.8654525720622833,0.03375232857813304,0.27663168568825913,0.43365437516067856,4496,4058,False,0.8654525720622833,0.03375232857813304,0.27663168568825913,0.43365437516067856,1.0,1.0,0.003031620290130377,0.007594897877424955,0.8158838934449771,0.03146489198371716,0.2919625624116592,0.49144442108428754
ntk_N400_a0.5_wd0.0003_s3,0.5,400,0.0003,3,100.0,23,0.9,45,400.0,200000,ok,522,471,False,0.8243195089288732,0.0006761843224782904,0.17882510673922164,0.39869310874395264,4000,3662,False,0.82634683338716,0.025469930530113594,0.2687925132048274,0.42461141947597325,4496,4058,False,0.8753228600120107,0.028580312792524376,0.25608278251917943,0.4302016673590278,4496,4058,False,0.8753228600120107,0.028580312792524376,0.25608278251917943,0.4302016673590278,1.0,1.0,0.0030324626713991165,0.007742034271359444,0.7988785351906807,0.027372054149228053,0.2901443376232541,0.4867220191384613
ntk_N400_a0.5_wd0.0003_s4,0.5,400,0.0003,4,100.0,23,0.9,46,400.0,200000,ok,425,383,False,0.8433456340736308,0.0005221382944656794,0.15944051074251195,0.4329708254974749,4000,3662,False,0.7991094646391877,0.026858229296155556,0.28858679399024545,0.4511176590999621,4496,4058,False,0.8517520385405332,0.03017183081282271,0.27087874571389187,0.45639752715258053,4496,4058,False,0.8517520385405332,0.03017183081282271,0.27087874571389187,0.45639752715258053,1.0,1.0,0.003043852047994733,0.007485414855182171,0.8080901432292434,0.02954429374797707,0.29082348299026967,0.49667062154013697
ntk_N400_a0.5_wd0.001_s0,0.5,400,0.001,0,100.0,23,0.9,42,400.0,200000,ok,12000,11317,False,0.26626145155969294,0.022137279936516374,0.7417282966465882,0.4263048344727695,46000,45000,False,0.2932464609494775,0.022587419393388153,0.7160641916466873,0.4370671568184204,200000,200000,True,,,,,200000,200000,True,,,,,1.0,0.8301886916160583,0.027178341522812843,0.03472629562020302,0.2944009074788299,0.021852275153932843,0.7146584769232704,0.43961205388722824
ntk_N400_a0.5_wd0.001_s1,0.5,400,0.001,1,100.0,23,0.9,43,400.0,200000,ok,11000,10214,False,0.29745631202303924,0.016634262189798243,0.7095516655499249,0.3950926164620193,200000,200000,True,,,,,200000,200000,True,,,,,200000,200000,True,,,,,1.0,0.7169811129570007,0.027138717472553253,0.03530743718147278,0.31882326554049245,0.01558911860703871,0.6884345219200637,0.4124063135767214
ntk_N400_a0.5_wd0.001_s2,0.5,400,0.001,2,100.0,23,0.9,44,400.0,200000,ok,12539,12000,False,0.2730881627510158,0.022315304780912593,0.7352475163510519,0.4270980953579012,200000,200000,True,,,,,200000,200000,True,,,,,200000,200000,True,,,,,1.0,0.6037735939025879,0.02723175659775734,0.03596004098653793,0.29699645953191933,0.022151347389111065,0.7123003028270529,0.4379372633850366
ntk_N400_a0.5_wd0.001_s3,0.5,400,0.001,3,100.0,23,0.9,45,400.0,200000,ok,15000,14000,False,0.30257064477284634,0.013678505682059083,0.7033385629268899,0.4262711392250688,200000,200000,True,,,,,200000,200000,True,,,,,200000,200000,True,,,,,1.0,0.698113203048706,0.027078235521912575,0.035451486706733704,0.3169787712071513,0.01281764624890247,0.6889440053423669,0.4337413705990829
ntk_N400_a0.5_wd0.001_s4,0.5,400,0.001,4,100.0,23,0.9,46,400.0,200000,ok,13000,12539,False,0.27269255569280765,0.015495542161666598,0.7330942344149765,0.4427136994498464,200000,200000,True,,,,,200000,200000,True,,,,,200000,200000,True,,,,,1.0,0.7169811129570007,0.027359580621123314,0.035397522151470184,0.29722679869855295,0.015207446045296447,0.7091757846093822,0.45467401884701586
ntk_N400_a0.5_wd0.003_s0,0.5,400,0.003,0,100.0,23,0.9,42,400.0,200000,ok,200000,200000,True,,,,,200000,200000,True,,,,,200000,200000,True,,,,,200000,200000,True,,,,,0.029411764815449715,0.09433962404727936,0.0457729771733284,0.04468799754977226,0.16407182516114313,0.05414155634933804,0.846488110621776,0.3463850606077127
ntk_N400_a0.5_wd0.003_s1,0.5,400,0.003,1,100.0,23,0.9,43,400.0,200000,ok,200000,200000,True,,,,,200000,200000,True,,,,,200000,200000,True,,,,,200000,200000,True,,,,,0.03991596773266792,0.03773584961891174,0.04569229483604431,0.04566045105457306,0.3083303655851228,0.07853644160661388,0.725835534178545,0.3163352580539319
ntk_N400_a0.5_wd0.003_s2,0.5,400,0.003,2,100.0,23,0.9,44,400.0,200000,ok,200000,200000,True,,,,,200000,200000,True,,,,,200000,200000,True,,,,,200000,200000,True,,,,,0.04621848836541176,0.01886792480945587,0.04514690861105919,0.046910546720027924,0.21734605704179233,0.05794318801287457,0.7985828957109514,0.35150225882592145
ntk_N400_a0.5_wd0.003_s3,0.5,400,0.003,3,100.0,23,0.9,45,400.0,200000,ok,200000,200000,True,,,,,200000,200000,True,,,,,200000,200000,True,,,,,200000,200000,True,,,,,0.054621849209070206,0.07547169923782349,0.04555293172597885,0.04534289240837097,0.28823625966492283,0.08573341689757363,0.7456745810911618,0.34421415844717657
ntk_N400_a0.5_wd0.003_s4,0.5,400,0.003,4,100.0,23,0.9,46,400.0,200000,ok,200000,200000,True,,,,,200000,200000,True,,,,,200000,200000,True,,,,,200000,200000,True,,,,,0.04621848836541176,0.01886792480945587,0.04502660781145096,0.04536362364888191,0.23675048365929044,0.077537393227611,0.7869331959518305,0.36781555209492334
ntk_N400_a1_wd0_s0,1.0,400,0.0,0,100.0,23,0.9,42,100.0,200000,ok,137,124,False,1.0035433888899579,8.34248149331751e-05,0.013416275482270536,0.40559383522505715,200000,200000,True,,,,,200000,200000,True,,,,,200000,200000,True,,,,,1.0,0.16981132328510284,2.0404624656578108e-09,0.049115464091300964,1.9353629586005263,0.022855469170615206,0.9815147075772326,0.40075538189921106
ntk_N400_a1_wd0_s1,1.0,400,0.0,1,100.0,23,0.9,43,100.0,200000,ok,137,124,False,1.0119120089545715,6.930335739063764e-05,0.016797433034328606,0.37301718631586356,200000,200000,True,,,,,200000,200000,True,,,,,200000,200000,True,,,,,1.0,0.11320754885673523,2.360825535063782e-09,0.052892252802848816,1.8713733135186401,0.02151276202122132,0.9164105351891344,0.37626567810877387
ntk_N400_a1_wd0_s2,1.0,400,0.0,2,100.0,23,0.9,44,100.0,200000,ok,207,187,False,1.0081268192202084,9.97427817015506e-05,0.016344783178480385,0.4087390735484408,200000,200000,True,,,,,200000,200000,True,,,,,200000,200000,True,,,,,1.0,0.07547169923782349,2.698130385780928e-09,0.05861791968345642,1.9473770283374126,0.02219689580619455,0.9919549807366219,0.3997576728545752
ntk_N400_a1_wd0_s3,1.0,400,0.0,3,100.0,23,0.9,45,100.0,200000,ok,169,152,False,1.0103052479090602,6.390911477771599e-05,0.015340585470112031,0.3970936047370387,200000,200000,True,,,,,200000,200000,True,,,,,200000,200000,True,,,,,1.0,0.24528302252292633,2.168658808088253e-09,0.04859120398759842,1.9026990205807737,0.019679941876224682,0.9432685375986242,0.39318370811945647
ntk_N400_a1_wd0_s4,1.0,400,0.0,4,100.0,23,0.9,46,100.0,200000,ok,152,137,False,1.005206099733136,7.310575480157233e-05,0.01319379307610994,0.43306079496839084,200000,200000,True,,,,,200000,200000,True,,,,,200000,200000,True,,,,,1.0,0.16981132328510284,2.4563515665931845e-09,0.05530737712979317,1.9677649636107377,0.024395115129361877,1.0161578275357182,0.4249855951348263
ntk_N400_a1_wd3e-06_s0,1.0,400,3e-06,0,100.0,23,0.9,42,100.0,200000,ok,137,124,False,1.0027569512721215,8.346381315960105e-05,0.013228326347936099,0.40559365641205386,164000,163000,False,1.4655477232158227,0.020242786024867954,0.5254219452326073,0.4098361759551444,200000,200000,True,,,,,200000,200000,True,,,,,1.0,0.8679245114326477,7.524062766606221e-06,0.031222950667142868,1.4135545377172474,0.019428800796708723,0.4753469203894247,0.41179699371998185
ntk_N400_a1_wd3e-06_s1,1.0,400,3e-06,1,100.0,23,0.9,43,100.0,200000,ok,137,124,False,1.011128522558043,6.935419115261521e-05,0.01625103122856113,0.3730167506804887,200000,200000,True,,,,,200000,200000,True,,,,,200000,200000,True,,,,,1.0,0.7169811129570007,7.407606517517706e-06,0.03315037861466408,1.3328459688196637,0.019065902501565812,0.4020077879118035,0.3894380515436136
ntk_N400_a1_wd3e-06_s2,1.0,400,3e-06,2,100.0,23,0.9,44,100.0,200000,ok,187,169,False,1.006679514424971,9.290460731237182e-05,0.015220586155179091,0.4087351739752598,200000,200000,True,,,,,200000,200000,True,,,,,200000,200000,True,,,,,1.0,0.49056604504585266,7.70474798628129e-06,0.037993356585502625,1.3945910291320907,0.019681902245326288,0.4589101098109481,0.4113992890455346
ntk_N400_a1_wd3e-06_s3,1.0,400,3e-06,3,100.0,23,0.9,45,100.0,200000,ok,169,152,False,1.009344507292108,6.397429183335746e-05,0.01471271615548888,0.39709350336104743,200000,200000,True,,,,,200000,200000,True,,,,,200000,200000,True,,,,,1.0,0.698113203048706,7.441985417244723e-06,0.031217845156788826,1.3790245030734831,0.016318961218162675,0.4343593773584335,0.40562215709599747
ntk_N400_a1_wd3e-06_s4,1.0,400,3e-06,4,100.0,23,0.9,46,100.0,200000,ok,152,137,False,1.0043369224060894,7.314561960680699e-05,0.012873794659036233,0.43306063271226153,200000,200000,True,,,,,200000,200000,True,,,,,200000,200000,True,,,,,1.0,0.5471698045730591,8.081177838903386e-06,0.03645101934671402,1.4354920538761897,0.020151594070714318,0.4975019952846429,0.43473692523207386
ntk_N400_a1_wd1e-05_s0,1.0,400,1e-05,0,100.0,23,0.9,42,100.0,200000,ok,137,124,False,1.0009231440531046,8.35538690235893e-05,0.012965885912835186,0.4055934762414899,49000,48000,False,1.3768900275139788,0.023969683572029332,0.4561286324990718,0.4091840011240706,60000,59000,False,1.3234455201535102,0.023085153415888793,0.4070883076778357,0.411294769952327,73000,72000,False,1.2710461783927671,0.02210856935676797,0.36009450982016733,0.41381737114647366,1.0,1.0,5.8319419622421265e-05,0.012318559922277927,1.0197906237302394,0.015378499820223213,0.17820597250101772,0.42872693609674717
ntk_N400_a1_wd1e-05_s1,1.0,400,1e-05,1,100.0,23,0.9,43,100.0,200000,ok,137,124,False,1.0093074009097318,6.946122912654396e-05,0.015061313918840318,0.37301683911858197,56000,55000,False,1.2690467906306666,0.022194165148680667,0.3587715758724229,0.3880941572366066,70000,69000,False,1.2069267191114597,0.02158914341686391,0.3081098751213881,0.3908379824754462,77000,76000,False,1.1807567106254415,0.021319176459603795,0.2881293282113086,0.39217507984667743,1.0,1.0,5.8330402680439875e-05,0.01253509521484375,0.9594127222865515,0.018313946850510243,0.19180353051887966,0.4074583714230324
ntk_N400_a1_wd1e-05_s2,1.0,400,1e-05,2,100.0,23,0.9,44,100.0,200000,ok,187,169,False,1.0041694409752357,9.251238173535459e-05,0.01425413804294153,0.4087252859706038,75000,74000,False,1.2388032536047755,0.022239627341009705,0.3348552513403777,0.41599992625398724,87000,86000,False,1.1933052197640233,0.021550108548768043,0.29799097641282635,0.41863597819109966,106000,105000,False,1.1343308780124188,0.020703168717902898,0.2549770026618542,0.42287437877298595,1.0,1.0,5.8765115682035685e-05,0.01317509450018406,0.9810136700395174,0.01789722263433524,0.18834893375173356,0.43806741489576173
ntk_N400_a1_wd1e-05_s3,1.0,400,1e-05,3,100.0,23,0.9,45,100.0,200000,ok,169,152,False,1.0071056929491367,6.412849876757942e-05,0.01340370190155857,0.3970933664797456,64000,63000,False,1.2705367513342374,0.019397123999164823,0.34997092971379146,0.40747424230930945,74000,73000,False,1.227492777381994,0.01856854395410157,0.3119911392031719,0.40985027944475066,82000,81000,False,1.1974105121085594,0.017839182255338315,0.28581910189994075,0.41139335304983216,1.0,1.0,5.885436985408887e-05,0.012420587241649628,0.981651791882735,0.013740020138803932,0.16526490105475636,0.42879529073028827
ntk_N400_a1_wd1e-05_s4,1.0,400,1e-05,4,100.0,23,0.9,46,100.0,200000,ok,169,152,False,1.0024429452895818,7.506200205231739e-05,0.012508346434333711,0.4330173948800613,74000,73000,False,1.2762581344287274,0.02199121372707613,0.3639388515236092,0.4374252988411401,93000,92000,False,1.2054241851627,0.02046435591313356,0.30254843406088905,0.4409433271379727,115000,114000,False,1.1425500262391726,0.01852812897298539,0.2503180745956694,0.4441381963434684,1.0,1.0,5.9529829741222784e-05,0.013223150745034218,1.005945780532839,0.013717717335077317,0.16623450920212407,0.45338664053623545
ntk_N400_a1_wd3e-05_s0,1.0,400,3e-05,0,100.0,23,0.9,42,100.0,200000,ok,137,124,False,0.9956070848529464,8.394925166521627e-05,0.013654986010290157,0.4055790502900932,18000,17057,False,1.1967236381055908,0.026657854430419792,0.3201630192036893,0.4100757374239562,20000,19000,False,1.1702546431237566,0.026854313648049688,0.3030501839205214,0.41137158216260383,22000,21000,False,1.1456092998303473,0.026878533539154037,0.28772671786540377,0.4124650633414952,1.0,1.0,0.0003538559249136597,0.006255774293094873,0.7475394184492825,0.017228009652201837,0.2991547724336311,0.44927242358266173
ntk_N400_a1_wd3e-05_s1,1.0,400,3e-05,1,100.0,23,0.9,43,100.0,200000,ok,152,137,False,1.0039754246064845,7.546186835005742e-05,0.012935521769092614,0.37302903352889094,18900,18000,False,1.1222551782724006,0.024321801821268307,0.2636984351339294,0.38727418215043197,23000,22000,False,1.0688811286011861,0.024964489785591848,0.24106587048216754,0.3898821149856981,25000,24000,False,1.045350299257124,0.025102032628955273,0.23353261931471583,0.3910597606616492,1.0,1.0,0.00035649005440063775,0.006498922593891621,0.733852270930052,0.0204831310854513,0.31764413769928657,0.4239595079789953
ntk_N400_a1_wd3e-05_s2,1.0,400,3e-05,2,100.0,23,0.9,44,100.0,200000,ok,187,169,False,0.9970944799354887,9.27920860716025e-05,0.013909960476306908,0.4087250585366567,23000,22000,False,1.119553490863461,0.026156143770683205,0.26992488086434285,0.4142431237829215,25710,25000,False,1.085877392291064,0.026329134263247567,0.25407744846173647,0.41636151710125824,27000,26000,False,1.0711446784358138,0.026338156015204173,0.24796273224162488,0.41738166593782466,1.0,1.0,0.00035561571712605655,0.006200522184371948,0.7257335326778338,0.019863157765862116,0.32257218480286426,0.46308412463850335
ntk_N400_a1_wd3e-05_s3,1.0,400,3e-05,3,100.0,23,0.9,45,100.0,200000,ok,169,152,False,1.0007662568163986,6.451192709266973e-05,0.011389024062762328,0.397100077634342,19000,18900,False,1.159950245785857,0.02258174897888665,0.27923375813755835,0.4051315090448873,23000,22000,False,1.1066250457350557,0.02246764180016203,0.24717485844504716,0.4080221712329263,27000,26000,False,1.061676303298942,0.022053328920275672,0.22501324368945774,0.4105631854935886,1.0,1.0,0.0003507739747874439,0.006683089770376682,0.7441732718417327,0.015401661728873028,0.29727146657779746,0.445455629348179
ntk_N400_a1_wd3e-05_s4,1.0,400,3e-05,4,100.0,23,0.9,46,100.0,200000,ok,169,152,False,0.9960565312234914,7.534596254210602e-05,0.012870455398859488,0.4330158602754261,23204,23000,False,1.141068696327034,0.026645840152105804,0.28409478216470774,0.43623709691093904,28000,27000,False,1.083815938492263,0.025914609353343665,0.25139300877161935,0.4401721062685082,34000,33000,False,1.0228727487837896,0.024703238660683136,0.22596393938492917,0.4448123348422935,1.0,1.0,0.00036282200017012656,0.006414197385311127,0.7415072551013826,0.014593718260263011,0.29742426784477854,0.46851818721391997
ntk_N400_a1_wd0.0001_s0,1.0,400,0.0001,0,100.0,23,0.9,42,100.0,200000,ok,187,169,False,0.9706345962555405,0.00010742820750497817,0.032724211322982734,0.405727563308191,10000,9218,False,0.7720972672079163,0.025191438511002473,0.30139697622382083,0.4182933892838341,10214,10000,False,0.7704960808966778,0.02528819402772864,0.30272257541588093,0.41854534104732766,12000,11317,False,0.7506295735461883,0.026550874986085327,0.3194453842614147,0.4219866050692494,1.0,1.0,0.0021500722505152225,0.007347456645220518,0.5420580219634582,0.023463889138451544,0.48492105946838243,0.46295935789245835
ntk_N400_a1_wd0.0001_s1,1.0,400,0.0001,1,100.0,23,0.9,43,100.0,200000,ok,254,230,False,0.970027310199369,0.00010735919205906441,0.03326627166487892,0.3733618902740398,10000,9218,False,0.7338097705815788,0.022947356850191003,0.3233190801193401,0.3923346156439418,11000,10214,False,0.7251608450114716,0.024261187185432465,0.33275078830191773,0.39476988411025693,11000,10214,False,0.7251608450114716,0.024261187185432465,0.33275078830191773,0.39476988411025693,1.0,1.0,0.0021378735546022654,0.00749989366158843,0.5430478564478038,0.023846466848886028,0.48446342164216,0.443564660717472
ntk_N400_a1_wd0.0001_s2,1.0,400,0.0001,2,100.0,23,0.9,44,100.0,200000,ok,230,207,False,0.9662513947593836,0.0001156321802258109,0.0369110805386553,0.4086199742355428,11000,10214,False,0.7477016891097326,0.02595066372636079,0.3200955293057359,0.4219530473129659,12000,11317,False,0.736867103739347,0.02706692722757431,0.3303458455030608,0.4250989430498268,12000,11317,False,0.736867103739347,0.02706692722757431,0.3303458455030608,0.4250989430498268,1.0,1.0,0.00212321849539876,0.007324512116611004,0.5326644601616032,0.025532402083109473,0.49558340684540964,0.4845470994501365
ntk_N400_a1_wd0.0001_s3,1.0,400,0.0001,3,100.0,23,0.9,45,100.0,200000,ok,254,230,False,0.9673502566555482,0.00010634019309796461,0.03566149417272807,0.3969101939632082,10000,9218,False,0.752492639981266,0.020025983856254426,0.3023221860596301,0.4135854073879098,11000,10214,False,0.7432897380080782,0.02089157435512312,0.3113794217188295,0.41617790297792745,12000,11317,False,0.7329768639323048,0.021622932520279803,0.32093546661423417,0.41885044679290256,1.0,1.0,0.00213711173273623,0.0077613238245248795,0.5384477140291644,0.019198550901944667,0.4834308061931443,0.46219750748589666
ntk_N400_a1_wd0.0001_s4,1.0,400,0.0001,4,100.0,23,0.9,46,100.0,200000,ok,230,207,False,0.9646490945639101,0.00010532543822072693,0.038116803281220565,0.4327218233937198,11000,10214,False,0.7496249396019515,0.02298992324173632,0.3116974663233667,0.4455223421431847,11317,11000,False,0.7462829970946289,0.023231706969342403,0.3147176089333006,0.44633087618334566,12000,11317,False,0.7391650145063334,0.023617562252444046,0.3208573532698684,0.44789942787750175,1.0,1.0,0.002179117174819112,0.007137523964047432,0.5330161264062034,0.02004420532468032,0.4893278119571482,0.4824992903373707
ntk_N400_a1_wd0.0003_s0,1.0,400,0.0003,0,100.0,23,0.9,42,100.0,200000,ok,7000,6776,False,0.3069734566295029,0.013560970775135961,0.6990075149554904,0.4095355207318296,12000,11317,False,0.3519952934703258,0.021110137633625903,0.6593720026416828,0.42708327291882914,12539,12000,False,0.3554225730641946,0.02188338943975776,0.6565331373809494,0.4298055403918267,13000,12539,False,0.3582062153594479,0.02253229764101905,0.6542489435420799,0.43127570145466265,1.0,1.0,0.011263770051300526,0.019742224365472794,0.3620886989165778,0.023718850278456216,0.6512353517156384,0.4559847346677822
ntk_N400_a1_wd0.0003_s1,1.0,400,0.0003,1,100.0,23,0.9,43,100.0,200000,ok,6776,6116,False,0.31061627479965653,0.010472464112470381,0.6940862742860429,0.3777286553611203,11000,10214,False,0.3453609343657211,0.016763786148997317,0.663424012190071,0.39825235386455493,12000,11317,False,0.3532334717390392,0.017819550995271438,0.6564265882827397,0.40171138282306634,12000,11317,False,0.3532334717390392,0.017819550995271438,0.6564265882827397,0.40171138282306634,1.0,1.0,0.011314217932522297,0.020315684378147125,0.37179699412720546,0.01987399019163305,0.6398571686061975,0.4235629510012076
ntk_N400_a1_wd0.0003_s2,1.0,400,0.0003,2,100.0,23,0.9,44,100.0,200000,ok,6776,6116,False,0.28532274918775985,0.016634442483999923,0.7212876974897204,0.40964792832756247,12539,12000,False,0.33911538869945707,0.026342834247611413,0.6742662607638897,0.4397999046665822,13000,12539,False,0.34270195175672613,0.026629325804117587,0.6710384251877763,0.4414122866475185,13894,13000,False,0.34877325384267455,0.026850392357465558,0.6654514800716796,0.44453257542147995,1.0,1.0,0.011274052783846855,0.0205515269190073,0.3489010595338702,0.025260986168093802,0.6644975545131474,0.464938062431875
ntk_N400_a1_wd0.0003_s3,1.0,400,0.0003,3,100.0,23,0.9,45,100.0,200000,ok,6776,6116,False,0.31026356720855336,0.008010165605583874,0.693330276152217,0.4101388556135658,12539,12000,False,0.3581766161761951,0.013517532894895545,0.6493231740864696,0.4289965043595525,13894,13000,False,0.3658153062520223,0.014837498788404346,0.6426863886148553,0.432682248970082,15000,14000,False,0.3717292511817303,0.015015411758991237,0.6370929832915914,0.4338644490651683,1.0,1.0,0.011266212910413742,0.02065545693039894,0.3670404168706909,0.01433247385555858,0.6412168340216076,0.4520488201846141
ntk_N400_a1_wd0.0003_s4,1.0,400,0.0003,4,100.0,23,0.9,46,100.0,200000,ok,7508,7000,False,0.29700915525753807,0.009487566801397729,0.7069879179971786,0.4357677246541723,12539,12000,False,0.34465224639753445,0.015848472410850856,0.6636302444799633,0.4495937362371039,13000,12539,False,0.3478380393664215,0.016530306365111658,0.6609197845501121,0.45099687217406814,13894,13000,False,0.3539940967633178,0.01693063412285678,0.6552177623390131,0.45300036639189867,1.0,1.0,0.011407087557017803,0.020162880420684814,0.36078389030229446,0.016427942517406202,0.6484220145239161,0.46649818767459195
ntk_N400_a1_wd0.001_s0,1.0,400,0.001,0,100.0,23,0.9,42,100.0,200000,ok,200000,200000,True,,,,,200000,200000,True,,,,,200000,200000,True,,,,,200000,200000,True,,,,,0.06302521377801895,0.01886792480945587,0.04738457873463631,0.050257373601198196,0.12382227086166545,0.0377212795269104,0.8814924174487653,0.36751554726522856
ntk_N400_a1_wd0.001_s1,1.0,400,0.001,1,100.0,23,0.9,43,100.0,200000,ok,200000,200000,True,,,,,200000,200000,True,,,,,200000,200000,True,,,,,200000,200000,True,,,,,0.06092436984181404,0.0,0.047285012900829315,0.05155860260128975,0.18133761891250944,0.025872741496782203,0.8243733965160268,0.3417181972263597
ntk_N400_a1_wd0.001_s2,1.0,400,0.001,2,100.0,23,0.9,44,100.0,200000,ok,200000,200000,True,,,,,200000,200000,True,,,,,200000,200000,True,,,,,200000,200000,True,,,,,0.05882352963089943,0.0,0.04703013598918915,0.05364568531513214,0.14426147480327747,0.03656065991642243,0.8618799295403682,0.37067771827322343
ntk_N400_a1_wd0.001_s3,1.0,400,0.001,3,100.0,23,0.9,45,100.0,200000,ok,200000,200000,True,,,,,200000,200000,True,,,,,200000,200000,True,,,,,200000,200000,True,,,,,0.0714285746216774,0.01886792480945587,0.04724370688199997,0.051873721182346344,0.17776536793717593,0.03868630806694073,0.8305564169511841,0.37411994282751115
ntk_N400_a1_wd0.001_s4,1.0,400,0.001,4,100.0,23,0.9,46,100.0,200000,ok,200000,200000,True,,,,,200000,200000,True,,,,,200000,200000,True,,,,,200000,200000,True,,,,,0.05672268941998482,0.0,0.04744658246636391,0.0516866073012352,0.15026604312537958,0.04230709085284268,0.857182848488585,0.39557329216558296
ntk_N400_a1_wd0.003_s0,1.0,400,0.003,0,100.0,23,0.9,42,100.0,200000,ok,200000,200000,True,,,,,200000,200000,True,,,,,200000,200000,True,,,,,200000,200000,True,,,,,0.031512606889009476,0.09433962404727936,0.0581001378595829,0.055514223873615265,0.04766255358761063,0.0832165169326482,0.9564931966483734,0.3471351183709624
ntk_N400_a1_wd0.003_s1,1.0,400,0.003,1,100.0,23,0.9,43,100.0,200000,ok,200000,200000,True,,,,,200000,200000,True,,,,,200000,200000,True,,,,,200000,200000,True,,,,,0.03991596773266792,0.03773584961891174,0.05786765739321709,0.05804411321878433,0.13478230230453186,0.036859649779482306,0.8709407105677637,0.31652909055409667
ntk_N400_a1_wd0.003_s2,1.0,400,0.003,2,100.0,23,0.9,44,100.0,200000,ok,200000,200000,True,,,,,200000,200000,True,,,,,200000,200000,True,,,,,200000,200000,True,,,,,0.04411764815449715,0.01886792480945587,0.05598020553588867,0.059224504977464676,0.08539425938223263,0.03542435702610558,0.9179072579708948,0.3518882046104551
ntk_N400_a1_wd0.003_s3,1.0,400,0.003,3,100.0,23,0.9,45,100.0,200000,ok,200000,200000,True,,,,,200000,200000,True,,,,,200000,200000,True,,,,,200000,200000,True,,,,,0.05882352963089943,0.07547169923782349,0.05735510587692261,0.05710030347108841,0.12434397196791817,0.04137090975804336,0.8815111604032051,0.343918254712271
ntk_N400_a1_wd0.003_s4,1.0,400,0.003,4,100.0,23,0.9,46,100.0,200000,ok,200000,200000,True,,,,,200000,200000,True,,,,,200000,200000,True,,,,,200000,200000,True,,,,,0.052521008998155594,0.01886792480945587,0.05541292577981949,0.05664151534438133,0.07956332213191479,0.03138546437676615,0.9231456773390502,0.36725652972234685
ntk_N400_a2_wd0_s0,2.0,400,0.0,0,100.0,23,0.9,42,25.0,200000,ok,137,124,False,0.9998919384410104,3.526273483678288e-05,0.008398185868499343,0.4053493550863966,200000,200000,True,,,,,200000,200000,True,,,,,200000,200000,True,,,,,1.0,0.03773584961891174,8.322587952136473e-09,0.06921140104532242,1.4217812791865858,0.010485252503611875,0.45575752205161835,0.4037908351094847
ntk_N400_a2_wd0_s1,2.0,400,0.0,1,100.0,23,0.9,43,25.0,200000,ok,137,124,False,1.0037315940639457,2.3704698676185743e-05,0.007842901518983775,0.37306384393358893,200000,200000,True,,,,,200000,200000,True,,,,,200000,200000,True,,,,,1.0,0.056603774428367615,8.682954799610343e-09,0.07166416198015213,1.389437536787515,0.009337528930902894,0.4214373280263607,0.3735329007951322
ntk_N400_a2_wd0_s2,2.0,400,0.0,2,100.0,23,0.9,44,25.0,200000,ok,169,152,False,1.0023174797646772,2.5670545459877125e-05,0.007538619589736027,0.4089882046160146,200000,200000,True,,,,,200000,200000,True,,,,,200000,200000,True,,,,,1.0,0.01886792480945587,8.753213265322302e-09,0.07470354437828064,1.4221504081542775,0.010162911860943424,0.4551014673751078,0.4044419308421605
ntk_N400_a2_wd0_s3,2.0,400,0.0,3,100.0,23,0.9,45,25.0,200000,ok,169,152,False,1.0036848969168513,2.657948575746083e-05,0.008181278759061354,0.397123168513808,200000,200000,True,,,,,200000,200000,True,,,,,200000,200000,True,,,,,1.0,0.03773584961891174,8.316666466612332e-09,0.06881817430257797,1.3936747473875588,0.009615277696712665,0.42635776779685,0.39726269917381324
ntk_N400_a2_wd0_s4,2.0,400,0.0,4,100.0,23,0.9,46,25.0,200000,ok,152,137,False,1.0010459347246956,2.253825076947713e-05,0.006798354805768222,0.43311054227834617,200000,200000,True,,,,,200000,200000,True,,,,,200000,200000,True,,,,,1.0,0.07547169923782349,8.24733525917054e-09,0.07037379592657089,1.4307808311216004,0.010817067668021374,0.4653233613289969,0.42598814486131165
ntk_N400_a2_wd3e-06_s0,2.0,400,3e-06,0,100.0,23,0.9,42,25.0,200000,ok,137,124,False,0.9991057499668087,3.527622342269776e-05,0.008443283628954384,0.4053491704867514,200000,200000,True,,,,,200000,200000,True,,,,,200000,200000,True,,,,,1.0,0.09433962404727936,3.445151378400624e-05,0.052854713052511215,0.999430363632677,0.008174674118836878,0.12782941578497067,0.41021799949649385
ntk_N400_a2_wd3e-06_s1,2.0,400,3e-06,1,100.0,23,0.9,43,25.0,200000,ok,152,137,False,1.0030406162705432,2.4826868458949214e-05,0.007684403827406219,0.37311137353371726,200000,200000,True,,,,,200000,200000,True,,,,,200000,200000,True,,,,,1.0,0.1320754736661911,3.416406252654269e-05,0.05582693964242935,0.9512065298933201,0.007770529432166273,0.13100976833145395,0.38320483228100555
ntk_N400_a2_wd3e-06_s2,2.0,400,3e-06,2,100.0,23,0.9,44,25.0,200000,ok,169,152,False,1.0013485275567888,2.5677359269504763e-05,0.007296745737891409,0.4089880894680168,200000,200000,True,,,,,200000,200000,True,,,,,200000,200000,True,,,,,1.0,0.07547169923782349,3.5265155020169914e-05,0.06054050847887993,0.9731435003642783,0.009703836998818716,0.14002758078561903,0.40878037470035733
ntk_N400_a2_wd3e-06_s3,2.0,400,3e-06,3,100.0,23,0.9,45,25.0,200000,ok,169,152,False,1.0027222235669904,2.6598857604143156e-05,0.007794423162178562,0.3971229267415862,200000,200000,True,,,,,200000,200000,True,,,,,200000,200000,True,,,,,1.0,0.07547169923782349,3.3272692235186696e-05,0.0539713129401207,0.9653325852339943,0.007545043376148253,0.12557381137226845,0.40511288477252766
ntk_N400_a2_wd3e-06_s4,2.0,400,3e-06,4,100.0,23,0.9,46,25.0,200000,ok,152,137,False,1.0001744657787501,2.254743289153982e-05,0.00671812262479461,0.43311026240658984,200000,200000,True,,,,,200000,200000,True,,,,,200000,200000,True,,,,,1.0,0.09433962404727936,3.592448410927318e-05,0.05715511739253998,1.0026306077464353,0.009611793730612717,0.13885631882068267,0.43280012687863956
ntk_N400_a2_wd1e-05_s0,2.0,400,1e-05,0,100.0,23,0.9,42,25.0,200000,ok,152,137,False,0.9971920951022063,3.647622816527196e-05,0.008979529090451343,0.4053789050772919,189000,188000,False,0.7264374092243224,0.0067098745294930096,0.2908351746449372,0.41936507018679176,200000,200000,True,,,,,200000,200000,True,,,,,1.0,0.8867924809455872,0.0002456696529407054,0.030937867239117622,0.7206260362490555,0.006659706679679744,0.2960542647492722,0.41961281625922314
ntk_N400_a2_wd1e-05_s1,2.0,400,1e-05,1,100.0,23,0.9,43,25.0,200000,ok,169,152,False,1.0008305079498654,2.5805950734758554e-05,0.0072349505194300315,0.373112518688413,192000,191000,False,0.6705365409444062,0.008387857736042448,0.34611400011758603,0.392737723132571,200000,200000,True,,,,,200000,200000,True,,,,,1.0,0.8301886916160583,0.0002479977556504309,0.03169688582420349,0.6659743868369612,0.00842330148149495,0.35041763130228915,0.393087095524715
ntk_N400_a2_wd1e-05_s2,2.0,400,1e-05,2,100.0,23,0.9,44,25.0,200000,ok,187,169,False,0.9988759578101644,2.8641975759136074e-05,0.007647420008354918,0.4089882815043026,200000,200000,True,,,,,200000,200000,True,,,,,200000,200000,True,,,,,1.0,0.7358490824699402,0.0002496823435649276,0.035029634833335876,0.6750405318989764,0.00834899382949128,0.34186323929235535,0.42312605083164556
ntk_N400_a2_wd1e-05_s3,2.0,400,1e-05,3,100.0,23,0.9,45,25.0,200000,ok,169,152,False,1.0004799191142144,2.664538774277414e-05,0.007317559231291397,0.3971223824824972,200000,200000,True,,,,,200000,200000,True,,,,,200000,200000,True,,,,,1.0,0.7924528121948242,0.00024323712568730116,0.030948929488658905,0.687184805819881,0.006294748478138823,0.3263505120743883,0.41624826793916553
ntk_N400_a2_wd1e-05_s4,2.0,400,1e-05,4,100.0,23,0.9,46,25.0,200000,ok,152,137,False,0.9981449614686468,2.2569347334577827e-05,0.006963916183004937,0.43310948992399867,200000,200000,True,,,,,200000,200000,True,,,,,200000,200000,True,,,,,1.0,0.7735849022865295,0.0002521016576793045,0.03233916312456131,0.7152332028430755,0.006071036682848585,0.2996273398498812,0.4424998758960416
ntk_N400_a2_wd3e-05_s0,2.0,400,3e-05,0,100.0,23,0.9,42,25.0,200000,ok,152,137,False,0.9914628078639891,3.6825389003514175e-05,0.012079141390479399,0.4053812986203539,57000,56000,False,0.5945172751319958,0.00954423570531504,0.419242967950405,0.4193055996507317,73000,72000,False,0.5701831729563316,0.00862645113861682,0.4411120258766761,0.4229914595377466,79000,78000,False,0.5648459947239343,0.008393627091062061,0.4459161598271448,0.4236853810222534,1.0,1.0,0.0013886558590456843,0.02011903189122677,0.5206783905882361,0.008530763135643493,0.4885005356076862,0.42974178722609746
ntk_N400_a2_wd3e-05_s1,2.0,400,3e-05,1,100.0,23,0.9,43,25.0,200000,ok,187,169,False,0.9937962710617463,2.8549279108558423e-05,0.009758616038061533,0.3731128292884043,52000,51000,False,0.5680596591808079,0.011062773823457328,0.4462522706748894,0.38871412272802985,67000,66000,False,0.5426842818726602,0.011165413233948707,0.4703788415433653,0.3913864476779766,112000,111000,False,0.5132827885615188,0.010735541194498488,0.49791001290645864,0.3963526141496673,1.0,0.9622641801834106,0.0013901356142014265,0.02051050029695034,0.49887301562622915,0.011053600507489714,0.5120126370559104,0.4016571110367966
ntk_N400_a2_wd3e-05_s2,2.0,400,3e-05,2,100.0,23,0.9,44,25.0,200000,ok,169,152,False,0.9925606246782164,2.6969559580591884e-05,0.010434661038431336,0.40893432919273154,71708,71000,False,0.5421603316292222,0.011570660930734111,0.47134219911717634,0.42752123480306525,86000,85000,False,0.5296031834824284,0.011295541475128013,0.48294665796404157,0.43022578101470493,95000,94000,False,0.5231397489637201,0.011261879840875233,0.48905906903360236,0.43192674229420963,1.0,0.9811320900917053,0.001408959156833589,0.019866179674863815,0.49177762247781787,0.01048259190883738,0.5182665272492192,0.43905226248059764
ntk_N400_a2_wd3e-05_s3,2.0,400,3e-05,3,100.0,23,0.9,45,25.0,200000,ok,207,187,False,0.992390542926754,2.9858696658169315e-05,0.010824362028552515,0.3970895276963779,58000,57000,False,0.5753824149934861,0.0071981058740513415,0.4342619262370871,0.41495776906691806,64717,64000,False,0.5642605135063481,0.00699917014566831,0.444710704583078,0.416408793178838,81000,80000,False,0.54740746165916,0.006522049332419511,0.4604133389700563,0.4193492631139819,1.0,0.9811320900917053,0.0013760265428572893,0.020846188068389893,0.5096691200628831,0.006573142327180426,0.4971163114923826,0.4257015543684474
ntk_N400_a2_wd3e-05_s4,2.0,400,3e-05,4,100.0,23,0.9,46,25.0,200000,ok,169,152,False,0.9915500990592078,2.3487963380253163e-05,0.010861851165513369,0.4331048314748902,61000,60000,False,0.5868361586416471,0.00803288895970733,0.42442000330546287,0.4423662374468995,71000,70000,False,0.571343360026954,0.007462451850515084,0.4384903187319041,0.44416960076279116,83000,82000,False,0.5567431567179743,0.00716020307316767,0.4521608311649078,0.445888565723267,1.0,1.0,0.001409596879966557,0.020008312538266182,0.5176182363684048,0.007188457317483854,0.4900346100859603,0.4501299570614919
ntk_N400_a2_wd0.0001_s0,2.0,400,0.0001,0,100.0,23,0.9,42,25.0,200000,ok,578,522,False,0.9069781132828034,0.00012460921762647015,0.09422901397461232,0.40570539046858284,34000,33000,False,0.3761812104303909,0.011796234655185867,0.6308921666040163,0.4208007235714899,44000,43000,False,0.36845715865411194,0.012342533610456119,0.6387031784676201,0.4270183070555655,60000,59000,False,0.3599315727919568,0.012764516654954927,0.6472065332022479,0.43023305454345045,1.0,1.0,0.008200961165130138,0.022719422355294228,0.35242021291529896,0.013355179804492634,0.6548074917570121,0.43471722535637114
ntk_N400_a2_wd0.0001_s1,2.0,400,0.0001,1,100.0,23,0.9,43,25.0,200000,ok,471,425,False,0.9274311147136569,7.142909842527967e-05,0.07347607943033975,0.3732164430017609,30000,29000,False,0.36829637675788346,0.012698535168415237,0.6390642507624235,0.3914742504656995,34000,33000,False,0.36851127142983564,0.013141840517285286,0.63911176411256,0.39286770862617876,64000,63000,False,0.36131110021299234,0.014335657958130299,0.6467478453071156,0.39952573540592656,1.0,0.9811320900917053,0.008208573795855045,0.02284374088048935,0.35390051469005857,0.014038834343943707,0.6537440220129829,0.40429914950735407
ntk_N400_a2_wd0.0001_s2,2.0,400,0.0001,2,100.0,23,0.9,44,25.0,200000,ok,383,346,False,0.9354801994503791,6.403100511909177e-05,0.0654416086128903,0.4087742138319114,34974,34000,False,0.35346204493735567,0.016908882601920694,0.6557168777610859,0.429598245601337,41000,40000,False,0.3506936116377341,0.01747555852485283,0.658677401644374,0.43182848154321973,50000,49000,False,0.34659415617072187,0.018067325996387607,0.6629202485715832,0.4340412825379656,1.0,0.9811320900917053,0.008129770867526531,0.02309194765985012,0.3349254525579149,0.018765002377860385,0.6744582325708574,0.4422302039181725
ntk_N400_a2_wd0.0001_s3,2.0,400,0.0001,3,100.0,23,0.9,45,25.0,200000,ok,710,640,False,0.8917391513110174,9.966491198998284e-05,0.10907869437670205,0.3964752200366437,38000,37000,False,0.36647582145423535,0.008093925700515925,0.6381891106418679,0.4226677741049993,51000,50000,False,0.3615471840323014,0.008586938900661867,0.6432971050572727,0.4251324351578293,101000,100000,False,0.3553623328723249,0.009037389838148058,0.6496005062742279,0.42722421933170107,1.0,0.9622641801834106,0.008171486668288708,0.024637749418616295,0.35135998777637956,0.009157905773608421,0.653581906710095,0.4303812687109282
ntk_N400_a2_wd0.0001_s4,2.0,400,0.0001,4,100.0,23,0.9,46,25.0,200000,ok,471,425,False,0.9218952010882109,0.00010387854801752194,0.07932143394365708,0.4324671564678161,36000,35000,False,0.3682668840778319,0.008474851072694078,0.6366543361572752,0.4427178568950517,38751,38000,False,0.36693812668398446,0.008625499530463654,0.6380418361872727,0.4434734240858446,46000,45000,False,0.36375668873999106,0.008924303476129158,0.6413252694901984,0.4441079818961597,1.0,1.0,0.008342962712049484,0.023367390036582947,0.3509708783664718,0.009464327138095419,0.6541270573413082,0.44818471511848806
ntk_N400_a2_wd0.0003_s0,2.0,400,0.0003,0,100.0,23,0.9,42,25.0,200000,ok,200000,200000,True,,,,,200000,200000,True,,,,,200000,200000,True,,,,,200000,200000,True,,,,,0.5546218752861023,0.11320754885673523,0.03619777038693428,0.048535771667957306,0.2252694018500231,0.017209609373159074,0.7797186008612011,0.39291556241290077
ntk_N400_a2_wd0.0003_s1,2.0,400,0.0003,1,100.0,23,0.9,43,25.0,200000,ok,200000,200000,True,,,,,200000,200000,True,,,,,200000,200000,True,,,,,200000,200000,True,,,,,0.5315126180648804,0.03773584961891174,0.03640468791127205,0.05003849416971207,0.23898635593768874,0.016469969505349402,0.7661683642894522,0.35352588450069194
ntk_N400_a2_wd0.0003_s2,2.0,400,0.0003,2,100.0,23,0.9,44,25.0,200000,ok,200000,200000,True,,,,,200000,200000,True,,,,,200000,200000,True,,,,,200000,200000,True,,,,,0.5168067216873169,0.01886792480945587,0.03675438091158867,0.05242760479450226,0.21160940105437195,0.023402306789126914,0.7946471120892101,0.3916101242267211
ntk_N400_a2_wd0.0003_s3,2.0,400,0.0003,3,100.0,23,0.9,45,25.0,200000,ok,200000,200000,True,,,,,200000,200000,True,,,,,200000,200000,True,,,,,200000,200000,True,,,,,0.5336134433746338,0.056603774428367615,0.03636713698506355,0.052418552339076996,0.23416926882110548,0.016574734935504876,0.7708821543786716,0.38471163366980193
ntk_N400_a2_wd0.0003_s4,2.0,400,0.0003,4,100.0,23,0.9,46,25.0,200000,ok,200000,200000,True,,,,,200000,200000,True,,,,,200000,200000,True,,,,,200000,200000,True,,,,,0.5231092572212219,0.01886792480945587,0.03652908280491829,0.05059269815683365,0.2308902554951548,0.014214938898341356,0.7733653605124037,0.4096177608300142
ntk_N400_a2_wd0.001_s0,2.0,400,0.001,0,100.0,23,0.9,42,25.0,200000,ok,200000,200000,True,,,,,200000,200000,True,,,,,200000,200000,True,,,,,200000,200000,True,,,,,0.042016807943582535,0.03773584961891174,0.07069171220064163,0.07304760813713074,0.11173052930200073,0.04500222294549283,0.8939121304429406,0.3492375553845427
ntk_N400_a2_wd0.001_s1,2.0,400,0.001,1,100.0,23,0.9,43,25.0,200000,ok,200000,200000,True,,,,,200000,200000,True,,,,,200000,200000,True,,,,,200000,200000,True,,,,,0.04621848836541176,0.03773584961891174,0.07065513730049133,0.0767330676317215,0.14233548842063765,0.02676068492527528,0.8620941971393183,0.3257906686045192
ntk_N400_a2_wd0.001_s2,2.0,400,0.001,2,100.0,23,0.9,44,25.0,200000,ok,200000,200000,True,,,,,200000,200000,True,,,,,200000,200000,True,,,,,200000,200000,True,,,,,0.052521008998155594,0.0,0.06908450275659561,0.07902359217405319,0.11877669882856202,0.053654509717919296,0.8884257524467679,0.35648932658236193
ntk_N400_a2_wd0.001_s3,2.0,400,0.001,3,100.0,23,0.9,45,25.0,200000,ok,200000,200000,True,,,,,200000,200000,True,,,,,200000,200000,True,,,,,200000,200000,True,,,,,0.06092436984181404,0.03773584961891174,0.0701456218957901,0.0768822506070137,0.14078580311648767,0.03826041934642799,0.8654606194719087,0.3603943969002282
ntk_N400_a2_wd0.001_s4,2.0,400,0.001,4,100.0,23,0.9,46,25.0,200000,ok,200000,200000,True,,,,,200000,200000,True,,,,,200000,200000,True,,,,,200000,200000,True,,,,,0.04411764815449715,0.01886792480945587,0.07061474025249481,0.07707028090953827,0.12057805916467221,0.04302576251120893,0.8853015734188764,0.38010540087047257
ntk_N400_a2_wd0.003_s0,2.0,400,0.003,0,100.0,23,0.9,42,25.0,200000,ok,200000,200000,True,,,,,200000,200000,True,,,,,200000,200000,True,,,,,200000,200000,True,,,,,0.03361344709992409,0.09433962404727936,0.10705184191465378,0.10047079622745514,0.03673599875821001,0.2342046652301344,0.9721548336918691,0.10060571317164223
ntk_N400_a2_wd0.003_s1,2.0,400,0.003,1,100.0,23,0.9,43,25.0,200000,ok,200000,200000,True,,,,,200000,200000,True,,,,,200000,200000,True,,,,,200000,200000,True,,,,,0.03991596773266792,0.03773584961891174,0.10646399855613708,0.1083943322300911,0.0750386120026244,0.02243266104857622,0.9267794779683312,0.3167180737600414
ntk_N400_a2_wd0.003_s2,2.0,400,0.003,2,100.0,23,0.9,44,25.0,200000,ok,200000,200000,True,,,,,200000,200000,True,,,,,200000,200000,True,,,,,200000,200000,True,,,,,0.04411764815449715,0.01886792480945587,0.09935874491930008,0.10543322563171387,0.0589282216151218,0.14949165147612176,0.950386577350537,0.3414230280099343
ntk_N400_a2_wd0.003_s3,2.0,400,0.003,3,100.0,23,0.9,45,25.0,200000,ok,200000,200000,True,,,,,200000,200000,True,,,,,200000,200000,True,,,,,200000,200000,True,,,,,0.054621849209070206,0.07547169923782349,0.10446002334356308,0.1050211489200592,0.06953325099828729,0.032773237060185645,0.9329126595962136,0.3428191545534664
ntk_N400_a2_wd0.003_s4,2.0,400,0.003,4,100.0,23,0.9,46,25.0,200000,ok,200000,200000,True,,,,,200000,200000,True,,,,,200000,200000,True,,,,,200000,200000,True,,,,,0.054621849209070206,0.01886792480945587,0.09696245193481445,0.10199596732854843,0.039766928141619154,0.10271073403314301,0.9644773367217708,0.36182878997808515
ntk_N800_a0.5_wd0_s0,0.5,800,0.0,0,100.0,23,0.9,42,400.0,200000,ok,67,61,False,1.0116105929673411,5.404744827519625e-05,0.015625485958832067,0.40509051902418364,200000,200000,True,,,,,200000,200000,True,,,,,200000,200000,True,,,,,1.0,0.3396226465702057,1.5241650996866696e-10,0.03891219198703766,2.2853419697394157,0.01978865544269026,1.3200574490488606,0.4082242721374657
ntk_N800_a0.5_wd0_s1,0.5,800,0.0,1,100.0,23,0.9,43,400.0,200000,ok,82,74,False,1.0096100231852763,3.921570513831796e-05,0.013097239540052038,0.3766616875507954,200000,200000,True,,,,,200000,200000,True,,,,,200000,200000,True,,,,,1.0,0.2641509473323822,1.5356339810868036e-10,0.042931973934173584,2.153121093230514,0.023880479502286556,1.196880689090939,0.38118911366482705
ntk_N800_a0.5_wd0_s2,0.5,800,0.0,2,100.0,23,0.9,44,400.0,200000,ok,74,67,False,1.0064409409791137,3.314775761986688e-05,0.010402319041302784,0.41087627274823285,200000,200000,True,,,,,200000,200000,True,,,,,200000,200000,True,,,,,1.0,0.37735849618911743,1.518957321033909e-10,0.03776411712169647,2.2699247833438103,0.019453734742320816,1.3042338688253747,0.411618244406479
ntk_N800_a0.5_wd0_s3,0.5,800,0.0,3,100.0,23,0.9,45,400.0,200000,ok,67,61,False,1.0196885846631,8.54545993003164e-05,0.02370473633819019,0.39912377953359657,200000,200000,True,,,,,200000,200000,True,,,,,200000,200000,True,,,,,1.0,0.43396225571632385,1.6343758291181842e-10,0.0386001281440258,2.256940499314233,0.01987088759809208,1.2921277958356994,0.3989574522055209
ntk_N800_a0.5_wd0_s4,0.5,800,0.0,4,100.0,23,0.9,46,400.0,200000,ok,67,61,False,1.018340840683337,7.509059997878875e-05,0.022120625813724194,0.4294974474040649,200000,200000,True,,,,,200000,200000,True,,,,,200000,200000,True,,,,,1.0,0.5283018946647644,1.59294327728432e-10,0.03600861877202988,2.2614388471277587,0.01940322832990471,1.2957570735492367,0.42743469463888856
ntk_N800_a0.5_wd3e-06_s0,0.5,800,3e-06,0,100.0,23,0.9,42,400.0,200000,ok,67,61,False,1.0112153511197683,5.408331259904031e-05,0.015335053068673566,0.40509072219772346,83000,82000,False,1.8968860485561563,0.021620476077775508,0.9415029171302787,0.4138486406125475,98000,97545,False,1.8452125583001056,0.021736661301928195,0.8914043916920521,0.41499296879639236,104000,103000,False,1.8259969234607885,0.021739822390577257,0.8727339887790808,0.4154024369053412,1.0,1.0,1.7140012005256722e-06,0.021056190133094788,1.575831890653741,0.021585673387896964,0.6321496273079898,0.42346767722074113
ntk_N800_a0.5_wd3e-06_s1,0.5,800,3e-06,1,100.0,23,0.9,43,400.0,200000,ok,82,74,False,1.0091258726030679,3.922986717508348e-05,0.012745873789499002,0.37666161196226394,110000,109000,False,1.7027094275406265,0.02670850322368934,0.76469221260807,0.388618973728761,155000,154000,False,1.5846234610259515,0.02721656775227388,0.6542481293512982,0.3925497960831862,184000,183000,False,1.5202155478247634,0.027363310947572383,0.5948281076777939,0.39509546363952947,1.0,1.0,1.751323225107626e-06,0.024016350507736206,1.4879546227087328,0.02739847678679741,0.5653627987434336,0.39662715906982654
ntk_N800_a0.5_wd3e-06_s2,0.5,800,3e-06,2,100.0,23,0.9,44,400.0,200000,ok,74,67,False,1.0060041752357072,3.316204870018602e-05,0.01013767424828876,0.41087633790832,74000,73000,False,1.9168852161628513,0.021946268808047176,0.9616732584792829,0.4166399776245187,96000,95000,False,1.8415420029526202,0.022347664036907466,0.8891013815742189,0.418084487942119,106000,105000,False,1.8098044051028148,0.022527900012035973,0.8586765164384786,0.4188395965127679,1.0,1.0,1.7054658201232087e-06,0.020794153213500977,1.5709343934697702,0.023397463222039172,0.6320425943222376,0.4265259300516909
ntk_N800_a0.5_wd3e-06_s3,0.5,800,3e-06,3,100.0,23,0.9,45,400.0,200000,ok,67,61,False,1.0192957405698202,8.55393372533042e-05,0.023381731509114587,0.39912423107390077,81000,80000,False,1.8852820566548087,0.021955540681175778,0.9308647020999979,0.4043387055318753,117000,116000,False,1.7695573112946186,0.02240451517645059,0.8194575050849193,0.40756327522384056,136000,135000,False,1.7160745296377993,0.022557762826302286,0.7682345582305252,0.4093987528052094,1.0,0.9811320900917053,1.7121992641477846e-06,0.02173691987991333,1.5653489408595513,0.022565447362423052,0.6247119521736387,0.41540021888531864
ntk_N800_a0.5_wd3e-06_s4,0.5,800,3e-06,4,100.0,23,0.9,46,400.0,200000,ok,67,61,False,1.017946208835847,7.515778500233328e-05,0.021796320244372513,0.4294974884874254,63000,62000,False,1.958038132870895,0.0209950271178585,1.0000275953340494,0.4303412827294011,86000,85000,False,1.8756934822018887,0.0213618897572474,0.9203128758966912,0.43181685996825736,97000,96000,False,1.839266803408002,0.02151008607660132,0.8851521574401601,0.432522895223281,1.0,1.0,1.6730236893636174e-06,0.01969478279352188,1.577410937815521,0.021680370524935655,0.6338778260144875,0.4389678421270762
ntk_N800_a0.5_wd1e-05_s0,0.5,800,1e-05,0,100.0,23,0.9,42,400.0,200000,ok,67,61,False,1.0102935063147207,5.4168083102767994e-05,0.014676770675724368,0.40509113340481306,24000,23204,False,1.866955780867275,0.02240409522989517,0.9139295575635439,0.4129642124302087,28000,27000,False,1.820050789879836,0.02262328763786081,0.8688120412681198,0.41405757794111286,33000,32000,False,1.7652905356018598,0.022805061136836224,0.8162013973641178,0.4154232983521595,1.0,1.0,1.6735337339923717e-05,0.004985107108950615,1.074616001202557,0.018917539348323853,0.2150016944343353,0.45523074582310336
ntk_N800_a0.5_wd1e-05_s1,0.5,800,1e-05,1,100.0,23,0.9,43,400.0,200000,ok,82,74,False,1.0079973645078413,3.926290921796305e-05,0.011962928450030897,0.37666137230571467,33000,32000,False,1.6676565617469725,0.027891054136519267,0.7340236258686782,0.38889961792782185,46000,45000,False,1.5531258104581849,0.02864070067154001,0.6284213435905684,0.3926607756233097,54000,53000,False,1.4933820409049332,0.028909475041252297,0.5742574509440074,0.3951195972149698,1.0,1.0,1.6840658645378426e-05,0.005907740443944931,1.018019785626499,0.024596907749448227,0.22451055695080702,0.42999032050156183
ntk_N800_a0.5_wd1e-05_s2,0.5,800,1e-05,2,100.0,23,0.9,44,400.0,200000,ok,74,67,False,1.0049856326337443,3.3196150727610174e-05,0.009569735724596212,0.41087657132414873,23000,22000,False,1.8739120358088424,0.02263651373829545,0.921173120220865,0.4166144397703697,28487,28000,False,1.8106573769261516,0.023143270126946502,0.8607987269553137,0.4178591366018661,33000,32000,False,1.762514021975836,0.023548267902836262,0.8151293998217403,0.4190219752403478,1.0,1.0,1.6841970136738382e-05,0.00523769948631525,1.0760640848822056,0.02173017989480519,0.22924196233374355,0.45972060454770475
ntk_N800_a0.5_wd1e-05_s3,0.5,800,1e-05,3,100.0,23,0.9,45,400.0,200000,ok,67,61,False,1.0183798602573193,8.57380113395978e-05,0.022637292044140847,0.39912521092654574,25000,24000,False,1.8416879924162313,0.022739846782681927,0.8900551006065663,0.4045304362228287,34974,34000,False,1.7349979512038105,0.023315885250110635,0.7881167518538662,0.40731440970866023,41000,40000,False,1.6778265372393546,0.023586720371263747,0.7338921346605335,0.4092123689013382,1.0,1.0,1.6514622984686866e-05,0.005378850735723972,1.0564207549470943,0.018308280525204834,0.20461133071567592,0.45171924086533255
ntk_N800_a0.5_wd1e-05_s4,0.5,800,1e-05,4,100.0,23,0.9,46,400.0,200000,ok,61,55,False,1.0166693638279787,7.255473465295204e-05,0.02062513132744096,0.42955704219013124,18900,18000,False,1.9209685616997998,0.021470037541119202,0.9647121984868888,0.43072667184393454,25000,24000,False,1.8493593284430956,0.021929848302131627,0.8958368198902541,0.43170945719417886,30000,29000,False,1.7945053196807386,0.022230123167583438,0.8432217096136497,0.43257382916412473,1.0,1.0,1.6700052583473735e-05,0.004909925628453493,1.0914445539738735,0.018540640013612553,0.22098476778179982,0.46967372482966385
ntk_N800_a0.5_wd3e-05_s0,0.5,800,3e-05,0,100.0,23,0.9,42,400.0,200000,ok,67,61,False,1.007665123481087,5.440781819410212e-05,0.012977050499166178,0.4050922885573751,10000,9218,False,1.6987482375015828,0.022716771108417078,0.7519502970116236,0.4148154771889291,11000,10214,False,1.671961433076023,0.023196520686790456,0.7273922899517908,0.41569412403298434,12000,11317,False,1.644355364293597,0.023605110427850073,0.702014398290726,0.4166026098082566,1.0,1.0,0.0001299781579291448,0.0021667988039553165,0.8392033872043476,0.02080274556261663,0.24651778792848072,0.48498843705622274
ntk_N800_a0.5_wd3e-05_s1,0.5,800,3e-05,1,100.0,23,0.9,43,400.0,200000,ok,82,74,False,1.00478238455954,3.935485688555396e-05,0.010097392533055801,0.37666151968066036,11000,10214,False,1.590266439981923,0.027973906023543882,0.6613519471944066,0.3893782789733591,16000,15395,False,1.4639730242578495,0.030126540658810597,0.5508900551983011,0.3943056308466791,18000,17057,False,1.4191963591206553,0.030639596616092724,0.5125356528330319,0.39627445054541355,1.0,1.0,0.0001331587991444394,0.0023262957111001015,0.795723041858127,0.02672534847301833,0.29027749962929233,0.455763478192491
ntk_N800_a0.5_wd3e-05_s2,0.5,800,3e-05,2,100.0,23,0.9,44,400.0,200000,ok,74,67,False,1.002081370493329,3.3293597692996e-05,0.008429584280396054,0.41087723447700564,9218,9000,False,1.7216267786704658,0.022204983254565103,0.7727888426189198,0.4178541482151498,11000,10214,False,1.6755147949535973,0.023309484819059367,0.7310478859523232,0.4191987831075197,12000,11317,False,1.6480003037937732,0.02381671299624688,0.7059775451267482,0.42000095965823137,1.0,1.0,0.00013359390140976757,0.0021495658438652754,0.8496601036222301,0.023316877040212347,0.24944924286745288,0.48515050344480004
ntk_N800_a0.5_wd3e-05_s3,0.5,800,3e-05,3,100.0,23,0.9,45,400.0,200000,ok,67,61,False,1.015767417127717,8.630624951722066e-05,0.020589939173960268,0.3991280762489144,10214,10000,False,1.6866346448863965,0.022540948557502993,0.739935014098969,0.40752217977126115,12000,11317,False,1.639641164483069,0.023372758223665135,0.6969839971787871,0.4088448717412392,15000,14000,False,1.5607812629900224,0.024321031878091426,0.6248161702649034,0.4114015723514508,1.0,1.0,0.00013144400145392865,0.002229822101071477,0.8268070478148584,0.019140251593476765,0.24828690766022415,0.480721702954857
ntk_N800_a0.5_wd3e-05_s4,0.5,800,3e-05,4,100.0,23,0.9,46,400.0,200000,ok,61,55,False,1.014276436248399,7.294287825843071e-05,0.018755935518500286,0.4295573273176293,8319,8000,False,1.7349621057181417,0.02076292123905421,0.7824417294273003,0.43307381283741336,10000,9218,False,1.6981087649926911,0.021841709360858497,0.7493564198536061,0.4336735836062152,12000,11317,False,1.6463165396761135,0.022757296608540756,0.7018949330696277,0.4345793510002992,1.0,1.0,0.00013227704039309174,0.0022180734667927027,0.8702313938016653,0.019265089283250325,0.22443275641494811,0.4968980062629727
ntk_N800_a0.5_wd0.0001_s0,0.5,800,0.0001,0,100.0,23,0.9,42,400.0,200000,ok,67,61,False,0.9984922259261951,5.5003122930274984e-05,0.01058837872162317,0.40508876327708004,6000,5520,False,1.183271992492182,0.022375970990519134,0.2941807994887705,0.41956923297136905,6776,6116,False,1.1739970525503813,0.02386729006121724,0.2937945381804922,0.4227429378723796,6776,6116,False,1.1739970525503813,0.02386729006121724,0.2937945381804922,0.4227429378723796,1.0,1.0,0.0008348183473572135,0.003398396074771881,0.6903289322209488,0.023927733218698344,0.359071278809767,0.4971308686248429
ntk_N800_a0.5_wd0.0001_s1,0.5,800,0.0001,1,100.0,23,0.9,43,400.0,200000,ok,82,74,False,0.9936096893120041,3.9631472291357106e-05,0.010935835607329145,0.3766578490106923,6116,6000,False,1.1239288773361844,0.026942024192507463,0.2755362129476011,0.39187069026919535,6776,6116,False,1.1167266182040037,0.028664710231692148,0.27865102410544623,0.3950572381217409,7000,6776,False,1.1122764437504047,0.02915879464704485,0.27833663188550056,0.3959831123169358,1.0,1.0,0.0008473296766169369,0.0035043307580053806,0.6580166602386145,0.03291811583827986,0.40034228101070846,0.4664476635022028
ntk_N800_a0.5_wd0.0001_s2,0.5,800,0.0001,2,100.0,23,0.9,44,400.0,200000,ok,74,67,False,0.991982921899647,3.363508222564704e-05,0.011445715161412453,0.410879494973366,6000,5520,False,1.177966471562769,0.02327397526514141,0.2941156065990681,0.424303426509577,6116,6000,False,1.177954832022149,0.023577150468814256,0.29531941839326675,0.424772012027459,6776,6116,False,1.170431316484186,0.02501820391081655,0.29599157474047494,0.42733697530416614,1.0,1.0,0.0008474145433865488,0.0034034422133117914,0.6951035970400894,0.02760300982327435,0.3624027033183857,0.5017843343278513
ntk_N800_a0.5_wd0.0001_s3,0.5,800,0.0001,3,100.0,23,0.9,45,400.0,200000,ok,74,67,False,1.0054873799549957,8.924356729700378e-05,0.014476805589930818,0.39920830150476794,6000,5520,False,1.173895677933394,0.021533163037655734,0.2842447551815035,0.4145378212234589,6776,6116,False,1.164950281310631,0.02293951485883239,0.2839989152801612,0.4178854245687811,6776,6116,False,1.164950281310631,0.02293951485883239,0.2839989152801612,0.4178854245687811,1.0,1.0,0.0008399737998843193,0.0034218819346278906,0.6860670169094495,0.021676521620149214,0.35818572127033405,0.48842615614004586
ntk_N800_a0.5_wd0.0001_s4,0.5,800,0.0001,4,100.0,23,0.9,46,400.0,200000,ok,61,55,False,1.0060646810057001,7.424444821413356e-05,0.01364440507749457,0.4295132412044283,5520,5000,False,1.1858815221012378,0.020094591324879896,0.28672556452359615,0.4371800227472003,6000,5520,False,1.1895383123534533,0.021330446579368334,0.2944003035007434,0.43874528220224135,6116,6000,False,1.1888565214790867,0.021630916640278164,0.29512522483161496,0.439205419732909,1.0,1.0,0.0008449565502814949,0.003308642888441682,0.7188670571455414,0.022723148868246335,0.33422384395790905,0.507965042736711
ntk_N800_a0.5_wd0.0003_s0,0.5,800,0.0003,0,100.0,23,0.9,42,400.0,200000,ok,124,112,False,0.9425889818075132,8.132829947093967e-05,0.05873111039201498,0.40540097098961037,6000,5520,False,0.4862942112728949,0.0215013169411169,0.5336717804963601,0.4398883762653715,6000,5520,False,0.4862942112728949,0.0215013169411169,0.5336717804963601,0.4398883762653715,6116,6000,False,0.49073817445934964,0.021935664650517106,0.5299782476718177,0.441074549991771,1.0,1.0,0.005593918263912201,0.011790350079536438,0.515003335277056,0.023029349163125046,0.5088635849114361,0.4841892886384335
ntk_N800_a0.5_wd0.0003_s1,0.5,800,0.0003,1,100.0,23,0.9,43,400.0,200000,ok,230,207,False,0.8922303651164956,8.345557308542251e-05,0.10845836710837108,0.37685889834128045,6000,5520,False,0.45892869458160884,0.02724246986464729,0.5637045855867103,0.4096640057353097,6000,5520,False,0.45892869458160884,0.02724246986464729,0.5637045855867103,0.4096640057353097,6116,6000,False,0.4631342145397,0.027682018992628565,0.5602373174324906,0.4110197630173138,1.0,1.0,0.005588753614574671,0.01169472374022007,0.4861879188029814,0.03134350244699502,0.5426605930316049,0.4571800798997844
ntk_N800_a0.5_wd0.0003_s2,0.5,800,0.0003,2,100.0,23,0.9,44,400.0,200000,ok,207,187,False,0.8987744845074058,6.794905996487799e-05,0.10182704331083457,0.41069231267946876,6000,5520,False,0.47256873046187897,0.02415633283846741,0.5486481560807184,0.44283238719303136,6000,5520,False,0.47256873046187897,0.02415633283846741,0.5486481560807184,0.44283238719303136,6000,5520,False,0.47256873046187897,0.02415633283846741,0.5486481560807184,0.44283238719303136,1.0,1.0,0.0056180525571107864,0.011922799982130527,0.5115172264374203,0.027279716307805346,0.5162591497638825,0.49021928069256665
ntk_N800_a0.5_wd0.0003_s3,0.5,800,0.0003,3,100.0,23,0.9,45,400.0,200000,ok,230,207,False,0.9043520923970453,0.00016850810317570186,0.09722810056875732,0.39956252344077564,6000,5520,False,0.4955461884744306,0.01575553423584064,0.5197007194901437,0.4313004279895682,6000,5520,False,0.4955461884744306,0.01575553423584064,0.5197007194901437,0.4313004279895682,6000,5520,False,0.4955461884744306,0.01575553423584064,0.5197007194901437,0.4313004279895682,1.0,1.0,0.005570555105805397,0.011828327551484108,0.5049514306997737,0.01771775943109366,0.5128024004558203,0.479558802697635
ntk_N800_a0.5_wd0.0003_s4,0.5,800,0.0003,4,100.0,23,0.9,46,400.0,200000,ok,169,152,False,0.9287461901725268,9.82599653814864e-05,0.07252325524905207,0.4292745602540618,5520,5000,False,0.4964911978064271,0.01572328811030199,0.518781324048086,0.44835647433401726,5520,5000,False,0.4964911978064271,0.01572328811030199,0.518781324048086,0.44835647433401726,5520,5000,False,0.4964911978064271,0.01572328811030199,0.518781324048086,0.44835647433401726,1.0,1.0,0.005588528700172901,0.011598626151680946,0.5336142183916623,0.020155592218298546,0.488903179026274,0.49788885648906644
ntk_N800_a0.5_wd0.001_s0,0.5,800,0.001,0,100.0,23,0.9,42,400.0,200000,ok,200000,200000,True,,,,,200000,200000,True,,,,,200000,200000,True,,,,,200000,200000,True,,,,,0.11764705926179886,0.03773584961891174,0.041105709969997406,0.04560604318976402,0.18225348270290376,0.07520241306725395,0.8343387620923943,0.3971837232954287
ntk_N800_a0.5_wd0.001_s1,0.5,800,0.001,1,100.0,23,0.9,43,400.0,200000,ok,200000,200000,True,,,,,200000,200000,True,,,,,200000,200000,True,,,,,200000,200000,True,,,,,0.14705882966518402,0.01886792480945587,0.04081824794411659,0.04383866488933563,0.13069846372559157,0.02875235330636039,0.8736137234386376,0.36226834394283497
ntk_N800_a0.5_wd0.001_s2,0.5,800,0.001,2,100.0,23,0.9,44,400.0,200000,ok,200000,200000,True,,,,,200000,200000,True,,,,,200000,200000,True,,,,,200000,200000,True,,,,,0.14705882966518402,0.0,0.04087194427847862,0.04616399481892586,0.12808652148644936,0.04372248063919848,0.8783129481712467,0.39813976037468773
ntk_N800_a0.5_wd0.001_s3,0.5,800,0.001,3,100.0,23,0.9,45,400.0,200000,ok,200000,200000,True,,,,,200000,200000,True,,,,,200000,200000,True,,,,,200000,200000,True,,,,,0.11764705926179886,0.01886792480945587,0.04087948426604271,0.04498656839132309,0.27069044408907283,0.08783454811294189,0.7612124368486791,0.3829968646917422
ntk_N800_a0.5_wd0.001_s4,0.5,800,0.001,4,100.0,23,0.9,46,400.0,200000,ok,200000,200000,True,,,,,200000,200000,True,,,,,200000,200000,True,,,,,200000,200000,True,,,,,0.14075630903244019,0.01886792480945587,0.04105818644165993,0.04512116685509682,0.2480064062919426,0.07830579392824766,0.7773898906378467,0.406289321234099
ntk_N800_a0.5_wd0.003_s0,0.5,800,0.003,0,100.0,23,0.9,42,400.0,200000,ok,200000,200000,True,,,,,200000,200000,True,,,,,200000,200000,True,,,,,200000,200000,True,,,,,0.05042016878724098,0.03773584961891174,0.04537723585963249,0.04705214872956276,0.15736698406073008,0.09690499821437204,0.8605403501113253,0.34628696601614456
ntk_N800_a0.5_wd0.003_s1,0.5,800,0.003,1,100.0,23,0.9,43,400.0,200000,ok,200000,200000,True,,,,,200000,200000,True,,,,,200000,200000,True,,,,,200000,200000,True,,,,,0.03781512752175331,0.07547169923782349,0.04588615521788597,0.04445510357618332,0.09092877599234538,0.029967585587831747,0.9120637708365958,0.315469453683546
ntk_N800_a0.5_wd0.003_s2,0.5,800,0.003,2,100.0,23,0.9,44,400.0,200000,ok,200000,200000,True,,,,,200000,200000,True,,,,,200000,200000,True,,,,,200000,200000,True,,,,,0.04831932857632637,0.0,0.04542674124240875,0.047621164470911026,0.09635516936940505,0.05196308550500883,0.9091687432677064,0.35048398246087376
ntk_N800_a0.5_wd0.003_s3,0.5,800,0.003,3,100.0,23,0.9,45,400.0,200000,ok,200000,200000,True,,,,,200000,200000,True,,,,,200000,200000,True,,,,,200000,200000,True,,,,,0.03781512752175331,0.01886792480945587,0.04584692418575287,0.04584202915430069,0.2542753391152866,0.10281187603140574,0.7799937942942556,0.3445054689215176
ntk_N800_a0.5_wd0.003_s4,0.5,800,0.003,4,100.0,23,0.9,46,400.0,200000,ok,200000,200000,True,,,,,200000,200000,True,,,,,200000,200000,True,,,,,200000,200000,True,,,,,0.04831932857632637,0.01886792480945587,0.04576735198497772,0.0461481437087059,0.2200706936805632,0.10492176573515621,0.8089932845153714,0.36822710395260344
ntk_N800_a1_wd0_s0,1.0,800,0.0,0,100.0,23,0.9,42,100.0,200000,ok,67,61,False,1.0026753687770458,1.2435235216212703e-05,0.005665210164276326,0.404910122945215,200000,200000,True,,,,,200000,200000,True,,,,,200000,200000,True,,,,,1.0,0.0,4.2214073903146243e-10,0.052603982388973236,1.6072855792396703,0.010660881737544647,0.6348747417482699,0.40404674600546775
ntk_N800_a1_wd0_s1,1.0,800,0.0,1,100.0,23,0.9,43,100.0,200000,ok,82,74,False,1.002137554577568,1.1883087134068049e-05,0.005327862173040121,0.37684951332203354,200000,200000,True,,,,,200000,200000,True,,,,,200000,200000,True,,,,,1.0,0.01886792480945587,4.199325609466342e-10,0.056556832045316696,1.5296198316337137,0.012739832584661714,0.5652179820264984,0.3765869887808538
ntk_N800_a1_wd0_s2,1.0,800,0.0,2,100.0,23,0.9,44,100.0,200000,ok,74,67,False,1.0001842989324377,1.0103677035022685e-05,0.004499449339614405,0.41078549169647127,200000,200000,True,,,,,200000,200000,True,,,,,200000,200000,True,,,,,1.0,0.03773584961891174,4.243186912944452e-10,0.05156409367918968,1.5955520907985508,0.010261766709130815,0.6224376752017878,0.4091123655792372
ntk_N800_a1_wd0_s3,1.0,800,0.0,3,100.0,23,0.9,45,100.0,200000,ok,67,61,False,1.007656334940011,1.88040858929428e-05,0.00982423418180648,0.3985087780184874,200000,200000,True,,,,,200000,200000,True,,,,,200000,200000,True,,,,,1.0,0.056603774428367615,4.4869402637814915e-10,0.05120823159813881,1.5822994763057752,0.010543066058430028,0.610276376662084,0.3974374426259394
ntk_N800_a1_wd0_s4,1.0,800,0.0,4,100.0,23,0.9,46,100.0,200000,ok,61,55,False,1.006155075871958,1.4866162753146561e-05,0.008234093102154007,0.42947758316120566,200000,200000,True,,,,,200000,200000,True,,,,,200000,200000,True,,,,,1.0,0.09433962404727936,4.622105476137506e-10,0.049295417964458466,1.5828613096057014,0.010300061250210879,0.610192136227868,0.42694901728821555
ntk_N800_a1_wd3e-06_s0,1.0,800,3e-06,0,100.0,23,0.9,42,100.0,200000,ok,67,61,False,1.0022924808951421,1.2397533237673564e-05,0.005487018985370639,0.40490766224603436,200000,200000,True,,,,,200000,200000,True,,,,,200000,200000,True,,,,,1.0,0.5849056839942932,8.335661732417066e-06,0.034707024693489075,1.0368991707670638,0.012812997405423632,0.16713204831134468,0.41422304818939953
ntk_N800_a1_wd3e-06_s1,1.0,800,3e-06,1,100.0,23,0.9,43,100.0,200000,ok,82,74,False,1.001652950020789,1.1885036989345288e-05,0.005151854859557505,0.3768493971749946,200000,200000,True,,,,,200000,200000,True,,,,,200000,200000,True,,,,,1.0,0.37735849618911743,8.311545570904855e-06,0.03910119831562042,0.9791577695291636,0.016631065214967933,0.1816680269408009,0.38507298495699754
ntk_N800_a1_wd3e-06_s2,1.0,800,3e-06,2,100.0,23,0.9,44,100.0,200000,ok,74,67,False,0.9997465549968209,1.0105164342855133e-05,0.004502159576080191,0.41078550848267054,200000,200000,True,,,,,200000,200000,True,,,,,200000,200000,True,,,,,1.0,0.6226415038108826,8.303113645524718e-06,0.03440908342599869,1.031439419432483,0.013441231173555668,0.1694581613569307,0.4177934668699814
ntk_N800_a1_wd3e-06_s3,1.0,800,3e-06,3,100.0,23,0.9,45,100.0,200000,ok,67,61,False,1.0072613958823313,1.882064274449924e-05,0.009520634638727122,0.3985089963870507,200000,200000,True,,,,,200000,200000,True,,,,,200000,200000,True,,,,,1.0,0.5283018946647644,8.320205779455137e-06,0.03572958707809448,1.0266905588157722,0.01346348714705159,0.1683985041950451,0.4058588554730326
ntk_N800_a1_wd3e-06_s4,1.0,800,3e-06,4,100.0,23,0.9,46,100.0,200000,ok,61,55,False,1.005794084852374,1.487568128810679e-05,0.007968385267516958,0.4294775415359727,200000,200000,True,,,,,200000,200000,True,,,,,200000,200000,True,,,,,1.0,0.6415094137191772,8.06334355729632e-06,0.03323500603437424,1.0333246736699613,0.012427638535176255,0.16368904955099442,0.43473150635240876
ntk_N800_a1_wd1e-05_s0,1.0,800,1e-05,0,100.0,23,0.9,42,100.0,200000,ok,67,61,False,1.001367617728184,1.2407434926697825e-05,0.005169060394322111,0.4049077494855238,72000,71708,False,0.9340793079747568,0.014195014638495373,0.17568174787815033,0.4164779314039125,79000,78000,False,0.903889492864652,0.014029770862973856,0.18601063013305316,0.41824906765975295,82000,81000,False,0.8916622526441733,0.013986440948354328,0.19151874682939998,0.4189265523929658,1.0,1.0,7.308920612558722e-05,0.01187774445861578,0.6629022817427429,0.010081641385876416,0.3563722180685081,0.4399115239776182
ntk_N800_a1_wd1e-05_s1,1.0,800,1e-05,1,100.0,23,0.9,43,100.0,200000,ok,82,74,False,1.0005230749347882,1.1889330241432461e-05,0.00490557905773553,0.37684916306786437,89000,88036,False,0.8235435358247405,0.01805069822917038,0.2467143194805438,0.391218784903251,102000,101000,False,0.7856043873636306,0.017667227757176107,0.271522341612812,0.3939546766616918,122000,121000,False,0.73827598766247,0.016944658238325472,0.30580897178967953,0.39855348002580043,1.0,1.0,7.409647514577955e-05,0.013517655432224274,0.6331759035119038,0.013876912464396152,0.3900422681447582,0.41103294468270835
ntk_N800_a1_wd1e-05_s2,1.0,800,1e-05,2,100.0,23,0.9,44,100.0,200000,ok,74,67,False,0.9987262889829065,1.0108616013138061e-05,0.004670526830082686,0.41078552242236566,76000,75000,False,0.914595263539829,0.015058834610321536,0.18665327917797409,0.4205455072838511,83000,82000,False,0.8874170929903934,0.014958239060966827,0.19804874399554007,0.4219764126358062,88000,87000,False,0.8695947584566505,0.01490087257610484,0.20717376378103886,0.4229720955606824,1.0,1.0,7.413932326016948e-05,0.012443622574210167,0.6686634864422342,0.01133960061217587,0.3534807476751956,0.4427104041094325
ntk_N800_a1_wd1e-05_s3,1.0,800,1e-05,3,100.0,23,0.9,45,100.0,200000,ok,67,61,False,1.00634054878934,1.8859196143972135e-05,0.00884082046784935,0.3985095030430577,75000,74000,False,0.9152783943407121,0.014695604772655635,0.18460468451762327,0.409200911742103,88000,87000,False,0.8659820680922067,0.014389750288519743,0.20708292421444902,0.41228220615154254,92000,91000,False,0.8526997230131279,0.014254655759502688,0.2144930153547195,0.4131788330060443,1.0,1.0,7.292733062058687e-05,0.012731892056763172,0.6589079174979265,0.009889247774742538,0.35968877666582016,0.43330823501931537
ntk_N800_a1_wd1e-05_s4,1.0,800,1e-05,4,100.0,23,0.9,46,100.0,200000,ok,61,55,False,1.004952269436309,1.4897968885874135e-05,0.0073802755946543305,0.4294774546625534,71000,70000,False,0.9394402147765715,0.013586833788330588,0.17086697659522765,0.4364928608626788,82000,81000,False,0.8953774428365665,0.013308189053273689,0.18648749028829695,0.4383884821827975,88000,87000,False,0.8739169561938032,0.013136566017526108,0.19712298068258366,0.4395001085444771,1.0,1.0,7.412621926050633e-05,0.011966943740844727,0.6808122970022339,0.009402038653699374,0.3386485446737485,0.4538968846368804
ntk_N800_a1_wd3e-05_s0,1.0,800,3e-05,0,100.0,23,0.9,42,100.0,200000,ok,67,61,False,0.9987299452332028,1.2435789356390892e-05,0.005143250874390685,0.4049079138518775,25710,25000,False,0.82181444289111,0.016685918737170957,0.24326025319487507,0.41676573339292816,28487,28000,False,0.7897025992531335,0.016842587765620642,0.26613204886711295,0.41890135695114933,30000,29000,False,0.7733454037797387,0.016929428113949485,0.2784903891139772,0.42022477795436114,1.0,1.0,0.0005419732769951224,0.006387518718838692,0.48411026121199446,0.012855050717450967,0.5278150684739816,0.46608788836346476
ntk_N800_a1_wd3e-05_s1,1.0,800,3e-05,1,100.0,23,0.9,43,100.0,200000,ok,82,74,False,0.9973000847497973,1.1914368286403132e-05,0.005572606514189747,0.37684853871134466,30000,29000,False,0.7380553845649283,0.0210759631575953,0.3157933465767422,0.3913728469994016,34974,34000,False,0.6956039239185337,0.021381796671701814,0.34986210778579907,0.3953024453742942,40000,39000,False,0.6612792775403074,0.021263516904548307,0.37796028100427154,0.398968398492865,1.0,1.0,0.000546824827324599,0.006944321561604738,0.4654501370133785,0.015857885171574382,0.5481839706437243,0.4307387072587982
ntk_N800_a1_wd3e-05_s2,1.0,800,3e-05,2,100.0,23,0.9,44,100.0,200000,ok,74,67,False,0.9958165569748986,1.0119236826588995e-05,0.00613636722302629,0.4107856699137624,25000,24000,False,0.8304329743225507,0.01723123224685441,0.23952399272117328,0.4202228556604462,28000,27000,False,0.7967609814307127,0.01761788792215313,0.2634019552170959,0.4221291422172145,30000,29000,False,0.7761612469837281,0.01781827434563865,0.2788610683159223,0.4234616861981087,1.0,1.0,0.0005480566178448498,0.006271570920944214,0.4901610231021061,0.013492088329081775,0.5226493796060839,0.4675464089733278
ntk_N800_a1_wd3e-05_s3,1.0,800,3e-05,3,100.0,23,0.9,45,100.0,200000,ok,67,61,False,1.0037136348798277,1.896981933202646e-05,0.007202195266040409,0.39851090327455513,27000,26000,False,0.8026850547005605,0.01658200587921066,0.25603406849659494,0.41200363288732805,30000,29000,False,0.7713207134874263,0.01668610861233799,0.27934727219053773,0.4141922823727899,31564,31000,False,0.7564271038128475,0.016679313115837924,0.2907939558942019,0.4153289513593357,1.0,1.0,0.0005361600196920335,0.006337741855531931,0.48335784487271133,0.009944266540301006,0.5258634755733552,0.45907099150585073
ntk_N800_a1_wd3e-05_s4,1.0,800,3e-05,4,100.0,23,0.9,46,100.0,200000,ok,61,55,False,1.0025480537123332,1.4955241940062258e-05,0.006039807539998247,0.4294766691126366,25000,24000,False,0.8314394037543603,0.015551280431856607,0.23296473824689706,0.4371779514489772,30000,29000,False,0.7781703063036584,0.01571535082205744,0.27141638073475355,0.4399291384126566,30000,29000,False,0.7781703063036584,0.01571535082205744,0.27141638073475355,0.4399291384126566,1.0,1.0,0.0005449154414236546,0.006276427768170834,0.5158101717202404,0.011015601256165297,0.49578594994278713,0.4758230037305243
ntk_N800_a1_wd0.0001_s0,1.0,800,0.0001,0,100.0,23,0.9,42,100.0,200000,ok,74,67,False,0.9881136207735289,1.2234877037498038e-05,0.01286331638474517,0.40490660804572065,13894,13000,False,0.4782440559308176,0.016291600657282967,0.5364811157192881,0.4269436203281447,15000,14000,False,0.47006309769018406,0.01685653015372668,0.544683748601389,0.43003493533520715,15000,14000,False,0.47006309769018406,0.01685653015372668,0.544683748601389,0.43003493533520715,1.0,1.0,0.0033487204927951097,0.009442957118153572,0.35259752240116454,0.01644321773799151,0.6562969173099537,0.47702612144804313
ntk_N800_a1_wd0.0001_s1,1.0,800,0.0001,1,100.0,23,0.9,43,100.0,200000,ok,91,82,False,0.9843973819734338,1.2345163017957184e-05,0.016362969828022496,0.3768887943638889,13894,13000,False,0.45893273670133283,0.02075862832783315,0.5583971808944115,0.3964932426253081,15000,14000,False,0.4513509419612442,0.021602008303790776,0.5661412919750294,0.399900405447942,16000,15395,False,0.4446258862328363,0.0220774020867186,0.5727763744950682,0.40274667673732434,1.0,1.0,0.00338321877643466,0.009428075514733791,0.3401650637687695,0.020901336126221137,0.6705236399588975,0.44193179375929303
ntk_N800_a1_wd0.0001_s2,1.0,800,0.0001,2,100.0,23,0.9,44,100.0,200000,ok,82,74,False,0.9841233317863681,1.0781149497707254e-05,0.01653144141005195,0.41081504434870136,13894,13000,False,0.4754859316837558,0.01824226835724707,0.5407983836823101,0.43032756776741726,15000,14000,False,0.4675656281222563,0.018968849338546034,0.5488394339588901,0.4332286795621306,15000,14000,False,0.4675656281222563,0.018968849338546034,0.5488394339588901,0.4332286795621306,1.0,1.0,0.0033914102241396904,0.009390505962073803,0.3492483200593468,0.018147860603276555,0.6604195398398758,0.4826268250372704
ntk_N800_a1_wd0.0001_s3,1.0,800,0.0001,3,100.0,23,0.9,45,100.0,200000,ok,112,101,False,0.9863402148004555,2.3513590212353996e-05,0.015263503232849574,0.3987893909891991,13894,13000,False,0.4799645742383328,0.014136276587712215,0.532922759876693,0.4220817723347168,15000,14000,False,0.471859679041604,0.014622316522351797,0.5410467279119252,0.4253423948031296,15000,14000,False,0.471859679041604,0.014622316522351797,0.5410467279119252,0.4253423948031296,1.0,1.0,0.0033364398404955864,0.009281599894165993,0.352177358293871,0.012000996392483088,0.6543142467651956,0.46879758518350817
ntk_N800_a1_wd0.0001_s4,1.0,800,0.0001,4,100.0,23,0.9,46,100.0,200000,ok,112,101,False,0.9851657461725024,1.8754842603163624e-05,0.016031479770547818,0.429437150491239,12539,12000,False,0.500594417418188,0.013779321906920994,0.5130318110592214,0.4418134018553724,13894,13000,False,0.4903154567557811,0.014588277968043961,0.5235303715854809,0.4449412999782404,13894,13000,False,0.4903154567557811,0.014588277968043961,0.5235303715854809,0.4449412999782404,1.0,1.0,0.003383428556844592,0.00914261769503355,0.3732782090508092,0.013441530105321786,0.6346771335252243,0.4852577154919358
ntk_N800_a1_wd0.0003_s0,1.0,800,0.0003,0,100.0,23,0.9,42,100.0,200000,ok,18900,18000,False,0.18367573085967065,0.01471238909639605,0.8196279216982775,0.42503513376874885,42000,41000,False,0.20131294645295514,0.01519177627765278,0.8025070790916906,0.4391460877925561,200000,200000,True,,,,,200000,200000,True,,,,,1.0,0.8679245114326477,0.020157983526587486,0.030730487778782845,0.1998960579582573,0.014310289285810573,0.8036712380716932,0.44126351204275527
ntk_N800_a1_wd0.0003_s1,1.0,800,0.0003,1,100.0,23,0.9,43,100.0,200000,ok,18900,18000,False,0.18973399877804384,0.017204774764119857,0.8142847500502286,0.3879453429589188,29000,28487,False,0.20261400251381173,0.018599526814094824,0.8020981723781554,0.40050021077688236,36000,35000,False,0.20420857778403925,0.018860473222695684,0.8006165926951445,0.4043398161448856,200000,200000,True,,,,,1.0,0.9433962106704712,0.019908638671040535,0.02911256067454815,0.201808938664501,0.017981844188385554,0.8027245879986906,0.4083389335420217
ntk_N800_a1_wd0.0003_s2,1.0,800,0.0003,2,100.0,23,0.9,44,100.0,200000,ok,18900,18000,False,0.17972590910372221,0.01408138984443863,0.8233536089543704,0.4262391057945662,34000,33000,False,0.19541100479384846,0.017336955927707454,0.8087886715098354,0.44370324172014813,38000,37000,False,0.19620167993165222,0.01732087009828276,0.8080151650600501,0.44458028552328727,200000,200000,True,,,,,1.0,0.9056603908538818,0.020238535478711128,0.0310218408703804,0.19416061588036082,0.018083285189348763,0.8101846928801653,0.4539115524112975
ntk_N800_a1_wd0.0003_s3,1.0,800,0.0003,3,100.0,23,0.9,45,100.0,200000,ok,18900,18000,False,0.20632929166464067,0.009708145565903936,0.7961905192009833,0.4232287080861533,31000,30000,False,0.21633549078585415,0.009234863709926211,0.7862097179174922,0.43377592956260536,49000,48000,False,0.21760757449975074,0.009004634823525426,0.78489289776795,0.43834156368641086,200000,200000,True,,,,,1.0,0.9245283007621765,0.019964318722486496,0.03022412583231926,0.21672553480599427,0.009376352290690226,0.7858645416065125,0.44237111959856534
ntk_N800_a1_wd0.0003_s4,1.0,800,0.0003,4,100.0,23,0.9,46,100.0,200000,ok,18900,18000,False,0.2141183934549291,0.010717795410353781,0.7887963322525966,0.43561892581645306,34000,33000,False,0.22859630142053566,0.010957280238809042,0.7746439528289866,0.4475874617891986,44000,43000,False,0.22891536258323655,0.011030958997824802,0.7743525230909998,0.4501857838192282,200000,200000,True,,,,,1.0,0.9245283007621765,0.020135048776865005,0.030144739896059036,0.22648742566847135,0.011270030777627671,0.7768054731817016,0.4548297830462379
ntk_N800_a1_wd0.001_s0,1.0,800,0.001,0,100.0,23,0.9,42,100.0,200000,ok,200000,200000,True,,,,,200000,200000,True,,,,,200000,200000,True,,,,,200000,200000,True,,,,,0.04621848836541176,0.03773584961891174,0.051379039883613586,0.05603061616420746,0.09642893873011522,0.049871424357666116,0.9088777474511762,0.3627220852737814
ntk_N800_a1_wd0.001_s1,1.0,800,0.001,1,100.0,23,0.9,43,100.0,200000,ok,200000,200000,True,,,,,200000,200000,True,,,,,200000,200000,True,,,,,200000,200000,True,,,,,0.04411764815449715,0.01886792480945587,0.05159022659063339,0.052032168954610825,0.07337462518934841,0.052389700923152205,0.9307645967595768,0.3291051156731605
ntk_N800_a1_wd0.001_s2,1.0,800,0.001,2,100.0,23,0.9,44,100.0,200000,ok,200000,200000,True,,,,,200000,200000,True,,,,,200000,200000,True,,,,,200000,200000,True,,,,,0.04831932857632637,0.0,0.05122660845518112,0.056985143572092056,0.06436795471151757,0.042048990561819544,0.9385203989317468,0.352019289798206
ntk_N800_a1_wd0.001_s3,1.0,800,0.001,3,100.0,23,0.9,45,100.0,200000,ok,200000,200000,True,,,,,200000,200000,True,,,,,200000,200000,True,,,,,200000,200000,True,,,,,0.04621848836541176,0.01886792480945587,0.05131376162171364,0.053268950432538986,0.18112178471107832,0.0742762062579353,0.8351452625458521,0.3626638427153859
ntk_N800_a1_wd0.001_s4,1.0,800,0.001,4,100.0,23,0.9,46,100.0,200000,ok,200000,200000,True,,,,,200000,200000,True,,,,,200000,200000,True,,,,,200000,200000,True,,,,,0.05042016878724098,0.01886792480945587,0.05166855826973915,0.05426856502890587,0.15306471028579724,0.0756666187756655,0.8605016926919359,0.3845302673982088
ntk_N800_a1_wd0.003_s0,1.0,800,0.003,0,100.0,23,0.9,42,100.0,200000,ok,200000,200000,True,,,,,200000,200000,True,,,,,200000,200000,True,,,,,200000,200000,True,,,,,0.04411764815449715,0.03773584961891174,0.05691038817167282,0.060323845595121384,0.045903625343244395,0.049310739170176365,0.9564658778679439,0.3466546853689911
ntk_N800_a1_wd0.003_s1,1.0,800,0.003,1,100.0,23,0.9,43,100.0,200000,ok,200000,200000,True,,,,,200000,200000,True,,,,,200000,200000,True,,,,,200000,200000,True,,,,,0.03781512752175331,0.07547169923782349,0.05871495231986046,0.056026604026556015,0.031928874559898256,0.10470808876962034,0.971518464453625,0.31503106341416154
ntk_N800_a1_wd0.003_s2,1.0,800,0.003,2,100.0,23,0.9,44,100.0,200000,ok,200000,200000,True,,,,,200000,200000,True,,,,,200000,200000,True,,,,,200000,200000,True,,,,,0.052521008998155594,0.0,0.05742918699979782,0.061848804354667664,0.02739925994087239,0.05434508172120811,0.9741304992683153,0.35050281500464686
ntk_N800_a1_wd0.003_s3,1.0,800,0.003,3,100.0,23,0.9,45,100.0,200000,ok,200000,200000,True,,,,,200000,200000,True,,,,,200000,200000,True,,,,,200000,200000,True,,,,,0.0357142873108387,0.01886792480945587,0.058557067066431046,0.057642579078674316,0.12862490816430774,0.07805740586286958,0.8828220681388591,0.3445678684677618
ntk_N800_a1_wd0.003_s4,1.0,800,0.003,4,100.0,23,0.9,46,100.0,200000,ok,200000,200000,True,,,,,200000,200000,True,,,,,200000,200000,True,,,,,200000,200000,True,,,,,0.04621848836541176,0.056603774428367615,0.05830991640686989,0.05909552425146103,0.08386259590192968,0.08743593440898212,0.9241065696427264,0.36838020906383306
ntk_N800_a2_wd0_s0,2.0,800,0.0,0,100.0,23,0.9,42,25.0,200000,ok,67,61,False,1.0002956097847786,5.514953640650688e-06,0.003334749312076015,0.4048586011859446,200000,200000,True,,,,,200000,200000,True,,,,,200000,200000,True,,,,,1.0,0.0,1.5767104288855194e-09,0.060233812779188156,1.2452622322437554,0.0036585430519124884,0.2631829279044488,0.4041368829214071
ntk_N800_a2_wd0_s1,2.0,800,0.0,1,100.0,23,0.9,43,25.0,200000,ok,74,67,False,1.0001773204705073,4.0396501733708234e-06,0.0028481881119955125,0.3771281413569806,200000,200000,True,,,,,200000,200000,True,,,,,200000,200000,True,,,,,1.0,0.0,1.6053652851510947e-09,0.06286286562681198,1.2135487647403034,0.003954930658474631,0.23495122334765642,0.37694628148259396
ntk_N800_a2_wd0_s2,2.0,800,0.0,2,100.0,23,0.9,44,25.0,200000,ok,74,67,False,0.9993433757324961,4.4904502113363165e-06,0.0030669461641724895,0.4106972474749425,200000,200000,True,,,,,200000,200000,True,,,,,200000,200000,True,,,,,1.0,0.0,1.6667384139523733e-09,0.06082041189074516,1.2377632635077405,0.0033071908563813146,0.2543981292555547,0.4101726702659261
ntk_N800_a2_wd0_s3,2.0,800,0.0,3,100.0,23,0.9,45,25.0,200000,ok,67,61,False,1.0028826132893145,3.872728633336209e-06,0.004009643849605916,0.39846824948406445,200000,200000,True,,,,,200000,200000,True,,,,,200000,200000,True,,,,,1.0,0.0,1.615581224356788e-09,0.05951601266860962,1.2299600104010224,0.003551995491415161,0.24823221226659684,0.39865326544710067
ntk_N800_a2_wd0_s4,2.0,800,0.0,4,100.0,23,0.9,46,25.0,200000,ok,61,55,False,1.0022577014805019,4.556718877557486e-06,0.003772430138803798,0.42964316425261,200000,200000,True,,,,,200000,200000,True,,,,,200000,200000,True,,,,,1.0,0.01886792480945587,1.6660620660857717e-09,0.058153387159109116,1.235456161505108,0.003446918266630794,0.2528964942662241,0.4265975231561221
ntk_N800_a2_wd3e-06_s0,2.0,800,3e-06,0,100.0,23,0.9,42,25.0,200000,ok,67,61,False,0.9998985963404898,5.515743345840818e-06,0.0033227474716874907,0.40485858968000554,200000,200000,True,,,,,200000,200000,True,,,,,200000,200000,True,,,,,1.0,0.0,3.9926999306771904e-05,0.05113082751631737,0.740408802012979,0.005129985565349382,0.27383236296300867,0.4101902969816267
ntk_N800_a2_wd3e-06_s1,2.0,800,3e-06,1,100.0,23,0.9,43,25.0,200000,ok,74,67,False,0.9997396933123434,4.039937624433776e-06,0.00285403776700539,0.3771280630175802,200000,200000,True,,,,,200000,200000,True,,,,,200000,200000,True,,,,,1.0,0.01886792480945587,4.029249612358399e-05,0.05504932999610901,0.7115438070419159,0.0062274338517787076,0.3034290019722314,0.3802230966417085
ntk_N800_a2_wd3e-06_s2,2.0,800,3e-06,2,100.0,23,0.9,44,25.0,200000,ok,74,67,False,0.9989056098622152,4.49052252737836e-06,0.0031888722240232207,0.410697245190288,200000,200000,True,,,,,200000,200000,True,,,,,200000,200000,True,,,,,1.0,0.03773584961891174,3.9834594645071775e-05,0.05113086849451065,0.7361800662697748,0.004739293405852885,0.2767289361461965,0.41592567472287034
ntk_N800_a2_wd3e-06_s3,2.0,800,3e-06,3,100.0,23,0.9,45,25.0,200000,ok,67,61,False,1.0024872383174406,3.8761167784340245e-06,0.0037360232409453737,0.39846839165767517,200000,200000,True,,,,,200000,200000,True,,,,,200000,200000,True,,,,,1.0,0.01886792480945587,3.951187682105228e-05,0.05133487284183502,0.7261820460421946,0.005135147049489253,0.2871138712982883,0.4056971720875435
ntk_N800_a2_wd3e-06_s4,2.0,800,3e-06,4,100.0,23,0.9,46,25.0,200000,ok,61,55,False,1.001896320061309,4.559002916404431e-06,0.003568098410247445,0.42964310825464264,200000,200000,True,,,,,200000,200000,True,,,,,200000,200000,True,,,,,1.0,0.07547169923782349,3.8854112062836066e-05,0.05013527348637581,0.7400894205642451,0.004560854871098141,0.2725883162945308,0.43200074106629854
ntk_N800_a2_wd1e-05_s0,2.0,800,1e-05,0,100.0,23,0.9,42,25.0,200000,ok,67,61,False,0.99897291541843,5.517717898584351e-06,0.003475486183121474,0.4048585528648803,188000,187000,False,0.4762084000009508,0.004101535718942229,0.5275073570615793,0.4242085314430768,200000,200000,True,,,,,200000,200000,True,,,,,1.0,0.849056601524353,0.0003262217214796692,0.030334582552313805,0.46939755091097,0.0040919697878298855,0.5342101460782028,0.42535381911334724
ntk_N800_a2_wd1e-05_s1,2.0,800,1e-05,1,100.0,23,0.9,43,25.0,200000,ok,82,74,False,0.9985642689458079,4.415737454133151e-06,0.0032985025307823755,0.3771096158058845,200000,200000,True,,,,,200000,200000,True,,,,,200000,200000,True,,,,,1.0,0.7547169923782349,0.0003264445986133069,0.0329773910343647,0.45303575179455363,0.0052478167136617015,0.5512937383965618,0.39273028216528827
ntk_N800_a2_wd1e-05_s2,2.0,800,1e-05,2,100.0,23,0.9,44,25.0,200000,ok,74,67,False,0.9978849095907631,4.490700741599518e-06,0.0036655166684227717,0.41069725288544606,183000,182000,False,0.47557325298524883,0.004147677173962916,0.5281746506946184,0.4273911205333753,200000,200000,True,,,,,200000,200000,True,,,,,1.0,0.849056601524353,0.000326544075505808,0.030752157792448997,0.46631558102640736,0.004057142660080393,0.537217718182178,0.42872251842778825
ntk_N800_a2_wd1e-05_s3,2.0,800,1e-05,3,100.0,23,0.9,45,25.0,200000,ok,67,61,False,1.0015652723535178,3.88401524220594e-06,0.003198478874065908,0.3984687246176663,200000,200000,True,,,,,200000,200000,True,,,,,200000,200000,True,,,,,1.0,0.7547169923782349,0.00032364355865865946,0.031605180352926254,0.46147540677792914,0.0042417387404373175,0.5421472620297687,0.4194019857629015
ntk_N800_a2_wd1e-05_s4,2.0,800,1e-05,4,100.0,23,0.9,46,25.0,200000,ok,61,55,False,1.0010535891216212,4.5644037902636825e-06,0.003201324043265894,0.4296429777507021,200000,199000,False,0.47794443726520314,0.0038620739686549,0.5255794175208879,0.4423914429620196,200000,200000,True,,,,,200000,200000,True,,,,,1.0,0.8113207817077637,0.0003244785184506327,0.03034171089529991,0.47794443726520314,0.0038620739686549,0.5255794175208879,0.4423914429620196
ntk_N800_a2_wd3e-05_s0,2.0,800,3e-05,0,100.0,23,0.9,42,25.0,200000,ok,67,61,False,0.9963151736086868,5.556009831431119e-06,0.004964777873525205,0.4048654762289684,68000,67000,False,0.38066609865628886,0.005598702549232004,0.6227655689483228,0.426028959167995,77000,76000,False,0.37006290319906976,0.005555904319006544,0.6331925568816805,0.4285112769484686,94000,93000,False,0.35714727212934666,0.005501155150712256,0.6459017532427163,0.43107973271986666,1.0,1.0,0.0021459090057760477,0.02029346115887165,0.3315480536600972,0.005977398813880042,0.6714101536698626,0.4375987757222049
ntk_N800_a2_wd3e-05_s1,2.0,800,3e-05,1,100.0,23,0.9,43,25.0,200000,ok,82,74,False,0.995344829443088,4.41868454315042e-06,0.005519677756875004,0.3771090539964774,78000,77000,False,0.36158149679404517,0.007371643518409909,0.6425800222775132,0.39498198440389426,89000,88036,False,0.352784860250084,0.007235550479032127,0.6511471588286776,0.3971236121664223,142000,141000,False,0.33361681595909226,0.007107566654697917,0.6699320528871664,0.4014701898621373,1.0,0.9811320900917053,0.0021534848492592573,0.02172045037150383,0.32634590261389657,0.007345425684630258,0.6772031763624222,0.4031057753629757
ntk_N800_a2_wd3e-05_s2,2.0,800,3e-05,2,100.0,23,0.9,44,25.0,200000,ok,74,67,False,0.9949745426395409,4.491368322701028e-06,0.005847462352764323,0.410697252189074,68000,67000,False,0.37951928652641376,0.006061107373039776,0.6241770022071005,0.42900934149730247,73000,72000,False,0.3736103743398602,0.005959967095268026,0.6299344205627144,0.43032067686492004,82000,81000,False,0.3646999018300918,0.0058014909247225965,0.638621813811683,0.43255304566646485,1.0,1.0,0.0021627014502882957,0.02082131803035736,0.33323070317464243,0.0054411964640247446,0.6694831160205748,0.44172893049273526
ntk_N800_a2_wd3e-05_s3,2.0,800,3e-05,3,100.0,23,0.9,45,25.0,200000,ok,67,61,False,0.9989358416389089,3.906835967293354e-06,0.002989613681947432,0.3984696781128778,79000,78000,False,0.3657600921456994,0.005234339227446205,0.637251351910168,0.4235162932566916,85000,84000,False,0.3607314888701312,0.005173440408409058,0.6421811855266484,0.4248964851448857,91000,90000,False,0.35691370816109996,0.005037643519070989,0.6458761389064296,0.4259721631135296,1.0,0.9811320900917053,0.002131606452167034,0.02097921632230282,0.3314360252009393,0.005139931263461128,0.6711072233068678,0.43302107279679974
ntk_N800_a2_wd3e-05_s4,2.0,800,3e-05,4,100.0,23,0.9,46,25.0,200000,ok,67,61,False,0.9982977764802898,4.631912707164787e-06,0.0034850568465682637,0.4296569047666413,70000,69000,False,0.39049778197720847,0.005374768213308734,0.6129360683681291,0.4429674512455504,81000,80000,False,0.38083718599981753,0.005241765200002191,0.6223785893308877,0.44425110667375456,99000,98000,False,0.3701871381729498,0.005306070803111851,0.6329239442886271,0.4461310617297961,1.0,1.0,0.0021530757658183575,0.020904412493109703,0.35112245234996287,0.005742862915865343,0.6519777358663276,0.4523275556909738
ntk_N800_a2_wd0.0001_s0,2.0,800,0.0001,0,100.0,23,0.9,42,25.0,200000,ok,282,254,False,0.9477227182261245,1.237628357531051e-05,0.05250116912877861,0.4048147894881612,73000,72000,False,0.22430510356635083,0.009767557145433758,0.7785142247816692,0.431117743979254,96000,95000,False,0.22340453113080874,0.009766873359185357,0.77940005760521,0.43174466533741174,200000,200000,True,,,,,1.0,0.9245283007621765,0.012773454189300537,0.02834617905318737,0.22066873433714726,0.009414006929855057,0.7819923117449228,0.4322693894503126
ntk_N800_a2_wd0.0001_s1,2.0,800,0.0001,1,100.0,23,0.9,43,25.0,200000,ok,312,282,False,0.9436702682461728,1.340816908368403e-05,0.05655390756163441,0.3770158786581603,58408,58000,False,0.2265902600168624,0.010472218257016941,0.7764717839151699,0.3950319749605642,117000,116000,False,0.22332198100147096,0.011248442178225293,0.7799056314557058,0.39689823787817863,200000,200000,True,,,,,1.0,0.9056603908538818,0.01285773329436779,0.02759633958339691,0.22232678657450974,0.011994221784079051,0.7810946808505105,0.39727850563386347
ntk_N800_a2_wd0.0001_s2,2.0,800,0.0001,2,100.0,23,0.9,44,25.0,200000,ok,346,312,False,0.9362788858206117,1.7964956533278453e-05,0.06398453571947146,0.41072640639438673,56000,55000,False,0.22292461302721195,0.008739243093837556,0.7795784385221267,0.4314537439784517,94000,93000,False,0.21982994751009546,0.00960051673773843,0.7828705339857631,0.4364555456438645,200000,200000,True,,,,,1.0,0.9245283007621765,0.012990015558898449,0.028357092291116714,0.21667720479827654,0.010017148509147478,0.7860887844007595,0.44031003512807804
ntk_N800_a2_wd0.0001_s3,2.0,800,0.0001,3,100.0,23,0.9,45,25.0,200000,ok,383,346,False,0.9342361769408585,1.9359531293727805e-05,0.06603827051309132,0.39870643466418215,62000,61000,False,0.22971239703993815,0.007402990598204262,0.7724921415167361,0.42723839363606203,200000,200000,True,,,,,200000,200000,True,,,,,1.0,0.8867924809455872,0.012683543376624584,0.02793191373348236,0.22525260876376443,0.007509280474163549,0.7769275965370522,0.433026593584133
ntk_N800_a2_wd0.0001_s4,2.0,800,0.0001,4,100.0,23,0.9,46,25.0,200000,ok,346,312,False,0.9397418516637888,1.6396520429284855e-05,0.060513316169638016,0.42940960786479804,71000,70000,False,0.2410080944915145,0.008801016528699246,0.7617814286747492,0.4433232929938462,97000,96000,False,0.24000900890423477,0.00910380253465537,0.7628606004991532,0.44366826426183825,200000,200000,True,,,,,1.0,0.9433962106704712,0.012895973399281502,0.027927564457058907,0.23683904082453705,0.009186280747921272,0.7660065205021286,0.44500042205448725
ntk_N800_a2_wd0.0003_s0,2.0,800,0.0003,0,100.0,23,0.9,42,25.0,200000,ok,200000,200000,True,,,,,200000,200000,True,,,,,200000,200000,True,,,,,200000,200000,True,,,,,0.09873949736356735,0.0,0.04840429127216339,0.06282311677932739,0.13245536571743166,0.022522916221620615,0.8709766097219781,0.3729419120572728
ntk_N800_a2_wd0.0003_s1,2.0,800,0.0003,1,100.0,23,0.9,43,25.0,200000,ok,200000,200000,True,,,,,200000,200000,True,,,,,200000,200000,True,,,,,200000,200000,True,,,,,0.1428571492433548,0.01886792480945587,0.04745345562696457,0.05731222406029701,0.14240861382344194,0.02132928197062456,0.8611259679064395,0.34632658813562917
ntk_N800_a2_wd0.0003_s2,2.0,800,0.0003,2,100.0,23,0.9,44,25.0,200000,ok,200000,200000,True,,,,,200000,200000,True,,,,,200000,200000,True,,,,,200000,200000,True,,,,,0.13025210797786713,0.0,0.04803747683763504,0.06330926716327667,0.13736602595814515,0.01909187167013293,0.8656688294319609,0.37885198053429353
ntk_N800_a2_wd0.0003_s3,2.0,800,0.0003,3,100.0,23,0.9,45,25.0,200000,ok,200000,200000,True,,,,,200000,200000,True,,,,,200000,200000,True,,,,,200000,200000,True,,,,,0.10294117778539658,0.01886792480945587,0.04759904742240906,0.05904683843255043,0.15712625784227427,0.02480274503137192,0.8474847905661548,0.38530346154065687
ntk_N800_a2_wd0.0003_s4,2.0,800,0.0003,4,100.0,23,0.9,46,25.0,200000,ok,200000,200000,True,,,,,200000,200000,True,,,,,200000,200000,True,,,,,200000,200000,True,,,,,0.12815126776695251,0.01886792480945587,0.04814993590116501,0.06042221933603287,0.15580836623815403,0.02661715443938617,0.8490900218514603,0.39043799607008434
ntk_N800_a2_wd0.001_s0,2.0,800,0.001,0,100.0,23,0.9,42,25.0,200000,ok,200000,200000,True,,,,,200000,200000,True,,,,,200000,200000,True,,,,,200000,200000,True,,,,,0.04411764815449715,0.03773584961891174,0.08294849097728729,0.09219413995742798,0.05622778652681613,0.031420412912895435,0.945642316874501,0.34840602503535456
ntk_N800_a2_wd0.001_s1,2.0,800,0.001,1,100.0,23,0.9,43,25.0,200000,ok,200000,200000,True,,,,,200000,200000,True,,,,,200000,200000,True,,,,,200000,200000,True,,,,,0.03781512752175331,0.03773584961891174,0.08410608768463135,0.08504550904035568,0.06339672691123717,0.0646689535497521,0.9409703986503731,0.3148157821782495
ntk_N800_a2_wd0.001_s2,2.0,800,0.001,2,100.0,23,0.9,44,25.0,200000,ok,200000,200000,True,,,,,200000,200000,True,,,,,200000,200000,True,,,,,200000,200000,True,,,,,0.04621848836541176,0.0,0.08223316818475723,0.09330766648054123,0.054159535965133745,0.08566183899624802,0.9507328722125918,0.310226672498982
ntk_N800_a2_wd0.001_s3,2.0,800,0.001,3,100.0,23,0.9,45,25.0,200000,ok,200000,200000,True,,,,,200000,200000,True,,,,,200000,200000,True,,,,,200000,200000,True,,,,,0.03781512752175331,0.01886792480945587,0.08264533430337906,0.08400464057922363,0.12779843814540534,0.05604421543268023,0.8803750853473516,0.3592611417587075
ntk_N800_a2_wd0.001_s4,2.0,800,0.001,4,100.0,23,0.9,46,25.0,200000,ok,200000,200000,True,,,,,200000,200000,True,,,,,200000,200000,True,,,,,200000,200000,True,,,,,0.04621848836541176,0.01886792480945587,0.08455438911914825,0.08915916085243225,0.096044869260411,0.05518096197232247,0.9097991948485217,0.38014625292318305
ntk_N800_a2_wd0.003_s0,2.0,800,0.003,0,100.0,23,0.9,42,25.0,200000,ok,200000,200000,True,,,,,200000,200000,True,,,,,200000,200000,True,,,,,200000,200000,True,,,,,0.042016807943582535,0.03773584961891174,0.1031586155295372,0.1103743463754654,0.016490380598150913,0.021096194101579813,0.9838632730190638,0.3472147496791233
ntk_N800_a2_wd0.003_s1,2.0,800,0.003,1,100.0,23,0.9,43,25.0,200000,ok,200000,200000,True,,,,,200000,200000,True,,,,,200000,200000,True,,,,,200000,200000,True,,,,,0.03781512752175331,0.07547169923782349,0.10980179160833359,0.10636745393276215,0.02638771458899147,0.21237659013299737,0.9793513914805415,0.11583297371595745
ntk_N800_a2_wd0.003_s2,2.0,800,0.003,2,100.0,23,0.9,44,25.0,200000,ok,200000,200000,True,,,,,200000,200000,True,,,,,200000,200000,True,,,,,200000,200000,True,,,,,0.054621849209070206,0.0,0.1057913675904274,0.11543235182762146,0.020756733454746417,0.18872286826511186,0.9832354324478989,0.08169824353249593
ntk_N800_a2_wd0.003_s3,2.0,800,0.003,3,100.0,23,0.9,45,25.0,200000,ok,200000,200000,True,,,,,200000,200000,True,,,,,200000,200000,True,,,,,200000,200000,True,,,,,0.03361344709992409,0.03773584961891174,0.1092698872089386,0.10457734763622284,0.07741187993513887,0.05083002659359992,0.9268433174578871,0.3446211069034853
ntk_N800_a2_wd0.003_s4,2.0,800,0.003,4,100.0,23,0.9,46,25.0,200000,ok,200000,200000,True,,,,,200000,200000,True,,,,,200000,200000,True,,,,,200000,200000,True,,,,,0.04831932857632637,0.03773584961891174,0.10844094306230545,0.11066810041666031,0.032134634033436534,0.060178241747003924,0.9698613190493891,0.3686251603528738
ntk_N1600_a0.5_wd0_s0,0.5,1600,0.0,0,100.0,23,0.9,42,400.0,200000,ok,49,44,False,1.0040656489832083,8.458699692015514e-06,0.005789272946246386,0.4072048027544505,200000,200000,True,,,,,200000,200000,True,,,,,200000,200000,True,,,,,1.0,0.056603774428367615,4.9711693095311205e-11,0.04360305145382881,1.8172450412445853,0.014124608676009287,0.8480714637286532,0.4088082355276229
ntk_N1600_a0.5_wd0_s1,0.5,1600,0.0,1,100.0,23,0.9,43,400.0,200000,ok,55,49,False,1.0041203791705602,9.937873003962316e-06,0.00607743088205834,0.3787147694607776,200000,200000,True,,,,,200000,200000,True,,,,,200000,200000,True,,,,,1.0,0.15094339847564697,4.9870958057640635e-11,0.041948914527893066,1.7786119964831753,0.01176949667583016,0.8050486799119151,0.38342621366789004
ntk_N1600_a0.5_wd0_s2,0.5,1600,0.0,2,100.0,23,0.9,44,400.0,200000,ok,55,49,False,1.0047166454206682,1.1772826310485485e-05,0.0067752087156173,0.4114253480141222,200000,200000,True,,,,,200000,200000,True,,,,,200000,200000,True,,,,,1.0,0.18867924809455872,4.970985428842667e-11,0.04139402136206627,1.7992047828255848,0.013881245507198825,0.8298666709222312,0.41416081859709203
ntk_N1600_a0.5_wd0_s3,0.5,1600,0.0,3,100.0,23,0.9,45,400.0,200000,ok,55,49,False,1.0010856903352796,7.175218827315533e-06,0.003942681992043246,0.4025407697142038,200000,200000,True,,,,,200000,200000,True,,,,,200000,200000,True,,,,,1.0,0.15094339847564697,4.931331731850008e-11,0.042794156819581985,1.7954076924174396,0.012310309245324502,0.8227256195032595,0.40712655605438763
ntk_N1600_a0.5_wd0_s4,0.5,1600,0.0,4,100.0,23,0.9,46,400.0,200000,ok,49,44,False,1.0032841276729227,8.502217922035094e-06,0.005276909621601388,0.43138194042832295,200000,200000,True,,,,,200000,200000,True,,,,,200000,200000,True,,,,,1.0,0.11320754885673523,5.016070198093914e-11,0.04278356954455376,1.8332569837590222,0.012730832743203746,0.8608106511041064,0.4351278653963146
ntk_N1600_a0.5_wd3e-06_s0,0.5,1600,3e-06,0,100.0,23,0.9,42,400.0,200000,ok,49,44,False,1.0037736488885696,8.461713683627359e-06,0.005588176480249863,0.4072048316048406,122000,121000,False,1.3465108010591513,0.02030334310357418,0.41802760294482877,0.41411597788712473,132000,131000,False,1.3199444230028976,0.02066652029935523,0.396133500520566,0.41468005697854476,176000,175000,False,1.2159012615927653,0.022034636413938657,0.31653947492570256,0.4173221965220204,1.0,1.0,2.7247365324001294e-06,0.025440523400902748,1.1666570782247503,0.022603916994452633,0.2837545087514493,0.41912908487345346
ntk_N1600_a0.5_wd3e-06_s1,0.5,1600,3e-06,1,100.0,23,0.9,43,400.0,200000,ok,55,49,False,1.0037926294293145,9.940884102555003e-06,0.005860137402151951,0.37871479588601237,117000,116000,False,1.3094221920966387,0.017202239017452547,0.37522270721305606,0.3902521709309562,136000,135000,False,1.2568078821378013,0.017896529044024168,0.3330694910359973,0.3916937019264128,146000,145000,False,1.2308797449783602,0.018246230674939246,0.31340594787151654,0.39247936789721594,1.0,1.0,2.6966206405631965e-06,0.024675117805600166,1.110108504871749,0.019686049829286456,0.23628623643947538,0.3971062716645272
ntk_N1600_a0.5_wd3e-06_s2,0.5,1600,3e-06,2,100.0,23,0.9,44,400.0,200000,ok,55,49,False,1.0043893089644682,1.177761981874248e-05,0.006551691693543789,0.4114253951230393,98000,97545,False,1.3976599362555022,0.019245186805352255,0.46035842343756217,0.41907196966722693,116000,115000,False,1.3449463629803051,0.020130765225147562,0.4160980560883287,0.4204821474967969,138000,137000,False,1.2875108262081947,0.02101327060410174,0.36982712445217636,0.4219887720094939,1.0,1.0,2.6857148895942373e-06,0.02368508093059063,1.1526627892854884,0.02300232716713535,0.27628568623343636,0.4271104123022046
ntk_N1600_a0.5_wd3e-06_s3,0.5,1600,3e-06,3,100.0,23,0.9,45,400.0,200000,ok,55,49,False,1.0007576909337033,7.1765816926916415e-06,0.003864988253278715,0.4025408023874301,127000,126000,False,1.2958032768875714,0.018318226711991792,0.3673870098652944,0.4150212837331829,141000,140000,False,1.2583360699432637,0.018838284052473897,0.3378569366934188,0.4162074315427551,157000,156000,False,1.2186677805126176,0.019312906628690674,0.3080383618109642,0.4174873454477939,1.0,1.0,2.6991231152351247e-06,0.025204230099916458,1.1250209114676433,0.020376645680380667,0.247948650523027,0.42111181426875494
ntk_N1600_a0.5_wd3e-06_s4,0.5,1600,3e-06,4,100.0,23,0.9,46,400.0,200000,ok,49,44,False,1.0029919540627625,8.504557349242603e-06,0.005100175908966488,0.43138198634375535,110000,109000,False,1.389536982767393,0.018177573863484175,0.4497286773423718,0.44077593337338905,135000,134000,False,1.3202144577089208,0.019093671522540157,0.39109178119135096,0.44239341694105144,160000,159000,False,1.2581681846927468,0.019862273446252465,0.34151277082860865,0.44417374173560664,1.0,1.0,2.7235726065555355e-06,0.024718938395380974,1.1722843039397768,0.020778117149834574,0.2799957188679132,0.4475198764652484
ntk_N1600_a0.5_wd1e-05_s0,0.5,1600,1e-05,0,100.0,23,0.9,42,400.0,200000,ok,49,44,False,1.0030925822574388,8.46879007787571e-06,0.005153059871037586,0.407204934472605,38000,37000,False,1.309465072252383,0.02086138809885396,0.38781844862315973,0.4142780077918869,42000,41000,False,1.2751937588074982,0.021392638377012996,0.360958616426018,0.41499858614961294,54000,53000,False,1.1834305935778417,0.022766495018203492,0.2958579322689829,0.4174286169896731,1.0,1.0,2.607243186503183e-05,0.005701054353266954,0.7223116838615418,0.02262526824523181,0.33135448107408644,0.4561593381220161
ntk_N1600_a0.5_wd1e-05_s1,0.5,1600,1e-05,1,100.0,23,0.9,43,400.0,200000,ok,55,49,False,1.0030282240283441,9.947924746955827e-06,0.005396873108495496,0.37871483906631387,37000,36000,False,1.2674366595657207,0.017858401406276148,0.3417472050021471,0.3906436416158264,42000,41000,False,1.2225133961555883,0.01850413391989969,0.30782351221335036,0.3918906046541098,45000,44000,False,1.1970384630083657,0.018879829539162785,0.2898687982028039,0.39265305073688966,1.0,1.0,2.65227190539008e-05,0.005861134268343449,0.6895799747899048,0.020751972630749127,0.35352635202844723,0.4331107405071224
ntk_N1600_a0.5_wd1e-05_s2,0.5,1600,1e-05,2,100.0,23,0.9,44,400.0,200000,ok,61,55,False,1.0036293051461784,1.2354731888652992e-05,0.0061620611653988265,0.41143406687923495,30000,29000,False,1.3681595651182712,0.01957818339832862,0.4348719617958837,0.4191176838772784,36000,35000,False,1.3108812696936492,0.020601601681741855,0.3881490324436022,0.42047490403454474,42000,41000,False,1.2591457451287638,0.021556468749659996,0.34848527806869245,0.4219438538537194,1.0,1.0,2.6458052161615342e-05,0.005235099233686924,0.728297595389423,0.024310115754113237,0.3305029415389344,0.46473325039317254
ntk_N1600_a0.5_wd1e-05_s3,0.5,1600,1e-05,3,100.0,23,0.9,45,400.0,200000,ok,55,49,False,0.9999925515482079,7.179758247377599e-06,0.003789388475442721,0.40254087426112756,39000,38751,False,1.2641584693650827,0.018802348333916807,0.3425171422248086,0.4149855462509341,44000,43000,False,1.220435733243583,0.019483831913814975,0.31007973469238365,0.41633123265466376,49000,48000,False,1.1800990118064485,0.020086232112404234,0.28256528340754306,0.4178121691694262,1.0,1.0,2.6076057110913098e-05,0.005720941815525293,0.6914718394862174,0.02196062177838154,0.3543443648553416,0.45984491746740636
ntk_N1600_a0.5_wd1e-05_s4,0.5,1600,1e-05,4,100.0,23,0.9,46,400.0,200000,ok,49,44,False,1.0023107963077673,8.510091650704155e-06,0.004732789141088776,0.43138208948966045,34000,33000,False,1.3546992054375817,0.01859761479686861,0.41976168752609616,0.4408282558571873,41000,40000,False,1.290763783651135,0.019558169253644175,0.36746908846509824,0.44238515757391395,48000,47575,False,1.2330243977490718,0.020393426305723716,0.32340617545685174,0.44402698792983003,1.0,1.0,2.6328196327085607e-05,0.0055760107934474945,0.7286062589588713,0.020945412637678018,0.3227638148319547,0.4831630409276316
ntk_N1600_a0.5_wd3e-05_s0,0.5,1600,3e-05,0,100.0,23,0.9,42,400.0,200000,ok,55,49,False,1.0007733593018773,1.0069992977368436e-05,0.0045556169735111,0.4072396338138225,13894,13000,False,1.212715273992641,0.021187151845496688,0.3108629168952685,0.4146146145505267,15000,14000,False,1.187398928870017,0.02178794287310426,0.2947207468116893,0.41521293001301834,18900,18000,False,1.1048002884222745,0.023567194673799086,0.25111190214568885,0.41768235845666923,1.0,1.0,0.00021513705723918974,0.002282622503116727,0.5508715330948647,0.023850186294398612,0.4774862900249013,0.4876252168049709
ntk_N1600_a0.5_wd3e-05_s1,0.5,1600,3e-05,1,100.0,23,0.9,43,400.0,200000,ok,61,55,False,1.0006042377339266,9.37692908931087e-06,0.004373819064205661,0.3787249635731074,13000,12539,False,1.1874201990768747,0.01786815847045109,0.2784965988989012,0.3906257751322648,16000,15395,False,1.1159718490336386,0.019425876297116562,0.23834204821865695,0.393026286743237,17000,16000,False,1.0937045864390151,0.019889363884593725,0.22866291024907395,0.3937998933821329,1.0,1.0,0.00022004175116308033,0.0024446917232125998,0.5323855768035166,0.023879788861035367,0.4940544090632495,0.46703964528485553
ntk_N1600_a0.5_wd3e-05_s2,0.5,1600,3e-05,2,100.0,23,0.9,44,400.0,200000,ok,61,55,False,1.0012180808520057,1.2397242826311938e-05,0.005129172282434176,0.4114352605480985,12539,12000,False,1.232614905156639,0.020350413084843533,0.3229212583432347,0.42062614188862224,13894,13000,False,1.2010563827189318,0.021238987455552527,0.30239396806811336,0.42156997850247907,15000,14000,False,1.176038410801711,0.021842138275491974,0.2869911309598848,0.42238020610478777,1.0,1.0,0.00021838558313902467,0.002169562503695488,0.5643373967789943,0.026050336871420998,0.4681925484624578,0.49091842752589354
ntk_N1600_a0.5_wd3e-05_s3,0.5,1600,3e-05,3,100.0,23,0.9,45,400.0,200000,ok,55,49,False,0.9978099218549527,7.188762554011241e-06,0.004375211936073689,0.402541096071532,15000,14000,False,1.1529169988392862,0.019640021800864327,0.26205006872274633,0.41585771051868575,16000,15395,False,1.1301486651935246,0.020108900880395297,0.24978144452427087,0.41672855792999014,17000,16000,False,1.107980903239102,0.02058720622787713,0.23933311130597543,0.41768075597053683,1.0,1.0,0.0002128988126059994,0.002341654384508729,0.5289314473534976,0.025429641891442478,0.4988052283959282,0.49011762445009505
ntk_N1600_a0.5_wd3e-05_s4,0.5,1600,3e-05,4,100.0,23,0.9,46,400.0,200000,ok,49,44,False,1.0003661569524267,8.52554750851997e-06,0.004146252441448527,0.43138242212308076,13894,13000,False,1.220534763452393,0.01951445378772032,0.3102768447151657,0.44199504316381794,15000,14000,False,1.1944858777818679,0.020098614793086056,0.29298426531679417,0.44277667776449275,17000,16000,False,1.1491622956120793,0.02109221466834499,0.26594387770336353,0.4443586371222791,1.0,1.0,0.00021721413941122591,0.002331123687326908,0.5564988406766277,0.023314499525262544,0.4718498301734402,0.5102950932332674
ntk_N1600_a0.5_wd0.0001_s0,0.5,1600,0.0001,0,100.0,23,0.9,42,400.0,200000,ok,55,49,False,0.993147437300939,9.886691103910827e-06,0.008160606559012693,0.40724681627785714,8000,7508,False,0.7650330271879288,0.02281754621471066,0.30020298336250695,0.4197918860905361,8000,7508,False,0.7650330271879288,0.02281754621471066,0.30020298336250695,0.4197918860905361,8319,8000,False,0.7607510925215197,0.023550456278161658,0.3050772204141599,0.4209871174908293,1.0,1.0,0.0014488471206277609,0.004718517418950796,0.4513258562347576,0.025180359883769765,0.5690100271578747,0.4913553840395364
ntk_N1600_a0.5_wd0.0001_s1,0.5,1600,0.0001,1,100.0,23,0.9,43,400.0,200000,ok,67,61,False,0.9911354292869788,1.0158353967337774e-05,0.009935654128742663,0.3787776885798166,8000,7508,False,0.7323011416940186,0.020458522205747953,0.31878876560445035,0.39729672056749715,8000,7508,False,0.7323011416940186,0.020458522205747953,0.31878876560445035,0.39729672056749715,8319,8000,False,0.7273114786828077,0.021101264792595997,0.32411944380878777,0.39863340566937117,1.0,1.0,0.0014597655972465873,0.004940134007483721,0.4360805735454651,0.027432251837356758,0.5847482054376633,0.47412359913538704
ntk_N1600_a0.5_wd0.0001_s2,0.5,1600,0.0001,2,100.0,23,0.9,44,400.0,200000,ok,61,55,False,0.9928216055156488,1.2601638607834253e-05,0.008749383150966709,0.4114411898273613,7508,7000,False,0.7676830296161751,0.022165733001776933,0.2966541569863023,0.42640742998292586,8000,7508,False,0.7628048092584893,0.023457760903312197,0.3033956891154953,0.42858080265919796,8319,8000,False,0.7588773280107358,0.024155084559319806,0.3078987414780098,0.42990309423404865,1.0,1.0,0.0014551322674378753,0.004578637890517712,0.458885151935217,0.027874791595750015,0.5642587480485612,0.495209174679274
ntk_N1600_a0.5_wd0.0001_s3,0.5,1600,0.0001,3,100.0,23,0.9,45,400.0,200000,ok,55,49,False,0.9902529351656834,7.396167658768604e-06,0.010471553196665435,0.4025637486681632,8000,7508,False,0.7375725016837069,0.02164897691331147,0.31749578264007844,0.42112353250325235,8319,8000,False,0.7328532870742847,0.022378204381611422,0.3227495120163354,0.4224934002350366,9000,8319,False,0.7209805001423656,0.02368558387154307,0.33467233156109927,0.42556780879274236,1.0,1.0,0.0014443205436691642,0.004849734716117382,0.42944205296443805,0.027780822022997476,0.5910980269046973,0.49741204877139356
ntk_N1600_a0.5_wd0.0001_s4,0.5,1600,0.0001,4,100.0,23,0.9,46,400.0,200000,ok,49,44,False,0.9935998842939991,8.575225551643584e-06,0.007615915393602276,0.4313847281613424,7508,7000,False,0.7728487532236765,0.020424133527492394,0.288387276378191,0.4458272774605963,8000,7508,False,0.7677418739234108,0.02157549983922802,0.2950807795899542,0.44763547829601913,8000,7508,False,0.7677418739234108,0.02157549983922802,0.2950807795899542,0.44763547829601913,1.0,1.0,0.0014503543497994542,0.004723415244370699,0.4532545939813375,0.025866307767534846,0.5677839242638462,0.5143342611485054
ntk_N1600_a0.5_wd0.0003_s0,0.5,1600,0.0003,0,100.0,23,0.9,42,400.0,200000,ok,137,124,False,0.9279713443417661,2.083156957011223e-05,0.07229653819630352,0.4071093953766072,9000,8319,False,0.23892091358482337,0.016153055013159334,0.7661331353625294,0.43803412180632484,9000,8319,False,0.23892091358482337,0.016153055013159334,0.7661331353625294,0.43803412180632484,10000,9218,False,0.2542602981860814,0.018256274672380335,0.7519384247034093,0.4443637764138066,1.0,1.0,0.010576707310974598,0.01828848570585251,0.2883194203349064,0.02077300205813326,0.7200470590846665,0.4706645587026527
ntk_N1600_a0.5_wd0.0003_s1,0.5,1600,0.0003,1,100.0,23,0.9,43,400.0,200000,ok,137,124,False,0.9279365605527333,1.6162823185172925e-05,0.07227126298938163,0.3787314066708742,9000,8319,False,0.22722183597242634,0.018062731734262982,0.778071066762221,0.4154637031537761,9000,8319,False,0.22722183597242634,0.018062731734262982,0.778071066762221,0.4154637031537761,9218,9000,False,0.23035690930536307,0.01861857680096679,0.7751956673440993,0.4173117848233216,1.0,1.0,0.010574893094599247,0.018938623368740082,0.2817992102223494,0.02417152538202716,0.7276231222015215,0.44926385027242555
ntk_N1600_a0.5_wd0.0003_s2,0.5,1600,0.0003,2,100.0,23,0.9,44,400.0,200000,ok,101,91,False,0.9476109991313605,1.925175835815196e-05,0.05273607653172994,0.41146735439805265,8319,8000,False,0.23227402815732212,0.01700439943788079,0.7728534974686017,0.4416157872329922,9000,8319,False,0.24282852738437805,0.018872876141240447,0.7632000945916346,0.4465286923766746,9000,8319,False,0.24282852738437805,0.018872876141240447,0.7632000945916346,0.4465286923766746,1.0,1.0,0.010586670599877834,0.018241437152028084,0.29176899018225055,0.023609687886678943,0.7178915745806591,0.4745547633460459
ntk_N1600_a0.5_wd0.0003_s3,0.5,1600,0.0003,3,100.0,23,0.9,45,400.0,200000,ok,101,91,False,0.9433816658038662,1.1070447202055078e-05,0.056802491855464786,0.40255615181513266,9000,8319,False,0.21440036358478778,0.024307713376490403,0.7922057522559289,0.44839517842902143,9000,8319,False,0.21440036358478778,0.024307713376490403,0.7922057522559289,0.44839517842902143,9218,9000,False,0.21788928131999233,0.0247900983995476,0.788986799460179,0.4501889692665942,1.0,1.0,0.010592665523290634,0.018651921302080154,0.2695353164103073,0.026203753161154753,0.7400704883797548,0.47476670506598856
ntk_N1600_a0.5_wd0.0003_s4,0.5,1600,0.0003,4,100.0,23,0.9,46,400.0,200000,ok,112,101,False,0.9401290619745427,1.4978142103494463e-05,0.06010567355433031,0.431527037322691,9000,8319,False,0.22996046220984967,0.018047709642249,0.7754104777873394,0.46389788030759543,9000,8319,False,0.22996046220984967,0.018047709642249,0.7754104777873394,0.46389788030759543,9000,8319,False,0.22996046220984967,0.018047709642249,0.7754104777873394,0.46389788030759543,1.0,1.0,0.010596027597784996,0.01835666038095951,0.28845314680859435,0.02229513913006076,0.720528368884803,0.4891538825045438
ntk_N1600_a0.5_wd0.001_s0,0.5,1600,0.001,0,100.0,23,0.9,42,400.0,200000,ok,200000,200000,True,,,,,200000,200000,True,,,,,200000,200000,True,,,,,200000,200000,True,,,,,0.05672268941998482,0.01886792480945587,0.04467383772134781,0.04500099644064903,0.13066281802367946,0.057400389534825846,0.8779221658387972,0.3553932442861116
ntk_N1600_a0.5_wd0.001_s1,0.5,1600,0.001,1,100.0,23,0.9,43,400.0,200000,ok,200000,200000,True,,,,,200000,200000,True,,,,,200000,200000,True,,,,,200000,200000,True,,,,,0.052521008998155594,0.01886792480945587,0.04473097249865532,0.045862674713134766,0.11725838921072496,0.059566104105660544,0.8906188872109214,0.3243408233243311
ntk_N1600_a0.5_wd0.001_s2,0.5,1600,0.001,2,100.0,23,0.9,44,400.0,200000,ok,200000,200000,True,,,,,200000,200000,True,,,,,200000,200000,True,,,,,200000,200000,True,,,,,0.04621848836541176,0.0,0.044776223599910736,0.04532778635621071,0.13399884465537215,0.04615879141838153,0.8731142253449621,0.35573941808503656
ntk_N1600_a0.5_wd0.001_s3,0.5,1600,0.001,3,100.0,23,0.9,45,400.0,200000,ok,200000,200000,True,,,,,200000,200000,True,,,,,200000,200000,True,,,,,200000,200000,True,,,,,0.05882352963089943,0.0,0.04438762366771698,0.04623707756400108,0.06424450763546359,0.055266201118759795,0.9395421444777824,0.3686933299848641
ntk_N1600_a0.5_wd0.001_s4,0.5,1600,0.001,4,100.0,23,0.9,46,400.0,200000,ok,200000,200000,True,,,,,200000,200000,True,,,,,200000,200000,True,,,,,200000,200000,True,,,,,0.04621848836541176,0.03773584961891174,0.044731393456459045,0.0451575331389904,0.11717978692986174,0.06909202464285213,0.8919438917654007,0.375691594328415
ntk_N1600_a0.5_wd0.003_s0,0.5,1600,0.003,0,100.0,23,0.9,42,400.0,200000,ok,200000,200000,True,,,,,200000,200000,True,,,,,200000,200000,True,,,,,200000,200000,True,,,,,0.04621848836541176,0.056603774428367615,0.04635953530669212,0.045698318630456924,0.07047418551346209,0.054637741029112896,0.9336591135909861,0.3459195288565445
ntk_N1600_a0.5_wd0.003_s1,0.5,1600,0.003,1,100.0,23,0.9,43,400.0,200000,ok,200000,200000,True,,,,,200000,200000,True,,,,,200000,200000,True,,,,,200000,200000,True,,,,,0.04621848836541176,0.01886792480945587,0.0463215596973896,0.046741630882024765,0.06126734100570508,0.05478888122163095,0.9423017262006648,0.3161714343954431
ntk_N1600_a0.5_wd0.003_s2,0.5,1600,0.003,2,100.0,23,0.9,44,400.0,200000,ok,200000,200000,True,,,,,200000,200000,True,,,,,200000,200000,True,,,,,200000,200000,True,,,,,0.0357142873108387,0.03773584961891174,0.04615955799818039,0.04596910625696182,0.08268415058549734,0.04202580634748243,0.9210961425324042,0.3508137697815665
ntk_N1600_a0.5_wd0.003_s3,0.5,1600,0.003,3,100.0,23,0.9,45,400.0,200000,ok,200000,200000,True,,,,,200000,200000,True,,,,,200000,200000,True,,,,,200000,200000,True,,,,,0.06092436984181404,0.0,0.04604732245206833,0.0469188429415226,0.022884146222453435,0.044942938163660906,0.9781678553503133,0.3454262787483551
ntk_N1600_a0.5_wd0.003_s4,0.5,1600,0.003,4,100.0,23,0.9,46,400.0,200000,ok,200000,200000,True,,,,,200000,200000,True,,,,,200000,200000,True,,,,,200000,200000,True,,,,,0.04411764815449715,0.03773584961891174,0.04612252861261368,0.04621240496635437,0.060991048927948766,0.06319044135327145,0.9431044018528097,0.3679209915147345
ntk_N1600_a1_wd0_s0,1.0,1600,0.0,0,100.0,23,0.9,42,100.0,200000,ok,49,44,False,1.000754605351021,2.6258830393421917e-06,0.0024135364768291816,0.4071536169109556,200000,200000,True,,,,,200000,200000,True,,,,,200000,200000,True,,,,,1.0,0.01886792480945587,1.73968700556415e-10,0.052026908844709396,1.3455657972698867,0.005663637859407156,0.36695682992179685,0.40680718021299644
ntk_N1600_a1_wd0_s1,1.0,1600,0.0,1,100.0,23,0.9,43,100.0,200000,ok,55,49,False,1.0007477477595526,3.98477000962405e-06,0.002921408211233379,0.3786318823574689,200000,200000,True,,,,,200000,200000,True,,,,,200000,200000,True,,,,,1.0,0.0,1.775054270236609e-10,0.05065189301967621,1.3362857847908105,0.004503698960093283,0.3537295391270999,0.380760803692314
ntk_N1600_a1_wd0_s2,1.0,1600,0.0,2,100.0,23,0.9,44,100.0,200000,ok,55,49,False,1.0011920695287648,3.14084375252488e-06,0.002776725675097698,0.4113221773969006,200000,200000,True,,,,,200000,200000,True,,,,,200000,200000,True,,,,,1.0,0.0,1.7298801280318798e-10,0.050498850643634796,1.338927630732767,0.005516525204149136,0.36006165432751236,0.4120796790320187
ntk_N1600_a1_wd0_s3,1.0,1600,0.0,3,100.0,23,0.9,45,100.0,200000,ok,55,49,False,0.9992366841653593,2.8041222704944246e-06,0.0024872906428975703,0.4025210991018636,200000,200000,True,,,,,200000,200000,True,,,,,200000,200000,True,,,,,1.0,0.01886792480945587,1.7267143270771612e-10,0.05108458548784256,1.3440331340759664,0.004851615057883563,0.36249173800969126,0.40389126234240064
ntk_N1600_a1_wd0_s4,1.0,1600,0.0,4,100.0,23,0.9,46,100.0,200000,ok,49,44,False,1.0001153770038522,2.193305685627145e-06,0.002097720033371191,0.4313473535494835,200000,200000,True,,,,,200000,200000,True,,,,,200000,200000,True,,,,,1.0,0.01886792480945587,1.7426231291306493e-10,0.05146613344550133,1.3605546208830452,0.004922816288303156,0.37867552804179877,0.4328482325215674
ntk_N1600_a1_wd3e-06_s0,1.0,1600,3e-06,0,100.0,23,0.9,42,100.0,200000,ok,49,44,False,1.0004622650830746,2.626203362887658e-06,0.002338487489244911,0.4071536162763264,200000,200000,True,,,,,200000,200000,True,,,,,200000,200000,True,,,,,1.0,0.43396225571632385,1.3616824617201928e-05,0.038464952260255814,0.7762762914136986,0.012718965785764813,0.2641953083708918,0.4126462956447921
ntk_N1600_a1_wd3e-06_s1,1.0,1600,3e-06,1,100.0,23,0.9,43,100.0,200000,ok,55,49,False,1.0004195981425117,3.985131330153102e-06,0.0028547626116297185,0.3786318746400547,200000,200000,True,,,,,200000,200000,True,,,,,200000,200000,True,,,,,1.0,0.4150943458080292,1.3336966731003486e-05,0.03747621923685074,0.7544344278316734,0.01059698139814158,0.2762098937946595,0.3886869029749353
ntk_N1600_a1_wd3e-06_s2,1.0,1600,3e-06,2,100.0,23,0.9,44,100.0,200000,ok,55,49,False,1.00086424162264,3.141287333363607e-06,0.002652341967300745,0.41132218977736607,200000,200000,True,,,,,200000,200000,True,,,,,200000,200000,True,,,,,1.0,0.4150943458080292,1.3475976629706565e-05,0.036625832319259644,0.766786655428399,0.012981198803528549,0.2725730803184532,0.41911169153023126
ntk_N1600_a1_wd3e-06_s3,1.0,1600,3e-06,3,100.0,23,0.9,45,100.0,200000,ok,55,49,False,0.9989084569559107,2.8043859749971034e-06,0.0026065525031052153,0.40252111571822846,200000,200000,True,,,,,200000,200000,True,,,,,200000,200000,True,,,,,1.0,0.3207547068595886,1.34797392092878e-05,0.03839346766471863,0.7590004263802196,0.01137015751136572,0.274482610165361,0.41126066461492583
ntk_N1600_a1_wd3e-06_s4,1.0,1600,3e-06,4,100.0,23,0.9,46,100.0,200000,ok,49,44,False,0.999823060745751,2.193606141842608e-06,0.002101842885030196,0.43134735624810683,200000,200000,True,,,,,200000,200000,True,,,,,200000,200000,True,,,,,1.0,0.3396226465702057,1.3535375728679355e-05,0.03792283311486244,0.7827252009637747,0.01166654395159239,0.2558744501007436,0.43993288764841465
ntk_N1600_a1_wd1e-05_s0,1.0,1600,1e-05,0,100.0,23,0.9,42,100.0,200000,ok,55,49,False,0.9997368397865487,2.7686312800145885e-06,0.002367500511213028,0.4071506566342146,91000,90000,False,0.6238877169784246,0.015250909727137274,0.40061223139429614,0.41721753516270477,94000,93000,False,0.6148604265249104,0.01529803460510637,0.4088334663663812,0.41775947730108737,105000,104000,False,0.5844517932306834,0.015492309166436846,0.43679437713460895,0.42003600396249596,1.0,1.0,0.00011989430640824139,0.012969017960131168,0.4471953110254997,0.012898402382705232,0.5631422860012608,0.4368357855042235
ntk_N1600_a1_wd1e-05_s1,1.0,1600,1e-05,1,100.0,23,0.9,43,100.0,200000,ok,55,49,False,0.9996543369769199,3.985975876363845e-06,0.0028440603138863985,0.3786318617880538,82000,81000,False,0.6296582802592908,0.012706133323005298,0.39134899194238804,0.39276032927323773,92000,91000,False,0.5952842969562556,0.013022658606863802,0.4234373255120155,0.395110120313173,97000,96000,False,0.580080493874808,0.013124610842246476,0.43767459727861163,0.39611610773182054,1.0,1.0,0.00012106935173505917,0.013421216048300266,0.4262911856269125,0.010997979279554149,0.5818234156017926,0.41373287075390475
ntk_N1600_a1_wd1e-05_s2,1.0,1600,1e-05,2,100.0,23,0.9,44,100.0,200000,ok,55,49,False,1.0000933465366,3.1622532521424773e-06,0.00251670627031289,0.4113222296603191,74000,73000,False,0.6760056649230436,0.015039494116448782,0.3539857279644926,0.42155044453272195,82000,81000,False,0.6461148333767807,0.01556182185508781,0.38124029040202767,0.4232999387508521,97545,97000,False,0.5973703431747983,0.01627374783870883,0.42609101048658493,0.426797229390751,1.0,1.0,0.00012018811685265973,0.012141300365328789,0.44629004840171604,0.014310353328992442,0.5651263991875247,0.4470155914212717
ntk_N1600_a1_wd1e-05_s3,1.0,1600,1e-05,3,100.0,23,0.9,45,100.0,200000,ok,55,49,False,0.9981430602078388,2.8050656085687464e-06,0.0030079792108855677,0.4025211525501148,89000,88036,False,0.6079043131029906,0.01400904923705859,0.4132449038894463,0.41731364981777797,94000,93000,False,0.5918563131263793,0.014204714957062547,0.42824708940258827,0.4185127715670758,99000,98000,False,0.5769125052259697,0.014390502731299604,0.4422749712548919,0.4197850167683494,1.0,1.0,0.00011871563037857413,0.013166651129722595,0.4251583411810688,0.012784911092281637,0.5842209820761184,0.4401329269884449
ntk_N1600_a1_wd1e-05_s4,1.0,1600,1e-05,4,100.0,23,0.9,46,100.0,200000,ok,49,44,False,0.9991649833289336,2.231874509872611e-06,0.0022709633541948583,0.43133725038058957,86000,85000,False,0.6436156023022142,0.013946406800676936,0.38073887238940063,0.4439926955975795,96000,95000,False,0.610984956072526,0.014249470187736812,0.4107859883629392,0.4461368099584945,99000,98000,False,0.6019595368119253,0.014337410517334837,0.4191626084506726,0.44691598758030293,1.0,1.0,0.00011992325744358823,0.012807623483240604,0.4470217779916547,0.011684071420358433,0.5623441853318403,0.46666167426356064
ntk_N1600_a1_wd3e-05_s0,1.0,1600,3e-05,0,100.0,23,0.9,42,100.0,200000,ok,55,49,False,0.9975735387752726,2.711410985845042e-06,0.0033611572083825894,0.40716598947318944,34000,33000,False,0.5297969452317405,0.017471887370261396,0.48949363410140273,0.4179036840861284,34974,34000,False,0.5224086765717864,0.017655390301355767,0.4965280761218761,0.41860924177034525,38000,37000,False,0.5014326179471145,0.018023185302483924,0.516376084290325,0.4204860576475332,1.0,1.0,0.0009135283762589097,0.0066769844852387905,0.3100467452160622,0.01462639740066507,0.6964949587782923,0.4649115940493774
ntk_N1600_a1_wd3e-05_s1,1.0,1600,3e-05,1,100.0,23,0.9,43,100.0,200000,ok,61,55,False,0.9972534092291722,3.3606404883368413e-06,0.003774464363409365,0.37862041937663454,31564,31000,False,0.5266277488875504,0.01481280397789475,0.4895742592809087,0.39410550060441935,33000,32000,False,0.514442545178734,0.0151366182546524,0.5013380922821944,0.39519443254358266,37000,36000,False,0.48421217383176435,0.015770789070982283,0.530386555015829,0.39793592221966506,1.0,1.0,0.0009216254693455994,0.006869588978588581,0.29910836369725324,0.014572599590934043,0.7070832049172577,0.44176793338770975
ntk_N1600_a1_wd3e-05_s2,1.0,1600,3e-05,2,100.0,23,0.9,44,100.0,200000,ok,61,55,False,0.997513261151921,3.2466761505922648e-06,0.0035582404539999087,0.4113164601786469,30000,29000,False,0.5563903446058661,0.017233435777963435,0.46472202541023444,0.42395925883131913,33000,32000,False,0.5313439254203698,0.01809160333153159,0.4887373970784685,0.42619790916948097,36000,35000,False,0.5093285805900769,0.01876889241767965,0.5097818244057334,0.42849743245049143,1.0,1.0,0.0009142052149400115,0.006212648935616016,0.31516896456620563,0.016974951302957786,0.6925990923649504,0.4710090891100543
ntk_N1600_a1_wd3e-05_s3,1.0,1600,3e-05,3,100.0,23,0.9,45,100.0,200000,ok,55,49,False,0.9959594195756816,2.8070454554107727e-06,0.00468163399790092,0.40252122801534845,33000,32000,False,0.5155372318016168,0.01651487686933617,0.5017292512700094,0.41846597244504774,34974,34000,False,0.5001072596821959,0.01696096563871574,0.5165823805713153,0.41993015806761996,37000,36000,False,0.48563408020062876,0.017335783167072072,0.5304809079286928,0.4214764780201918,1.0,1.0,0.0009002359583973885,0.006804604083299637,0.29208242593012984,0.016790412005013966,0.7148116256878813,0.46707030047750236
ntk_N1600_a1_wd3e-05_s4,1.0,1600,3e-05,4,100.0,23,0.9,46,100.0,200000,ok,49,44,False,0.9972195699802923,2.2338322519521725e-06,0.0034908499781918637,0.4313372911328171,31564,31000,False,0.5501830713592255,0.016104867913057763,0.4691018233564022,0.4449362205355768,34000,33000,False,0.5299823212313255,0.016582476030117976,0.488357918571515,0.44651931818129037,37000,36000,False,0.5076116880052927,0.017031462468195313,0.5096439822212718,0.4487883263547989,1.0,1.0,0.0009140116162598133,0.0066352481953799725,0.3115846568212783,0.014713829683875024,0.695043086339999,0.490419110548872
ntk_N1600_a1_wd0.0001_s0,1.0,1600,0.0001,0,100.0,23,0.9,42,100.0,200000,ok,74,67,False,0.9863435328454792,3.0083641969769204e-06,0.013872045857864163,0.40712538883647903,18000,17057,False,0.2695335156058595,0.015686584971262185,0.7362318966286667,0.42431823786709794,18900,18000,False,0.26735969100913354,0.016108529873724464,0.7384953388461791,0.42635861078146137,20941,20000,False,0.2629498937680659,0.016752434554421547,0.7430026654524118,0.4309276226183135,1.0,1.0,0.005654162261635065,0.012565849348902702,0.22220591613166166,0.014455654429652354,0.7819129751911237,0.46263688564535543
ntk_N1600_a1_wd0.0001_s1,1.0,1600,0.0001,1,100.0,23,0.9,43,100.0,200000,ok,74,67,False,0.9863183834249516,3.4600701714904147e-06,0.013928822410471492,0.37866287199909265,18900,18000,False,0.2534378454028493,0.015896088403626107,0.7519390876044656,0.404927806379204,19000,18900,False,0.25316396865535296,0.015939598124120047,0.7522198625098713,0.405218862514642,20000,19000,False,0.2506747556243393,0.016367043461561037,0.7547807172276482,0.40753267096253054,1.0,1.0,0.005664542317390442,0.013082972727715969,0.21386995782407706,0.017922182275628473,0.7909908191289746,0.4455632654383956
ntk_N1600_a1_wd0.0001_s2,1.0,1600,0.0001,2,100.0,23,0.9,44,100.0,200000,ok,74,67,False,0.9866473760233754,3.5423017279434532e-06,0.013611854115837426,0.411307519852176,18000,17057,False,0.2688501063749967,0.01794177178795664,0.7377177383358421,0.4340210943184186,18900,18000,False,0.2666559276266127,0.018460201754060934,0.7400260623322609,0.43651638292120964,20000,19000,False,0.26418532691150187,0.019058678703772536,0.7426259352191036,0.43959068574831167,1.0,1.0,0.005671394057571888,0.01215420477092266,0.22347070810347758,0.01852766998221489,0.7818430304314166,0.46941422364078095
ntk_N1600_a1_wd0.0001_s3,1.0,1600,0.0001,3,100.0,23,0.9,45,100.0,200000,ok,61,55,False,0.9871274790462847,2.996559196333237e-06,0.013100296468189764,0.40251762659642,18900,18000,False,0.24861965493889543,0.019642097002041448,0.75785173068483,0.4318304150774144,20000,19000,False,0.2463494678989174,0.020260590802017142,0.7602443660186072,0.4348309047442236,20941,20000,False,0.24452750383892222,0.02067909268792656,0.7621364092399171,0.43745057680892085,1.0,1.0,0.0056295269168913364,0.012933904305100441,0.20472012532911402,0.02063039361209884,0.800572915222752,0.471470779135711
ntk_N1600_a1_wd0.0001_s4,1.0,1600,0.0001,4,100.0,23,0.9,46,100.0,200000,ok,61,55,False,0.9880950331557155,2.510323552029625e-06,0.012111528063401458,0.4313301066749238,18000,17057,False,0.2653497630579027,0.016290353379251332,0.7405108057670107,0.45351053009825215,18900,18000,False,0.2627538586652308,0.016885657138459353,0.7432398105937701,0.45584389603466063,20000,19000,False,0.2601317444174819,0.0173383057313774,0.7459393561470075,0.4584057319394326,1.0,1.0,0.005649097263813019,0.012483352795243263,0.2199950542272989,0.016886234700632885,0.7847531405908458,0.4868551050520987
ntk_N1600_a1_wd0.0003_s0,1.0,1600,0.0003,0,100.0,23,0.9,42,100.0,200000,ok,200000,200000,True,,,,,200000,200000,True,,,,,200000,200000,True,,,,,200000,200000,True,,,,,0.7184873819351196,0.07547169923782349,0.033665645867586136,0.04214649647474289,0.10378687678076777,0.014628064253556006,0.8979055431585332,0.4047071478232907
ntk_N1600_a1_wd0.0003_s1,1.0,1600,0.0003,1,100.0,23,0.9,43,100.0,200000,ok,200000,200000,True,,,,,200000,200000,True,,,,,200000,200000,True,,,,,200000,200000,True,,,,,0.6785714030265808,0.09433962404727936,0.033850520849227905,0.04305841401219368,0.09783237920995512,0.01990810471883042,0.9043239079568661,0.37402521199781325
ntk_N1600_a1_wd0.0003_s2,1.0,1600,0.0003,2,100.0,23,0.9,44,100.0,200000,ok,200000,200000,True,,,,,200000,200000,True,,,,,200000,200000,True,,,,,200000,200000,True,,,,,0.7289915680885315,0.11320754885673523,0.033607374876737595,0.04173503443598747,0.10420324001275964,0.016275648678028665,0.8976880225639405,0.40615209287022686
ntk_N1600_a1_wd0.0003_s3,1.0,1600,0.0003,3,100.0,23,0.9,45,100.0,200000,ok,200000,200000,True,,,,,200000,200000,True,,,,,200000,200000,True,,,,,200000,200000,True,,,,,0.7142857313156128,0.11320754885673523,0.03392672911286354,0.04346122592687607,0.07932554836921414,0.025993109132539605,0.9229113073081114,0.4148901976914867
ntk_N1600_a1_wd0.0003_s4,1.0,1600,0.0003,4,100.0,23,0.9,46,100.0,200000,ok,200000,200000,True,,,,,200000,200000,True,,,,,200000,200000,True,,,,,200000,200000,True,,,,,0.6932772994041443,0.16981132328510284,0.03397368639707565,0.04221075028181076,0.0988716230380796,0.014643710122976605,0.9027336520482334,0.4203275317697294
ntk_N1600_a1_wd0.001_s0,1.0,1600,0.001,0,100.0,23,0.9,42,100.0,200000,ok,200000,200000,True,,,,,200000,200000,True,,,,,200000,200000,True,,,,,200000,200000,True,,,,,0.04621848836541176,0.01886792480945587,0.0550096333026886,0.05506649240851402,0.05386227730966334,0.020839782598988887,0.9473233590472137,0.35032271066181936
ntk_N1600_a1_wd0.001_s1,1.0,1600,0.001,1,100.0,23,0.9,43,100.0,200000,ok,200000,200000,True,,,,,200000,200000,True,,,,,200000,200000,True,,,,,200000,200000,True,,,,,0.04621848836541176,0.01886792480945587,0.05536539852619171,0.056569863110780716,0.04419893718934689,0.03256940327274105,0.957305979135755,0.3168390112379934
ntk_N1600_a1_wd0.001_s2,1.0,1600,0.001,2,100.0,23,0.9,44,100.0,200000,ok,200000,200000,True,,,,,200000,200000,True,,,,,200000,200000,True,,,,,200000,200000,True,,,,,0.04411764815449715,0.01886792480945587,0.05526122450828552,0.05529299005866051,0.06068763282504436,0.013473484937900015,0.9401824668336402,0.3521597391399663
ntk_N1600_a1_wd0.001_s3,1.0,1600,0.001,3,100.0,23,0.9,45,100.0,200000,ok,200000,200000,True,,,,,200000,200000,True,,,,,200000,200000,True,,,,,200000,200000,True,,,,,0.05672268941998482,0.0,0.054444484412670135,0.05733150243759155,0.022254181721183635,0.1408748147239023,0.980946987668202,0.3254428983669014
ntk_N1600_a1_wd0.001_s4,1.0,1600,0.001,4,100.0,23,0.9,46,100.0,200000,ok,200000,200000,True,,,,,200000,200000,True,,,,,200000,200000,True,,,,,200000,200000,True,,,,,0.05042016878724098,0.03773584961891174,0.054750364273786545,0.05484742298722267,0.044825381854941344,0.0354084795798113,0.9568348595158386,0.3669268588468443
ntk_N1600_a1_wd0.003_s0,1.0,1600,0.003,0,100.0,23,0.9,42,100.0,200000,ok,200000,200000,True,,,,,200000,200000,True,,,,,200000,200000,True,,,,,200000,200000,True,,,,,0.042016807943582535,0.09433962404727936,0.06047677621245384,0.059562619775533676,0.01940604438731016,0.014234047276347805,0.9808756082657237,0.34548685834394127
ntk_N1600_a1_wd0.003_s1,1.0,1600,0.003,1,100.0,23,0.9,43,100.0,200000,ok,200000,200000,True,,,,,200000,200000,True,,,,,200000,200000,True,,,,,200000,200000,True,,,,,0.03991596773266792,0.01886792480945587,0.0605987012386322,0.061020299792289734,0.01574297761728501,0.023157530718449726,0.984627352395429,0.31576563380482453
ntk_N1600_a1_wd0.003_s2,1.0,1600,0.003,2,100.0,23,0.9,44,100.0,200000,ok,200000,200000,True,,,,,200000,200000,True,,,,,200000,200000,True,,,,,200000,200000,True,,,,,0.03991596773266792,0.03773584961891174,0.0597451850771904,0.058955706655979156,0.03165853836925906,0.01196247737082945,0.9687324787632711,0.3509097862361133
ntk_N1600_a1_wd0.003_s3,1.0,1600,0.003,3,100.0,23,0.9,45,100.0,200000,ok,200000,200000,True,,,,,200000,200000,True,,,,,200000,200000,True,,,,,200000,200000,True,,,,,0.05672268941998482,0.0,0.05979301035404205,0.0613272562623024,0.0024045079442818846,0.16089915593212467,0.9979832325080539,0.32861805241365644
ntk_N1600_a1_wd0.003_s4,1.0,1600,0.003,4,100.0,23,0.9,46,100.0,200000,ok,200000,200000,True,,,,,200000,200000,True,,,,,200000,200000,True,,,,,200000,200000,True,,,,,0.05042016878724098,0.056603774428367615,0.05954194813966751,0.05979802459478378,0.014874252327630975,0.02094447261453447,0.9854419340925774,0.3668390856083941
ntk_N1600_a2_wd0_s0,2.0,1600,0.0,0,100.0,23,0.9,42,25.0,200000,ok,49,44,False,1.000049793260095,1.391841828235485e-06,0.0016692218646940065,0.4070965138328019,200000,200000,True,,,,,200000,200000,True,,,,,200000,200000,True,,,,,1.0,0.0,6.819504960731138e-10,0.055475398898124695,1.117036203113884,0.0014072302278043125,0.1297741386427254,0.4068097045163265
ntk_N1600_a2_wd0_s1,2.0,1600,0.0,1,100.0,23,0.9,43,25.0,200000,ok,55,49,False,1.0000883934576044,1.5536758921630422e-06,0.0017650608649554742,0.3786198152268395,200000,200000,True,,,,,200000,200000,True,,,,,200000,200000,True,,,,,1.0,0.0,7.203493912477654e-10,0.05445058271288872,1.1213916943118334,0.0009501925351980134,0.12987308990639063,0.37948575873921964
ntk_N1600_a2_wd0_s2,2.0,1600,0.0,2,100.0,23,0.9,44,25.0,200000,ok,55,49,False,1.0005937479297873,9.307638116906602e-07,0.0014883445522019183,0.4112723295866866,200000,200000,True,,,,,200000,200000,True,,,,,200000,200000,True,,,,,1.0,0.0,7.112812006049296e-10,0.053693342953920364,1.1169125652852607,0.0012572060272632024,0.1283624802642318,0.4118901576223731
ntk_N1600_a2_wd0_s3,2.0,1600,0.0,3,100.0,23,0.9,45,25.0,200000,ok,55,49,False,0.9993266279673282,9.943538606949076e-07,0.0015623055001350063,0.4025012437566652,200000,200000,True,,,,,200000,200000,True,,,,,200000,200000,True,,,,,1.0,0.0,7.100809384930074e-10,0.054416391998529434,1.1210925142929116,0.0011469750514315757,0.13128262377885558,0.4026899967844429
ntk_N1600_a2_wd0_s4,2.0,1600,0.0,4,100.0,23,0.9,46,25.0,200000,ok,49,44,False,0.9997271464528766,6.697882058981364e-07,0.0011889743320293443,0.43128725615572916,200000,200000,True,,,,,200000,200000,True,,,,,200000,200000,True,,,,,1.0,0.0,7.315129613161275e-10,0.05454377457499504,1.126568773282909,0.001098778861341021,0.13599762600207718,0.43256733391103097
ntk_N1600_a2_wd3e-06_s0,2.0,1600,3e-06,0,100.0,23,0.9,42,25.0,200000,ok,55,49,False,0.999702617745136,1.396169032386041e-06,0.0016970397398750037,0.4071035198103796,200000,200000,True,,,,,200000,200000,True,,,,,200000,200000,True,,,,,1.0,0.01886792480945587,6.431340443668887e-05,0.05073794350028038,0.5670827058137752,0.004507829239134065,0.43878241488244646,0.41038162812998535
ntk_N1600_a2_wd3e-06_s1,2.0,1600,3e-06,1,100.0,23,0.9,43,25.0,200000,ok,55,49,False,0.9997601453041048,1.5537191178083276e-06,0.001778826348153575,0.37861980281621704,200000,200000,True,,,,,200000,200000,True,,,,,200000,200000,True,,,,,1.0,0.01886792480945587,6.377445970429108e-05,0.05015379190444946,0.5611853280173076,0.003347738095329289,0.44307529760703734,0.3841620146773338
ntk_N1600_a2_wd3e-06_s2,2.0,1600,3e-06,2,100.0,23,0.9,44,25.0,200000,ok,55,49,False,1.000265665655629,9.307468668007246e-07,0.00139016779894682,0.41127233638489047,200000,200000,True,,,,,200000,200000,True,,,,,200000,200000,True,,,,,1.0,0.03773584961891174,6.444146856665611e-05,0.049283597618341446,0.5640042227822404,0.004498896271144304,0.4417772184498517,0.415116444980499
ntk_N1600_a2_wd3e-06_s3,2.0,1600,3e-06,3,100.0,23,0.9,45,25.0,200000,ok,55,49,False,0.9989984127870608,9.944004017992114e-07,0.0017291575378767035,0.4025012572137993,200000,200000,True,,,,,200000,200000,True,,,,,200000,200000,True,,,,,1.0,0.01886792480945587,6.436779221985489e-05,0.05142340064048767,0.5586154969006236,0.003892112223385036,0.44628317017741276,0.40691887237512764
ntk_N1600_a2_wd3e-06_s4,2.0,1600,3e-06,4,100.0,23,0.9,46,25.0,200000,ok,49,44,False,0.9994347001438889,6.698761430001809e-07,0.0012878504771888873,0.4312872512753605,200000,200000,True,,,,,200000,200000,True,,,,,200000,200000,True,,,,,1.0,0.01886792480945587,6.41669612377882e-05,0.050877057015895844,0.574114146958859,0.0037370136489741634,0.43089407587838713,0.4366338241890275
ntk_N1600_a2_wd1e-05_s0,2.0,1600,1e-05,0,100.0,23,0.9,42,25.0,200000,ok,55,49,False,0.9989376043848438,1.3962975008441347e-06,0.001979472809644661,0.4071034944616044,195000,194000,False,0.31232105305690044,0.004972730100488487,0.6899337002001531,0.4219671946930015,200000,200000,True,,,,,200000,200000,True,,,,,1.0,0.849056601524353,0.0005487452144734561,0.03167083114385605,0.30998333775240405,0.004910074834299616,0.6922189515975515,0.4223226860239082
ntk_N1600_a2_wd1e-05_s1,2.0,1600,1e-05,1,100.0,23,0.9,43,25.0,200000,ok,61,55,False,0.9989794281027,1.1901889086507467e-06,0.0018491931938399377,0.3786114675154412,200000,199000,False,0.30380850290389166,0.003936275132861766,0.6979071201379059,0.39674827280953096,200000,200000,True,,,,,200000,200000,True,,,,,1.0,0.8113207817077637,0.0005495958030223846,0.03255710005760193,0.30380850290389166,0.003936275132861766,0.6979071201379059,0.39674827280953096
ntk_N1600_a2_wd1e-05_s2,2.0,1600,1e-05,2,100.0,23,0.9,44,25.0,200000,ok,61,55,False,0.9993799111437223,1.0929503083678682e-06,0.0016028273000599136,0.4112470039568841,186000,185000,False,0.31701221540277563,0.005095466082177591,0.6853487899540396,0.42765992842808087,200000,200000,True,,,,,200000,200000,True,,,,,1.0,0.849056601524353,0.0005482146516442299,0.030120570212602615,0.31002924433272694,0.004903554131791554,0.6921705960528198,0.42910214150004905
ntk_N1600_a2_wd1e-05_s3,2.0,1600,1e-05,3,100.0,23,0.9,45,25.0,200000,ok,55,49,False,0.9982526351806525,9.92223925244673e-07,0.002243716583642718,0.40250165417372624,200000,200000,True,,,,,200000,200000,True,,,,,200000,200000,True,,,,,1.0,0.698113203048706,0.000542979862075299,0.032796140760183334,0.2958612048724721,0.004646951045483405,0.7060886260762502,0.4230670715143785
ntk_N1600_a2_wd1e-05_s4,2.0,1600,1e-05,4,100.0,23,0.9,46,25.0,200000,ok,49,44,False,0.9987527183556827,6.700844117357718e-07,0.0017012374189895108,0.4312872346978676,192000,191000,False,0.31763561146231983,0.004639867564043665,0.6845208054442324,0.4509690440839346,200000,200000,True,,,,,200000,200000,True,,,,,1.0,0.8113207817077637,0.0005493313656188548,0.0313793309032917,0.3138309372361177,0.004593195944658346,0.6882666319608319,0.4518199363625765
ntk_N1600_a2_wd3e-05_s0,2.0,1600,3e-05,0,100.0,23,0.9,42,25.0,200000,ok,55,49,False,0.9967550731923812,1.3966702837597822e-06,0.0036488116378762007,0.4071034234055399,79000,78000,False,0.23789767948507118,0.006947237910589599,0.7642678918348979,0.42297096322815864,85000,84000,False,0.233605592418433,0.006843157934509736,0.7684774478791873,0.42442876919142,104000,103000,False,0.2243610109822624,0.006639285394175132,0.7775570942708527,0.42776830201914096,1.0,0.9811320900917053,0.003635992296040058,0.02164865843951702,0.20978480110337994,0.006471777304113635,0.7919314500613562,0.4334116341218904
ntk_N1600_a2_wd3e-05_s1,2.0,1600,3e-05,1,100.0,23,0.9,43,25.0,200000,ok,67,61,False,0.996121031783432,1.3033862439337796e-06,0.004200363713444858,0.37863745264869964,82000,81000,False,0.22767517057323347,0.006477611781341652,0.7742320226414896,0.3991372790982064,90000,89000,False,0.2228888517469751,0.006459114724852055,0.7789615305442132,0.4006792122528714,98000,97545,False,0.2190656074477408,0.006522435362797396,0.7827619101620528,0.40221055811423007,1.0,0.9811320900917053,0.003657046938315034,0.022326635196805,0.20315158015419615,0.006686946977878527,0.7985513959042843,0.4087550995344119
ntk_N1600_a2_wd3e-05_s2,2.0,1600,3e-05,2,100.0,23,0.9,44,25.0,200000,ok,61,55,False,0.9969628836138175,1.0894788380344522e-06,0.0033758577977890687,0.4112469809744248,81000,80000,False,0.23397086044606694,0.0078756033548677,0.7684308466171044,0.43079577940770275,90000,89000,False,0.22833074427337918,0.007729323737126759,0.7739529215119827,0.4325683375715918,98000,97545,False,0.2243744927143892,0.007637101957156833,0.777831645863648,0.43414998320423687,1.0,1.0,0.0036516657564789057,0.02028266154229641,0.208940394438446,0.007664002273600201,0.7930812939839446,0.44087093282992784
ntk_N1600_a2_wd3e-05_s3,2.0,1600,3e-05,3,100.0,23,0.9,45,25.0,200000,ok,55,49,False,0.9960738957868184,9.959779619928e-07,0.004171142480165994,0.40250030192249614,82000,81000,False,0.21979697486739588,0.007963224036433125,0.7824431899715567,0.425480907102019,113000,112000,False,0.20528759339168676,0.00817116389374506,0.7968203601559695,0.43117336404730533,147000,146000,False,0.19844174601684303,0.008340427135407946,0.8036204404910817,0.43447864386454194,1.0,0.9811320900917053,0.003628064878284931,0.022197403013706207,0.1936619727138696,0.008536163435731936,0.808385597811114,0.4368518311697833
ntk_N1600_a2_wd3e-05_s4,2.0,1600,3e-05,4,100.0,23,0.9,46,25.0,200000,ok,55,49,False,0.9964734275813385,7.023523599380965e-07,0.0037197397692825796,0.43128688346815414,79000,78000,False,0.23747973064190298,0.0070382833317852445,0.7647091345351985,0.4519529470298276,88000,87000,False,0.23155398680170847,0.007004384515937767,0.770553736944974,0.4537392195651527,94000,93000,False,0.22845361457549115,0.006943562455878682,0.7735996307805332,0.4545511656246038,1.0,1.0,0.003646839177235961,0.0212247371673584,0.2096878223127401,0.006884908013079949,0.7921367943334988,0.4615862707957567
ntk_N1600_a2_wd0.0001_s0,2.0,1600,0.0001,0,100.0,23,0.9,42,25.0,200000,ok,254,230,False,0.9516110656413501,3.272688243516342e-06,0.0484532519141884,0.40698362145013306,200000,200000,True,,,,,200000,200000,True,,,,,200000,200000,True,,,,,0.993697464466095,0.6792452931404114,0.020660098642110825,0.03578072041273117,0.13829639823779719,0.00954819340725177,0.8632346487518642,0.4142572216337026
ntk_N1600_a2_wd0.0001_s1,2.0,1600,0.0001,1,100.0,23,0.9,43,25.0,200000,ok,282,254,False,0.9464870287059161,4.7409113422824944e-06,0.05359675847381918,0.37859967143445555,200000,200000,True,,,,,200000,200000,True,,,,,200000,200000,True,,,,,1.0,0.5283018946647644,0.020821793004870415,0.036662522703409195,0.13436915707498673,0.01225830675514783,0.8675315745924067,0.38713585227538055
ntk_N1600_a2_wd0.0001_s2,2.0,1600,0.0001,2,100.0,23,0.9,44,25.0,200000,ok,169,152,False,0.9674552952586883,2.944986172148667e-06,0.03263213280851648,0.41132460513789154,200000,200000,True,,,,,200000,200000,True,,,,,200000,200000,True,,,,,1.0,0.698113203048706,0.020785458385944366,0.034041792154312134,0.13699308145932756,0.012010606330779217,0.8649113719867277,0.4213381232955182
ntk_N1600_a2_wd0.0001_s3,2.0,1600,0.0001,3,100.0,23,0.9,45,25.0,200000,ok,187,169,False,0.963294662763545,2.8208669544671494e-06,0.036779293546843506,0.40236468519210394,200000,200000,True,,,,,200000,200000,True,,,,,200000,200000,True,,,,,1.0,0.5849056839942932,0.02058553136885166,0.036408066749572754,0.1215542315584121,0.014291025711105076,0.8804210568755847,0.42222105888625744
ntk_N1600_a2_wd0.0001_s4,2.0,1600,0.0001,4,100.0,23,0.9,46,25.0,200000,ok,207,187,False,0.959916878688967,2.8899301888207773e-06,0.040152270167055124,0.4313298268028466,200000,200000,True,,,,,200000,200000,True,,,,,200000,200000,True,,,,,1.0,0.6226415038108826,0.020609676837921143,0.03509150445461273,0.13535034208162142,0.010033484149874594,0.8662188533865337,0.4365137467400202
ntk_N1600_a2_wd0.0003_s0,2.0,1600,0.0003,0,100.0,23,0.9,42,25.0,200000,ok,200000,200000,True,,,,,200000,200000,True,,,,,200000,200000,True,,,,,200000,200000,True,,,,,0.04621848836541176,0.03773584961891174,0.05629386007785797,0.06488320231437683,0.08940701687727694,0.028526761941190415,0.9133896026805867,0.3705169998140851
ntk_N1600_a2_wd0.0003_s1,2.0,1600,0.0003,1,100.0,23,0.9,43,25.0,200000,ok,200000,200000,True,,,,,200000,200000,True,,,,,200000,200000,True,,,,,200000,200000,True,,,,,0.06302521377801895,0.01886792480945587,0.05622544139623642,0.06571418792009354,0.0788793609792333,0.03502745874458668,0.9241153168057678,0.3330885790246308
ntk_N1600_a2_wd0.0003_s2,2.0,1600,0.0003,2,100.0,23,0.9,44,25.0,200000,ok,200000,200000,True,,,,,200000,200000,True,,,,,200000,200000,True,,,,,200000,200000,True,,,,,0.052521008998155594,0.01886792480945587,0.05618616193532944,0.06246013939380646,0.08871372723962241,0.02807895696022189,0.9140156720644269,0.3670435743330329
ntk_N1600_a2_wd0.0003_s3,2.0,1600,0.0003,3,100.0,23,0.9,45,25.0,200000,ok,200000,200000,True,,,,,200000,200000,True,,,,,200000,200000,True,,,,,200000,200000,True,,,,,0.07563025504350662,0.0,0.055966947227716446,0.06714550405740738,0.06589222361976381,0.0400974393965724,0.9369319915450784,0.369354463999786
ntk_N1600_a2_wd0.0003_s4,2.0,1600,0.0003,4,100.0,23,0.9,46,25.0,200000,ok,200000,200000,True,,,,,200000,200000,True,,,,,200000,200000,True,,,,,200000,200000,True,,,,,0.05672268941998482,0.01886792480945587,0.056647270917892456,0.06244547292590141,0.08131270032332834,0.03780677029704527,0.9220274918644932,0.37917811066195545
ntk_N1600_a2_wd0.001_s0,2.0,1600,0.001,0,100.0,23,0.9,42,25.0,200000,ok,200000,200000,True,,,,,200000,200000,True,,,,,200000,200000,True,,,,,200000,200000,True,,,,,0.042016807943582535,0.03773584961891174,0.0955999419093132,0.09773058444261551,0.034746605323818784,0.10686143264480796,0.969092492996817,0.33972842588867896
ntk_N1600_a2_wd0.001_s1,2.0,1600,0.001,1,100.0,23,0.9,43,25.0,200000,ok,200000,200000,True,,,,,200000,200000,True,,,,,200000,200000,True,,,,,200000,200000,True,,,,,0.04621848836541176,0.01886792480945587,0.09744617342948914,0.0994100347161293,0.028960537389932893,0.13736078983002553,0.9751275416711469,0.28870510972336155
ntk_N1600_a2_wd0.001_s2,2.0,1600,0.001,2,100.0,23,0.9,44,25.0,200000,ok,200000,200000,True,,,,,200000,200000,True,,,,,200000,200000,True,,,,,200000,200000,True,,,,,0.042016807943582535,0.01886792480945587,0.0966995358467102,0.09617484360933304,0.04222212494519275,0.0930853948853837,0.9618726445280313,0.3507517258784434
ntk_N1600_a2_wd0.001_s3,2.0,1600,0.001,3,100.0,23,0.9,45,25.0,200000,ok,200000,200000,True,,,,,200000,200000,True,,,,,200000,200000,True,,,,,200000,200000,True,,,,,0.06092436984181404,0.0,0.09413368254899979,0.10088926553726196,0.023135256999040777,0.11454023593936469,0.9795736632375872,0.34727778240775153
ntk_N1600_a2_wd0.001_s4,2.0,1600,0.001,4,100.0,23,0.9,46,25.0,200000,ok,200000,200000,True,,,,,200000,200000,True,,,,,200000,200000,True,,,,,200000,200000,True,,,,,0.052521008998155594,0.03773584961891174,0.09419343620538712,0.09423425793647766,0.030350026324347943,0.13975591013876687,0.9740145083891628,0.3254183656858972
ntk_N1600_a2_wd0.003_s0,2.0,1600,0.003,0,100.0,23,0.9,42,25.0,200000,ok,200000,200000,True,,,,,200000,200000,True,,,,,200000,200000,True,,,,,200000,200000,True,,,,,0.03991596773266792,0.09433962404727936,0.11655009537935257,0.11701516062021255,0.010578692076181513,0.1235831761881021,0.9907417530855659,0.34121650170546597
ntk_N1600_a2_wd0.003_s1,2.0,1600,0.003,1,100.0,23,0.9,43,25.0,200000,ok,200000,200000,True,,,,,200000,200000,True,,,,,200000,200000,True,,,,,200000,200000,True,,,,,0.03991596773266792,0.01886792480945587,0.11775123327970505,0.1171593964099884,0.008948927549069684,0.1600649882957349,0.9924953643080361,0.298364821575966
ntk_N1600_a2_wd0.003_s2,2.0,1600,0.003,2,100.0,23,0.9,44,25.0,200000,ok,200000,200000,True,,,,,200000,200000,True,,,,,200000,200000,True,,,,,200000,200000,True,,,,,0.03991596773266792,0.03773584961891174,0.11387037485837936,0.11143065243959427,0.020880200266661167,0.09726927869009394,0.9811919212200738,0.3509698265443386
ntk_N1600_a2_wd0.003_s3,2.0,1600,0.003,3,100.0,23,0.9,45,25.0,200000,ok,200000,200000,True,,,,,200000,200000,True,,,,,200000,200000,True,,,,,200000,200000,True,,,,,0.05882352963089943,0.0,0.11502757668495178,0.11849870532751083,0.002614480321032854,0.12946058909504088,0.997724821376295,0.3358032230694359
ntk_N1600_a2_wd0.003_s4,2.0,1600,0.003,4,100.0,23,0.9,46,25.0,200000,ok,200000,200000,True,,,,,200000,200000,True,,,,,200000,200000,True,,,,,200000,200000,True,,,,,0.05042016878724098,0.056603774428367615,0.11297645419836044,0.11382706463336945,0.008291881684978223,0.1487933023708724,0.9929514312641251,0.3520294560427871
