run_id,alpha,width,eta_kappa,seed,data_seed,lr,weight_decay,status,error,diverged_step,steps,last_step,n_checkpoints,seconds,callback_seconds,feature_version,git_commit,git_dirty,closed_form_check,init_weight_norm,final_weight_norm,weight_norm_growth,A_t_final,A_full_final,S_c_final,R_c_final,train_acc_final,test_acc_final,train_loss_final,test_loss_final,A_0,A_full_0,A_peak,A_peak_step,memorised,t_mem,t_mem_prev,t_gen_acc95,t_gen_acc95_prev,t_grok_acc95,censored_acc95,t_gen_acc99,t_gen_acc99_prev,t_grok_acc99,censored_acc99,t_gen_acc100,t_gen_acc100_prev,t_grok_acc100,censored_acc100,t_train_loss3e-2,t_test_loss3e-2,t_grok_loss3e-2,censored_loss3e-2,t_train_loss2e-2,t_test_loss2e-2,t_grok_loss2e-2,censored_loss2e-2,t_train_loss1e-2,t_test_loss1e-2,t_grok_loss1e-2,censored_loss1e-2,t_train_loss3e-3,t_test_loss3e-3,t_grok_loss3e-3,censored_loss3e-3,t_train_loss1e-3,t_test_loss1e-3,t_grok_loss1e-3,censored_loss1e-3,A_t_at_mem,S_c_at_mem,R_c_at_mem,gamma_at_mem,D_at_mem,weight_norm_at_mem,A_full_at_mem,S_W1_at_mem,S_W2_at_mem,A_t_at_gen,S_c_at_gen,R_c_at_gen,gamma_at_gen,D_at_gen,weight_norm_at_gen,A_full_at_gen,S_W1_at_gen,S_W2_at_gen,t_A08,t_A10,t_A12,t_A14
ntk_N50_a0.5_wd0_s0,0.5,50,0.0,0,42,400.0,0.0,ok,,,200000,200000,307,41.46518015861511,9.383084058761597,2,478542c5c3dbb4497d84b2fd1e02cb9cd6ab935b,True,9.173736543743871e-07,58.59480285644531,250.8449249267578,4.281009794355258,0.0879225954413414,0.02111407762541703,3.4512901306152344,0.16590535640716553,1.0,1.0,0.0033479982521384954,0.010668777860701084,0.08188313245773315,0.01730807447749534,0.11582760512828827,3305,True,3662.0,3305.0,4981.0,4496.0,1319.0,False,7508.0,7000.0,3846.0,False,7508.0,7000.0,3846.0,False,1313.0,4981.0,3668.0,False,2983.0,7508.0,4525.0,False,6776.0,,193224.0,True,,,,True,,,,True,0.11534875631332397,1.7806204557418823,0.15204006433486938,0.08691458846940708,5.113128481810664,137.0504913330078,0.047955279879682254,2.0519437398155693,1.5254544714390805,0.10639643669128418,2.351022958755493,0.16901075839996338,0.06917583018253734,9.681317134036439,167.03469848632812,0.03976922045382891,2.608167132388213,2.124695119707894,0,871.0,,
ntk_N50_a0.5_wd0_s1,0.5,50,0.0,1,43,400.0,0.0,ok,,,200000,200000,307,40.85666108131409,9.59075140953064,2,478542c5c3dbb4497d84b2fd1e02cb9cd6ab935b,True,9.200908266393526e-07,59.26971435546875,270.2176513671875,4.559118502690318,0.08310724794864655,0.018547387439371035,3.683774948120117,0.172124981880188,1.0,1.0,0.004693623166531324,0.013349894434213638,0.08164467662572861,0.016434781873278494,0.10905686765909195,3305,True,4496.0,4058.0,10000.0,9218.0,5504.0,False,12000.0,11317.0,7504.0,False,12000.0,11317.0,7504.0,False,1612.0,8319.0,6707.0,False,3662.0,13894.0,10232.0,False,10000.0,,190000.0,True,,,,True,,,,True,0.1068287342786789,1.971124529838562,0.1613200306892395,0.07066109331990457,6.363414937703633,145.99061584472656,0.04098391682171673,2.238752312629812,1.734802697317258,0.09311310946941376,2.6955084800720215,0.19077962636947632,0.04618734369420414,14.01617457643747,186.57919311523438,0.02998910691540243,2.9124422398197045,2.511652788702187,0,1185.0,,
ntk_N50_a0.5_wd0_s2,0.5,50,0.0,2,44,400.0,0.0,ok,,,200000,200000,307,43.14806413650513,10.253021717071533,2,478542c5c3dbb4497d84b2fd1e02cb9cd6ab935b,True,8.54975894526433e-07,58.163665771484375,277.1038513183594,4.764208851743553,0.08292131870985031,0.018379846755675246,3.706864595413208,0.17099332809448242,1.0,1.0,0.003514169016852975,0.009363471530377865,0.08338705450296402,0.01703236922027293,0.11143093556165695,3662,True,4000.0,3662.0,5520.0,5000.0,1520.0,False,11000.0,10214.0,7000.0,False,11000.0,10214.0,7000.0,False,1455.0,5000.0,3545.0,False,3305.0,8000.0,4695.0,False,7000.0,83000.0,76000.0,False,,,,True,,,,True,0.11084486544132233,1.8969002962112427,0.1448022723197937,0.0765391592240727,5.833078855077782,140.29898071289062,0.043338875123391324,2.170393914168506,1.6373373050438416,0.0983094573020935,2.6417393684387207,0.16696351766586304,0.05232226749911726,13.216158784083401,184.2335205078125,0.03390237625346745,2.883877536786615,2.436346392916837,0,965.0,,
ntk_N50_a0.5_wd0_s3,0.5,50,0.0,3,45,400.0,0.0,ok,,,200000,200000,307,42.55507493019104,10.59262752532959,2,478542c5c3dbb4497d84b2fd1e02cb9cd6ab935b,True,9.049498999047501e-07,59.65932083129883,290.3176574707031,4.866258170984658,0.0832306295633316,0.019378466693611415,3.81618070602417,0.16959458589553833,1.0,1.0,0.005128113552927971,0.014447865076363087,0.0828622505068779,0.018695695793098585,0.10857076197862625,2193,True,4000.0,3662.0,9000.0,8319.0,5000.0,False,11000.0,10214.0,7000.0,False,11000.0,10214.0,7000.0,False,1455.0,9000.0,7545.0,False,4000.0,18900.0,14900.0,False,13894.0,,186106.0,True,,,,True,,,,True,0.10784450173377991,1.8083209991455078,0.14115673303604126,0.0718501533022447,5.266319102215098,137.11077880859375,0.043678669847443494,2.091777553886918,1.5454125858817163,0.09764910489320755,2.4967093467712402,0.182403564453125,0.05210853520228814,11.339494896741684,173.56239318847656,0.036072135876092586,2.678832458031497,2.3634440713886042,0,965.0,,
ntk_N50_a0.5_wd0_s4,0.5,50,0.0,4,46,400.0,0.0,ok,,,200000,200000,307,40.7017719745636,10.242887496948242,2,478542c5c3dbb4497d84b2fd1e02cb9cd6ab935b,True,9.22146853099548e-07,58.240745544433594,279.96630859375,4.807052278892196,0.08696365356445312,0.018023764333188183,3.8520164489746094,0.149885356426239,1.0,1.0,0.0026965767610818148,0.008016866631805897,0.089829221367836,0.019544955861235343,0.11433840543031693,2692,True,3662.0,3305.0,6776.0,6116.0,3114.0,False,9218.0,9000.0,5556.0,False,9218.0,9000.0,5556.0,False,1313.0,6776.0,5463.0,False,3305.0,10000.0,6695.0,False,8000.0,28487.0,20487.0,False,88000.0,,112000.0,True,,,,True,0.11272776871919632,1.9396898746490479,0.12879204750061035,0.07049692423512223,6.105152657475022,138.6422576904297,0.0439555507209769,2.1270405309038116,1.7354840507741165,0.09985679388046265,2.674997568130493,0.17072844505310059,0.04557120259809854,13.69442921321625,177.3993377685547,0.03288027963769595,2.812109755602654,2.553276474679847,0,578.0,,
ntk_N50_a0.5_wd3e-06_s0,0.5,50,3e-06,0,42,400.0,7.500000000000001e-09,ok,,,200000,200000,307,42.049676179885864,9.945626735687256,2,478542c5c3dbb4497d84b2fd1e02cb9cd6ab935b,True,8.880467703420436e-07,58.59480285644531,243.61965942382812,4.1577008121468655,0.08837618678808212,0.021951753405232113,3.3821451663970947,0.16652512550354004,1.0,1.0,0.0018031594809144735,0.0053109764121472836,0.08188313245773315,0.01730807447749534,0.1161646619439125,3305,True,3662.0,3305.0,4981.0,4496.0,1319.0,False,6776.0,6116.0,3114.0,False,6776.0,6116.0,3114.0,False,1313.0,4981.0,3668.0,False,2983.0,7508.0,4525.0,False,6776.0,29000.0,22224.0,False,69000.0,,131000.0,True,,,,True,0.11577270179986954,1.7820872068405151,0.15086102485656738,0.08784774171913254,5.120421967371249,136.88235473632812,0.04800728638205702,2.0603579970487327,1.5166302324808683,0.10764079540967941,2.277944803237915,0.16885864734649658,0.07142714535915157,8.942773257120063,162.41897583007812,0.041626383278731714,2.532086354818062,2.052013917658519,0,871.0,,
ntk_N50_a0.5_wd3e-06_s1,0.5,50,3e-06,1,43,400.0,7.500000000000001e-09,ok,,,200000,200000,307,41.733880043029785,10.127771377563477,2,478542c5c3dbb4497d84b2fd1e02cb9cd6ab935b,True,8.915225180317066e-07,59.26971435546875,256.8079528808594,4.332869757742708,0.08343818038702011,0.019801936504428592,3.549748659133911,0.17865872383117676,1.0,1.0,0.004343004431575537,0.010265442542731762,0.08164467662572861,0.016434781873278494,0.10930738598108292,3305,True,4981.0,4496.0,9000.0,8319.0,4019.0,False,12000.0,11317.0,7019.0,False,12000.0,11317.0,7019.0,False,1612.0,8000.0,6388.0,False,3662.0,13000.0,9338.0,False,9218.0,,190782.0,True,,,,True,,,,True,0.10641329735517502,2.0466771125793457,0.166171133518219,0.06967880926619861,6.930327682605976,149.96189880371094,0.04048011976562597,2.3096862267683296,1.814825984207125,0.09424698352813721,2.6942944526672363,0.18443071842193604,0.04796066268802693,13.99149974602097,186.46539306640625,0.030638812213640836,2.9249466669733963,2.4960059635320904,0,1185.0,,
ntk_N50_a0.5_wd3e-06_s2,0.5,50,3e-06,2,44,400.0,7.500000000000001e-09,ok,,,200000,200000,307,41.58817195892334,10.452918529510498,2,478542c5c3dbb4497d84b2fd1e02cb9cd6ab935b,True,8.933828894441831e-07,58.163665771484375,250.01068115234375,4.298399659584649,0.08330222964286804,0.019667288523340595,3.457953453063965,0.17826533317565918,1.0,1.0,0.0023661679588258266,0.007165616378188133,0.08338705450296402,0.01703236922027293,0.11171288788318634,3662,True,4000.0,3662.0,6000.0,5520.0,2000.0,False,6776.0,6116.0,2776.0,False,6776.0,6116.0,2776.0,False,1455.0,5000.0,3545.0,False,3305.0,8000.0,4695.0,False,7000.0,42937.0,35937.0,False,62000.0,,138000.0,True,,,,True,0.11133317649364471,1.8881767988204956,0.14495915174484253,0.07747134057070558,5.775595414289802,139.95849609375,0.04372896171308064,2.160795444933036,1.628745566077274,0.10607165098190308,2.31008243560791,0.15907227993011475,0.0666629913324613,9.25018181439582,163.62237548828125,0.04002736577273398,2.5627722120606653,2.0818159895506456,0,965.0,,
ntk_N50_a0.5_wd3e-06_s3,0.5,50,3e-06,3,45,400.0,7.500000000000001e-09,ok,,,200000,200000,307,40.63596200942993,10.074584245681763,2,478542c5c3dbb4497d84b2fd1e02cb9cd6ab935b,True,8.71154725246015e-07,59.65932083129883,261.9647521972656,4.39101130463812,0.07752921432256699,0.019493656417534956,3.6467199325561523,0.21156734228134155,1.0,1.0,0.004229981452226639,0.010053567588329315,0.0828622505068779,0.018695695793098585,0.10860112309455872,1979,True,4000.0,3662.0,9000.0,8319.0,5000.0,False,11000.0,10214.0,7000.0,False,11000.0,10214.0,7000.0,False,1455.0,9000.0,7545.0,False,4000.0,18900.0,14900.0,False,13894.0,174000.0,160106.0,False,,,,True,,,,True,0.10809208452701569,1.8043509721755981,0.14152663946151733,0.07230776824278272,5.2426921601787555,136.94375610351562,0.04385236782683609,2.0882334099399653,1.5408616942444697,0.0992002934217453,2.47729754447937,0.1766154170036316,0.05476625413145466,11.100150344145364,172.58029174804688,0.03699045963137549,2.6743568708729937,2.3286703050710997,0,965.0,,
ntk_N50_a0.5_wd3e-06_s4,0.5,50,3e-06,4,46,400.0,7.500000000000001e-09,ok,,,200000,200000,307,40.728354930877686,9.583529233932495,2,478542c5c3dbb4497d84b2fd1e02cb9cd6ab935b,True,9.348353842142387e-07,58.240745544433594,250.00311279296875,4.292580914889456,0.08417342603206635,0.018693739069280825,3.610649824142456,0.16343307495117188,1.0,1.0,0.002878738334402442,0.006555895786732435,0.089829221367836,0.019544955861235343,0.11434483528137207,2692,True,3305.0,3000.0,6776.0,6116.0,3471.0,False,10000.0,9218.0,6695.0,False,10000.0,9218.0,6695.0,False,1313.0,6776.0,5463.0,False,3305.0,10000.0,6695.0,False,8000.0,23000.0,15000.0,False,131000.0,,69000.0,True,,,,True,0.11365924030542374,1.86104154586792,0.12450838088989258,0.07275327316533092,5.575916779544754,134.79783630371094,0.04469323569241044,2.051112124202522,1.6531527485469457,0.09854020178318024,2.7114241123199463,0.1725406050682068,0.043290507334496534,14.234305397936161,179.94427490234375,0.03246130081694048,2.8446440862859146,2.5996379680517925,0,640.0,,
ntk_N50_a0.5_wd1e-05_s0,0.5,50,1e-05,0,42,400.0,2.5000000000000002e-08,ok,,,200000,200000,307,41.90428113937378,9.875313520431519,2,478542c5c3dbb4497d84b2fd1e02cb9cd6ab935b,True,8.866136909091438e-07,58.59480285644531,228.7466583251953,3.903872821035247,0.09013574570417404,0.0249841864937212,3.210432767868042,0.1697034239768982,1.0,1.0,0.002124255755916238,0.007666766177862883,0.08188313245773315,0.01730807447749534,0.11623015999794006,3305,True,4000.0,3662.0,4981.0,4496.0,981.0,False,5520.0,5000.0,1520.0,False,5520.0,5000.0,1520.0,False,1313.0,4981.0,3668.0,False,2983.0,7000.0,4017.0,False,6776.0,23000.0,16224.0,False,80000.0,,120000.0,True,,,,True,0.11496633291244507,1.8467386960983276,0.1519792675971985,0.08619721971486806,5.516606009863464,139.68211364746094,0.04751497954220375,2.127989221488913,1.5784490578929198,0.11187297105789185,2.0954973697662354,0.16269534826278687,0.07948588798685621,7.312653189858353,152.5131072998047,0.04481068166064957,2.369596583369164,1.8392753166706288,0,871.0,,
ntk_N50_a0.5_wd1e-05_s1,0.5,50,1e-05,1,43,400.0,2.5000000000000002e-08,ok,,,200000,200000,307,42.45097494125366,10.076851844787598,2,478542c5c3dbb4497d84b2fd1e02cb9cd6ab935b,True,8.882309430191526e-07,59.26971435546875,236.0843048095703,3.9832198851787965,0.08418851345777512,0.02085612580179106,3.35074782371521,0.180042564868927,1.0,1.0,0.002902635373175144,0.007403477095067501,0.08164467662572861,0.016434781873278494,0.10941650718450546,3305,True,4981.0,4496.0,8319.0,8000.0,3338.0,False,10214.0,10000.0,5233.0,False,10214.0,10000.0,5233.0,False,1612.0,7508.0,5896.0,False,3662.0,13000.0,9338.0,False,10000.0,69000.0,59000.0,False,87000.0,,113000.0,True,,,,True,0.10695827752351761,2.039167881011963,0.16306030750274658,0.07081422831608682,6.869113364128684,149.10427856445312,0.04074855755015856,2.310796610379858,1.7968817880887653,0.0992252305150032,2.552534818649292,0.17667531967163086,0.056579104818926966,12.029682117848877,177.67623901367188,0.03445756437579833,2.7972063716467126,2.333017112223102,0,1185.0,,
ntk_N50_a0.5_wd1e-05_s2,0.5,50,1e-05,2,44,400.0,2.5000000000000002e-08,ok,,,200000,200000,307,42.73051381111145,10.154611110687256,2,478542c5c3dbb4497d84b2fd1e02cb9cd6ab935b,True,8.830362503431388e-07,58.163665771484375,230.18301391601562,3.9575052717682446,0.0857793465256691,0.02102300791306489,3.2540011405944824,0.17253482341766357,1.0,1.0,0.002679751720279455,0.007479989435523748,0.08338705450296402,0.01703236922027293,0.11192791163921356,3305,True,4000.0,3662.0,5520.0,5000.0,1520.0,False,7508.0,7000.0,3508.0,False,7508.0,7000.0,3508.0,False,1455.0,4981.0,3526.0,False,3305.0,8000.0,4695.0,False,6776.0,42937.0,36161.0,False,167000.0,,33000.0,True,,,,True,0.11128601431846619,1.8892221450805664,0.1444258689880371,0.07742528300798958,5.78187280194849,139.7536163330078,0.04378614936394458,2.1662903775091853,1.6233601407171676,0.1033262386918068,2.4021339416503906,0.15939950942993164,0.06156483566445944,10.220496871188264,168.2397918701172,0.03827496807703147,2.660431540176592,2.1670440683000045,0,965.0,,
ntk_N50_a0.5_wd1e-05_s3,0.5,50,1e-05,3,45,400.0,2.5000000000000002e-08,ok,,,200000,200000,307,46.55641269683838,10.640705585479736,2,478542c5c3dbb4497d84b2fd1e02cb9cd6ab935b,True,8.801454214335536e-07,59.65932083129883,239.1774444580078,4.009054094570401,0.08524595946073532,0.02365121802982817,3.379133939743042,0.18347567319869995,1.0,1.0,0.003900484647601843,0.00906201172620058,0.0828622505068779,0.018695695793098585,0.1089567020535469,2193,True,4000.0,3662.0,7508.0,7000.0,3508.0,False,10000.0,9218.0,6000.0,False,10000.0,9218.0,6000.0,False,1455.0,6776.0,5321.0,False,4000.0,18000.0,14000.0,False,13000.0,179000.0,166000.0,False,,,,True,,,,True,0.1081555187702179,1.8040088415145874,0.14151746034622192,0.07243232040349477,5.240618725847687,136.65536499023438,0.0440111539783557,2.0917496422071586,1.5347051783565722,0.10221492499113083,2.409055233001709,0.17582780122756958,0.06010247994081205,10.314820445811595,169.75953674316406,0.0385730201267029,2.633140546321874,2.2271530448328325,0,965.0,,
ntk_N50_a0.5_wd1e-05_s4,0.5,50,1e-05,4,46,400.0,2.5000000000000002e-08,ok,,,200000,200000,307,43.09814929962158,10.156319618225098,2,0c2c9fa139cdb9df0506aa0716a97da613a80d40,True,8.868252621141437e-07,58.240745544433594,225.84814453125,3.87783745589149,0.08761914074420929,0.02116642224142188,3.3489599227905273,0.1622462272644043,1.0,1.0,0.0028908487875014544,0.008004809729754925,0.089829221367836,0.019544955861235343,0.1150333508849144,2692,True,3305.0,3000.0,7508.0,7000.0,4203.0,False,8319.0,8000.0,5014.0,False,8319.0,8000.0,5014.0,False,1313.0,7508.0,6195.0,False,3305.0,10000.0,6695.0,False,8319.0,20941.0,12622.0,False,156000.0,,44000.0,True,,,,True,0.1137002483010292,1.8522789478302002,0.1257002353668213,0.07273681519891471,5.521407167059221,134.1475830078125,0.04515058536444633,2.0431872426630475,1.643536359560494,0.1054975837469101,2.4712719917297363,0.16013389825820923,0.05559266863486066,11.01100532331027,166.5894012451172,0.037183799036144105,2.6469659503916416,2.302159728633712,0,578.0,,
ntk_N50_a0.5_wd3e-05_s0,0.5,50,3e-05,0,42,400.0,7.5e-08,ok,,,200000,200000,307,42.07796883583069,9.54755163192749,2,0c2c9fa139cdb9df0506aa0716a97da613a80d40,True,8.624825227343536e-07,58.59480285644531,191.92428588867188,3.275448956776558,0.0963013544678688,0.03237454751738779,2.7599310874938965,0.1761520504951477,1.0,1.0,0.001956711756065488,0.00545693701133132,0.08188313245773315,0.01730807447749534,0.11670137196779251,4000,True,3662.0,3305.0,4981.0,4496.0,1319.0,False,7508.0,7000.0,3846.0,False,7508.0,7000.0,3846.0,False,1313.0,4981.0,3668.0,False,2983.0,6776.0,3793.0,False,6000.0,33000.0,27000.0,False,55000.0,,145000.0,True,,,,True,0.11644966155290604,1.75894296169281,0.14898627996444702,0.08935410397384115,4.983031800013238,135.09994506835938,0.04874340384421365,2.0451947359773177,1.4815767259972656,0.10721348971128464,2.324016571044922,0.16551119089126587,0.07080295938316149,9.39830008228457,163.1802215576172,0.040965786350257445,2.595197434799689,2.072357418969559,0,871.0,,
ntk_N50_a0.5_wd3e-05_s1,0.5,50,3e-05,1,43,400.0,7.5e-08,ok,,,200000,200000,307,44.171836137771606,10.14629316329956,2,0c2c9fa139cdb9df0506aa0716a97da613a80d40,True,8.780131679486658e-07,59.26971435546875,212.25631713867188,3.5811935226424323,0.08457115292549133,0.024567700734975464,3.0826265811920166,0.1787353754043579,1.0,1.0,0.00295649585314095,0.0067339506931602955,0.08164467662572861,0.016434781873278494,0.109653539955616,3305,True,4496.0,4058.0,9000.0,8319.0,4504.0,False,11000.0,10214.0,6504.0,False,11000.0,10214.0,6504.0,False,1612.0,8000.0,6388.0,False,3662.0,15000.0,11338.0,False,10000.0,57000.0,47000.0,False,123000.0,,77000.0,True,,,,True,0.10856369882822037,1.9385467767715454,0.15962862968444824,0.07395736628077466,6.132293124705204,143.29638671875,0.041802549317845994,2.2268823006279614,1.6709910492221034,0.0960857942700386,2.552553415298462,0.18392407894134521,0.051140668954046835,12.037656368561754,176.27720642089844,0.033270700040173296,2.8100172224021476,2.317786386191972,0,1185.0,,
ntk_N50_a0.5_wd3e-05_s2,0.5,50,3e-05,2,44,400.0,7.5e-08,ok,,,200000,200000,307,42.05138111114502,9.93185043334961,2,0c2c9fa139cdb9df0506aa0716a97da613a80d40,True,8.475575441480032e-07,58.163665771484375,198.28355407714844,3.4090621945352004,0.09500671178102493,0.03113419338604096,2.845050573348999,0.17361736297607422,1.0,1.0,0.0026554386131465435,0.0074572935700416565,0.08338705450296402,0.01703236922027293,0.11238603293895721,3305,True,3662.0,3305.0,5520.0,5000.0,1858.0,False,6776.0,6116.0,3114.0,False,6776.0,6116.0,3114.0,False,1455.0,4981.0,3526.0,False,3305.0,7508.0,4203.0,False,6776.0,33000.0,26224.0,False,59000.0,,141000.0,True,,,,True,0.11213327199220657,1.802707314491272,0.14045941829681396,0.07944098320223865,5.231539549700553,134.84735107421875,0.04444369026346737,2.091927042086622,1.5214736005923573,0.1062224879860878,2.2945826053619385,0.1618708372116089,0.06684147932784078,9.09853457819371,161.20018005371094,0.04060004329124098,2.5528558122878326,2.058242158086978,0,965.0,,
ntk_N50_a0.5_wd3e-05_s3,0.5,50,3e-05,3,45,400.0,7.5e-08,ok,,,200000,200000,307,42.55266785621643,9.695251226425171,2,0c2c9fa139cdb9df0506aa0716a97da613a80d40,True,8.430607749687624e-07,59.65932083129883,219.40333557128906,3.677603642047906,0.08739025145769119,0.027047818715759443,3.1312618255615234,0.17013311386108398,1.0,1.0,0.0027666722889989614,0.008346590213477612,0.0828622505068779,0.018695695793098585,0.10966870188713074,4000,True,3662.0,3305.0,6776.0,6116.0,3114.0,False,9000.0,8319.0,5338.0,False,9000.0,8319.0,5338.0,False,1455.0,6776.0,5321.0,False,4000.0,12539.0,8539.0,False,11000.0,60000.0,49000.0,False,167000.0,,33000.0,True,,,,True,0.10952475666999817,1.726172685623169,0.13873505592346191,0.07534903931047643,4.784895953175375,132.5430450439453,0.04471565494783604,2.0238232386372297,1.4402201768688467,0.10490237176418304,2.3092167377471924,0.1678088903427124,0.0650474460140508,9.250983745758663,163.0409393310547,0.04152427843505263,2.5547486484718767,2.0962250122169306,0,965.0,,
ntk_N50_a0.5_wd3e-05_s4,0.5,50,3e-05,4,46,400.0,7.5e-08,ok,,,200000,200000,307,42.374335050582886,10.106204271316528,2,0c2c9fa139cdb9df0506aa0716a97da613a80d40,True,8.873070669324079e-07,58.240745544433594,201.2717742919922,3.4558584786390822,0.09655889868736267,0.029418663736089336,2.9918594360351562,0.1651771068572998,1.0,1.0,0.0019152284367009997,0.004801496863365173,0.089829221367836,0.019544955861235343,0.1154247373342514,2692,True,3305.0,3000.0,7508.0,7000.0,4203.0,False,9000.0,8319.0,5695.0,False,9000.0,8319.0,5695.0,False,1313.0,6776.0,5463.0,False,3305.0,10000.0,6695.0,False,8000.0,17057.0,9057.0,False,38000.0,,162000.0,True,,,,True,0.11440939456224442,1.8331491947174072,0.12528085708618164,0.07424133234950962,5.400622025085118,132.79002380371094,0.045738315089453294,2.030310724745521,1.614914439943734,0.10503847897052765,2.49316143989563,0.1549091935157776,0.0546986549798362,11.267054982298193,167.3714141845703,0.037033413736768356,2.6899544807709437,2.2855498763028024,0,640.0,,
ntk_N50_a0.5_wd0.0001_s0,0.5,50,0.0001,0,42,400.0,2.5e-07,ok,,,200000,200000,307,41.43961715698242,9.828895330429077,2,0c2c9fa139cdb9df0506aa0716a97da613a80d40,True,8.584611350670457e-07,58.59480285644531,170.3448028564453,2.907165730615778,0.10709311068058014,0.04125279631404425,2.417311668395996,0.16075408458709717,1.0,1.0,0.0017862148815765977,0.0040993341244757175,0.08188313245773315,0.01730807447749534,0.11850951611995697,3305,True,3662.0,3305.0,4981.0,4496.0,1319.0,False,5520.0,5000.0,1858.0,False,5520.0,5000.0,1858.0,False,1455.0,4496.0,3041.0,False,2983.0,6776.0,3793.0,False,6000.0,17000.0,11000.0,False,25000.0,,175000.0,True,,,,True,0.11779424548149109,1.7045178413391113,0.1482391357421875,0.09201874010597022,4.676417178901158,130.85585021972656,0.05084258006984524,2.0086882072397088,1.4001328231548076,0.11324623227119446,2.032853603363037,0.16045153141021729,0.08218790689329532,6.817980857761045,146.97479248046875,0.04694946438063479,2.3284116543681637,1.7432436390045385,0,871.0,,
ntk_N50_a0.5_wd0.0001_s1,0.5,50,0.0001,1,43,400.0,2.5e-07,ok,,,200000,200000,307,41.48734378814697,9.697456359863281,2,0c2c9fa139cdb9df0506aa0716a97da613a80d40,True,8.329967045028752e-07,59.26971435546875,179.48658752441406,3.028301881934969,0.09978525340557098,0.03619810528794133,2.604146718978882,0.17763680219650269,1.0,1.0,0.0025901938788592815,0.007000465411692858,0.08164467662572861,0.016434781873278494,0.11208545416593552,3662,True,4496.0,4058.0,6776.0,6116.0,2280.0,False,7000.0,6776.0,2504.0,False,7000.0,6776.0,2504.0,False,1612.0,6776.0,5164.0,False,3662.0,9000.0,5338.0,False,8000.0,31000.0,23000.0,False,68000.0,,132000.0,True,,,,True,0.11110156029462814,1.8661675453186035,0.15683764219284058,0.07886723144237393,5.645978667218608,138.46974182128906,0.044396364650153806,2.1823772101320817,1.5565864488401033,0.10741154849529266,2.1566176414489746,0.1654602289199829,0.07152705635665757,7.826737491888601,152.35691833496094,0.041629121384784015,2.4585855472386102,1.8590577879888635,0,1069.0,,
ntk_N50_a0.5_wd0.0001_s2,0.5,50,0.0001,2,44,400.0,2.5e-07,ok,,,200000,200000,307,43.090121030807495,9.854800939559937,2,0c2c9fa139cdb9df0506aa0716a97da613a80d40,True,8.38800701785658e-07,58.163665771484375,171.4965362548828,2.9485166380101444,0.10881061851978302,0.042139396764825934,2.433203935623169,0.16351938247680664,1.0,1.0,0.002532167825847864,0.006314508616924286,0.08338705450296402,0.01703236922027293,0.11388915032148361,4000,True,3662.0,3305.0,5520.0,5000.0,1858.0,False,8000.0,7508.0,4338.0,False,8000.0,7508.0,4338.0,False,1455.0,4496.0,3041.0,False,3305.0,6776.0,3471.0,False,6776.0,20941.0,14165.0,False,34000.0,,166000.0,True,,,,True,0.11388508975505829,1.7481778860092163,0.1401139497756958,0.08291840890722486,4.91085575760282,130.71499633789062,0.046093138449706667,2.0619379029158096,1.4324039218964575,0.1068817675113678,2.286109685897827,0.15745806694030762,0.06823314221225377,9.010173233972406,159.17913818359375,0.041755189328710654,2.5918855107898824,1.98050961549,0,965.0,,
ntk_N50_a0.5_wd0.0001_s3,0.5,50,0.0001,3,45,400.0,2.5e-07,ok,,,200000,200000,307,43.54439926147461,9.516217470169067,2,0c2c9fa139cdb9df0506aa0716a97da613a80d40,True,8.628097702967352e-07,59.65932083129883,170.04493713378906,2.850266056742957,0.107086680829525,0.04285415016189902,2.467778444290161,0.17649269104003906,1.0,1.0,0.004008718300610781,0.008721095509827137,0.0828622505068779,0.018695695793098585,0.11222812533378601,4000,True,4000.0,3662.0,6776.0,6116.0,2776.0,False,9000.0,8319.0,5000.0,False,9000.0,8319.0,5000.0,False,1612.0,6116.0,4504.0,False,3662.0,9000.0,5338.0,False,9000.0,31000.0,22000.0,False,,,,True,,,,True,0.11222812533378601,1.7335087060928345,0.14118510484695435,0.08043405205814633,4.828917024084097,130.5267333984375,0.046822285209659795,2.0523401027251977,1.412689871700023,0.10723759979009628,2.23765230178833,0.15529799461364746,0.06982178393125223,8.543380529330529,154.65557861328125,0.04311852106320538,2.532916181617864,1.9407778326674379,0,965.0,,
ntk_N50_a0.5_wd0.0001_s4,0.5,50,0.0001,4,46,400.0,2.5e-07,ok,,,200000,200000,307,43.73187708854675,10.001543760299683,2,0c2c9fa139cdb9df0506aa0716a97da613a80d40,True,8.768270731707162e-07,58.240745544433594,176.19984436035156,3.025370687020541,0.10521110892295837,0.0380588715481419,2.6403961181640625,0.16016322374343872,1.0,1.0,0.001978321000933647,0.004569469951093197,0.089829221367836,0.019544955861235343,0.11818640679121017,2983,True,3305.0,3000.0,6776.0,6116.0,3471.0,False,7508.0,7000.0,4203.0,False,7508.0,7000.0,4203.0,False,1455.0,6000.0,4545.0,False,3305.0,8319.0,5014.0,False,7508.0,15000.0,7492.0,False,54000.0,,146000.0,True,,,,True,0.11786302179098129,1.7655917406082153,0.12841057777404785,0.08104173044396132,4.997542265983206,128.5627899169922,0.04794401323351543,1.985673508571631,1.514655563072473,0.11098513007164001,2.292398452758789,0.15674316883087158,0.06582076157487791,9.071320657807256,154.27133178710938,0.041808214145003506,2.5156045255805863,2.0549224437932416,0,640.0,,
ntk_N50_a0.5_wd0.0003_s0,0.5,50,0.0003,0,42,400.0,7.499999999999999e-07,ok,,,200000,200000,307,42.76654601097107,9.834977388381958,2,0c2c9fa139cdb9df0506aa0716a97da613a80d40,True,7.806772259755235e-07,58.59480285644531,150.57815551757812,2.569821011028708,0.11732403934001923,0.050023587781140584,2.097693920135498,0.15562576055526733,1.0,1.0,0.003453131066635251,0.007338291499763727,0.08188313245773315,0.01730807447749534,0.12516146898269653,3000,True,3662.0,3305.0,4496.0,4058.0,834.0,False,5520.0,5000.0,1858.0,False,5520.0,5000.0,1858.0,False,1455.0,3662.0,2207.0,False,2983.0,5520.0,2537.0,False,5520.0,15395.0,9875.0,False,,,,True,,,,True,0.12472403794527054,1.579233169555664,0.148487389087677,0.10524797852607388,4.033941751807424,123.2389907836914,0.05653163194784403,1.9170494695020066,1.2176483486754643,0.12065451592206955,1.8763295412063599,0.15658944845199585,0.09635267820638818,5.711414211956726,137.38653564453125,0.05322586563564946,2.217572384620215,1.5111095621506498,0,871.0,2193.0,
ntk_N50_a0.5_wd0.0003_s1,0.5,50,0.0003,1,43,400.0,7.499999999999999e-07,ok,,,200000,200000,307,43.0377721786499,10.11610746383667,2,0c2c9fa139cdb9df0506aa0716a97da613a80d40,True,7.925576142042701e-07,59.26971435546875,145.56784057617188,2.456023994027238,0.12190882861614227,0.054098763151364304,2.0166893005371094,0.16736412048339844,1.0,1.0,0.004696960095316172,0.009070413187146187,0.08164467662572861,0.016434781873278494,0.12241733074188232,153000,True,3662.0,3305.0,4981.0,4496.0,1319.0,False,6000.0,5520.0,2338.0,False,6000.0,5520.0,2338.0,False,1786.0,4981.0,3195.0,False,3662.0,6776.0,3114.0,False,6776.0,47000.0,40224.0,False,,,,True,,,,True,0.11859633028507233,1.5315139293670654,0.15056312084197998,0.09363389612846637,3.812433217694267,119.5113296508789,0.05032082490767292,1.8837624409663016,1.1644338701714632,0.12069258838891983,1.86371910572052,0.1611722707748413,0.09622037648334435,5.635202058463794,135.69602966308594,0.052530945282166064,2.2188959017170946,1.4899235916173117,0,1069.0,4058.0,
ntk_N50_a0.5_wd0.0003_s2,0.5,50,0.0003,2,44,400.0,7.499999999999999e-07,ok,,,200000,200000,307,44.09455418586731,10.354219436645508,2,0c2c9fa139cdb9df0506aa0716a97da613a80d40,True,7.634474741280428e-07,58.163665771484375,150.6961669921875,2.5908987164641295,0.11592129617929459,0.050016300616438636,2.1357548236846924,0.15981507301330566,1.0,1.0,0.0033404419664293528,0.006545671261847019,0.08338705450296402,0.01703236922027293,0.12069502472877502,4000,True,3662.0,3305.0,4058.0,4000.0,396.0,False,6000.0,5520.0,2338.0,False,6000.0,5520.0,2338.0,False,1612.0,4000.0,2388.0,False,3305.0,6000.0,2695.0,False,6000.0,15000.0,9000.0,False,,,,True,,,,True,0.11980711668729782,1.6296154260635376,0.1427794098854065,0.09417379973463705,4.275810716001737,122.9755859375,0.05178695205793533,1.9758696349755134,1.2669418120310627,0.1177462711930275,1.939208745956421,0.1536182165145874,0.08887651096215377,6.130046806976005,138.90354919433594,0.05126197203999764,2.2799156465070762,1.5822108353751034,0,965.0,4000.0,
ntk_N50_a0.5_wd0.0003_s3,0.5,50,0.0003,3,45,400.0,7.499999999999999e-07,ok,,,200000,200000,307,41.805006980895996,9.678967237472534,2,0c2c9fa139cdb9df0506aa0716a97da613a80d40,True,7.701179924879398e-07,59.65932083129883,146.12973022460938,2.449403181069167,0.12179191410541534,0.05380095152042162,2.056349754333496,0.15672039985656738,1.0,1.0,0.004558989778161049,0.007967481389641762,0.0828622505068779,0.018695695793098585,0.12209413200616837,160000,True,3305.0,3000.0,4981.0,4496.0,1676.0,False,5520.0,5000.0,2215.0,False,5520.0,5000.0,2215.0,False,1612.0,4496.0,2884.0,False,3662.0,8000.0,4338.0,False,9218.0,23000.0,13782.0,False,,,,True,,,,True,0.11681115627288818,1.46290123462677,0.13874399662017822,0.0897358107734466,3.4943577771931196,114.4339370727539,0.051470417564355775,1.8043999618259583,1.1063519921035752,0.11772099882364273,1.797636866569519,0.15367573499679565,0.08965334471032713,5.216311379487453,129.44378662109375,0.05281494633984052,2.13441477187295,1.4492689166099477,0,965.0,18900.0,
ntk_N50_a0.5_wd0.0003_s4,0.5,50,0.0003,4,46,400.0,7.499999999999999e-07,ok,,,200000,200000,307,41.36741805076599,9.413854837417603,2,0c2c9fa139cdb9df0506aa0716a97da613a80d40,True,8.243446814049094e-07,58.240745544433594,149.954345703125,2.574732591441852,0.11920948326587677,0.050466160287885656,2.2146759033203125,0.15399551391601562,1.0,1.0,0.0040773265063762665,0.008302456699311733,0.089829221367836,0.019544955861235343,0.12324736267328262,2983,True,2983.0,2692.0,6116.0,6000.0,3133.0,False,6776.0,6116.0,3793.0,False,6776.0,6116.0,3793.0,False,1455.0,4981.0,3526.0,False,2983.0,8000.0,5017.0,False,8000.0,17057.0,9057.0,False,,,,True,,,,True,0.12324736267328262,1.5335421562194824,0.1295788288116455,0.09189604850847131,3.7962014461650284,115.39888763427734,0.05289242421336868,1.7824108086768182,1.2366214531925401,0.12130635231733322,1.969398021697998,0.15273749828338623,0.0854355187511107,6.34137952384243,136.06747436523438,0.050656171185146204,2.214580339985245,1.6868503527628695,0,640.0,1979.0,
ntk_N50_a0.5_wd0.001_s0,0.5,50,0.001,0,42,400.0,2.5e-06,ok,,,200000,200000,307,41.30405116081238,9.927441596984863,2,0c2c9fa139cdb9df0506aa0716a97da613a80d40,True,7.982674787854194e-07,58.59480285644531,109.33425903320312,1.865937825596363,0.13870234787464142,0.07235085070056735,1.3198390007019043,0.15359723567962646,1.0,0.9811320900917053,0.01210158970206976,0.02100936695933342,0.08188313245773315,0.01730807447749534,0.1396041214466095,7000,True,3662.0,3305.0,6000.0,5520.0,2338.0,False,,,196338.0,True,,,196338.0,True,1979.0,4000.0,2021.0,False,3662.0,,196338.0,True,,,,True,,,,True,,,,True,0.13490374386310577,1.0373713970184326,0.14598119258880615,0.12531257539017887,2.0353859968438455,95.40217590332031,0.06880455792782098,1.4061612505858991,0.6025278885950381,,,,,,,,,,0,871.0,1786.0,
ntk_N50_a0.5_wd0.001_s1,0.5,50,0.001,1,43,400.0,2.5e-06,ok,,,200000,200000,307,41.244054079055786,9.728381633758545,2,0c2c9fa139cdb9df0506aa0716a97da613a80d40,True,7.752952910777822e-07,59.26971435546875,110.27074432373047,1.8604905645804908,0.14169465005397797,0.07267492980127027,1.3443571329116821,0.16263145208358765,1.0,1.0,0.011854037642478943,0.01901174522936344,0.08164467662572861,0.016434781873278494,0.14275845885276794,195000,True,3662.0,3305.0,6000.0,5520.0,2338.0,False,8000.0,7508.0,4338.0,False,8000.0,7508.0,4338.0,False,2430.0,4981.0,2551.0,False,4981.0,20941.0,15960.0,False,,,,True,,,,True,,,,True,0.12899741530418396,0.9347624778747559,0.1527290940284729,0.11300363604192486,1.780416460623252,89.008544921875,0.06104459022507147,1.3221236500628026,0.49840368468183194,0.14016075432300568,1.2570469379425049,0.163540780544281,0.13157966351238684,2.7340579493660435,105.8069839477539,0.07169944939055942,1.651704023539829,0.8075240201007063,0,1185.0,2692.0,8000.0
ntk_N50_a0.5_wd0.001_s2,0.5,50,0.001,2,44,400.0,2.5e-06,ok,,,200000,200000,307,41.415719747543335,9.249615907669067,2,0c2c9fa139cdb9df0506aa0716a97da613a80d40,True,7.454650017280073e-07,58.163665771484375,113.55609130859375,1.9523544433175386,0.13454683125019073,0.06858143760896664,1.4395473003387451,0.15104448795318604,1.0,1.0,0.010564095340669155,0.018122809007763863,0.08338705450296402,0.01703236922027293,0.13569842278957367,25710,True,4000.0,3662.0,5520.0,5000.0,1520.0,False,6000.0,5520.0,2000.0,False,6000.0,5520.0,2000.0,False,2193.0,4496.0,2303.0,False,4058.0,11317.0,7259.0,False,,,,True,,,,True,,,,True,0.12924201786518097,1.0965977907180786,0.13786810636520386,0.11358455163143598,2.191217832464489,95.49542236328125,0.06345532591422538,1.4653489889865867,0.6769932067081313,0.1308152675628662,1.293555736541748,0.14474189281463623,0.11521617639396041,2.838180367731907,104.62723541259766,0.06570901768712184,1.6672746505199816,0.8671756787722472,0,1069.0,2193.0,
ntk_N50_a0.5_wd0.001_s3,0.5,50,0.001,3,45,400.0,2.5e-06,ok,,,200000,200000,307,42.99220132827759,9.888341426849365,2,0c2c9fa139cdb9df0506aa0716a97da613a80d40,True,7.664575036869792e-07,59.65932083129883,110.71724700927734,1.8558247976432243,0.1415712535381317,0.07413288549434047,1.3901690244674683,0.15631532669067383,1.0,1.0,0.011386753991246223,0.017952842637896538,0.0828622505068779,0.018695695793098585,0.14199867844581604,156000,True,3662.0,3305.0,6000.0,5520.0,2338.0,False,6000.0,5520.0,2338.0,False,6000.0,5520.0,2338.0,False,2193.0,4981.0,2788.0,False,4981.0,11317.0,6336.0,False,,,,True,,,,True,,,,True,0.12598876655101776,1.014763355255127,0.14344429969787598,0.10696694988841939,1.970916336687177,89.91534423828125,0.061978862662780215,1.3835174700177617,0.6057339990404834,0.13301977515220642,1.2566581964492798,0.14815044403076172,0.11960411149873218,2.712858415760579,102.0301513671875,0.0677178374956899,1.6330631362947492,0.824428860840095,0,1069.0,2430.0,14000.0
ntk_N50_a0.5_wd0.001_s4,0.5,50,0.001,4,46,400.0,2.5e-06,ok,,,200000,200000,307,42.76519298553467,9.632984161376953,2,0c2c9fa139cdb9df0506aa0716a97da613a80d40,True,7.56198630824656e-07,58.240745544433594,109.67898559570312,1.8832002332804234,0.13877400755882263,0.06989215878966076,1.455103874206543,0.1515229344367981,1.0,1.0,0.012504546903073788,0.018659204244613647,0.089829221367836,0.019544955861235343,0.13941656053066254,42000,True,3662.0,3305.0,4981.0,4496.0,1319.0,False,7000.0,6776.0,3338.0,False,7000.0,6776.0,3338.0,False,2193.0,4496.0,2303.0,False,4496.0,10214.0,5718.0,False,,,,True,,,,True,,,,True,0.13534776866436005,1.0844175815582275,0.14273500442504883,0.11376957631182248,2.1626402402816565,92.09352111816406,0.0655161120075651,1.365928887848749,0.7357709675388622,0.13793037831783295,1.3531885147094727,0.14833152294158936,0.11768192245860792,3.0632486482711396,104.58531188964844,0.06917791894448497,1.6415969307111908,0.9879275359187136,0,786.0,1786.0,
ntk_N50_a0.5_wd0.003_s0,0.5,50,0.003,0,42,400.0,7.5e-06,ok,,,200000,200000,307,41.4437358379364,9.191331624984741,2,0c2c9fa139cdb9df0506aa0716a97da613a80d40,True,7.990898893694975e-07,58.59480285644531,46.306087493896484,0.7902763596174964,0.1284043788909912,0.06510971056380416,-0.31133773922920227,0.13365817070007324,0.720588207244873,0.056603774428367615,0.035221993923187256,0.0418652705848217,0.08188313245773315,0.01730807447749534,0.1284043788909912,200000,False,,,,,,True,,,,True,,,,True,,,,True,,,,True,,,,True,,,,True,,,,True,,,,,,,,,,,,,,,,,,,0,4000.0,15395.0,
ntk_N50_a0.5_wd0.003_s1,0.5,50,0.003,1,43,400.0,7.5e-06,ok,,,200000,200000,307,42.502750873565674,9.785460233688354,2,0c2c9fa139cdb9df0506aa0716a97da613a80d40,True,7.783080491208239e-07,59.26971435546875,41.42454528808594,0.6989158921813454,0.11982398480176926,0.05306035786661022,-0.4357144832611084,0.12963420152664185,0.4852941036224365,0.03773584961891174,0.0373944491147995,0.042953893542289734,0.08164467662572861,0.016434781873278494,0.12004369497299194,98000,False,,,,,,True,,,,True,,,,True,,,,True,,,,True,,,,True,,,,True,,,,True,,,,,,,,,,,,,,,,,,,0,4000.0,98000.0,
ntk_N50_a0.5_wd0.003_s2,0.5,50,0.003,2,44,400.0,7.5e-06,ok,,,200000,200000,307,43.63863396644592,10.05028486251831,2,0c2c9fa139cdb9df0506aa0716a97da613a80d40,True,8.234003985307936e-07,58.163665771484375,42.31542205810547,0.7275232999301645,0.11845316737890244,0.054188832139882646,-0.3830299377441406,0.12212371826171875,0.5210084319114685,0.01886792480945587,0.037038978189229965,0.0427912138402462,0.08338705450296402,0.01703236922027293,0.11925721168518066,173000,False,,,,,,True,,,,True,,,,True,,,,True,,,,True,,,,True,,,,True,,,,True,,,,,,,,,,,,,,,,,,,0,4981.0,,
ntk_N50_a0.5_wd0.003_s3,0.5,50,0.003,3,45,400.0,7.5e-06,ok,,,200000,200000,307,43.2336208820343,9.948455810546875,2,0c2c9fa139cdb9df0506aa0716a97da613a80d40,True,8.410812597503536e-07,59.65932083129883,44.98670959472656,0.7540600356805498,0.11915986984968185,0.055668780850539,-0.23318253457546234,0.12547260522842407,0.5861344337463379,0.01886792480945587,0.03626948222517967,0.04258040338754654,0.0828622505068779,0.018695695793098585,0.1210719421505928,113000,False,,,,,,True,,,,True,,,,True,,,,True,,,,True,,,,True,,,,True,,,,True,,,,,,,,,,,,,,,,,,,0,4000.0,104000.0,
ntk_N50_a0.5_wd0.003_s4,0.5,50,0.003,4,46,400.0,7.5e-06,ok,,,200000,200000,307,42.67755389213562,10.253838300704956,2,0c2c9fa139cdb9df0506aa0716a97da613a80d40,True,8.375116067327326e-07,58.240745544433594,40.97148513793945,0.7034849014197645,0.11551403999328613,0.050860896885330416,-0.3197021782398224,0.12171047925949097,0.4957983195781708,0.056603774428367615,0.03749721124768257,0.04251522943377495,0.089829221367836,0.019544955861235343,0.11649498343467712,182000,False,,,,,,True,,,,True,,,,True,,,,True,,,,True,,,,True,,,,True,,,,True,,,,,,,,,,,,,,,,,,,0,4496.0,,
ntk_N50_a1_wd0_s0,1.0,50,0.0,0,42,100.0,0.0,ok,,,200000,200000,307,42.3750159740448,10.421636819839478,2,0c2c9fa139cdb9df0506aa0716a97da613a80d40,True,8.265396900242195e-07,58.59480285644531,183.4722900390625,3.131204152842045,0.07561486214399338,0.01740073757186233,2.8374011516571045,0.2415338158607483,1.0,1.0,0.004801888018846512,0.01532074250280857,0.08188313245773315,0.01730807447749534,0.1068248450756073,11317,True,16000.0,15395.0,23204.0,23000.0,7204.0,False,28000.0,27000.0,12000.0,False,28000.0,27000.0,12000.0,False,2692.0,22000.0,19308.0,False,10000.0,50000.0,40000.0,False,34000.0,,166000.0,True,,,,True,,,,True,0.1059379056096077,1.3608568906784058,0.1430632472038269,0.06963227624654773,3.0859436002475125,109.04882049560547,0.04105661314919552,1.5838646706782686,1.1711742253964392,0.09966488927602768,1.713247299194336,0.1653226613998413,0.05705896698208954,4.744341228753391,122.4939956665039,0.037738295938555655,1.9184092873922118,1.5462517022039626,0,2983.0,,
ntk_N50_a1_wd0_s1,1.0,50,0.0,1,43,100.0,0.0,ok,,,200000,200000,307,41.61713409423828,10.027592897415161,2,0c2c9fa139cdb9df0506aa0716a97da613a80d40,True,8.86393877408409e-07,59.26971435546875,200.19615173339844,3.3777141312462993,0.07194128632545471,0.015464298430836045,3.1109838485717773,0.2516164779663086,1.0,1.0,0.0059250108897686005,0.015968453139066696,0.08164467662572861,0.016434781873278494,0.10183733701705933,8000,True,18000.0,17057.0,34000.0,33000.0,16000.0,False,34974.0,34000.0,16974.0,False,34974.0,34000.0,16974.0,False,3305.0,28487.0,25182.0,False,12000.0,61000.0,49000.0,False,33000.0,,167000.0,True,,,,True,,,,True,0.09932158142328262,1.5337189435958862,0.15878546237945557,0.05685916104371882,3.832501388716825,113.68737030029297,0.03628182610762746,1.7320889510329716,1.3745040539356714,0.09327635914087296,2.0402982234954834,0.18506217002868652,0.04629618192920419,6.902337208478137,136.15977478027344,0.029478218601450612,2.2068229043024465,1.9236407791793697,0,5520.0,,
ntk_N50_a1_wd0_s2,1.0,50,0.0,2,44,100.0,0.0,ok,,,200000,200000,307,40.47459387779236,9.659814596176147,2,0c2c9fa139cdb9df0506aa0716a97da613a80d40,True,8.988557169686828e-07,58.163665771484375,201.27845764160156,3.460553164451361,0.07515847682952881,0.015657036578884783,3.0990946292877197,0.21499788761138916,1.0,1.0,0.005630833096802235,0.01983950473368168,0.08338705450296402,0.01703236922027293,0.10231469571590424,14000,True,18900.0,18000.0,46000.0,45000.0,27100.0,False,64000.0,63000.0,45100.0,False,64000.0,63000.0,45100.0,False,2983.0,51000.0,48017.0,False,13894.0,119756.0,105862.0,False,63000.0,,137000.0,True,,,,True,,,,True,0.10087109357118607,1.5555822849273682,0.1462576985359192,0.05719967621761531,3.918850082206114,114.36640930175781,0.03451353496642974,1.7552156612222558,1.4020105099039224,0.08647648990154266,2.3663511276245117,0.1965113878250122,0.03282943859894379,9.872898999766834,151.49671936035156,0.024412437829965605,2.4555842971827233,2.33196124453415,0,3305.0,,
ntk_N50_a1_wd0_s3,1.0,50,0.0,3,45,100.0,0.0,ok,,,200000,200000,307,41.82689571380615,10.158755540847778,2,0c2c9fa139cdb9df0506aa0716a97da613a80d40,True,8.522648045072856e-07,59.65932083129883,187.39260864257812,3.1410449537713663,0.0669822245836258,0.01573484370741785,3.045699119567871,0.2834523320198059,1.0,1.0,0.0067502036690711975,0.02115687169134617,0.0828622505068779,0.018695695793098585,0.10358229279518127,10000,True,22000.0,21000.0,33000.0,32000.0,11000.0,False,59000.0,58408.0,37000.0,False,59000.0,58408.0,37000.0,False,2983.0,38000.0,35017.0,False,12000.0,,188000.0,True,57000.0,,143000.0,True,,,,True,,,,True,0.0971156433224678,1.6511478424072266,0.17025095224380493,0.050987420187138865,4.41860020771415,118.33247375488281,0.03579717259517562,1.8376277086322228,1.5153189066568709,0.08299048990011215,2.2897558212280273,0.21894443035125732,0.029358309315146512,9.11289522582585,144.24754333496094,0.02519794089392463,2.3636477873994686,2.2711137402867267,0,4496.0,,
ntk_N50_a1_wd0_s4,1.0,50,0.0,4,46,100.0,0.0,ok,,,200000,200000,307,42.1729052066803,10.4626624584198,2,0c2c9fa139cdb9df0506aa0716a97da613a80d40,True,8.014395689315279e-07,58.240745544433594,199.6263885498047,3.4276070246646104,0.07467722147703171,0.014660838537706507,3.181377410888672,0.21081262826919556,1.0,1.0,0.00581509992480278,0.018400894477963448,0.089829221367836,0.019544955861235343,0.10808268189430237,10214,True,10000.0,9218.0,30000.0,29000.0,20000.0,False,46000.0,45000.0,36000.0,False,46000.0,45000.0,36000.0,False,2692.0,29000.0,26308.0,False,9000.0,109000.0,100000.0,False,33000.0,,167000.0,True,,,,True,,,,True,0.10804573446512222,1.3600084781646729,0.12550711631774902,0.0610481814174488,3.0604110346731357,104.45355987548828,0.03982210455371578,1.50101490231236,1.221604549091474,0.08794301003217697,2.346572160720825,0.18622124195098877,0.025641916567354553,9.653413446238327,144.79933166503906,0.025418971869935705,2.4221762541196004,2.3011194502664836,0,1786.0,,
ntk_N50_a1_wd3e-06_s0,1.0,50,3e-06,0,42,100.0,3.0000000000000004e-08,ok,,,200000,200000,307,42.369349002838135,10.477932453155518,2,0c2c9fa139cdb9df0506aa0716a97da613a80d40,True,8.525272505721659e-07,58.59480285644531,177.06471252441406,3.021850128213842,0.077608123421669,0.01877846732466462,2.7730789184570312,0.21434015035629272,1.0,1.0,0.0035938413348048925,0.010399415157735348,0.08188313245773315,0.01730807447749534,0.10726795345544815,11317,True,17000.0,16000.0,28000.0,27000.0,11000.0,False,30000.0,29000.0,13000.0,False,30000.0,29000.0,13000.0,False,2692.0,23000.0,20308.0,False,10000.0,49000.0,39000.0,False,30000.0,,170000.0,True,,,,True,,,,True,0.10508266091346741,1.3895195722579956,0.14678680896759033,0.06775349052810462,3.2024686786570133,109.63670349121094,0.040693830438886844,1.6115861650273697,1.1997037908886714,0.09913530200719833,1.7718098163604736,0.17355096340179443,0.056071967900018484,5.086302782606671,124.31331634521484,0.03686197271098153,1.986161681217155,1.5965342212802074,0,2983.0,,
ntk_N50_a1_wd3e-06_s1,1.0,50,3e-06,1,43,100.0,3.0000000000000004e-08,ok,,,200000,200000,307,41.08281922340393,10.428138732910156,2,0c2c9fa139cdb9df0506aa0716a97da613a80d40,True,8.81221751569683e-07,59.26971435546875,181.8317413330078,3.0678693715727414,0.07920750230550766,0.01898427241978906,2.8442676067352295,0.20372110605239868,1.0,1.0,0.006051680538803339,0.01644323766231537,0.08164467662572861,0.016434781873278494,0.10180694609880447,7000,True,13894.0,13000.0,38000.0,37000.0,24106.0,False,71708.0,71000.0,57814.0,False,71708.0,71000.0,57814.0,False,3305.0,30000.0,26695.0,False,11317.0,71000.0,59683.0,False,34000.0,,166000.0,True,,,,True,,,,True,0.09868135303258896,1.377710223197937,0.15011310577392578,0.05577405304964393,3.16017101710786,107.57845306396484,0.036948017340851166,1.5804446217432546,1.2189729215044602,0.08468779176473618,2.485649585723877,0.19093018770217896,0.03180839918718671,11.215249882321919,158.4263916015625,0.02426040918675995,2.6373153453033105,2.37327182403942,0,5520.0,,
ntk_N50_a1_wd3e-06_s2,1.0,50,3e-06,2,44,100.0,3.0000000000000004e-08,ok,,,200000,200000,307,41.528372049331665,9.726207256317139,2,0c2c9fa139cdb9df0506aa0716a97da613a80d40,True,8.536054565411177e-07,58.163665771484375,184.54998779296875,3.172942856078497,0.08131792396306992,0.019872164347433684,2.847445487976074,0.19323551654815674,1.0,1.0,0.005579743068665266,0.018553437665104866,0.08338705450296402,0.01703236922027293,0.10204557329416275,6116,True,13894.0,13000.0,30000.0,29000.0,16106.0,False,31564.0,31000.0,17670.0,False,31564.0,31000.0,17670.0,False,2983.0,32000.0,29017.0,False,13894.0,97000.0,83106.0,False,38000.0,,162000.0,True,,,,True,,,,True,0.1015273779630661,1.3738995790481567,0.13279521465301514,0.05887246403750699,3.1234734599714833,106.91364288330078,0.034077939458589376,1.5976835316280413,1.193117118193345,0.09497188031673431,1.9336265325546265,0.1745966672897339,0.046471444572046945,6.115258256458245,129.79457092285156,0.03225601056847803,2.099956412436578,1.8156038230574736,0,3305.0,,
ntk_N50_a1_wd3e-06_s3,1.0,50,3e-06,3,45,100.0,3.0000000000000004e-08,ok,,,200000,200000,307,42.42607522010803,10.117490768432617,2,0c2c9fa139cdb9df0506aa0716a97da613a80d40,True,8.462126857011754e-07,59.65932083129883,172.80934143066406,2.8966025597127447,0.08041670173406601,0.021167650201876977,2.7474730014801025,0.19520211219787598,1.0,1.0,0.00407556165009737,0.011799142695963383,0.0828622505068779,0.018695695793098585,0.10380171239376068,10214,True,20941.0,20000.0,31000.0,30000.0,10059.0,False,47575.0,47000.0,26634.0,False,47575.0,47000.0,26634.0,False,2983.0,28487.0,25504.0,False,12000.0,52000.0,40000.0,False,42937.0,,157063.0,True,,,,True,,,,True,0.0993538498878479,1.6189405918121338,0.16613388061523438,0.05500602867019743,4.249867586869005,117.19466400146484,0.037593708651652465,1.819021466138839,1.4612593464306654,0.09158991277217865,2.0781238079071045,0.19379758834838867,0.042037563824478104,7.207587139870092,135.36500549316406,0.031018373189067718,2.217849246250361,1.985385769110464,0,4496.0,,
ntk_N50_a1_wd3e-06_s4,1.0,50,3e-06,4,46,100.0,3.0000000000000004e-08,ok,,,200000,200000,307,43.43869209289551,10.279109001159668,2,0c2c9fa139cdb9df0506aa0716a97da613a80d40,True,8.274500942206942e-07,58.240745544433594,188.5387420654297,3.237230916310779,0.07767555117607117,0.016801943806750725,3.042224645614624,0.19425296783447266,1.0,1.0,0.004069151356816292,0.009616171941161156,0.089829221367836,0.019544955861235343,0.10856924206018448,10214,True,10214.0,10000.0,25000.0,24000.0,14786.0,False,28487.0,28000.0,18273.0,False,28487.0,28000.0,18273.0,False,2692.0,27000.0,24308.0,False,9000.0,52714.0,43714.0,False,31000.0,178000.0,147000.0,False,,,,True,,,,True,0.10856924206018448,1.3699657917022705,0.12530803680419922,0.062140789372535025,3.098662408189614,104.58963012695312,0.04028275569396811,1.5209038155585486,1.2179229350708638,0.09689075499773026,1.9883549213409424,0.1692441701889038,0.04016130554650997,6.49664002414074,127.7900161743164,0.031926784898175214,2.107427905175036,1.8954353016621075,0,1786.0,,
ntk_N50_a1_wd1e-05_s0,1.0,50,1e-05,0,42,100.0,1.0000000000000001e-07,ok,,,200000,200000,307,41.89844083786011,10.022058725357056,2,0c2c9fa139cdb9df0506aa0716a97da613a80d40,True,8.836876190798648e-07,58.59480285644531,154.7866973876953,2.6416455016823917,0.08495423197746277,0.02323943340717447,2.432976722717285,0.17818087339401245,1.0,1.0,0.003520258003845811,0.009745508432388306,0.08188313245773315,0.01730807447749534,0.10766680538654327,10000,True,15395.0,15000.0,20000.0,19000.0,4605.0,False,23000.0,22000.0,7605.0,False,23000.0,22000.0,7605.0,False,2692.0,20000.0,17308.0,False,10000.0,28487.0,18487.0,False,25000.0,162906.0,137906.0,False,,,,True,,,,True,0.1055142879486084,1.3637644052505493,0.14465105533599854,0.06870991385704478,3.099144989307504,107.46307373046875,0.041199573169352466,1.5955584448048157,1.1662120990878895,0.1007545068860054,1.6684587001800537,0.16588729619979858,0.05903677204007658,4.503776410763111,118.2522201538086,0.038873894892361024,1.8676043494668209,1.5136913293947558,0,2692.0,,
ntk_N50_a1_wd1e-05_s1,1.0,50,1e-05,1,43,100.0,1.0000000000000001e-07,ok,,,200000,200000,307,42.40855693817139,10.364949703216553,2,0c2c9fa139cdb9df0506aa0716a97da613a80d40,True,8.612325359536044e-07,59.26971435546875,166.07949829101562,2.8020971603635147,0.08244960010051727,0.020898008375137094,2.631279230117798,0.19421041011810303,1.0,1.0,0.00453882897272706,0.011387336067855358,0.08164467662572861,0.016434781873278494,0.10297443717718124,7508,True,13894.0,13000.0,22000.0,21000.0,8106.0,False,25710.0,25000.0,11816.0,False,25710.0,25000.0,11816.0,False,3305.0,24000.0,20695.0,False,12000.0,40000.0,28000.0,False,28487.0,,171513.0,True,,,,True,,,,True,0.10030264407396317,1.333396315574646,0.14433741569519043,0.059019528364583546,2.9834739363246907,105.20462799072266,0.0369533423140788,1.5621294720588543,1.1432496176407998,0.09778136759996414,1.826664924621582,0.16751837730407715,0.053990822384108676,5.409103769612062,124.01228332519531,0.03400998633845071,2.0382941476930125,1.6520719045579304,0,4981.0,,
ntk_N50_a1_wd1e-05_s2,1.0,50,1e-05,2,44,100.0,1.0000000000000001e-07,ok,,,200000,200000,307,42.89134383201599,10.600898742675781,2,0c2c9fa139cdb9df0506aa0716a97da613a80d40,True,8.813796625872783e-07,58.163665771484375,165.31320190429688,2.842207410959716,0.08003159612417221,0.019724364243981378,2.6511070728302,0.1942594051361084,1.0,1.0,0.004833173006772995,0.014157316647469997,0.08338705450296402,0.01703236922027293,0.10340127348899841,11317,True,20000.0,19000.0,44000.0,43000.0,24000.0,False,57000.0,56000.0,37000.0,False,57000.0,56000.0,37000.0,False,2983.0,36000.0,33017.0,False,13000.0,68000.0,55000.0,False,39000.0,,161000.0,True,,,,True,,,,True,0.10003844648599625,1.6044423580169678,0.14535504579544067,0.05560831751957804,4.153025011737078,114.29931640625,0.034348218481997705,1.8241298020295615,1.4183131946464909,0.0875372514128685,2.2834219932556152,0.17409253120422363,0.033224989811050765,9.001967619584095,144.23968505859375,0.024916509504236357,2.4531289410085417,2.15184059022298,0,3305.0,,
ntk_N50_a1_wd1e-05_s3,1.0,50,1e-05,3,45,100.0,1.0000000000000001e-07,ok,,,200000,200000,307,43.36053991317749,10.005807876586914,2,0c2c9fa139cdb9df0506aa0716a97da613a80d40,True,8.138210318975325e-07,59.65932083129883,146.50022888183594,2.455613420342159,0.0847076028585434,0.025701653674779848,2.3761091232299805,0.1957077980041504,1.0,1.0,0.006439133081585169,0.01786062866449356,0.0828622505068779,0.018695695793098585,0.10444889217615128,12539,True,17000.0,16000.0,27000.0,26000.0,10000.0,False,41000.0,40000.0,24000.0,False,41000.0,40000.0,24000.0,False,2983.0,23204.0,20221.0,False,11317.0,50000.0,38683.0,False,34974.0,,165026.0,True,,,,True,,,,True,0.10289674252271652,1.5001330375671387,0.152607262134552,0.061758760239972524,3.673464204111952,111.938720703125,0.0394894449616809,1.7208720590416398,1.3191199217417813,0.09437817335128784,1.9830001592636108,0.17127150297164917,0.04609295683762972,6.4600603112194115,129.02127075195312,0.0327525009400624,2.155130595024872,1.85772441433486,0,4000.0,,
ntk_N50_a1_wd1e-05_s4,1.0,50,1e-05,4,46,100.0,1.0000000000000001e-07,ok,,,200000,200000,307,42.18014621734619,10.283619403839111,2,0c2c9fa139cdb9df0506aa0716a97da613a80d40,True,8.832998332763964e-07,58.240745544433594,160.47242736816406,2.7553292092687047,0.08585858345031738,0.020724591322758487,2.6349384784698486,0.18746596574783325,1.0,1.0,0.004840354435145855,0.013564118184149265,0.089829221367836,0.019544955861235343,0.10814258456230164,10000,True,8319.0,8000.0,31564.0,31000.0,23245.0,False,38000.0,37000.0,29681.0,False,38000.0,37000.0,29681.0,False,2692.0,30000.0,27308.0,False,9000.0,51000.0,42000.0,False,34000.0,,166000.0,True,,,,True,,,,True,0.10741645097732544,1.249887228012085,0.11473673582077026,0.06021928780297885,2.6458818294778688,99.68814849853516,0.040152072069896017,1.4213693894772823,1.0727602410880976,0.0958188995718956,2.1217215061187744,0.16868555545806885,0.03819468264913523,7.534694925460354,132.69229125976562,0.029056406711951588,2.252918772145006,2.0170412871113057,0,1786.0,,
ntk_N50_a1_wd3e-05_s0,1.0,50,3e-05,0,42,100.0,3e-07,ok,,,200000,200000,307,42.578935861587524,9.91101598739624,2,0c2c9fa139cdb9df0506aa0716a97da613a80d40,True,8.862900244821503e-07,58.59480285644531,132.0829315185547,2.25417485987882,0.09740906208753586,0.03172280923532339,1.9816261529922485,0.16760337352752686,1.0,1.0,0.003688695840537548,0.009654831141233444,0.08188313245773315,0.01730807447749534,0.1093246266245842,11317,True,12539.0,12000.0,20000.0,19000.0,7461.0,False,20941.0,20000.0,8402.0,False,20941.0,20000.0,8402.0,False,2692.0,17000.0,14308.0,False,9000.0,28000.0,19000.0,False,22000.0,157000.0,135000.0,False,,,,True,,,,True,0.10907217860221863,1.2306969165802002,0.13426190614700317,0.07654695573308726,2.606386046537989,101.83097839355469,0.04383398038936502,1.502044567178407,0.968838801831188,0.10602071136236191,1.5565284490585327,0.14854979515075684,0.06945327098137993,3.9260642783536226,113.48721313476562,0.04129398933774892,1.8266671311662497,1.295354104170921,0,2692.0,,
ntk_N50_a1_wd3e-05_s1,1.0,50,3e-05,1,43,100.0,3e-07,ok,,,200000,200000,307,44.17166590690613,10.392204761505127,2,0c2c9fa139cdb9df0506aa0716a97da613a80d40,True,9.509359415460494e-07,59.26971435546875,137.24038696289062,2.315523002857658,0.0923449769616127,0.028459779363132258,2.129621982574463,0.1800074577331543,1.0,1.0,0.006045423448085785,0.014771307818591595,0.08164467662572861,0.016434781873278494,0.10414773225784302,7508,True,15000.0,14000.0,24000.0,23204.0,9000.0,False,26000.0,25710.0,11000.0,False,26000.0,25710.0,11000.0,False,3305.0,23000.0,19695.0,False,11000.0,42000.0,31000.0,False,27000.0,,173000.0,True,,,,True,,,,True,0.10166405141353607,1.367402195930481,0.14699280261993408,0.0615598778920447,3.1161515708333773,104.85771942138672,0.037132972517665924,1.6399265584533613,1.1169422063247088,0.09885642677545547,1.7560356855392456,0.16472625732421875,0.05595083965121604,4.984589464668486,119.71107482910156,0.034530892108678726,2.0325255206910495,1.5007499313486685,0,4496.0,,
ntk_N50_a1_wd3e-05_s2,1.0,50,3e-05,2,44,100.0,3e-07,ok,,,200000,200000,307,40.37521004676819,9.725711345672607,2,0c2c9fa139cdb9df0506aa0716a97da613a80d40,True,8.508897053616238e-07,58.163665771484375,133.91629028320312,2.302404576928465,0.09535093605518341,0.03180727787916369,2.0721092224121094,0.15169841051101685,1.0,1.0,0.003577632363885641,0.010212529450654984,0.08338705450296402,0.01703236922027293,0.10503390431404114,15000,True,15000.0,14000.0,28000.0,27000.0,13000.0,False,101000.0,100000.0,86000.0,False,101000.0,100000.0,86000.0,False,2983.0,28487.0,25504.0,False,12539.0,45000.0,32461.0,False,31000.0,,169000.0,True,,,,True,,,,True,0.10503390431404114,1.367537260055542,0.12733036279678345,0.0663043447766971,3.0918077662327597,105.11863708496094,0.036472269710570215,1.638510508806522,1.1134718382976478,0.0945068746805191,2.102325201034546,0.15919208526611328,0.04522087533068363,7.364295337982531,135.05613708496094,0.03019341997577354,2.3749042740346495,1.8425441257826924,0,2983.0,,
ntk_N50_a1_wd3e-05_s3,1.0,50,3e-05,3,45,100.0,3e-07,ok,,,200000,200000,307,41.15860104560852,9.83514404296875,2,0c2c9fa139cdb9df0506aa0716a97da613a80d40,True,8.599442935519619e-07,59.65932083129883,133.2576141357422,2.233642828629584,0.09728167206048965,0.0340675310637155,2.064271926879883,0.16039550304412842,1.0,1.0,0.005497313104569912,0.013983320444822311,0.0828622505068779,0.018695695793098585,0.10743199288845062,16000,True,17000.0,16000.0,24000.0,23204.0,7000.0,False,47575.0,47000.0,30575.0,False,47575.0,47000.0,30575.0,False,3305.0,23000.0,19695.0,False,11000.0,70000.0,59000.0,False,37000.0,,163000.0,True,,,,True,,,,True,0.10742280632257462,1.4142069816589355,0.1435091495513916,0.07086302856626547,3.2973820289332605,107.91535186767578,0.04213016096724416,1.684112044768666,1.1682534519187988,0.10075502842664719,1.7930595874786377,0.1557745337486267,0.057661773468142406,5.1913253532786365,119.87965393066406,0.03691492901728115,2.059048149889016,1.5529003447463388,0,4000.0,,
ntk_N50_a1_wd3e-05_s4,1.0,50,3e-05,4,46,100.0,3e-07,ok,,,200000,200000,307,42.1055748462677,10.090767860412598,2,0c2c9fa139cdb9df0506aa0716a97da613a80d40,True,8.279578764813778e-07,58.240745544433594,135.08486938476562,2.3194220493229327,0.09675033390522003,0.029054922981588908,2.1820638179779053,0.15887296199798584,1.0,1.0,0.004991788417100906,0.011930842883884907,0.089829221367836,0.019544955861235343,0.11000807583332062,9218,True,9000.0,8319.0,25000.0,24000.0,16000.0,False,31564.0,31000.0,22564.0,False,31564.0,31000.0,22564.0,False,2692.0,23000.0,20308.0,False,8319.0,37000.0,28681.0,False,30000.0,,170000.0,True,,,,True,,,,True,0.10987547039985657,1.2631921768188477,0.12033796310424805,0.06514212720221009,2.6992618389230274,99.00150299072266,0.041406682391218336,1.451497575213668,1.0599371943414027,0.09920846670866013,1.9273570775985718,0.1598273515701294,0.04394659669783484,6.055480212964085,122.486328125,0.03206841077359532,2.091633998945631,1.7635823914956663,0,1786.0,,
ntk_N50_a1_wd0.0001_s0,1.0,50,0.0001,0,42,100.0,1e-06,ok,,,200000,200000,307,41.73198676109314,10.130100727081299,2,0c2c9fa139cdb9df0506aa0716a97da613a80d40,True,7.975451126185362e-07,58.59480285644531,113.59185028076172,1.9385994105835078,0.11156783998012543,0.04314777568760435,1.578142523765564,0.15653890371322632,1.0,1.0,0.005305863451212645,0.011932292021811008,0.08188313245773315,0.01730807447749534,0.11435816437005997,14000,True,11000.0,10214.0,13894.0,13000.0,2894.0,False,16000.0,15395.0,5000.0,False,16000.0,15395.0,5000.0,False,2692.0,12539.0,9847.0,False,8000.0,20000.0,12000.0,False,18000.0,,182000.0,True,,,,True,,,,True,0.11291485279798508,1.0977660417556763,0.1326233148574829,0.08446181643971325,2.187447966390644,94.86322021484375,0.046200099897775834,1.4177277688626604,0.7607998241125985,0.11315693706274033,1.3412638902664185,0.1448420286178589,0.0834915332399416,3.0136368090756145,103.2368392944336,0.045500296210034305,1.6501576850751158,1.0208448333732487,0,2430.0,,
ntk_N50_a1_wd0.0001_s1,1.0,50,0.0001,1,43,100.0,1e-06,ok,,,200000,200000,307,43.28205585479736,10.446150541305542,2,0c2c9fa139cdb9df0506aa0716a97da613a80d40,True,8.013373644644162e-07,59.26971435546875,113.51713562011719,1.9152637540869655,0.105924092233181,0.04067035480030795,1.619118094444275,0.1652696132659912,1.0,1.0,0.006175434682518244,0.014728612266480923,0.08164467662572861,0.016434781873278494,0.1098838672041893,13894,True,11000.0,10214.0,17000.0,16000.0,6000.0,False,23000.0,22000.0,12000.0,False,23000.0,22000.0,12000.0,False,3662.0,15000.0,11338.0,False,10000.0,27000.0,17000.0,False,22000.0,,178000.0,True,,,,True,,,,True,0.10912968218326569,1.1152664422988892,0.13755255937576294,0.07674726983569927,2.2457179637166282,94.64886474609375,0.04300312093508897,1.4534270718464544,0.7635406279299198,0.10666874051094055,1.4839102029800415,0.15262120962142944,0.07083098705788139,3.6021374714292693,107.48526763916016,0.04133848290651493,1.818830244143597,1.1280578651399302,0,3662.0,,
ntk_N50_a1_wd0.0001_s2,1.0,50,0.0001,2,44,100.0,1e-06,ok,,,200000,200000,307,42.84533405303955,9.9632248878479,2,0c2c9fa139cdb9df0506aa0716a97da613a80d40,True,8.208193662539998e-07,58.163665771484375,115.14326477050781,1.9796425009195098,0.11006947606801987,0.04413347010178528,1.6361128091812134,0.1433943510055542,1.0,1.0,0.0031610787846148014,0.007103717420250177,0.08338705450296402,0.01703236922027293,0.11224383860826492,14000,True,14000.0,13894.0,20000.0,19000.0,6000.0,False,24000.0,23204.0,10000.0,False,24000.0,23204.0,10000.0,False,2983.0,17000.0,14017.0,False,11000.0,25000.0,14000.0,False,24000.0,46000.0,22000.0,False,,,,True,,,,True,0.11224383860826492,1.2044552564620972,0.1317838430404663,0.080584426076692,2.51613691773844,97.26009368896484,0.04321556347669257,1.515747053371916,0.8898288988997299,0.10995502769947052,1.4928714036941528,0.14766931533813477,0.07460242802641442,3.635345159165136,108.06596374511719,0.042375128327204734,1.811170896890259,1.1693689521860169,0,2983.0,,
ntk_N50_a1_wd0.0001_s3,1.0,50,0.0001,3,45,100.0,1e-06,ok,,,200000,200000,307,42.131756067276,10.188024044036865,2,0c2c9fa139cdb9df0506aa0716a97da613a80d40,True,8.213627324948902e-07,59.65932083129883,115.64875793457031,1.9384859955344642,0.10863547772169113,0.04474219799270303,1.6784336566925049,0.15536755323410034,1.0,1.0,0.00406059343367815,0.009157096035778522,0.0828622505068779,0.018695695793098585,0.10953247547149658,17000,True,11000.0,10214.0,20000.0,19000.0,9000.0,False,25710.0,25000.0,14710.0,False,25710.0,25000.0,14710.0,False,3305.0,16000.0,12695.0,False,11000.0,24000.0,13000.0,False,23204.0,116000.0,92796.0,False,,,,True,,,,True,0.10898285359144211,1.0681030750274658,0.12573730945587158,0.07552625890849327,2.0926798840123424,92.47916412353516,0.04462426316760937,1.3964127869491656,0.7209096771788607,0.10795939713716507,1.5066838264465332,0.15175247192382812,0.07137600070211472,3.701575219802919,107.7236557006836,0.045189905509166683,1.8180791423157492,1.182894425182652,0,3305.0,,
ntk_N50_a1_wd0.0001_s4,1.0,50,0.0001,4,46,100.0,1e-06,ok,,,200000,200000,307,41.15572929382324,9.566345691680908,2,0c2c9fa139cdb9df0506aa0716a97da613a80d40,True,8.251381586887874e-07,58.240745544433594,115.52146911621094,1.983516317250372,0.11175242811441422,0.04316283247636601,1.734817385673523,0.14474916458129883,1.0,1.0,0.004026270937174559,0.008713926188647747,0.089829221367836,0.019544955861235343,0.11491130292415619,8319,True,8000.0,7508.0,18900.0,18000.0,10900.0,False,40000.0,39000.0,32000.0,False,40000.0,39000.0,32000.0,False,2983.0,15000.0,12017.0,False,8000.0,29000.0,21000.0,False,25000.0,95000.0,70000.0,False,,,,True,,,,True,0.11478772014379501,1.08822762966156,0.11604118347167969,0.07598151859232463,2.1368289326900642,91.01155853271484,0.04542635871604182,1.3173166360690518,0.8226002276265673,0.10845841467380524,1.7314295768737793,0.14974069595336914,0.06119497336037224,4.827241225546357,113.62982177734375,0.03970160974626858,1.9617536646081868,1.4598223631534422,0,1612.0,,
ntk_N50_a1_wd0.0003_s0,1.0,50,0.0003,0,42,100.0,2.9999999999999997e-06,ok,,,200000,200000,307,43.197449922561646,10.24353313446045,2,0c2c9fa139cdb9df0506aa0716a97da613a80d40,True,8.031958032006514e-07,58.59480285644531,93.80615997314453,1.6009296968361766,0.1246478483080864,0.05683031682539404,1.0911848545074463,0.14989125728607178,1.0,1.0,0.007733946666121483,0.015194130130112171,0.08188313245773315,0.01730807447749534,0.12549404799938202,46000,True,8000.0,7508.0,13894.0,13000.0,5894.0,False,15000.0,14000.0,7000.0,False,15000.0,14000.0,7000.0,False,3305.0,10214.0,6909.0,False,8000.0,23000.0,15000.0,False,25000.0,,175000.0,True,,,,True,,,,True,0.12107396870851517,0.6857139468193054,0.1225464940071106,0.10297090243806735,1.207129360574372,78.84886169433594,0.053474748734792486,1.0408951048946753,0.2783846437658559,0.1230793371796608,0.9836034178733826,0.14081841707229614,0.10339596239285047,1.8856428104453657,89.20558166503906,0.05610099911645557,1.335863468613161,0.5771492469729507,0,2193.0,7000.0,
ntk_N50_a1_wd0.0003_s1,1.0,50,0.0003,1,43,100.0,2.9999999999999997e-06,ok,,,200000,200000,307,42.66576886177063,10.117244243621826,2,0c2c9fa139cdb9df0506aa0716a97da613a80d40,True,8.474202672914544e-07,59.26971435546875,94.43951416015625,1.5933856808176505,0.11937925219535828,0.05422971746971668,1.1549168825149536,0.159071683883667,1.0,1.0,0.008610839024186134,0.016965573653578758,0.08164467662572861,0.016434781873278494,0.12072017788887024,19000,True,10214.0,10000.0,15000.0,14000.0,4786.0,False,34974.0,34000.0,24760.0,False,34974.0,34000.0,24760.0,False,4496.0,13894.0,9398.0,False,10000.0,25000.0,15000.0,False,38000.0,,162000.0,True,,,,True,,,,True,0.1179867833852768,0.7696389555931091,0.13863885402679443,0.0941373667169831,1.3935197729760564,80.06745147705078,0.0504549962156686,1.1365533183556418,0.36250543673457136,0.11977142840623856,1.1180697679519653,0.15367692708969116,0.09545084234341816,2.2758370522231908,92.70703887939453,0.053860391573002236,1.4889314406925456,0.7056061740337916,0,2983.0,13000.0,
ntk_N50_a1_wd0.0003_s2,1.0,50,0.0003,2,44,100.0,2.9999999999999997e-06,ok,,,200000,200000,307,44.49177813529968,9.9542818069458,2,0c2c9fa139cdb9df0506aa0716a97da613a80d40,True,8.173831815838639e-07,58.163665771484375,94.52458953857422,1.6251484201485171,0.12377794831991196,0.05687721188053162,1.141958475112915,0.14602875709533691,1.0,1.0,0.0077787041664123535,0.015275122597813606,0.08338705450296402,0.01703236922027293,0.1240730807185173,97000,True,8319.0,8000.0,23000.0,22000.0,14681.0,False,25000.0,24000.0,16681.0,False,25000.0,24000.0,16681.0,False,4000.0,13894.0,9894.0,False,10000.0,29000.0,19000.0,False,33000.0,,167000.0,True,,,,True,,,,True,0.11658633500337601,0.6837894916534424,0.11210209131240845,0.09280776915578842,1.186311490504795,76.73616790771484,0.048098257259275884,1.029258151539033,0.30946462519862783,0.12116972357034683,1.0647761821746826,0.14555418491363525,0.09641979828928586,2.1106903899935476,90.28318786621094,0.05418015804462673,1.4067132753679148,0.6894614486481854,0,2692.0,16000.0,
ntk_N50_a1_wd0.0003_s3,1.0,50,0.0003,3,45,100.0,2.9999999999999997e-06,ok,,,200000,200000,307,42.61218619346619,9.782875776290894,2,0c2c9fa139cdb9df0506aa0716a97da613a80d40,True,7.958567493915325e-07,59.65932083129883,94.66426849365234,1.5867473376262273,0.12412668764591217,0.05793605801153448,1.179829478263855,0.15787744522094727,1.0,1.0,0.007706832140684128,0.015072526410222054,0.0828622505068779,0.018695695793098585,0.12488868087530136,83000,True,10000.0,9218.0,13894.0,13000.0,3894.0,False,25000.0,24000.0,15000.0,False,25000.0,24000.0,15000.0,False,4000.0,12539.0,8539.0,False,10000.0,33000.0,23000.0,False,44000.0,,156000.0,True,,,,True,,,,True,0.11546114832162857,0.8205341696739197,0.12691068649291992,0.08873250168664076,1.481172392377903,80.1895980834961,0.050209482556856797,1.1593477738546842,0.43705884219299385,0.1187300831079483,1.092345952987671,0.14382201433181763,0.09280157341900895,2.186990689615022,89.91264343261719,0.054512404289081696,1.44605920007782,0.6847201993635258,0,2983.0,28487.0,
ntk_N50_a1_wd0.0003_s4,1.0,50,0.0003,4,46,100.0,2.9999999999999997e-06,ok,,,200000,200000,307,42.462613105773926,9.510069847106934,2,0c2c9fa139cdb9df0506aa0716a97da613a80d40,True,7.990386166056851e-07,58.240745544433594,96.17710876464844,1.6513715246188265,0.12467309832572937,0.056322141682309854,1.2885016202926636,0.14957666397094727,1.0,1.0,0.006909738760441542,0.011756659485399723,0.089829221367836,0.019544955861235343,0.1249694675207138,42000,True,10000.0,9218.0,15395.0,15000.0,5395.0,False,18900.0,18000.0,8900.0,False,18900.0,18000.0,8900.0,False,3662.0,12000.0,8338.0,False,9000.0,22000.0,13000.0,False,25000.0,,175000.0,True,,,,True,,,,True,0.1242845356464386,0.9035910367965698,0.132027268409729,0.09364138947405322,1.6757567791594135,81.34852600097656,0.05367738171232344,1.1663406612436367,0.5806435837629679,0.12297987937927246,1.1349461078643799,0.1403760313987732,0.08992760854658348,2.308630457339593,89.09790802001953,0.0539011243521562,1.3951422316551627,0.8033868766414873,0,1786.0,6776.0,
ntk_N50_a1_wd0.001_s0,1.0,50,0.001,0,42,100.0,1e-05,ok,,,200000,200000,307,42.83758497238159,9.735211849212646,2,0c2c9fa139cdb9df0506aa0716a97da613a80d40,True,8.924998269321804e-07,58.59480285644531,57.501163482666016,0.9813355567308817,0.12847328186035156,0.06134000083815106,0.12389833480119705,0.12816494703292847,0.9915966391563416,0.5849056839942932,0.025083910673856735,0.03645341470837593,0.08188313245773315,0.01730807447749534,0.12954114377498627,138000,False,,,,,,True,,,,True,,,,True,12000.0,,188000.0,True,,,,True,,,,True,,,,True,,,,True,,,,,,,,,,,,,,,,,,,0,4496.0,13894.0,
ntk_N50_a1_wd0.001_s1,1.0,50,0.001,1,43,100.0,1e-05,ok,,,200000,200000,307,41.64361786842346,9.891720056533813,2,0c2c9fa139cdb9df0506aa0716a97da613a80d40,True,7.768195473545347e-07,59.26971435546875,55.92426681518555,0.9435555312411503,0.1263476312160492,0.058446596285475924,0.09103457629680634,0.12957412004470825,0.9726890921592712,0.43396225571632385,0.02670644037425518,0.03639741241931915,0.08164467662572861,0.016434781873278494,0.12722906470298767,60000,False,,,,,,True,,,,True,,,,True,18000.0,,182000.0,True,,,,True,,,,True,,,,True,,,,True,,,,,,,,,,,,,,,,,,,0,6776.0,19000.0,
ntk_N50_a1_wd0.001_s2,1.0,50,0.001,2,44,100.0,1e-05,ok,,,200000,200000,307,41.297653913497925,9.530491828918457,2,0c2c9fa139cdb9df0506aa0716a97da613a80d40,True,7.953013891892624e-07,58.163665771484375,58.45428466796875,1.0049965711863171,0.128143772482872,0.060340613248015734,0.1822902113199234,0.1237289309501648,0.9978991746902466,0.4528301954269409,0.024751950055360794,0.035695839673280716,0.08338705450296402,0.01703236922027293,0.12864316999912262,178000,False,,,,,,True,,,,True,,,,True,17000.0,,183000.0,True,,,,True,,,,True,,,,True,,,,True,,,,,,,,,,,,,,,,,,,0,6776.0,21000.0,
ntk_N50_a1_wd0.001_s3,1.0,50,0.001,3,45,100.0,1e-05,ok,,,200000,200000,307,42.02444291114807,9.663156032562256,2,0c2c9fa139cdb9df0506aa0716a97da613a80d40,True,7.801615993230371e-07,59.65932083129883,57.024261474609375,0.9558315562434792,0.1251676380634308,0.059503243865794364,0.15121717751026154,0.12737607955932617,0.9810924530029297,0.4716981053352356,0.02618270553648472,0.03754062578082085,0.0828622505068779,0.018695695793098585,0.12560652196407318,151000,False,,,,,,True,,,,True,,,,True,16000.0,,184000.0,True,,,,True,,,,True,,,,True,,,,True,,,,,,,,,,,,,,,,,,,0,6000.0,27000.0,
ntk_N50_a1_wd0.001_s4,1.0,50,0.001,4,46,100.0,1e-05,ok,,,200000,200000,307,43.444173097610474,10.233064889907837,2,0c2c9fa139cdb9df0506aa0716a97da613a80d40,True,8.346468689524045e-07,58.240745544433594,55.14341735839844,0.9468185347374698,0.12926173210144043,0.05997169339032962,0.15195055305957794,0.11827290058135986,0.9621848464012146,0.5849056839942932,0.02712356299161911,0.03546462580561638,0.089829221367836,0.019544955861235343,0.1297537237405777,120000,False,,,,,,True,,,,True,,,,True,13000.0,,187000.0,True,,,,True,,,,True,,,,True,,,,True,,,,,,,,,,,,,,,,,,,0,4058.0,12539.0,
ntk_N50_a1_wd0.003_s0,1.0,50,0.003,0,42,100.0,3e-05,ok,,,200000,200000,307,43.994264125823975,9.750010013580322,2,0c2c9fa139cdb9df0506aa0716a97da613a80d40,True,1.0040297411251231e-06,58.59480285644531,21.351642608642578,0.36439481946808766,0.06616193056106567,0.007677121094525175,-1.2315876483917236,0.12567627429962158,0.05882352963089943,0.03773584961891174,0.04734452813863754,0.05146181955933571,0.08188313245773315,0.01730807447749534,0.08195731788873672,74,False,,,,,,True,,,,True,,,,True,,,,True,,,,True,,,,True,,,,True,,,,True,,,,,,,,,,,,,,,,,,,0,,,
ntk_N50_a1_wd0.003_s1,1.0,50,0.003,1,43,100.0,3e-05,ok,,,200000,200000,307,43.802502155303955,9.681397676467896,2,0c2c9fa139cdb9df0506aa0716a97da613a80d40,True,1.0122959110958618e-06,59.26971435546875,21.80059814453125,0.3678201992637026,0.06573186069726944,0.007497921554330084,-1.1787049770355225,0.1256932020187378,0.06092436984181404,0.01886792480945587,0.04748622700572014,0.050353992730379105,0.08164467662572861,0.016434781873278494,0.08170393109321594,112,False,,,,,,True,,,,True,,,,True,,,,True,,,,True,,,,True,,,,True,,,,True,,,,,,,,,,,,,,,,,,,0,,,
ntk_N50_a1_wd0.003_s2,1.0,50,0.003,2,44,100.0,3e-05,ok,,,200000,200000,307,44.968855142593384,9.786314249038696,2,0c2c9fa139cdb9df0506aa0716a97da613a80d40,True,9.811627705857973e-07,58.163665771484375,21.025712966918945,0.361492225224001,0.06638585776090622,0.008596355988703109,-1.257870078086853,0.117759108543396,0.05882352963089943,0.0,0.04783589765429497,0.0514858216047287,0.08338705450296402,0.01703236922027293,0.08338705450296402,0,False,,,,,,True,,,,True,,,,True,,,,True,,,,True,,,,True,,,,True,,,,True,,,,,,,,,,,,,,,,,,,0,,,
ntk_N50_a1_wd0.003_s3,1.0,50,0.003,3,45,100.0,3e-05,ok,,,200000,200000,307,43.75185680389404,10.109439611434937,2,0c2c9fa139cdb9df0506aa0716a97da613a80d40,True,1.0096724736285978e-06,59.65932083129883,23.102476119995117,0.3872400120900297,0.062333542853593826,0.007595124359634587,-1.0255780220031738,0.11508691310882568,0.06302521377801895,0.01886792480945587,0.047701165080070496,0.05188018083572388,0.0828622505068779,0.018695695793098585,0.08286574482917786,2,False,,,,,,True,,,,True,,,,True,,,,True,,,,True,,,,True,,,,True,,,,True,,,,,,,,,,,,,,,,,,,0,,,
ntk_N50_a1_wd0.003_s4,1.0,50,0.003,4,46,100.0,3e-05,ok,,,200000,200000,307,43.48992419242859,10.097562551498413,2,0c2c9fa139cdb9df0506aa0716a97da613a80d40,True,1.0309901199434535e-06,58.240745544433594,20.56601905822754,0.3531208068505427,0.06554415822029114,0.007019189953747943,-1.1595555543899536,0.12497788667678833,0.04411764815449715,0.07547169923782349,0.04759085923433304,0.04786590859293938,0.089829221367836,0.019544955861235343,0.089829221367836,0,False,,,,,,True,,,,True,,,,True,,,,True,,,,True,,,,True,,,,True,,,,True,,,,,,,,,,,,,,,,,,,0,,,
ntk_N50_a2_wd0_s0,2.0,50,0.0,0,42,25.0,0.0,ok,,,200000,200000,307,43.83649516105652,10.555626153945923,2,0c2c9fa139cdb9df0506aa0716a97da613a80d40,True,7.978450753398647e-07,58.59480285644531,97.99492645263672,1.6724166935542044,0.0872446671128273,0.027980991531539046,1.3391938209533691,0.1910766363143921,1.0,0.7169811129570007,0.015633011236786842,0.045579586178064346,0.08188313245773315,0.01730807447749534,0.09708208590745926,26000,True,70000.0,69000.0,,,130000.0,True,,,130000.0,True,,,130000.0,True,5520.0,,194480.0,True,71708.0,,128292.0,True,,,,True,,,,True,,,,True,0.09510250389575958,0.8815428614616394,0.1395716667175293,0.04853307113033657,1.635602495127583,85.48881530761719,0.03113482534651264,1.0154414213848222,0.7938779283496942,,,,,,,,,,0,,,
ntk_N50_a2_wd0_s1,2.0,50,0.0,1,43,25.0,0.0,ok,,,200000,200000,307,42.22801327705383,10.350443124771118,2,0c2c9fa139cdb9df0506aa0716a97da613a80d40,True,8.204436880987487e-07,59.26971435546875,99.04530334472656,1.6710946631310661,0.08728532493114471,0.027845666150437202,1.3660873174667358,0.19150447845458984,1.0,0.6603773832321167,0.016963457688689232,0.05119391158223152,0.08164467662572861,0.016434781873278494,0.09548243880271912,66000,True,182000.0,181000.0,,,18000.0,True,,,18000.0,True,,,18000.0,True,8319.0,,191681.0,True,132000.0,,68000.0,True,,,,True,,,,True,,,,True,0.08912379294633865,1.2872360944747925,0.1801488995552063,0.03888007170114754,2.8607961810286326,96.66645050048828,0.02921061502793583,1.3703062274046023,1.2534809758410461,,,,,,,,,,0,,,
ntk_N50_a2_wd0_s2,2.0,50,0.0,2,44,25.0,0.0,ok,,,200000,200000,307,41.560973167419434,10.053527355194092,2,0c2c9fa139cdb9df0506aa0716a97da613a80d40,True,7.995300848051556e-07,58.163665771484375,99.58625030517578,1.7121728657274462,0.08461563289165497,0.02203734992407512,1.4362401962280273,0.16747218370437622,1.0,0.5094339847564697,0.01826353371143341,0.05223792791366577,0.08338705450296402,0.01703236922027293,0.09369286894798279,25710,True,81000.0,80000.0,,,119000.0,True,,,119000.0,True,,,119000.0,True,6000.0,,194000.0,True,78000.0,,122000.0,True,,,,True,,,,True,,,,True,0.08823871612548828,1.1343425512313843,0.1350017786026001,0.03221627450360334,2.299545910324746,89.717041015625,0.02548177345570318,1.230584754892073,1.083716336258316,,,,,,,,,,0,,,
ntk_N50_a2_wd0_s3,2.0,50,0.0,3,45,25.0,0.0,ok,,,200000,200000,307,41.22449588775635,10.105896234512329,2,0c2c9fa139cdb9df0506aa0716a97da613a80d40,True,7.60350246764574e-07,59.65932083129883,91.19493865966797,1.5285949854766825,0.08987802267074585,0.030402077903262856,1.084344744682312,0.1638193130493164,0.9957982897758484,0.30188679695129395,0.020441848784685135,0.05650733783841133,0.0828622505068779,0.018695695793098585,0.09486169368028641,67000,False,,,,,,True,,,,True,,,,True,6776.0,,193224.0,True,,,,True,,,,True,,,,True,,,,True,,,,,,,,,,,,,,,,,,,0,,,
ntk_N50_a2_wd0_s4,2.0,50,0.0,4,46,25.0,0.0,ok,,,200000,200000,307,41.753663301467896,10.35592246055603,2,0c2c9fa139cdb9df0506aa0716a97da613a80d40,True,7.890433266766195e-07,58.240745544433594,94.38378143310547,1.6205798973005467,0.08142906427383423,0.023244409469617394,1.458757758140564,0.19838571548461914,1.0,0.3962264060974121,0.019227605313062668,0.059260398149490356,0.089829221367836,0.019544955861235343,0.09629008919000626,6776,True,100000.0,99000.0,,,100000.0,True,,,100000.0,True,,,100000.0,True,6000.0,,194000.0,True,128000.0,,72000.0,True,,,,True,,,,True,,,,True,0.09105857461690903,1.1103649139404297,0.14287984371185303,0.027414162700519953,2.2384241947624783,86.79438781738281,0.028630492190316825,1.1248729079590634,1.1228755823069128,,,,,,,,,,0,,,
ntk_N50_a2_wd3e-06_s0,2.0,50,3e-06,0,42,25.0,1.2000000000000002e-07,ok,,,200000,200000,307,42.10074186325073,10.29900598526001,2,0c2c9fa139cdb9df0506aa0716a97da613a80d40,True,8.387953016608662e-07,58.59480285644531,103.01991271972656,1.758174918211105,0.08630601316690445,0.024437197775989187,1.5650416612625122,0.18448001146316528,1.0,0.9245283007621765,0.012204594910144806,0.032921746373176575,0.08188313245773315,0.01730807447749534,0.09807640314102173,37000,True,80000.0,79453.0,,,120000.0,True,,,120000.0,True,,,120000.0,True,5520.0,,194480.0,True,71000.0,,129000.0,True,,,,True,,,,True,,,,True,0.09767908602952957,0.9596308469772339,0.13933885097503662,0.053610624928467916,1.822637658425506,86.1240234375,0.03197589686136944,1.1396474701760488,0.8277044240373633,,,,,,,,,,0,,,
ntk_N50_a2_wd3e-06_s1,2.0,50,3e-06,1,43,25.0,1.2000000000000002e-07,ok,,,200000,200000,307,42.316346168518066,9.890509366989136,2,0c2c9fa139cdb9df0506aa0716a97da613a80d40,True,7.634070016138139e-07,59.26971435546875,93.32322692871094,1.5745516566691553,0.08888412266969681,0.027130209711459668,1.2745546102523804,0.1673957109451294,0.9978991746902466,0.49056604504585266,0.01817319728434086,0.05027309060096741,0.08164467662572861,0.016434781873278494,0.09532741457223892,49000,False,,,,,,True,,,,True,,,,True,8319.0,,191681.0,True,172000.0,,28000.0,True,,,,True,,,,True,,,,True,,,,,,,,,,,,,,,,,,,0,,,
ntk_N50_a2_wd3e-06_s2,2.0,50,3e-06,2,44,25.0,1.2000000000000002e-07,ok,,,200000,200000,307,42.816057205200195,10.267737627029419,2,0c2c9fa139cdb9df0506aa0716a97da613a80d40,True,8.144111802721454e-07,58.163665771484375,98.84375762939453,1.6994072900723907,0.08565033972263336,0.02283248440286622,1.4947218894958496,0.16256743669509888,1.0,0.6792452931404114,0.01632550172507763,0.04624128341674805,0.08338705450296402,0.01703236922027293,0.09419937431812286,24000,True,60000.0,59000.0,,,140000.0,True,,,140000.0,True,,,140000.0,True,6000.0,,194000.0,True,76000.0,,124000.0,True,,,,True,,,,True,,,,True,0.09099731594324112,0.9799521565437317,0.11502981185913086,0.037071656892298,1.8392803715449846,84.0631103515625,0.0267161659835746,1.1347521809930454,0.8672518574894987,,,,,,,,,,0,,,
ntk_N50_a2_wd3e-06_s3,2.0,50,3e-06,3,45,25.0,1.2000000000000002e-07,ok,,,200000,200000,307,42.93301010131836,9.839924097061157,2,0c2c9fa139cdb9df0506aa0716a97da613a80d40,True,7.865424436204194e-07,59.65932083129883,92.5152587890625,1.550725980449422,0.09134374558925629,0.029454690282594793,1.2260165214538574,0.15155458450317383,1.0,0.6037735939025879,0.01736903004348278,0.05077068507671356,0.0828622505068779,0.018695695793098585,0.09609535336494446,106000,True,149000.0,148000.0,,,51000.0,True,,,51000.0,True,,,51000.0,True,6776.0,,193224.0,True,142000.0,,58000.0,True,,,,True,,,,True,,,,True,0.0929076299071312,1.0549213886260986,0.14308995008468628,0.042635403522606946,2.079737302584447,87.59481811523438,0.029663263938809747,1.2437317521416094,0.911820229666362,,,,,,,,,,0,,,
ntk_N50_a2_wd3e-06_s4,2.0,50,3e-06,4,46,25.0,1.2000000000000002e-07,ok,,,200000,200000,307,43.32711982727051,10.20201826095581,2,0c2c9fa139cdb9df0506aa0716a97da613a80d40,True,8.213962132685992e-07,58.240745544433594,99.17021942138672,1.702763563452786,0.08245597779750824,0.024653830465461962,1.6138006448745728,0.17635083198547363,0.9978991746902466,0.8867924809455872,0.014670725911855698,0.041041918098926544,0.089829221367836,0.019544955861235343,0.09663453698158264,9218,False,,,,,,True,,,,True,,,,True,6000.0,,194000.0,True,94000.0,,106000.0,True,,,,True,,,,True,,,,True,,,,,,,,,,,,,,,,,,,0,,,
ntk_N50_a2_wd1e-05_s0,2.0,50,1e-05,0,42,25.0,4.0000000000000003e-07,ok,,,200000,200000,307,43.74497723579407,10.69898533821106,2,0c2c9fa139cdb9df0506aa0716a97da613a80d40,True,8.201639616345346e-07,58.59480285644531,99.78357696533203,1.702942447127903,0.0885043740272522,0.025318767774717685,1.5084092617034912,0.17003244161605835,1.0,0.9622641801834106,0.010321964509785175,0.02834004908800125,0.08188313245773315,0.01730807447749534,0.10140184313058853,42000,True,50000.0,49000.0,197000.0,196000.0,147000.0,False,,,150000.0,True,,,150000.0,True,5520.0,179000.0,173480.0,False,55000.0,,145000.0,True,,,,True,,,,True,,,,True,0.10048376768827438,0.7453029751777649,0.11586976051330566,0.06031870002225351,1.3091650932956538,79.29176330566406,0.03443213085331204,0.9850504216060666,0.5371531528758715,,,,,,,,,,0,31000.0,,
ntk_N50_a2_wd1e-05_s1,2.0,50,1e-05,1,43,25.0,4.0000000000000003e-07,ok,,,200000,200000,307,43.53040313720703,10.37558650970459,2,0c2c9fa139cdb9df0506aa0716a97da613a80d40,True,8.30326371215051e-07,59.26971435546875,89.30646514892578,1.5067807584378137,0.09197775274515152,0.028914598072837555,1.1886118650436401,0.14327824115753174,0.9978991746902466,0.7358490824699402,0.0160515159368515,0.04342201352119446,0.08164467662572861,0.016434781873278494,0.0948128029704094,64000,True,192000.0,191000.0,,,8000.0,True,,,8000.0,True,,,8000.0,True,8319.0,,191681.0,True,106000.0,,94000.0,True,,,,True,,,,True,,,,True,0.09246518462896347,1.1616846323013306,0.14049369096755981,0.043758070251937266,2.3910802820344683,88.55609130859375,0.029260424536311662,1.4253401201656406,0.9336177024311441,,,,,,,,,,0,,,
ntk_N50_a2_wd1e-05_s2,2.0,50,1e-05,2,44,25.0,4.0000000000000003e-07,ok,,,200000,200000,307,42.624518156051636,9.82699704170227,2,0c2c9fa139cdb9df0506aa0716a97da613a80d40,True,7.95974983702763e-07,58.163665771484375,93.64759063720703,1.6100702972390573,0.08971458673477173,0.026445720955256092,1.3433974981307983,0.13666605949401855,1.0,0.8113207817077637,0.01468881405889988,0.039629530161619186,0.08338705450296402,0.01703236922027293,0.09543360769748688,32000,True,90000.0,89000.0,,,110000.0,True,,,110000.0,True,,,110000.0,True,6000.0,,194000.0,True,73000.0,,127000.0,True,,,,True,,,,True,,,,True,0.09283063560724258,1.0940594673156738,0.12282669544219971,0.04114038815202569,2.163164470960186,86.40133666992188,0.02645912396844042,1.3107473305262307,0.9182135489190177,,,,,,,,,,0,,,
ntk_N50_a2_wd1e-05_s3,2.0,50,1e-05,3,45,25.0,4.0000000000000003e-07,ok,,,200000,200000,307,41.23844790458679,9.948583126068115,2,0c2c9fa139cdb9df0506aa0716a97da613a80d40,True,8.064075132097059e-07,59.65932083129883,92.60294342041016,1.5521957362248122,0.0956483706831932,0.029731428360416822,1.2826851606369019,0.14674019813537598,0.9978991746902466,0.7735849022865295,0.014926391653716564,0.039420563727617264,0.0828622505068779,0.018695695793098585,0.09969289600849152,88036,False,,,,,,True,,,,True,,,,True,6776.0,,193224.0,True,92000.0,,108000.0,True,,,,True,,,,True,,,,True,,,,,,,,,,,,,,,,,,,0,,,
ntk_N50_a2_wd1e-05_s4,2.0,50,1e-05,4,46,25.0,4.0000000000000003e-07,ok,,,200000,200000,307,42.3791868686676,10.441123962402344,2,0c2c9fa139cdb9df0506aa0716a97da613a80d40,True,9.153294513453147e-07,58.240745544433594,92.84374237060547,1.594137257390914,0.09247381240129471,0.02706546932945009,1.411049485206604,0.1527853012084961,1.0,0.8113207817077637,0.01461021974682808,0.03907100856304169,0.089829221367836,0.019544955861235343,0.10222980380058289,52714,True,115000.0,114000.0,,,85000.0,True,,,85000.0,True,,,85000.0,True,6116.0,,193884.0,True,70000.0,,130000.0,True,,,,True,,,,True,,,,True,0.09746681153774261,1.1694515943527222,0.12755942344665527,0.039232865089468126,2.398114196664535,86.17376708984375,0.030740769706369984,1.3275914101540993,1.0100809589210078,,,,,,,,,,0,38000.0,,
ntk_N50_a2_wd3e-05_s0,2.0,50,3e-05,0,42,25.0,1.2e-06,ok,,,200000,200000,307,42.60567784309387,10.334834098815918,2,0c2c9fa139cdb9df0506aa0716a97da613a80d40,True,8.452450970253267e-07,58.59480285644531,87.92635345458984,1.500582802027776,0.09568630903959274,0.03244127329628112,1.1695775985717773,0.16054171323776245,1.0,0.9811320900917053,0.010317208245396614,0.02512442320585251,0.08188313245773315,0.01730807447749534,0.10262961685657501,34000,True,63000.0,62000.0,177000.0,176000.0,114000.0,False,,,137000.0,True,,,137000.0,True,5520.0,159000.0,153480.0,False,46000.0,,154000.0,True,,,,True,,,,True,,,,True,0.10206127166748047,0.8013270497322083,0.11796844005584717,0.06353783496715175,1.4265318985946076,78.59781646728516,0.03478063001308679,1.0898700772804608,0.5182862808035941,,,,,,,,,,0,18000.0,,
ntk_N50_a2_wd3e-05_s1,2.0,50,3e-05,1,43,25.0,1.2e-06,ok,,,200000,200000,307,44.47502899169922,10.247522592544556,2,0c2c9fa139cdb9df0506aa0716a97da613a80d40,True,8.303109666485398e-07,59.26971435546875,86.16258239746094,1.4537370954869604,0.10053915530443192,0.035234538448599875,1.0804717540740967,0.14888262748718262,1.0,0.9622641801834106,0.012182029895484447,0.031428731977939606,0.08164467662572861,0.016434781873278494,0.10428006201982498,119756,True,97545.0,97000.0,186000.0,185000.0,88455.0,False,,,102455.0,True,,,102455.0,True,9000.0,,191000.0,True,91000.0,,109000.0,True,,,,True,,,,True,,,,True,0.10208448767662048,0.7881672382354736,0.12265515327453613,0.0636771402894485,1.4064149811541748,77.84442138671875,0.035507229121912204,1.091661855296951,0.48474535145139286,,,,,,,,,,0,83000.0,,
ntk_N50_a2_wd3e-05_s2,2.0,50,3e-05,2,44,25.0,1.2e-06,ok,,,200000,200000,307,43.90511202812195,10.231330394744873,2,0c2c9fa139cdb9df0506aa0716a97da613a80d40,True,8.104614153126022e-07,58.163665771484375,84.22306060791016,1.448035633428074,0.09891153872013092,0.03339566682481761,1.043594479560852,0.12668466567993164,0.9978991746902466,0.8679245114326477,0.015072893351316452,0.037721384316682816,0.08338705450296402,0.01703236922027293,0.1005673035979271,152000,True,159000.0,158000.0,,,41000.0,True,,,41000.0,True,,,41000.0,True,6776.0,,193224.0,True,69000.0,,131000.0,True,,,,True,,,,True,,,,True,0.10011487454175949,0.9549088478088379,0.11831820011138916,0.05655831941338888,1.780419125818496,81.52979278564453,0.03282117055327975,1.215766627330454,0.689992568740466,,,,,,,,,,0,107000.0,,
ntk_N50_a2_wd3e-05_s3,2.0,50,3e-05,3,45,25.0,1.2e-06,ok,,,200000,200000,307,42.329344034194946,9.927440166473389,2,0c2c9fa139cdb9df0506aa0716a97da613a80d40,True,8.411831800003711e-07,59.65932083129883,85.10194396972656,1.4264651823706291,0.10072636604309082,0.03525496846238742,1.0771608352661133,0.14386248588562012,1.0,0.8301886916160583,0.014158797450363636,0.03587974235415459,0.0828622505068779,0.018695695793098585,0.10349489003419876,95000,True,114000.0,113000.0,,,86000.0,True,,,86000.0,True,,,86000.0,True,7508.0,,192492.0,True,77000.0,,123000.0,True,,,,True,,,,True,,,,True,0.10287833213806152,0.9188646078109741,0.13613003492355347,0.062343341128388054,1.7180742227766326,81.22394561767578,0.03683908790798745,1.2001003951571527,0.6530435100132471,,,,,,,,,,0,49000.0,,
ntk_N50_a2_wd3e-05_s4,2.0,50,3e-05,4,46,25.0,1.2e-06,ok,,,200000,200000,307,43.561158180236816,10.570051431655884,2,0c2c9fa139cdb9df0506aa0716a97da613a80d40,True,8.333244636560266e-07,58.240745544433594,85.44793701171875,1.4671504667900925,0.09853240847587585,0.032644088187112646,1.1822429895401,0.14289134740829468,1.0,0.9245283007621765,0.013411304913461208,0.03271932154893875,0.089829221367836,0.019544955861235343,0.10484454035758972,83000,True,81000.0,80000.0,,,119000.0,True,,,119000.0,True,,,119000.0,True,6776.0,,193224.0,True,61000.0,,139000.0,True,,,,True,,,,True,,,,True,0.1047714501619339,0.9006751775741577,0.11010360717773438,0.05465985617045187,1.6362401304182748,78.72915649414062,0.035703124173472434,1.13171010690289,0.630769110363659,,,,,,,,,,0,18000.0,,
ntk_N50_a2_wd0.0001_s0,2.0,50,0.0001,0,42,25.0,4e-06,ok,,,200000,200000,307,42.935168981552124,10.524064064025879,2,0c2c9fa139cdb9df0506aa0716a97da613a80d40,True,7.907322583378118e-07,58.59480285644531,73.69278717041016,1.2576676356596717,0.1103048175573349,0.04257346012912201,0.6876193284988403,0.12462610006332397,1.0,0.9433962106704712,0.013749765232205391,0.02954724058508873,0.08188313245773315,0.01730807447749534,0.11129619926214218,77000,True,44000.0,43000.0,,,156000.0,True,,,156000.0,True,,,156000.0,True,6776.0,86000.0,79224.0,False,38751.0,,161249.0,True,,,,True,,,,True,,,,True,0.10943771153688431,0.5019192695617676,0.10760319232940674,0.08085975023892024,0.8834366196501235,68.9542007446289,0.041518877783498005,0.8294058680040468,0.13841544584165888,,,,,,,,,,0,12000.0,,
ntk_N50_a2_wd0.0001_s1,2.0,50,0.0001,1,43,25.0,4e-06,ok,,,200000,200000,307,44.05232787132263,10.255868434906006,2,0c2c9fa139cdb9df0506aa0716a97da613a80d40,True,8.212260809159488e-07,59.26971435546875,74.55702209472656,1.2579278119609711,0.10985573381185532,0.04131284215774968,0.738743782043457,0.13997375965118408,1.0,0.8867924809455872,0.013465708121657372,0.030760329216718674,0.08164467662572861,0.016434781873278494,0.11131623387336731,82000,True,82000.0,81000.0,,,118000.0,True,,,118000.0,True,,,118000.0,True,10214.0,,189786.0,True,67000.0,,133000.0,True,,,,True,,,,True,,,,True,0.11131623387336731,0.5545530915260315,0.12148714065551758,0.08315183363434428,0.9860956426057567,69.9207534790039,0.0416436584870565,0.8952888282134066,0.18506721577017612,,,,,,,,,,0,20000.0,,
ntk_N50_a2_wd0.0001_s2,2.0,50,0.0001,2,44,25.0,4e-06,ok,,,200000,200000,307,43.74335694313049,9.98908543586731,2,0c2c9fa139cdb9df0506aa0716a97da613a80d40,True,8.361029131265241e-07,58.163665771484375,72.98639678955078,1.2548451996870782,0.10972630232572556,0.04196792349342403,0.6969444155693054,0.12069940567016602,1.0,0.9245283007621765,0.014272848144173622,0.02928890474140644,0.08338705450296402,0.01703236922027293,0.11065210402011871,162000,True,102000.0,101000.0,,,98000.0,True,,,98000.0,True,,,98000.0,True,8000.0,182000.0,174000.0,False,64717.0,,135283.0,True,,,,True,,,,True,,,,True,0.10916785150766373,0.5777401924133301,0.11653637886047363,0.07603479289686538,1.0133486176455442,69.94242858886719,0.040718714345244766,0.8854858807578541,0.24543210621823233,,,,,,,,,,0,17000.0,,
ntk_N50_a2_wd0.0001_s3,2.0,50,0.0001,3,45,25.0,4e-06,ok,,,200000,200000,307,45.53328490257263,10.735774278640747,2,0c2c9fa139cdb9df0506aa0716a97da613a80d40,True,8.07239359801315e-07,59.65932083129883,73.92440795898438,1.2391091103437724,0.10789623111486435,0.04235376880425816,0.7480774521827698,0.12931013107299805,1.0,0.9622641801834106,0.013978841714560986,0.028795668855309486,0.0828622505068779,0.018695695793098585,0.10808172076940536,196000,True,59000.0,58408.0,170000.0,169000.0,111000.0,False,,,141000.0,True,,,141000.0,True,9218.0,148000.0,138782.0,False,61000.0,,139000.0,True,,,,True,,,,True,,,,True,0.10653643310070038,0.5171989798545837,0.10683202743530273,0.07257302893222332,0.9039669228523408,68.3335189819336,0.04090346951645653,0.8255671762456033,0.1922548505489797,,,,,,,,,,0,20000.0,,
ntk_N50_a2_wd0.0001_s4,2.0,50,0.0001,4,46,25.0,4e-06,ok,,,200000,200000,307,43.068671226501465,9.91746187210083,2,0c2c9fa139cdb9df0506aa0716a97da613a80d40,True,8.16572935491422e-07,58.240745544433594,72.08052825927734,1.2376305898125046,0.11016304045915604,0.041368418002707685,0.7621253132820129,0.11399257183074951,1.0,0.8113207817077637,0.015954522415995598,0.03367157280445099,0.089829221367836,0.019544955861235343,0.11057035624980927,67000,True,84000.0,83000.0,,,116000.0,True,,,116000.0,True,,,116000.0,True,8319.0,,191681.0,True,58000.0,,142000.0,True,,,,True,,,,True,,,,True,0.10955963283777237,0.6837503910064697,0.11049926280975342,0.065166998378743,1.1835576878523886,70.31172943115234,0.041252585519052025,0.9258725275774781,0.38125624516588713,,,,,,,,,,0,7508.0,,
ntk_N50_a2_wd0.0003_s0,2.0,50,0.0003,0,42,25.0,1.1999999999999999e-05,ok,,,200000,200000,307,43.160799980163574,9.69430685043335,2,0c2c9fa139cdb9df0506aa0716a97da613a80d40,True,8.079190365606337e-07,58.59480285644531,56.341922760009766,0.9615515372249821,0.11445261538028717,0.046836638116950324,0.13605999946594238,0.10482382774353027,0.9915966391563416,0.5094339847564697,0.021995780989527702,0.03951012343168259,0.08188313245773315,0.01730807447749534,0.1147259846329689,168000,False,,,,,,True,,,,True,,,,True,18900.0,,181100.0,True,,,,True,,,,True,,,,True,,,,True,,,,,,,,,,,,,,,,,,,0,13894.0,,
ntk_N50_a2_wd0.0003_s1,2.0,50,0.0003,1,43,25.0,1.1999999999999999e-05,ok,,,200000,200000,307,44.327789068222046,10.007875919342041,2,0c2c9fa139cdb9df0506aa0716a97da613a80d40,True,7.79730385147559e-07,59.26971435546875,56.445228576660156,0.9523452102051849,0.11604693531990051,0.04701147392194272,0.13223624229431152,0.11080288887023926,0.9852941036224365,0.5283018946647644,0.022084757685661316,0.03892168030142784,0.08164467662572861,0.016434781873278494,0.11634127050638199,182000,False,,,,,,True,,,,True,,,,True,58408.0,,141592.0,True,,,,True,,,,True,,,,True,,,,True,,,,,,,,,,,,,,,,,,,0,34974.0,,
ntk_N50_a2_wd0.0003_s2,2.0,50,0.0003,2,44,25.0,1.1999999999999999e-05,ok,,,200000,200000,307,43.17308306694031,9.96007251739502,2,0c2c9fa139cdb9df0506aa0716a97da613a80d40,True,7.486759727726167e-07,58.163665771484375,55.53056716918945,0.954729493621672,0.10969733446836472,0.04290742896115994,0.13758350908756256,0.1034473180770874,0.9747899174690247,0.35849055647850037,0.023934420198202133,0.04107113555073738,0.08338705450296402,0.01703236922027293,0.10970906913280487,195000,False,,,,,,True,,,,True,,,,True,30000.0,,170000.0,True,,,,True,,,,True,,,,True,,,,True,,,,,,,,,,,,,,,,,,,0,25710.0,,
ntk_N50_a2_wd0.0003_s3,2.0,50,0.0003,3,45,25.0,1.1999999999999999e-05,ok,,,200000,200000,307,43.386159896850586,10.161386728286743,2,0c2c9fa139cdb9df0506aa0716a97da613a80d40,True,8.134134077408817e-07,59.65932083129883,56.742366790771484,0.9511064826102239,0.11071006953716278,0.04518745025386013,0.20045559108257294,0.10629725456237793,0.9894958138465881,0.5094339847564697,0.022692352533340454,0.039765361696481705,0.0828622505068779,0.018695695793098585,0.11108565330505371,170000,False,,,,,,True,,,,True,,,,True,30000.0,,170000.0,True,,,,True,,,,True,,,,True,,,,True,,,,,,,,,,,,,,,,,,,0,32000.0,,
ntk_N50_a2_wd0.0003_s4,2.0,50,0.0003,4,46,25.0,1.1999999999999999e-05,ok,,,200000,200000,307,44.563190937042236,10.175804138183594,2,0c2c9fa139cdb9df0506aa0716a97da613a80d40,True,7.853994361539662e-07,58.240745544433594,56.75065612792969,0.9744150010001662,0.11769460141658783,0.04716378975870415,0.25873109698295593,0.10167157649993896,0.9957982897758484,0.7169811129570007,0.022173210978507996,0.03538617864251137,0.089829221367836,0.019544955861235343,0.1179828867316246,191000,False,,,,,,True,,,,True,,,,True,25710.0,,174290.0,True,,,,True,,,,True,,,,True,,,,True,,,,,,,,,,,,,,,,,,,0,10000.0,,
ntk_N50_a2_wd0.001_s0,2.0,50,0.001,0,42,25.0,4e-05,ok,,,200000,200000,307,42.042717933654785,9.660748958587646,2,0c2c9fa139cdb9df0506aa0716a97da613a80d40,True,9.818321586863021e-07,58.59480285644531,32.50971603393555,0.5548225175120551,0.07845664024353027,0.014805326385602823,-0.6163153648376465,0.08492922782897949,0.14915966987609863,0.01886792480945587,0.04585998132824898,0.0589725524187088,0.08188313245773315,0.01730807447749534,0.08253875374794006,522,False,,,,,,True,,,,True,,,,True,,,,True,,,,True,,,,True,,,,True,,,,True,,,,,,,,,,,,,,,,,,,0,,,
ntk_N50_a2_wd0.001_s1,2.0,50,0.001,1,43,25.0,4e-05,ok,,,200000,200000,307,41.36488103866577,9.60761547088623,2,0c2c9fa139cdb9df0506aa0716a97da613a80d40,True,8.836002507450758e-07,59.26971435546875,32.453041076660156,0.5475484643307674,0.07785063982009888,0.013407381575445604,-0.6001220941543579,0.0858231782913208,0.11134453862905502,0.01886792480945587,0.04664941504597664,0.05726025998592377,0.08164467662572861,0.016434781873278494,0.08231589198112488,425,False,,,,,,True,,,,True,,,,True,,,,True,,,,True,,,,True,,,,True,,,,True,,,,,,,,,,,,,,,,,,,0,,,
ntk_N50_a2_wd0.001_s2,2.0,50,0.001,2,44,25.0,4e-05,ok,,,200000,200000,307,42.50181007385254,9.735368728637695,2,0c2c9fa139cdb9df0506aa0716a97da613a80d40,True,8.568898692828952e-07,58.163665771484375,32.784950256347656,0.5636671936248726,0.07831412553787231,0.014788163258513672,-0.5822665691375732,0.0821993350982666,0.11134453862905502,0.0,0.046218834817409515,0.05815501883625984,0.08338705450296402,0.01703236922027293,0.08338705450296402,0,False,,,,,,True,,,,True,,,,True,,,,True,,,,True,,,,True,,,,True,,,,True,,,,,,,,,,,,,,,,,,,0,,,
ntk_N50_a2_wd0.001_s3,2.0,50,0.001,3,45,25.0,4e-05,ok,,,200000,200000,307,42.55108308792114,10.030475378036499,2,0c2c9fa139cdb9df0506aa0716a97da613a80d40,True,8.763630034991365e-07,59.65932083129883,34.08320236206055,0.571297190231834,0.07599516212940216,0.015539311515779034,-0.48342305421829224,0.07953333854675293,0.12815126776695251,0.0,0.04606408625841141,0.05828579515218735,0.0828622505068779,0.018695695793098585,0.08286285400390625,5,False,,,,,,True,,,,True,,,,True,,,,True,,,,True,,,,True,,,,True,,,,True,,,,,,,,,,,,,,,,,,,0,,,
ntk_N50_a2_wd0.001_s4,2.0,50,0.001,4,46,25.0,4e-05,ok,,,200000,200000,307,44.02614617347717,10.093827247619629,2,0c2c9fa139cdb9df0506aa0716a97da613a80d40,True,8.833507649796957e-07,58.240745544433594,31.567358016967773,0.5420150055064817,0.08066368848085403,0.015367720087132324,-0.5708886384963989,0.08402407169342041,0.09873949736356735,0.01886792480945587,0.04698530584573746,0.05328253284096718,0.089829221367836,0.019544955861235343,0.08983330428600311,9,False,,,,,,True,,,,True,,,,True,,,,True,,,,True,,,,True,,,,True,,,,True,,,,,,,,,,,,,,,,,,,0,,,
ntk_N50_a2_wd0.003_s0,2.0,50,0.003,0,42,25.0,0.00012,ok,,,200000,200000,307,43.25640606880188,9.808432579040527,2,0c2c9fa139cdb9df0506aa0716a97da613a80d40,True,1.2190121196908876e-06,58.59480285644531,20.084693908691406,0.3427726168462077,0.062081873416900635,0.005118081673648467,-1.2517246007919312,0.1300094723701477,0.04831932857632637,0.03773584961891174,0.06869224458932877,0.0758533850312233,0.08188313245773315,0.01730807447749534,0.08191888779401779,6,False,,,,,,True,,,,True,,,,True,,,,True,,,,True,,,,True,,,,True,,,,True,,,,,,,,,,,,,,,,,,,0,,,
ntk_N50_a2_wd0.003_s1,2.0,50,0.003,1,43,25.0,0.00012,ok,,,200000,200000,307,41.436912059783936,10.026188135147095,2,0c2c9fa139cdb9df0506aa0716a97da613a80d40,True,1.031932811201841e-06,59.26971435546875,20.514814376831055,0.34612642561079215,0.0630296841263771,0.005485519843592643,-1.22769296169281,0.12848758697509766,0.054621849209070206,0.01886792480945587,0.06873934715986252,0.07192987203598022,0.08164467662572861,0.016434781873278494,0.08166931569576263,8,False,,,,,,True,,,,True,,,,True,,,,True,,,,True,,,,True,,,,True,,,,True,,,,,,,,,,,,,,,,,,,0,,,
ntk_N50_a2_wd0.003_s2,2.0,50,0.003,2,44,25.0,0.00012,ok,,,200000,200000,307,42.58129692077637,10.069384813308716,2,0c2c9fa139cdb9df0506aa0716a97da613a80d40,True,1.0458632004883839e-06,58.163665771484375,19.667301177978516,0.33813723597216444,0.062333930283784866,0.006182991270593649,-1.29579758644104,0.12149101495742798,0.054621849209070206,0.0,0.07032597810029984,0.07656070590019226,0.08338705450296402,0.01703236922027293,0.08338705450296402,0,False,,,,,,True,,,,True,,,,True,,,,True,,,,True,,,,True,,,,True,,,,True,,,,,,,,,,,,,,,,,,,0,,,
ntk_N50_a2_wd0.003_s3,2.0,50,0.003,3,45,25.0,0.00012,ok,,,200000,200000,307,43.74786019325256,10.205943584442139,2,0c2c9fa139cdb9df0506aa0716a97da613a80d40,True,1.0791566182888346e-06,59.65932083129883,21.834638595581055,0.36598872215330414,0.05976172909140587,0.005642828908397637,-1.0668258666992188,0.11798912286758423,0.06092436984181404,0.01886792480945587,0.06972000002861023,0.07610227912664413,0.0828622505068779,0.018695695793098585,0.0828622505068779,0,False,,,,,,True,,,,True,,,,True,,,,True,,,,True,,,,True,,,,True,,,,True,,,,,,,,,,,,,,,,,,,0,,,
ntk_N50_a2_wd0.003_s4,2.0,50,0.003,4,46,25.0,0.00012,ok,,,200000,200000,307,41.7784161567688,9.519104480743408,2,0c2c9fa139cdb9df0506aa0716a97da613a80d40,True,1.0864629302886897e-06,58.240745544433594,18.900901794433594,0.3245305604821548,0.06178467348217964,0.0050470314385299185,-1.2413843870162964,0.13241654634475708,0.03361344709992409,0.09433962404727936,0.06896838545799255,0.06549772620201111,0.089829221367836,0.019544955861235343,0.089829221367836,0,False,,,,,,True,,,,True,,,,True,,,,True,,,,True,,,,True,,,,True,,,,True,,,,,,,,,,,,,,,,,,,0,,,
ntk_N100_a0.5_wd0_s0,0.5,100,0.0,0,42,400.0,0.0,ok,,,200000,200000,307,47.15788006782532,9.912582635879517,2,478542c5c3dbb4497d84b2fd1e02cb9cd6ab935b,True,1.1348853377057821e-06,82.54420471191406,262.3709411621094,3.1785507181007455,0.09602228552103043,0.030006218538142837,2.743450164794922,0.09301674365997314,1.0,1.0,0.0003514823329169303,0.006315743084996939,0.08880666643381119,0.019600675303417615,0.11979058384895325,3662,True,1979.0,1786.0,3662.0,3305.0,1683.0,False,5520.0,5000.0,3541.0,False,5520.0,5000.0,3541.0,False,1000.0,3662.0,2662.0,False,1786.0,6000.0,4214.0,False,2983.0,17000.0,14017.0,False,6116.0,,193884.0,True,17000.0,,183000.0,True,0.11541235446929932,1.3885935544967651,0.05395245552062988,0.09728006469860845,3.0802511861396984,160.37110900878906,0.04474220671789432,1.6194073052473374,1.0886525503241904,0.11855631321668625,2.034395694732666,0.06861358880996704,0.09885133206665825,6.7261030176255945,211.21031188964844,0.04735832455715191,2.258830596396032,1.7347107680824958,0,786.0,,
ntk_N100_a0.5_wd0_s1,0.5,100,0.0,1,43,400.0,0.0,ok,,,200000,200000,307,46.75711917877197,10.164584636688232,2,478542c5c3dbb4497d84b2fd1e02cb9cd6ab935b,True,1.1647599649222684e-06,83.58335876464844,255.57240295410156,3.05769481786123,0.10116667300462723,0.03324013522674608,2.6053028106689453,0.091408371925354,1.0,1.0,0.0003132391138933599,0.005708979442715645,0.08945934474468231,0.018787551778893838,0.11608405411243439,4058,True,2193.0,2000.0,4981.0,4496.0,2788.0,False,5520.0,5000.0,3327.0,False,5520.0,5000.0,3327.0,False,1069.0,4496.0,3427.0,False,1979.0,7000.0,5021.0,False,3305.0,22000.0,18695.0,False,6116.0,,193884.0,True,16000.0,,184000.0,True,0.11289697885513306,1.4689042568206787,0.05268049240112305,0.08824328265430553,3.4122207635690835,166.90821838378906,0.041651882823928885,1.6723119691735413,1.1953701835435164,0.11541900783777237,2.0247304439544678,0.06747639179229736,0.08896187144620765,6.651350184641906,211.6419219970703,0.045152109996051765,2.222885862094505,1.747140489421671,0,871.0,,
ntk_N100_a0.5_wd0_s2,0.5,100,0.0,2,44,400.0,0.0,ok,,,200000,200000,307,50.85366916656494,11.362665891647339,2,478542c5c3dbb4497d84b2fd1e02cb9cd6ab935b,True,1.1538052149262512e-06,81.79679870605469,253.11912536621094,3.094486940446421,0.09882532805204391,0.03263316328805014,2.6135647296905518,0.08334028720855713,1.0,1.0,0.00026842960505746305,0.004266665317118168,0.08740681409835815,0.018265509232184382,0.11724420636892319,4058,True,1979.0,1786.0,4058.0,4000.0,2079.0,False,4981.0,4496.0,3002.0,False,4981.0,4496.0,3002.0,False,1069.0,4000.0,2931.0,False,1786.0,6000.0,4214.0,False,2983.0,13000.0,10017.0,False,6000.0,,194000.0,True,13894.0,,186106.0,True,0.11398471891880035,1.3726611137390137,0.05610167980194092,0.09569557203356215,3.020048804917884,159.05331420898438,0.04339103399707222,1.6209953411383262,1.0577660678017513,0.11678136140108109,1.9995715618133545,0.07024437189102173,0.09682957541160786,6.4666252831430615,208.466064453125,0.04684052909836956,2.2422873719828957,1.6836699558362063,0,871.0,,
ntk_N100_a0.5_wd0_s3,0.5,100,0.0,3,45,400.0,0.0,ok,,,200000,200000,307,50.561148166656494,11.173808097839355,2,478542c5c3dbb4497d84b2fd1e02cb9cd6ab935b,True,1.2650938288061297e-06,83.16825866699219,250.42822265625,3.011103354453662,0.09826907515525818,0.03188319187587994,2.5918054580688477,0.08227354288101196,1.0,1.0,0.0003389826451893896,0.006416091695427895,0.08511527627706528,0.019212851189241414,0.11503827571868896,3000,True,1979.0,1786.0,4981.0,4496.0,3002.0,False,9218.0,9000.0,7239.0,False,9218.0,9000.0,7239.0,False,1000.0,4496.0,3496.0,False,1786.0,6776.0,4990.0,False,2983.0,16000.0,13017.0,False,6776.0,,193224.0,True,16000.0,,184000.0,True,0.11191573739051819,1.3970717191696167,0.050925374031066895,0.09918147027952798,3.11026618326501,161.46188354492188,0.04289710207601092,1.6467221297480323,1.0746820782977484,0.11168624460697174,2.1644341945648193,0.07085210084915161,0.08849967407909866,7.789311619704061,219.65602111816406,0.04310535435140858,2.3745294101810956,1.8927170102661939,0,965.0,,
ntk_N100_a0.5_wd0_s4,0.5,100,0.0,4,46,400.0,0.0,ok,,,200000,200000,307,49.37326407432556,10.93879771232605,2,478542c5c3dbb4497d84b2fd1e02cb9cd6ab935b,True,1.1223610272281803e-06,82.50251770019531,263.2132263183594,3.190365987070189,0.09724391251802444,0.029181935139665615,2.776162624359131,0.09092390537261963,1.0,1.0,0.0003344622964505106,0.006325969006866217,0.09226221591234207,0.01948231391395663,0.11703212559223175,5000,True,1979.0,1786.0,6776.0,6116.0,4797.0,False,9000.0,8319.0,7021.0,False,9000.0,8319.0,7021.0,False,1069.0,5520.0,4451.0,False,1979.0,9000.0,7021.0,False,3305.0,20941.0,17636.0,False,7508.0,,192492.0,True,18000.0,,182000.0,True,0.11416831612586975,1.375582218170166,0.0511394739151001,0.08469568393233759,3.0250440208660536,158.615478515625,0.04099697476501762,1.6195646286774399,1.063447310745661,0.11517796665430069,2.213667631149292,0.0732194185256958,0.07933452213446729,8.231004276848743,221.7030792236328,0.042851802181814,2.4295090878968386,1.9369578262645009,0,710.0,,
ntk_N100_a0.5_wd3e-06_s0,0.5,100,3e-06,0,42,400.0,7.500000000000001e-09,ok,,,200000,200000,307,47.679253816604614,10.771985054016113,2,478542c5c3dbb4497d84b2fd1e02cb9cd6ab935b,True,1.1527974947966868e-06,82.54420471191406,236.522705078125,2.8654065528114097,0.10745087265968323,0.03785271884416198,2.4495818614959717,0.07875406742095947,1.0,1.0,0.0002973439695779234,0.004478313960134983,0.08880666643381119,0.019600675303417615,0.12021403759717941,3662,True,1979.0,1786.0,3662.0,3305.0,1683.0,False,5520.0,5000.0,3541.0,False,5520.0,5000.0,3541.0,False,1000.0,3662.0,2662.0,False,1786.0,5520.0,3734.0,False,2983.0,12000.0,9017.0,False,6000.0,,194000.0,True,15000.0,,185000.0,True,0.11545256525278091,1.384507179260254,0.05402934551239014,0.09735827789308395,3.0640932890599304,160.01348876953125,0.04493255807759537,1.6169861695792058,1.0812271891410261,0.11899115145206451,2.02225923538208,0.068764328956604,0.09998134625048802,6.634160415549814,210.29327392578125,0.04793394728181756,2.251024522489589,1.715067393470845,0,786.0,3662.0,
ntk_N100_a0.5_wd3e-06_s1,0.5,100,3e-06,1,43,400.0,7.500000000000001e-09,ok,,,200000,200000,307,49.07380199432373,11.296258211135864,2,478542c5c3dbb4497d84b2fd1e02cb9cd6ab935b,True,1.1279427098997985e-06,83.58335876464844,236.23365783691406,2.826324059339298,0.10617905110120773,0.0375061932003233,2.402883529663086,0.08238059282302856,1.0,1.0,0.0002940550330094993,0.00496412068605423,0.08945934474468231,0.018787551778893838,0.11620430648326874,4000,True,2193.0,2000.0,4981.0,4496.0,2788.0,False,5520.0,5000.0,3327.0,False,5520.0,5000.0,3327.0,False,1069.0,4496.0,3427.0,False,1979.0,6776.0,4797.0,False,3305.0,18000.0,14695.0,False,6000.0,,194000.0,True,15000.0,,185000.0,True,0.11286608129739761,1.465275764465332,0.05272805690765381,0.0881210205348828,3.396616348818582,166.49179077148438,0.04172529372563809,1.6695163608676575,1.1901329274974455,0.11552734673023224,2.0185089111328125,0.0676262378692627,0.08920481437459653,6.6046158713368,210.75027465820312,0.04539256567001393,2.2199144484101567,1.73554634870257,0,871.0,,
ntk_N100_a0.5_wd3e-06_s2,0.5,100,3e-06,2,44,400.0,7.500000000000001e-09,ok,,,200000,200000,307,48.80237007141113,11.340542554855347,2,478542c5c3dbb4497d84b2fd1e02cb9cd6ab935b,True,1.125733547269192e-06,81.79679870605469,232.6733856201172,2.844529239539719,0.10558432340621948,0.03888322383689599,2.39815354347229,0.08003813028335571,1.0,1.0,0.0002686466905288398,0.00343111134134233,0.08740681409835815,0.018265509232184382,0.11743853241205215,4000,True,1979.0,1786.0,4000.0,3662.0,2021.0,False,4981.0,4496.0,3002.0,False,4981.0,4496.0,3002.0,False,1069.0,4000.0,2931.0,False,1786.0,6000.0,4214.0,False,2983.0,12000.0,9017.0,False,6000.0,,194000.0,True,13894.0,,186106.0,True,0.11409129202365875,1.3671437501907349,0.05633002519607544,0.095889846080255,2.9987747884640688,158.67747497558594,0.043453268246041205,1.615279542583783,1.0527517212485957,0.11709994077682495,1.9921327829360962,0.07081925868988037,0.09745193624179359,6.41263205889706,207.80255126953125,0.047077044998621684,2.2364613390810706,1.674324811127489,0,871.0,,
ntk_N100_a0.5_wd3e-06_s3,0.5,100,3e-06,3,45,400.0,7.500000000000001e-09,ok,,,200000,200000,307,47.140623807907104,10.690300703048706,2,478542c5c3dbb4497d84b2fd1e02cb9cd6ab935b,True,1.0589679959593923e-06,83.16825866699219,232.76441955566406,2.798717001971373,0.10535699874162674,0.03737566112331579,2.400353193283081,0.07921558618545532,1.0,1.0,0.00032292830292135477,0.006001979112625122,0.08511527627706528,0.019212851189241414,0.11525584012269974,3000,True,1979.0,1786.0,4981.0,4496.0,3002.0,False,8000.0,7508.0,6021.0,False,8000.0,7508.0,6021.0,False,1000.0,4496.0,3496.0,False,1786.0,6776.0,4990.0,False,2983.0,17000.0,14017.0,False,6776.0,,193224.0,True,16000.0,,184000.0,True,0.1119779646396637,1.3904142379760742,0.050676822662353516,0.09954864288045999,3.08325566827133,161.04147338867188,0.042925962242168714,1.640323109495272,1.0674237728698823,0.11307090520858765,2.1260130405426025,0.06934767961502075,0.09286653906388545,7.459713656979841,217.02532958984375,0.04386894861494621,2.343988621268227,1.8432277804933987,0,965.0,,
ntk_N100_a0.5_wd3e-06_s4,0.5,100,3e-06,4,46,400.0,7.500000000000001e-09,ok,,,200000,200000,307,47.80684804916382,10.509475231170654,2,478542c5c3dbb4497d84b2fd1e02cb9cd6ab935b,True,1.1493883675939287e-06,82.50251770019531,241.45724487304688,2.9266651685767315,0.10630758106708527,0.03557233912766477,2.5397298336029053,0.08490830659866333,1.0,1.0,0.0003313348279334605,0.0055666472762823105,0.09226221591234207,0.01948231391395663,0.11732004582881927,3662,True,1979.0,1786.0,6776.0,6116.0,4797.0,False,10000.0,9218.0,8021.0,False,10000.0,9218.0,8021.0,False,1069.0,5520.0,4451.0,False,1979.0,9000.0,7021.0,False,3305.0,27000.0,23695.0,False,7000.0,,193000.0,True,18900.0,,181100.0,True,0.11426015943288803,1.3701659440994263,0.05097043514251709,0.08507626958657392,3.0035576788754463,158.19659423828125,0.04109532393313006,1.6150529981196797,1.056874434749523,0.11489078402519226,2.225472927093506,0.07376354932785034,0.07842149753022591,8.340137380321236,222.21087646484375,0.04282174609800545,2.438740054714309,1.9520795639546527,0,710.0,,
ntk_N100_a0.5_wd1e-05_s0,0.5,100,1e-05,0,42,400.0,2.5000000000000002e-08,ok,,,200000,200000,307,49.46669793128967,10.730001211166382,2,478542c5c3dbb4497d84b2fd1e02cb9cd6ab935b,True,1.1130924804092501e-06,82.54420471191406,218.5266571044922,2.647389454743284,0.1141362413764,0.04440989089229376,2.247575283050537,0.0807727575302124,1.0,1.0,0.0002934279036708176,0.0036928358022123575,0.08880666643381119,0.019600675303417615,0.12058302760124207,3662,True,1979.0,1786.0,3662.0,3305.0,1683.0,False,5520.0,5000.0,3541.0,False,5520.0,5000.0,3541.0,False,1000.0,3662.0,2662.0,False,1786.0,5520.0,3734.0,False,2983.0,11317.0,8334.0,False,6000.0,,194000.0,True,13894.0,,186106.0,True,0.11555274575948715,1.3742831945419312,0.05417323112487793,0.09758141770858678,3.023900123603109,159.1621551513672,0.04507774507664723,1.6082052052979634,1.0689944741565136,0.1195577085018158,2.008857011795044,0.0691903829574585,0.1013438924950901,6.5342205425534985,208.61276245117188,0.048468977288648823,2.238014009207006,1.6991309346082313,0,786.0,3305.0,
ntk_N100_a0.5_wd1e-05_s1,0.5,100,1e-05,1,43,400.0,2.5000000000000002e-08,ok,,,200000,200000,307,49.610223054885864,10.944656610488892,2,478542c5c3dbb4497d84b2fd1e02cb9cd6ab935b,True,1.0726587333920179e-06,83.58335876464844,216.92898559570312,2.59536095225038,0.11442440748214722,0.04535283012032619,2.174081563949585,0.08021056652069092,1.0,1.0,0.0002902337582781911,0.004050172865390778,0.08945934474468231,0.018787551778893838,0.11652621626853943,4496,True,2193.0,2000.0,4981.0,4496.0,2788.0,False,4981.0,4496.0,2788.0,False,4981.0,4496.0,2788.0,False,1069.0,4496.0,3427.0,False,1979.0,6000.0,4021.0,False,3305.0,15000.0,11695.0,False,6000.0,,194000.0,True,14000.0,,186000.0,True,0.11293148249387741,1.457090973854065,0.052720069885253906,0.08833041565914113,3.3614791360240908,165.56411743164062,0.041791015136974786,1.6635275134297831,1.1783815967434845,0.11650136113166809,1.9717082977294922,0.06720882654190063,0.09208057460626494,6.260528734561313,207.04188537597656,0.04599971086309729,2.175300493469721,1.6864067192784409,0,871.0,,
ntk_N100_a0.5_wd1e-05_s2,0.5,100,1e-05,2,44,400.0,2.5000000000000002e-08,ok,,,200000,200000,307,48.99721693992615,10.88558554649353,2,478542c5c3dbb4497d84b2fd1e02cb9cd6ab935b,True,1.1590610711209592e-06,81.79679870605469,215.06210327148438,2.6292239632058516,0.11389727145433426,0.04570737133152536,2.18035888671875,0.07720226049423218,1.0,1.0,0.00026623107260093093,0.0025474175345152617,0.08740681409835815,0.018265509232184382,0.11773967742919922,4058,True,1979.0,1786.0,4058.0,4000.0,2079.0,False,4496.0,4058.0,2517.0,False,4496.0,4058.0,2517.0,False,1069.0,4000.0,2931.0,False,1786.0,5520.0,3734.0,False,2983.0,11317.0,8334.0,False,6000.0,96000.0,90000.0,False,13894.0,,186106.0,True,0.11427532881498337,1.3560458421707153,0.05619680881500244,0.09652474105223878,2.955553510874577,157.80471801757812,0.04363287994164178,1.6050998528733404,1.0398105696170241,0.1176731064915657,1.9422367811203003,0.06921648979187012,0.0997215572088126,6.054600256990278,203.73634338378906,0.04755420447992813,2.1923508681419692,1.61517771219732,0,871.0,,
ntk_N100_a0.5_wd1e-05_s3,0.5,100,1e-05,3,45,400.0,2.5000000000000002e-08,ok,,,200000,200000,307,53.9707190990448,11.465392112731934,2,478542c5c3dbb4497d84b2fd1e02cb9cd6ab935b,True,1.12884629288601e-06,83.16825866699219,210.38868713378906,2.5296752692176794,0.11651525646448135,0.047698335359453684,2.117987632751465,0.07745468616485596,1.0,1.0,0.00027795127243734896,0.003853654256090522,0.08511527627706528,0.019212851189241414,0.1165718212723732,199000,True,1979.0,1786.0,4496.0,4058.0,2517.0,False,7508.0,7000.0,5529.0,False,7508.0,7000.0,5529.0,False,1069.0,4000.0,2931.0,False,1786.0,6116.0,4330.0,False,2983.0,15000.0,12017.0,False,6776.0,,193224.0,True,15000.0,,185000.0,True,0.11217155307531357,1.380346655845642,0.05075925588607788,0.10010979217310155,3.043342563586201,160.16738891601562,0.04300971376268156,1.6314029631486116,1.055630546222288,0.11351802200078964,2.0986640453338623,0.0686119794845581,0.09440531057652157,7.233048463942398,214.29254150390625,0.04447826331846645,2.32404905805809,1.8035990893169274,0,965.0,,
ntk_N100_a0.5_wd1e-05_s4,0.5,100,1e-05,4,46,400.0,2.5000000000000002e-08,ok,,,200000,200000,307,53.344199895858765,10.867810249328613,2,0c2c9fa139cdb9df0506aa0716a97da613a80d40,True,1.0922599358309526e-06,82.50251770019531,217.0894317626953,2.631306750559703,0.11533225327730179,0.0448076982027415,2.2569003105163574,0.07962548732757568,1.0,1.0,0.0002773414016701281,0.0034992301370948553,0.09226221591234207,0.01948231391395663,0.11773833632469177,4000,True,1979.0,1786.0,6776.0,6116.0,4797.0,False,12539.0,12000.0,10560.0,False,12539.0,12000.0,10560.0,False,1069.0,5520.0,4451.0,False,1979.0,8319.0,6340.0,False,3305.0,20000.0,16695.0,False,7000.0,,193000.0,True,17000.0,,183000.0,True,0.11423181742429733,1.361483097076416,0.05100882053375244,0.08496538971093817,2.9697750268977523,157.26406860351562,0.04108384867237379,1.607958844473112,1.0454854392290966,0.11483198404312134,2.239323616027832,0.07252216339111328,0.07859867022835561,8.46775364612867,221.0670928955078,0.043052832676025735,2.4570546380434437,1.9568549524965573,0,710.0,,
ntk_N100_a0.5_wd3e-05_s0,0.5,100,3e-05,0,42,400.0,7.5e-08,ok,,,200000,200000,307,49.3206262588501,10.83479380607605,2,0c2c9fa139cdb9df0506aa0716a97da613a80d40,True,1.1408804994061938e-06,82.54420471191406,194.42282104492188,2.355378208845469,0.12731878459453583,0.05775051186057405,1.9318616390228271,0.07574498653411865,1.0,1.0,0.0002897334052249789,0.002278385916724801,0.08880666643381119,0.019600675303417615,0.12733988463878632,199000,True,1979.0,1786.0,4000.0,3662.0,2021.0,False,6000.0,5520.0,4021.0,False,6000.0,5520.0,4021.0,False,1000.0,3662.0,2662.0,False,1786.0,4981.0,3195.0,False,2983.0,9218.0,6235.0,False,6000.0,57000.0,51000.0,False,12539.0,,187461.0,True,0.11576686799526215,1.3484752178192139,0.0543171763420105,0.09815653856135645,2.9239962508094925,156.6991424560547,0.04534749196693276,1.5864295610999417,1.0360500551270968,0.12066784501075745,1.9929513931274414,0.06992912292480469,0.10404048108935583,6.417606151177182,205.69662475585938,0.04971754586762417,2.227235615919217,1.672486068138455,0,786.0,2983.0,
ntk_N100_a0.5_wd3e-05_s1,0.5,100,3e-05,1,43,400.0,7.5e-08,ok,,,200000,200000,307,50.6382520198822,10.915781736373901,2,0c2c9fa139cdb9df0506aa0716a97da613a80d40,True,1.1662937140499707e-06,83.58335876464844,191.56776428222656,2.2919366619572856,0.13073797523975372,0.05984090851284817,1.8390933275222778,0.07821768522262573,1.0,1.0,0.00028724255389533937,0.0025103867519646883,0.08945934474468231,0.018787551778893838,0.13073797523975372,200000,True,2193.0,2000.0,4496.0,4058.0,2303.0,False,4981.0,4496.0,2788.0,False,4981.0,4496.0,2788.0,False,1069.0,4000.0,2931.0,False,1979.0,5520.0,3541.0,False,3305.0,10000.0,6695.0,False,6000.0,103000.0,97000.0,False,12539.0,,187461.0,True,0.11320196837186813,1.4286224842071533,0.052911460399627686,0.0890746791507411,3.2417888100573653,162.95782470703125,0.042138865871842415,1.6388567574205346,1.1432527471934795,0.11720649898052216,1.940877079963684,0.06750792264938354,0.09391815168596475,6.043166925396668,203.023681640625,0.0471717353172918,2.1547021166322207,1.635748266695494,0,871.0,28487.0,
ntk_N100_a0.5_wd3e-05_s2,0.5,100,3e-05,2,44,400.0,7.5e-08,ok,,,200000,200000,307,49.18995380401611,10.814027786254883,2,0c2c9fa139cdb9df0506aa0716a97da613a80d40,True,1.147493776443298e-06,81.79679870605469,193.07656860351562,2.3604416267848864,0.12996329367160797,0.0595286068824961,1.8731088638305664,0.07613414525985718,1.0,1.0,0.00027301718364469707,0.0019971902947872877,0.08740681409835815,0.018265509232184382,0.12996329367160797,200000,True,1979.0,1786.0,4000.0,3662.0,2021.0,False,4000.0,3662.0,2021.0,False,4000.0,3662.0,2021.0,False,1069.0,3662.0,2593.0,False,1979.0,4981.0,3002.0,False,2983.0,9000.0,6017.0,False,5520.0,34000.0,28480.0,False,12000.0,,188000.0,True,0.11463825404644012,1.3252966403961182,0.056357622146606445,0.09753446019799321,2.8390172757855447,155.33596801757812,0.04409564268423481,1.5765260990716383,1.0048152970043305,0.11877105385065079,1.8635202646255493,0.06733334064483643,0.10365445617775661,5.525513896545603,196.80215454101562,0.048450560642618164,2.1237460485233655,1.5173134161871482,0,871.0,28000.0,
ntk_N100_a0.5_wd3e-05_s3,0.5,100,3e-05,3,45,400.0,7.5e-08,ok,,,200000,200000,307,48.68827533721924,10.550940036773682,2,0c2c9fa139cdb9df0506aa0716a97da613a80d40,True,1.0716967153712176e-06,83.16825866699219,189.54505920410156,2.279055281932074,0.13353495299816132,0.06333564861737997,1.811383605003357,0.0755847692489624,1.0,1.0,0.00027001454145647585,0.0022590484004467726,0.08511527627706528,0.019212851189241414,0.13369612395763397,199000,True,1979.0,1786.0,4496.0,4058.0,2517.0,False,8000.0,7508.0,6021.0,False,8000.0,7508.0,6021.0,False,1069.0,4000.0,2931.0,False,1786.0,6000.0,4214.0,False,2983.0,11000.0,8017.0,False,6116.0,46000.0,39884.0,False,13000.0,,187000.0,True,0.11249659955501556,1.3517712354660034,0.05126047134399414,0.10080026482211475,2.9326065997632043,157.70545959472656,0.043410811081301126,1.6058903259456296,1.0213097583419393,0.11633392423391342,2.050891876220703,0.07045543193817139,0.10129793342575326,6.85521758805921,208.72769165039062,0.04655387063953423,2.2899473690942895,1.7317127051793035,0,965.0,23000.0,
ntk_N100_a0.5_wd3e-05_s4,0.5,100,3e-05,4,46,400.0,7.5e-08,ok,,,200000,200000,307,49.633445739746094,10.838193416595459,2,0c2c9fa139cdb9df0506aa0716a97da613a80d40,True,1.135606225943775e-06,82.50251770019531,195.45370483398438,2.3690635180885113,0.1277102828025818,0.05650716461492698,1.9767961502075195,0.0824970006942749,1.0,1.0,0.00029826766694895923,0.0027577339205890894,0.09226221591234207,0.01948231391395663,0.1277102828025818,200000,True,1979.0,1786.0,6000.0,5520.0,4021.0,False,12000.0,11317.0,10021.0,False,12000.0,11317.0,10021.0,False,1185.0,4981.0,3796.0,False,1979.0,7508.0,5529.0,False,3305.0,16000.0,12695.0,False,6776.0,138000.0,131224.0,False,17000.0,,183000.0,True,0.11480607837438583,1.3282824754714966,0.051651954650878906,0.08645512574704534,2.843956380708801,154.74478149414062,0.04161449216464365,1.577580340538532,1.0072371971154217,0.11720111221075058,2.161766529083252,0.07349532842636108,0.08465871625235193,7.7690810052650825,213.0460205078125,0.04523756816159693,2.3956447153381446,1.8534873481066987,0,710.0,46000.0,
ntk_N100_a0.5_wd0.0001_s0,0.5,100,0.0001,0,42,400.0,2.5e-07,ok,,,200000,200000,307,49.59137201309204,10.759750604629517,2,0c2c9fa139cdb9df0506aa0716a97da613a80d40,True,1.032833779390785e-06,82.54420471191406,172.40272521972656,2.088610894264788,0.148034006357193,0.07754804180882396,1.6006520986557007,0.0722498893737793,1.0,1.0,0.00046002023736946285,0.0019945965614169836,0.08880666643381119,0.019600675303417615,0.14815622568130493,188000,True,1979.0,1786.0,3662.0,3305.0,1683.0,False,4496.0,4058.0,2517.0,False,4496.0,4058.0,2517.0,False,1069.0,3305.0,2236.0,False,1979.0,4496.0,2517.0,False,2983.0,6776.0,3793.0,False,5520.0,27000.0,21480.0,False,12000.0,,188000.0,True,0.11686674505472183,1.2550958395004272,0.05538743734359741,0.1008861565454306,2.5844845167631743,148.5594940185547,0.046537276329187874,1.5056809594748775,0.9205024148607072,0.12399972230195999,1.8187934160232544,0.06699728965759277,0.11478082360309336,5.243773426001893,190.027099609375,0.05330114632925667,2.07800567970963,1.4555380302758887,0,786.0,2692.0,38751.0
ntk_N100_a0.5_wd0.0001_s1,0.5,100,0.0001,1,43,400.0,2.5e-07,ok,,,200000,200000,307,48.61550211906433,11.019942998886108,2,0c2c9fa139cdb9df0506aa0716a97da613a80d40,True,1.0617670795909362e-06,83.58335876464844,173.99974060058594,2.0817509989103127,0.14601799845695496,0.07528835334410706,1.5747798681259155,0.07540088891983032,1.0,1.0,0.0004634672950487584,0.002088526263833046,0.08945934474468231,0.018787551778893838,0.14603880047798157,199000,True,2193.0,2000.0,4000.0,3662.0,1807.0,False,5520.0,5000.0,3327.0,False,5520.0,5000.0,3327.0,False,1185.0,3662.0,2477.0,False,1979.0,4981.0,3002.0,False,3305.0,6776.0,3471.0,False,5520.0,26000.0,20480.0,False,11000.0,,189000.0,True,0.11481957137584686,1.3236175775527954,0.05323195457458496,0.09394839817161577,2.8285969655515046,154.1079559326172,0.043495278551520924,1.5460637607144878,1.0157387825508386,0.12447767704725266,1.8166005611419678,0.07161974906921387,0.11191720376933159,5.235740607419299,191.51832580566406,0.053623699145824495,2.04957628629836,1.4738674069134654,0,871.0,3305.0,39000.0
ntk_N100_a0.5_wd0.0001_s2,0.5,100,0.0001,2,44,400.0,2.5e-07,ok,,,200000,200000,307,49.4206120967865,10.855002403259277,2,0c2c9fa139cdb9df0506aa0716a97da613a80d40,True,1.1061342775064986e-06,81.79679870605469,171.71478271484375,2.0992848794965524,0.14985321462154388,0.07909435620350247,1.5590271949768066,0.07235896587371826,1.0,1.0,0.000426684768171981,0.0017172517254948616,0.08740681409835815,0.018265509232184382,0.1498904526233673,192000,True,1979.0,1786.0,3662.0,3305.0,1683.0,False,4000.0,3662.0,2021.0,False,4000.0,3662.0,2021.0,False,1185.0,3305.0,2120.0,False,1979.0,4496.0,2517.0,False,3000.0,6776.0,3776.0,False,5520.0,24000.0,18480.0,False,11000.0,,189000.0,True,0.11579859256744385,1.2234543561935425,0.05693536996841431,0.100706705721062,2.4782679252618967,147.16476440429688,0.04566956515916665,1.485785625883174,0.8844091472232193,0.1223364844918251,1.7582790851593018,0.0690644383430481,0.1126098820192804,4.88517717744416,186.27687072753906,0.05254151823634551,2.034266173471193,1.3818899563689317,0,871.0,2983.0,38000.0
ntk_N100_a0.5_wd0.0001_s3,0.5,100,0.0001,3,45,400.0,2.5e-07,ok,,,200000,200000,307,49.69230008125305,10.703452825546265,2,0c2c9fa139cdb9df0506aa0716a97da613a80d40,True,1.051435106091958e-06,83.16825866699219,173.5724639892578,2.087003705154467,0.14768171310424805,0.07670965324660672,1.5830879211425781,0.07557857036590576,1.0,1.0,0.00046449038200080395,0.0022330242209136486,0.08511527627706528,0.019212851189241414,0.14789828658103943,192000,True,1979.0,1786.0,4000.0,3662.0,2021.0,False,4496.0,4058.0,2517.0,False,4496.0,4058.0,2517.0,False,1069.0,3662.0,2593.0,False,1979.0,4981.0,3002.0,False,2983.0,7508.0,4525.0,False,5520.0,28000.0,22480.0,False,11000.0,,189000.0,True,0.1140497475862503,1.2476766109466553,0.052422165870666504,0.1048956940911451,2.5547270844456307,149.27789306640625,0.04477804284591107,1.5101401689081044,0.9002995555909583,0.12088096141815186,1.8121169805526733,0.06574428081512451,0.11640492406453366,5.201387241627064,189.8742218017578,0.05104620509117358,2.08520630866267,1.4325825739827043,0,965.0,4000.0,29000.0
ntk_N100_a0.5_wd0.0001_s4,0.5,100,0.0001,4,46,400.0,2.5e-07,ok,,,200000,200000,307,51.08049297332764,10.729108572006226,2,0c2c9fa139cdb9df0506aa0716a97da613a80d40,True,1.129925180975988e-06,82.50251770019531,172.5703125,2.091697530093575,0.14830957353115082,0.07771341581666269,1.6259968280792236,0.07781940698623657,1.0,1.0,0.00046568165998905897,0.001926997909322381,0.09226221591234207,0.01948231391395663,0.14860981702804565,189000,True,1979.0,1786.0,5520.0,5000.0,3541.0,False,8000.0,7508.0,6021.0,False,8000.0,7508.0,6021.0,False,1185.0,4496.0,3311.0,False,2193.0,6000.0,3807.0,False,3305.0,10000.0,6695.0,False,6776.0,28487.0,21711.0,False,13894.0,,186106.0,True,0.11551225185394287,1.2207890748977661,0.052651047706604004,0.08815671265149386,2.463413673501729,146.06423950195312,0.04273155910477972,1.4805350823538106,0.8816990815739196,0.12413624674081802,1.9267836809158325,0.07488822937011719,0.10258118162850094,5.954393788173353,193.97540283203125,0.05300335442592969,2.199945240683524,1.5529662771035535,0,710.0,3305.0,37000.0
ntk_N100_a0.5_wd0.0003_s0,0.5,100,0.0003,0,42,400.0,7.499999999999999e-07,ok,,,200000,200000,307,49.35932898521423,10.667181253433228,2,0c2c9fa139cdb9df0506aa0716a97da613a80d40,True,1.154337383013626e-06,82.54420471191406,159.141357421875,1.927953124962451,0.1548587828874588,0.08476727610323095,1.4243555068969727,0.07248681783676147,1.0,1.0,0.0013147322461009026,0.0034218733198940754,0.08880666643381119,0.019600675303417615,0.1551123410463333,117000,True,1786.0,1612.0,3000.0,2983.0,1214.0,False,3305.0,3000.0,1519.0,False,3305.0,3000.0,1519.0,False,1313.0,2983.0,1670.0,False,2193.0,4000.0,1807.0,False,3305.0,5520.0,2215.0,False,5520.0,,194480.0,True,,,,True,0.11817486584186554,0.8619645833969116,0.05564475059509277,0.10472189421968807,1.4609628804576666,121.3841323852539,0.04811215254284225,1.1252206013765234,0.5029246908227941,0.12995582818984985,1.4280939102172852,0.06785839796066284,0.1308011724156991,3.2587820372649277,158.10165405273438,0.060144430395834635,1.7104237491456589,1.024742407821066,0,786.0,1979.0,7508.0
ntk_N100_a0.5_wd0.0003_s1,0.5,100,0.0003,1,43,400.0,7.499999999999999e-07,ok,,,200000,200000,307,50.79186201095581,11.337929964065552,2,0c2c9fa139cdb9df0506aa0716a97da613a80d40,True,1.1210936463612597e-06,83.58335876464844,159.405517578125,1.907144196334277,0.15359646081924438,0.08317004146007811,1.3911439180374146,0.07390588521957397,1.0,1.0,0.001349886879324913,0.0039340537041425705,0.08945934474468231,0.018787551778893838,0.1539270281791687,136000,True,2430.0,2193.0,3662.0,3305.0,1232.0,False,3662.0,3305.0,1232.0,False,3662.0,3305.0,1232.0,False,1455.0,3305.0,1850.0,False,2430.0,4000.0,1570.0,False,3305.0,5520.0,2215.0,False,5520.0,,194480.0,True,,,,True,0.12114644050598145,1.1364319324493408,0.058528244495391846,0.10997476567164947,2.2001362217171705,138.7969512939453,0.04976384651466422,1.389093758997311,0.768002657616867,0.1308571994304657,1.4495807886123657,0.06929564476013184,0.13065085003993668,3.3506485199263634,161.5460662841797,0.05922758191923833,1.7041761238065243,1.0688592222920186,0,871.0,2430.0,8000.0
ntk_N100_a0.5_wd0.0003_s2,0.5,100,0.0003,2,44,400.0,7.499999999999999e-07,ok,,,200000,200000,307,50.19187307357788,10.601501703262329,2,0c2c9fa139cdb9df0506aa0716a97da613a80d40,True,1.1026770607713843e-06,81.79679870605469,159.5251922607422,1.9502620491788754,0.15227563679218292,0.08302709053307407,1.420039415359497,0.07259082794189453,1.0,1.0,0.0013170645106583834,0.0032186158932745457,0.08740681409835815,0.018265509232184382,0.15347301959991455,191000,True,1786.0,1612.0,3662.0,3305.0,1876.0,False,3662.0,3305.0,1876.0,False,3662.0,3305.0,1876.0,False,1313.0,2983.0,1670.0,False,2193.0,4000.0,1807.0,False,3305.0,5520.0,2215.0,False,6000.0,,194000.0,True,,,,True,0.11733236908912659,0.8266822695732117,0.05625343322753906,0.10577312345402981,1.3821165042222776,120.06752014160156,0.04740503080672145,1.1052536652641407,0.4597924267028704,0.12924522161483765,1.4639849662780762,0.07032585144042969,0.1307575048349974,3.41342146806958,161.51889038085938,0.05994417187426715,1.7665599304848059,1.0360898266754441,0,871.0,2193.0,9000.0
ntk_N100_a0.5_wd0.0003_s3,0.5,100,0.0003,3,45,400.0,7.499999999999999e-07,ok,,,200000,200000,307,49.90811800956726,10.735370874404907,2,0c2c9fa139cdb9df0506aa0716a97da613a80d40,True,1.0874672398131224e-06,83.16825866699219,159.55209350585938,1.9184253231116692,0.1532209813594818,0.083267497258597,1.4102132320404053,0.07335734367370605,1.0,1.0,0.0013852101983502507,0.00382409431040287,0.08511527627706528,0.019212851189241414,0.15394680202007294,145000,True,1786.0,1612.0,3305.0,3000.0,1519.0,False,4000.0,3662.0,2214.0,False,4000.0,3662.0,2214.0,False,1313.0,3305.0,1992.0,False,2193.0,4058.0,1865.0,False,3305.0,6000.0,2695.0,False,6116.0,,193884.0,True,,,,True,0.11523093283176422,0.8360370397567749,0.05284726619720459,0.10829226558850155,1.3973755222759143,120.87714385986328,0.045826492495762136,1.1134307857242323,0.46298434359547624,0.12960229814052582,1.509321928024292,0.06881457567214966,0.13859932416777393,3.6109267596780374,164.5242156982422,0.06006021646728672,1.8073224615043788,1.0792037994322707,0,965.0,2193.0,9218.0
ntk_N100_a0.5_wd0.0003_s4,0.5,100,0.0003,4,46,400.0,7.499999999999999e-07,ok,,,200000,200000,307,49.70094680786133,11.0116446018219,2,0c2c9fa139cdb9df0506aa0716a97da613a80d40,True,1.1127714287795243e-06,82.50251770019531,159.6482391357422,1.935071117658319,0.15459392964839935,0.08368709970515043,1.4547734260559082,0.0771213173866272,1.0,1.0,0.001342247356660664,0.00354467099532485,0.09226221591234207,0.01948231391395663,0.1549839973449707,156000,True,2193.0,2000.0,4000.0,3662.0,1807.0,False,4496.0,4058.0,2303.0,False,4496.0,4058.0,2303.0,False,1455.0,3305.0,1850.0,False,2430.0,4496.0,2066.0,False,3662.0,6776.0,3114.0,False,6116.0,,193884.0,True,,,,True,0.12012831121683121,1.0232101678848267,0.05855429172515869,0.09909364285684968,1.8712935413465932,130.39891052246094,0.04792005008103799,1.3097031836427526,0.6314943882489924,0.13309845328330994,1.5656193494796753,0.07536619901657104,0.12601633509613966,3.8797459607569658,165.68359375,0.061775168251904794,1.8730765795447448,1.1201670052116008,0,786.0,2193.0,8319.0
ntk_N100_a0.5_wd0.001_s0,0.5,100,0.001,0,42,400.0,2.5e-06,ok,,,200000,200000,307,47.32106328010559,10.284537076950073,2,0c2c9fa139cdb9df0506aa0716a97da613a80d40,True,1.0255267852699035e-06,82.54420471191406,126.85093688964844,1.536763693252221,0.15334804356098175,0.08469882883342948,0.9781395196914673,0.07660996913909912,1.0,1.0,0.009012716822326183,0.015359250828623772,0.08880666643381119,0.019600675303417615,0.15398715436458588,148000,True,2692.0,2430.0,3662.0,3305.0,970.0,False,4000.0,3662.0,1308.0,False,4000.0,3662.0,1308.0,False,2430.0,3662.0,1232.0,False,3662.0,6000.0,2338.0,False,9000.0,,191000.0,True,,,,True,,,,True,0.13165445625782013,0.3624228239059448,0.07312750816345215,0.13196814943473004,0.633200728689311,90.89104461669922,0.06414561268430476,0.6621872495962443,-0.05961689449668426,0.1438986361026764,0.7676869034767151,0.07846438884735107,0.1604608592395418,1.2929289591251614,113.1495590209961,0.07608985540107335,1.0753300087000224,0.3234702723018295,0,965.0,1979.0,3662.0
ntk_N100_a0.5_wd0.001_s1,0.5,100,0.001,1,43,400.0,2.5e-06,ok,,,200000,200000,307,48.13592195510864,10.676851511001587,2,0c2c9fa139cdb9df0506aa0716a97da613a80d40,True,1.0617670795909362e-06,83.58335876464844,126.9349136352539,1.5186625126261497,0.15205329656600952,0.0836506510002948,0.9531965255737305,0.07602143287658691,1.0,1.0,0.008853578008711338,0.01563657820224762,0.08945934474468231,0.018787551778893838,0.15412454307079315,118000,True,2983.0,2692.0,4000.0,3662.0,1017.0,False,4496.0,4058.0,1513.0,False,4496.0,4058.0,1513.0,False,2692.0,4000.0,1308.0,False,4000.0,6000.0,2000.0,False,8000.0,,192000.0,True,,,,True,,,,True,0.1312120258808136,0.31420791149139404,0.06941097974777222,0.13154820574309503,0.5712836681340421,90.6312484741211,0.061548252629965966,0.5809391030960125,-0.07538108992225073,0.1438470184803009,0.7726207375526428,0.07810622453689575,0.15904756724332067,1.3025030877159438,115.74225616455078,0.07493349559204775,1.0448881531144194,0.36547904842762513,0,1185.0,2430.0,4000.0
ntk_N100_a0.5_wd0.001_s2,0.5,100,0.001,2,44,400.0,2.5e-06,ok,,,200000,200000,307,48.14352107048035,10.592045068740845,2,0c2c9fa139cdb9df0506aa0716a97da613a80d40,True,1.0178911225011689e-06,81.79679870605469,127.18885803222656,1.5549368684866625,0.1517496258020401,0.08407110138886474,0.9736942648887634,0.07408392429351807,1.0,1.0,0.00879954919219017,0.014736589044332504,0.08740681409835815,0.018265509232184382,0.153053879737854,51000,True,2692.0,2430.0,4000.0,3662.0,1308.0,False,4496.0,4058.0,1804.0,False,4496.0,4058.0,1804.0,False,2430.0,3662.0,1232.0,False,3662.0,5520.0,1858.0,False,8000.0,,192000.0,True,,,,True,,,,True,0.13064055144786835,0.3025694787502289,0.07120800018310547,0.13396377036155308,0.5635459821053016,89.48741149902344,0.06428864783345334,0.6106791904342345,-0.11084207131309291,0.14409139752388,0.7920448780059814,0.0750470757484436,0.167033321378857,1.3380737880009401,115.21001434326172,0.07664147864442089,1.1187404049211527,0.3198164311275697,0,1185.0,2193.0,4000.0
ntk_N100_a0.5_wd0.001_s3,0.5,100,0.001,3,45,400.0,2.5e-06,ok,,,200000,200000,307,49.06802201271057,10.242191314697266,2,0c2c9fa139cdb9df0506aa0716a97da613a80d40,True,1.054163135449926e-06,83.16825866699219,126.99250793457031,1.5269347942350402,0.1537705659866333,0.08465615228075608,0.9636906385421753,0.07426369190216064,1.0,1.0,0.00881277583539486,0.015462285839021206,0.08511527627706528,0.019212851189241414,0.15531571209430695,101000,True,2692.0,2430.0,4981.0,4496.0,2289.0,False,4981.0,4496.0,2289.0,False,4981.0,4496.0,2289.0,False,2430.0,4058.0,1628.0,False,4000.0,6776.0,2776.0,False,12000.0,,188000.0,True,,,,True,,,,True,0.1312902569770813,0.2434639036655426,0.06916654109954834,0.14297671732599687,0.5024520652160701,86.9251480102539,0.06197542981413702,0.55251221679402,-0.1841906877236572,0.14511768519878387,0.8293642997741699,0.07743209600448608,0.17321765983181553,1.422616297287518,117.34676361083984,0.0758570614681088,1.155439014692735,0.35312897765366263,0,1185.0,2193.0,4000.0
ntk_N100_a0.5_wd0.001_s4,0.5,100,0.001,4,46,400.0,2.5e-06,ok,,,200000,200000,307,49.30341815948486,10.410364866256714,2,0c2c9fa139cdb9df0506aa0716a97da613a80d40,True,1.0752179377959692e-06,82.50251770019531,126.86026000976562,1.537653195878958,0.15382294356822968,0.08463317346655863,1.0089235305786133,0.07964968681335449,1.0,1.0,0.0088151004165411,0.015221339650452137,0.09226221591234207,0.01948231391395663,0.1550540328025818,193000,True,3305.0,3000.0,4058.0,4000.0,753.0,False,4496.0,4058.0,1191.0,False,4496.0,4058.0,1191.0,False,2692.0,4000.0,1308.0,False,4000.0,6000.0,2000.0,False,9000.0,,191000.0,True,,,,True,,,,True,0.13463826477527618,0.4889053404331207,0.07572054862976074,0.12986966371285028,0.8028115741575066,95.96129608154297,0.06758995330560988,0.801368178216105,0.05949975911203467,0.1434548944234848,0.8012935519218445,0.08268564939498901,0.14836499350146626,1.3702329873890935,112.93827056884766,0.07482383670378036,1.1242532672477357,0.3433553162809651,0,1185.0,2193.0,4000.0
ntk_N100_a0.5_wd0.003_s0,0.5,100,0.003,0,42,400.0,7.5e-06,ok,,,200000,200000,307,49.626461029052734,10.51588249206543,2,0c2c9fa139cdb9df0506aa0716a97da613a80d40,True,1.2812796512662317e-06,82.54420471191406,27.887582778930664,0.33785028126760175,0.078157439827919,0.019617910774937977,-1.458864688873291,0.09257388114929199,0.07352941483259201,0.01886792480945587,0.042630814015865326,0.04524112120270729,0.08880666643381119,0.019600675303417615,0.08886239677667618,2,False,,,,,,True,,,,True,,,,True,,,,True,,,,True,,,,True,,,,True,,,,True,,,,,,,,,,,,,,,,,,,0,,,
ntk_N100_a0.5_wd0.003_s1,0.5,100,0.003,1,43,400.0,7.5e-06,ok,,,200000,200000,307,49.54393768310547,10.466349601745605,2,0c2c9fa139cdb9df0506aa0716a97da613a80d40,True,1.3210373026595335e-06,83.58335876464844,27.77393341064453,0.33229022883430126,0.07581347972154617,0.016709394471941384,-1.5034061670303345,0.08991146087646484,0.07352941483259201,0.0,0.042612433433532715,0.04529356211423874,0.08945934474468231,0.018787551778893838,0.08953181654214859,6,False,,,,,,True,,,,True,,,,True,,,,True,,,,True,,,,True,,,,True,,,,True,,,,,,,,,,,,,,,,,,,0,,,
ntk_N100_a0.5_wd0.003_s2,0.5,100,0.003,2,44,400.0,7.5e-06,ok,,,200000,200000,307,48.66392397880554,10.571521759033203,2,0c2c9fa139cdb9df0506aa0716a97da613a80d40,True,1.3501605735655176e-06,81.79679870605469,27.589426040649414,0.3372922470938611,0.07728356868028641,0.01902959501585249,-1.49636971950531,0.09625697135925293,0.07983193546533585,0.01886792480945587,0.04261058568954468,0.04524029418826103,0.08740681409835815,0.018265509232184382,0.08750670403242111,55,False,,,,,,True,,,,True,,,,True,,,,True,,,,True,,,,True,,,,True,,,,True,,,,,,,,,,,,,,,,,,,0,,,
ntk_N100_a0.5_wd0.003_s3,0.5,100,0.003,3,45,400.0,7.5e-06,ok,,,200000,200000,307,49.78653287887573,11.085760354995728,2,0c2c9fa139cdb9df0506aa0716a97da613a80d40,True,1.2376914355627378e-06,83.16825866699219,26.84734535217285,0.32280759249355334,0.07746006548404694,0.019084793841287376,-1.5586826801300049,0.10006886720657349,0.07983193546533585,0.03773584961891174,0.042734935879707336,0.04596918448805809,0.08511527627706528,0.019212851189241414,0.08512762188911438,1,False,,,,,,True,,,,True,,,,True,,,,True,,,,True,,,,True,,,,True,,,,True,,,,,,,,,,,,,,,,,,,0,,,
ntk_N100_a0.5_wd0.003_s4,0.5,100,0.003,4,46,400.0,7.5e-06,ok,,,200000,200000,307,50.23297190666199,10.832891702651978,2,0c2c9fa139cdb9df0506aa0716a97da613a80d40,True,1.4031305681783124e-06,82.50251770019531,26.030366897583008,0.31550997015841836,0.07582084089517593,0.017124520612671452,-1.555173397064209,0.09693729877471924,0.05672268941998482,0.09433962404727936,0.04272022843360901,0.04451248049736023,0.09226221591234207,0.01948231391395663,0.09226898103952408,1,False,,,,,,True,,,,True,,,,True,,,,True,,,,True,,,,True,,,,True,,,,True,,,,,,,,,,,,,,,,,,,0,,,
ntk_N100_a1_wd0_s0,1.0,100,0.0,0,42,100.0,0.0,ok,,,200000,200000,307,50.26643896102905,11.853801488876343,2,0c2c9fa139cdb9df0506aa0716a97da613a80d40,True,1.1899230685230577e-06,82.54420471191406,184.72763061523438,2.2379236829520464,0.09859584271907806,0.032428334488623825,1.9620366096496582,0.08727341890335083,1.0,1.0,0.000948518980294466,0.013715198263525963,0.08880666643381119,0.019600675303417615,0.11146567761898041,8000,True,4496.0,4058.0,15395.0,15000.0,10899.0,False,17000.0,16000.0,12504.0,False,17000.0,16000.0,12504.0,False,1455.0,15000.0,13545.0,False,3662.0,30000.0,26338.0,False,7508.0,,192492.0,True,20000.0,,180000.0,True,155000.0,,45000.0,True,0.10860629379749298,0.9797050952911377,0.045009732246398926,0.0805390177729907,1.7342428868873885,130.96714782714844,0.038742669795196465,1.174765681826638,0.7347154342639154,0.11072040349245071,1.5063388347625732,0.06464755535125732,0.07849310090170808,3.592298545147553,161.83689880371094,0.042185620773851115,1.6870889449620947,1.274900295161424,0,1979.0,,
ntk_N100_a1_wd0_s1,1.0,100,0.0,1,43,100.0,0.0,ok,,,200000,200000,307,47.4348509311676,10.814741134643555,2,0c2c9fa139cdb9df0506aa0716a97da613a80d40,True,1.0925707556452835e-06,83.58335876464844,191.09632873535156,2.286296358027858,0.09767049551010132,0.02913045066950585,1.9893194437026978,0.08694291114807129,1.0,1.0,0.0010947207920253277,0.02569540962576866,0.08945934474468231,0.018787551778893838,0.10803808271884918,11317,True,4496.0,4058.0,34000.0,33000.0,29504.0,False,46000.0,45000.0,41504.0,False,46000.0,45000.0,41504.0,False,1612.0,33000.0,31388.0,False,3662.0,,196338.0,True,8319.0,,191681.0,True,25710.0,,174290.0,True,,,,True,0.10584823042154312,0.9723588824272156,0.044124722480773926,0.06950171171646931,1.7136745344213493,131.47348022460938,0.03444090070194303,1.141858424554447,0.7570515711143555,0.10516366362571716,1.7025160789489746,0.07426953315734863,0.05933207481996327,4.577657736726681,173.4134521484375,0.03537407805564401,1.833029935462762,1.5289435736213697,0,2193.0,,
ntk_N100_a1_wd0_s2,1.0,100,0.0,2,44,100.0,0.0,ok,,,200000,200000,307,47.15354800224304,10.682864904403687,2,0c2c9fa139cdb9df0506aa0716a97da613a80d40,True,1.1327637139402214e-06,81.79679870605469,188.86123657226562,2.308907433540989,0.09965819865465164,0.03200287983636255,1.9732664823532104,0.08557498455047607,1.0,1.0,0.0008548198966309428,0.015256435610353947,0.08740681409835815,0.018265509232184382,0.11170380562543869,10214,True,3305.0,3000.0,17000.0,16000.0,13695.0,False,25000.0,24000.0,21695.0,False,25000.0,24000.0,21695.0,False,1612.0,17000.0,15388.0,False,3662.0,34000.0,30338.0,False,7508.0,,192492.0,True,20000.0,,180000.0,True,109000.0,,91000.0,True,0.1052619144320488,0.7694703936576843,0.04169517755508423,0.0755258020824973,1.2338707210716187,119.24916076660156,0.034492979916359065,0.9611433487876859,0.5444468522928783,0.10884568095207214,1.6117510795593262,0.07422131299972534,0.07414953330048484,4.103253802296471,167.9412841796875,0.039215323538998495,1.788331157997725,1.4050010336892476,0,2193.0,,
ntk_N100_a1_wd0_s3,1.0,100,0.0,3,45,100.0,0.0,ok,,,200000,200000,307,48.25430107116699,11.264578580856323,2,0c2c9fa139cdb9df0506aa0716a97da613a80d40,True,1.161128011517576e-06,83.16825866699219,190.32774353027344,2.2884661357688216,0.09388451278209686,0.028557884240506363,2.034156560897827,0.08342611789703369,1.0,0.9811320900917053,0.0010237059323117137,0.019810829311609268,0.08511527627706528,0.019212851189241414,0.10801934450864792,10000,True,3662.0,3305.0,23000.0,22000.0,19338.0,False,,,196338.0,True,,,196338.0,True,1455.0,25710.0,24255.0,False,3305.0,163000.0,159695.0,False,7508.0,,192492.0,True,23000.0,,177000.0,True,,,,True,0.10383982956409454,0.8564672470092773,0.03883957862854004,0.08011022127304793,1.4207348081802709,124.9486312866211,0.03570515182639193,1.0548777576116903,0.6203256658599039,,,,,,,,,,0,2692.0,,
ntk_N100_a1_wd0_s4,1.0,100,0.0,4,46,100.0,0.0,ok,,,200000,200000,307,48.893040895462036,11.167635202407837,2,0c2c9fa139cdb9df0506aa0716a97da613a80d40,True,1.0752179377959692e-06,82.50251770019531,187.18458557128906,2.268834828186655,0.10053882002830505,0.030853820714394516,1.9980806112289429,0.08782756328582764,1.0,1.0,0.0010217195376753807,0.01829454116523266,0.09226221591234207,0.01948231391395663,0.11249783635139465,12539,True,2983.0,2692.0,25000.0,24000.0,22017.0,False,33000.0,32000.0,30017.0,False,33000.0,32000.0,30017.0,False,1612.0,25000.0,23388.0,False,3662.0,92000.0,88338.0,False,8000.0,,192000.0,True,24000.0,,176000.0,True,,,,True,0.1064370647072792,0.7088935971260071,0.035330891609191895,0.06645721596792543,1.0991198826308568,116.32088470458984,0.03291286352007522,0.888033841070811,0.5036572735100926,0.11071807891130447,1.6878175735473633,0.07343769073486328,0.06736721915153751,4.496860892137247,171.03250122070312,0.038031620298146857,1.8576466012450226,1.4872147961058855,0,1612.0,,
ntk_N100_a1_wd3e-06_s0,1.0,100,3e-06,0,42,100.0,3.0000000000000004e-08,ok,,,200000,200000,307,49.17046594619751,10.96641755104065,2,0c2c9fa139cdb9df0506aa0716a97da613a80d40,True,1.0787729252115241e-06,82.54420471191406,174.14744567871094,2.109747695631687,0.10340771824121475,0.03505177004702212,1.8315356969833374,0.07873570919036865,1.0,1.0,0.0008959390688687563,0.011568449437618256,0.08880666643381119,0.019600675303417615,0.11212795972824097,10000,True,4496.0,4058.0,15395.0,15000.0,10899.0,False,16000.0,15395.0,11504.0,False,16000.0,15395.0,11504.0,False,1455.0,15000.0,13545.0,False,3662.0,25710.0,22048.0,False,7508.0,,192492.0,True,19000.0,,181000.0,True,134000.0,,66000.0,True,0.10865501314401627,0.9723768830299377,0.04503285884857178,0.08069135858143746,1.7151165954958194,130.333740234375,0.03884187568516575,1.1698132320468497,0.7237368872932042,0.11142300069332123,1.4769601821899414,0.06440621614456177,0.08057210635044673,3.462074714791458,159.69039916992188,0.04264535943349888,1.6657383489120536,1.2335671373197596,0,1979.0,,
ntk_N100_a1_wd3e-06_s1,1.0,100,3e-06,1,43,100.0,3.0000000000000004e-08,ok,,,200000,200000,307,48.39939093589783,10.937225818634033,2,0c2c9fa139cdb9df0506aa0716a97da613a80d40,True,1.1424625654399279e-06,83.58335876464844,174.3710174560547,2.086192993835573,0.10302185267210007,0.03379737163319117,1.7962565422058105,0.07776129245758057,1.0,1.0,0.0009041851735673845,0.015990260988473892,0.08945934474468231,0.018787551778893838,0.1084953173995018,18000,True,4496.0,4058.0,28000.0,27000.0,23504.0,False,29000.0,28487.0,24504.0,False,29000.0,28487.0,24504.0,False,1612.0,25710.0,24098.0,False,3662.0,58408.0,54746.0,False,8000.0,,192000.0,True,24000.0,,176000.0,True,148000.0,,52000.0,True,0.10590220242738724,0.9642446637153625,0.044211745262145996,0.06964635833620166,1.6927581690392317,130.8336639404297,0.03450173258212244,1.1348785967457578,0.7467640094937744,0.10782631486654282,1.595967173576355,0.07058477401733398,0.06715018205756956,4.0206557473903315,165.83343505859375,0.03794162955997637,1.7474432222566558,1.3920028367943569,0,2193.0,,
ntk_N100_a1_wd3e-06_s2,1.0,100,3e-06,2,44,100.0,3.0000000000000004e-08,ok,,,200000,200000,307,47.97199106216431,10.807437896728516,2,0c2c9fa139cdb9df0506aa0716a97da613a80d40,True,1.0322139587515267e-06,81.79679870605469,175.18910217285156,2.1417598847897685,0.10563196241855621,0.036059676343634606,1.8115808963775635,0.0758126974105835,1.0,1.0,0.00075401650974527,0.010460767894983292,0.08740681409835815,0.018265509232184382,0.11190977692604065,11000,True,3305.0,3000.0,18000.0,17057.0,14695.0,False,24000.0,23204.0,20695.0,False,24000.0,23204.0,20695.0,False,1612.0,15395.0,13783.0,False,3662.0,28000.0,24338.0,False,7508.0,,192492.0,True,20000.0,,180000.0,True,84000.0,,116000.0,True,0.10524959862232208,0.7625501751899719,0.04179739952087402,0.07542437495122536,1.219569859366046,118.71055603027344,0.03455618908378923,0.9564896816956708,0.533946007976065,0.11017809808254242,1.5739318132400513,0.0720299482345581,0.07829918363739986,3.9153903583062633,164.8599090576172,0.04047120402363451,1.762075799177776,1.3487130356854975,0,2193.0,,
ntk_N100_a1_wd3e-06_s3,1.0,100,3e-06,3,45,100.0,3.0000000000000004e-08,ok,,,200000,200000,307,48.350994348526,10.777258157730103,2,0c2c9fa139cdb9df0506aa0716a97da613a80d40,True,1.2562193205667427e-06,83.16825866699219,177.48028564453125,2.1339906412513314,0.10042699426412582,0.032632758355224556,1.850770115852356,0.0785754919052124,1.0,1.0,0.0010414671851322055,0.01680353470146656,0.08511527627706528,0.019212851189241414,0.10875285416841507,12000,True,3662.0,3305.0,23000.0,22000.0,19338.0,False,127000.0,126000.0,123338.0,False,127000.0,126000.0,123338.0,False,1612.0,22000.0,20388.0,False,3662.0,70000.0,66338.0,False,7508.0,,192492.0,True,23000.0,,177000.0,True,,,,True,0.10394621640443802,0.8478326797485352,0.03878581523895264,0.08053527918091559,1.4007904793819446,124.36904907226562,0.035795737103551106,1.0475062722973425,0.6095462920939356,0.10120416432619095,1.8184854984283447,0.07752424478530884,0.05898004708683455,5.254234448613062,176.14031982421875,0.033312906288226876,1.9703958298087714,1.6388686936521581,0,2692.0,,
ntk_N100_a1_wd3e-06_s4,1.0,100,3e-06,4,46,100.0,3.0000000000000004e-08,ok,,,200000,200000,307,50.00886392593384,11.030503273010254,2,0c2c9fa139cdb9df0506aa0716a97da613a80d40,True,1.1183083188370802e-06,82.50251770019531,175.1270294189453,2.122687092475612,0.10610301792621613,0.034957894338217915,1.8439147472381592,0.08067554235458374,1.0,1.0,0.0009394946391694248,0.014176604337990284,0.09226221591234207,0.01948231391395663,0.11280553042888641,13000,True,2983.0,2692.0,27000.0,26000.0,24017.0,False,34000.0,33000.0,31017.0,False,34000.0,33000.0,31017.0,False,1612.0,25000.0,23388.0,False,3662.0,58000.0,54338.0,False,8000.0,,192000.0,True,24000.0,,176000.0,True,160000.0,,40000.0,True,0.10637031495571136,0.7036852240562439,0.03517806529998779,0.06629053858013063,1.0885899528188663,115.80921173095703,0.03290874852010491,0.8854713708316844,0.4945329893529736,0.11086688935756683,1.667285680770874,0.07424873113632202,0.06760620586677289,4.388339229768443,168.8845977783203,0.03843024561841449,1.849731434797887,1.447251493421382,0,1612.0,,
ntk_N100_a1_wd1e-05_s0,1.0,100,1e-05,0,42,100.0,1.0000000000000001e-07,ok,,,200000,200000,307,48.78766894340515,11.054939031600952,2,0c2c9fa139cdb9df0506aa0716a97da613a80d40,True,1.0823645197888254e-06,82.54420471191406,159.58937072753906,1.9333806811092171,0.11113206297159195,0.04188295578035461,1.6067830324172974,0.0756995677947998,1.0,1.0,0.000814843166153878,0.009120467118918896,0.08880666643381119,0.019600675303417615,0.11353563517332077,15000,True,4496.0,4058.0,13000.0,12539.0,8504.0,False,16000.0,15395.0,11504.0,False,16000.0,15395.0,11504.0,False,1612.0,13894.0,12282.0,False,3662.0,23000.0,19338.0,False,7508.0,83000.0,75492.0,False,18900.0,,181100.0,True,97545.0,,102455.0,True,0.10907230526208878,0.9521625638008118,0.0455896258354187,0.08177889189618105,1.6638900541625345,128.93739318847656,0.039151058031994576,1.153419139439882,0.6967714695834787,0.11345101147890091,1.4264615774154663,0.06496131420135498,0.08612075154865771,3.2483130836628633,156.14012145996094,0.04387600629586752,1.6281781417043812,1.1629538938337458,0,1979.0,,
ntk_N100_a1_wd1e-05_s1,1.0,100,1e-05,1,43,100.0,1.0000000000000001e-07,ok,,,200000,200000,307,46.78809690475464,10.323180913925171,2,0c2c9fa139cdb9df0506aa0716a97da613a80d40,True,1.0617670795909362e-06,83.58335876464844,156.82330322265625,1.8762503151402983,0.1133778914809227,0.04290412290736632,1.5162484645843506,0.07202506065368652,1.0,1.0,0.0008581602014601231,0.011987216770648956,0.08945934474468231,0.018787551778893838,0.11338906735181808,164000,True,4496.0,4058.0,23000.0,22000.0,18504.0,False,33000.0,32000.0,28504.0,False,33000.0,32000.0,28504.0,False,1612.0,20000.0,18388.0,False,3662.0,38751.0,35089.0,False,8000.0,,192000.0,True,22000.0,,178000.0,True,104000.0,,96000.0,True,0.10612598806619644,0.943600594997406,0.04405772686004639,0.07048340367010715,1.639768097683675,129.24664306640625,0.03463278292157002,1.1181752185331635,0.7201109026375534,0.11076366901397705,1.5370885133743286,0.06816136837005615,0.07581816255644416,3.7368500768487816,160.12295532226562,0.04016897911395943,1.7075855500313049,1.2981937361687936,0,2193.0,,
ntk_N100_a1_wd1e-05_s2,1.0,100,1e-05,2,44,100.0,1.0000000000000001e-07,ok,,,200000,200000,307,48.55395293235779,10.799833536148071,2,0c2c9fa139cdb9df0506aa0716a97da613a80d40,True,1.054632775776554e-06,81.79679870605469,160.06983947753906,1.9569205886989134,0.11239167302846909,0.04276770969516283,1.5800840854644775,0.07378220558166504,1.0,1.0,0.0007595475181005895,0.008274349384009838,0.08740681409835815,0.018265509232184382,0.11303766071796417,12000,True,3305.0,3000.0,15000.0,14000.0,11695.0,False,18900.0,18000.0,15595.0,False,18900.0,18000.0,15595.0,False,1612.0,15000.0,13388.0,False,3662.0,23000.0,19338.0,False,7508.0,79000.0,71492.0,False,18900.0,,181100.0,True,73000.0,,127000.0,True,0.10557006299495697,0.7436870336532593,0.04193735122680664,0.07646706953276353,1.1809138458065973,117.49009704589844,0.03480840241305143,0.9404982107536507,0.5104521647488658,0.1121218353509903,1.4747835397720337,0.06969469785690308,0.08431276692152459,3.4592883848384424,158.52218627929688,0.04234944760738177,1.6875032099010356,1.2094823136559323,0,2193.0,,
ntk_N100_a1_wd1e-05_s3,1.0,100,1e-05,3,45,100.0,1.0000000000000001e-07,ok,,,200000,200000,307,50.441014766693115,11.442164421081543,2,0c2c9fa139cdb9df0506aa0716a97da613a80d40,True,1.0960975487250835e-06,83.16825866699219,160.1190643310547,1.9252424770870276,0.11021771281957626,0.04092880243200474,1.5866737365722656,0.07114923000335693,1.0,1.0,0.0009708735742606223,0.01175926998257637,0.08511527627706528,0.019212851189241414,0.11040852963924408,166000,True,3662.0,3305.0,20941.0,20000.0,17279.0,False,44000.0,43000.0,40338.0,False,44000.0,43000.0,40338.0,False,1612.0,18000.0,16388.0,False,3662.0,34974.0,31312.0,False,7508.0,,192492.0,True,20941.0,,179059.0,True,182000.0,,18000.0,True,0.10411851853132248,0.8303935527801514,0.03883546590805054,0.08112634085809191,1.3613285850878454,123.04448699951172,0.03598630543637218,1.0348059673624874,0.5845315408743986,0.10887535661458969,1.571265697479248,0.06814497709274292,0.08176489333509494,3.89780919194989,161.08494567871094,0.03973312987150417,1.775785742258814,1.3071053378147424,0,2692.0,,
ntk_N100_a1_wd1e-05_s4,1.0,100,1e-05,4,46,100.0,1.0000000000000001e-07,ok,,,200000,200000,307,49.26664662361145,11.234245300292969,2,0c2c9fa139cdb9df0506aa0716a97da613a80d40,True,1.0752179377959692e-06,82.50251770019531,161.44447326660156,1.9568429881530678,0.1118369996547699,0.041095465948602125,1.651124119758606,0.07784867286682129,1.0,1.0,0.0008953327778726816,0.010642695240676403,0.09226221591234207,0.01948231391395663,0.11370716989040375,15000,True,3000.0,2983.0,30000.0,29000.0,27000.0,False,36000.0,35000.0,33000.0,False,36000.0,35000.0,33000.0,False,1612.0,20941.0,19329.0,False,3662.0,41000.0,37338.0,False,8000.0,,192000.0,True,23000.0,,177000.0,True,128000.0,,72000.0,True,0.10660628229379654,0.6889241933822632,0.035427212715148926,0.06704700794890797,1.0603430038919657,114.82307434082031,0.03306395431128223,0.8732919578725145,0.4756473871939541,0.11185000091791153,1.6141685247421265,0.07313656806945801,0.07045442966036532,4.114005859478178,162.85060119628906,0.03998000686134856,1.822474170735618,1.3527448797949624,0,1612.0,,
ntk_N100_a1_wd3e-05_s0,1.0,100,3e-05,0,42,100.0,3e-07,ok,,,200000,200000,307,49.0642511844635,10.860482215881348,2,0c2c9fa139cdb9df0506aa0716a97da613a80d40,True,1.1731855238394928e-06,82.54420471191406,139.8523712158203,1.69427244109888,0.1267153024673462,0.05590948081817716,1.245798110961914,0.07202255725860596,1.0,1.0,0.0008605868788436055,0.006125347688794136,0.08880666643381119,0.019600675303417615,0.1267153024673462,200000,True,4496.0,4058.0,12000.0,11317.0,7504.0,False,15000.0,14000.0,10504.0,False,15000.0,14000.0,10504.0,False,1612.0,11000.0,9388.0,False,3662.0,17000.0,13338.0,False,7000.0,38751.0,31751.0,False,17000.0,,183000.0,True,109000.0,,91000.0,True,0.10982654243707657,0.899731457233429,0.04639327526092529,0.08383747450023345,1.5351441081372026,125.01692199707031,0.03984707371822345,1.112573518383796,0.6249675622473173,0.11730345338582993,1.3310730457305908,0.06528282165527344,0.09687906775401073,2.872460604798484,148.1171112060547,0.04704606643407398,1.5607274698461577,1.0184752858523538,0,1786.0,45000.0,
ntk_N100_a1_wd3e-05_s1,1.0,100,3e-05,1,43,100.0,3e-07,ok,,,200000,200000,307,50.279287815093994,10.97715139389038,2,0c2c9fa139cdb9df0506aa0716a97da613a80d40,True,1.1524423371156445e-06,83.58335876464844,138.6797637939453,1.6591791218205971,0.12724454700946808,0.0563198998145423,1.1908237934112549,0.07385087013244629,1.0,1.0,0.0008844343828968704,0.007102356757968664,0.08945934474468231,0.018787551778893838,0.12727142870426178,199000,True,4000.0,3662.0,17000.0,16000.0,13000.0,False,18000.0,17057.0,14000.0,False,18000.0,17057.0,14000.0,False,1612.0,15000.0,13388.0,False,4000.0,23000.0,19000.0,False,8000.0,64000.0,56000.0,False,20000.0,,180000.0,True,104000.0,,96000.0,True,0.10587222874164581,0.8126574158668518,0.04212331771850586,0.07055642815668284,1.327451141758297,121.10480499267578,0.034424718730806075,0.9909915954980707,0.5821922981911087,0.11509816348552704,1.3476881980895996,0.06412434577941895,0.08940931512213046,2.9338754212230334,149.15037536621094,0.044343790443926584,1.5586621664346099,1.0407734340745647,0,2193.0,58000.0,
ntk_N100_a1_wd3e-05_s2,1.0,100,3e-05,2,44,100.0,3e-07,ok,,,200000,200000,307,49.41200089454651,11.049704790115356,2,0c2c9fa139cdb9df0506aa0716a97da613a80d40,True,1.2287654271858628e-06,81.79679870605469,141.57839965820312,1.7308550199743127,0.12348531931638718,0.0534635368048093,1.2708717584609985,0.0744326114654541,1.0,1.0,0.0008805280667729676,0.005975926760584116,0.08740681409835815,0.018265509232184382,0.12349963188171387,198000,True,3305.0,3000.0,11317.0,11000.0,8012.0,False,13894.0,13000.0,10589.0,False,13894.0,13000.0,10589.0,False,1612.0,11317.0,9705.0,False,3662.0,16000.0,12338.0,False,7508.0,33000.0,25492.0,False,17000.0,,183000.0,True,91000.0,,109000.0,True,0.10597508400678635,0.6911322474479675,0.0417671799659729,0.07798895508358007,1.0764305983924065,114.09386444091797,0.03525463769394608,0.8971534497035775,0.44326642786549364,0.1162208616733551,1.318602442741394,0.06569218635559082,0.09731095423364469,2.8264588329391045,148.46578979492188,0.045545327124280235,1.5642395870221881,0.998843640069554,0,2193.0,73000.0,
ntk_N100_a1_wd3e-05_s3,1.0,100,3e-05,3,45,100.0,3e-07,ok,,,200000,200000,307,48.714110136032104,11.10568380355835,2,0c2c9fa139cdb9df0506aa0716a97da613a80d40,True,1.137107801696402e-06,83.16825866699219,138.5437774658203,1.6658251559715,0.12707863748073578,0.056835999203436266,1.202650785446167,0.0695425271987915,1.0,1.0,0.0008865887066349387,0.006201151292771101,0.08511527627706528,0.019212851189241414,0.12707863748073578,200000,True,3662.0,3305.0,17057.0,17000.0,13395.0,False,28000.0,27000.0,24338.0,False,28000.0,27000.0,24338.0,False,1612.0,13894.0,12282.0,False,3662.0,22000.0,18338.0,False,7508.0,47575.0,40067.0,False,20000.0,,180000.0,True,111000.0,,89000.0,True,0.10492175817489624,0.7768258452415466,0.03925514221191406,0.08373600204951819,1.2451169250278842,119.3515853881836,0.036547228268751314,0.9922277003130213,0.5123558713343287,0.11499282717704773,1.3802179098129272,0.06769323348999023,0.09889564363228857,3.064884509688236,149.1993408203125,0.04533982792166469,1.6152048719560883,1.0608047095437416,0,2430.0,66000.0,
ntk_N100_a1_wd3e-05_s4,1.0,100,3e-05,4,46,100.0,3e-07,ok,,,200000,200000,307,49.98945093154907,11.557233810424805,2,0c2c9fa139cdb9df0506aa0716a97da613a80d40,True,1.2308892110013403e-06,82.50251770019531,142.15737915039062,1.723067163440687,0.1253013014793396,0.05297445080728387,1.3243649005889893,0.07672548294067383,1.0,1.0,0.0009633684530854225,0.007944382727146149,0.09226221591234207,0.01948231391395663,0.1253013014793396,200000,True,3305.0,3000.0,17000.0,16000.0,13695.0,False,23000.0,22000.0,19695.0,False,23000.0,22000.0,19695.0,False,1612.0,15000.0,13388.0,False,4000.0,23000.0,19000.0,False,8000.0,52714.0,44714.0,False,20000.0,,180000.0,True,170000.0,,30000.0,True,0.1075010597705841,0.7016569972038269,0.037790536880493164,0.06905954430308868,1.0894653529907445,114.66030883789062,0.034245745162119375,0.9037239695084863,0.459817251659662,0.11822953820228577,1.4284216165542603,0.0698443055152893,0.08865217933584894,3.262683111917942,150.6192169189453,0.04518845354944648,1.6737351416136204,1.1041258912849548,0,1612.0,34000.0,
ntk_N100_a1_wd0.0001_s0,1.0,100,0.0001,0,42,100.0,1e-06,ok,,,200000,200000,307,49.43715143203735,11.115167617797852,2,0c2c9fa139cdb9df0506aa0716a97da613a80d40,True,1.0717196801124373e-06,82.54420471191406,121.8460693359375,1.4761311198186489,0.14114722609519958,0.072095254798004,0.9335888624191284,0.0709875226020813,1.0,1.0,0.0014919565292075276,0.005546894855797291,0.08880666643381119,0.019600675303417615,0.14114722609519958,200000,True,4000.0,3662.0,10000.0,9218.0,6000.0,False,10000.0,9218.0,6000.0,False,10000.0,9218.0,6000.0,False,1786.0,8000.0,6214.0,False,4000.0,11317.0,7317.0,False,7508.0,22000.0,14492.0,False,16000.0,,184000.0,True,,,,True,0.11136237531900406,0.648021399974823,0.04618430137634277,0.08909233491860105,1.0039373922301216,109.62290954589844,0.041206857137055145,0.8811971664163977,0.33788427008146793,0.12256481498479843,1.0638768672943115,0.06400513648986816,0.11249141484209418,1.992925252178386,129.95738220214844,0.052350561937014976,1.3349203817283153,0.6730526884741957,0,1786.0,8319.0,136000.0
ntk_N100_a1_wd0.0001_s1,1.0,100,0.0001,1,43,100.0,1e-06,ok,,,200000,200000,307,49.19257688522339,10.822880029678345,2,0c2c9fa139cdb9df0506aa0716a97da613a80d40,True,1.0617670795909362e-06,83.58335876464844,122.43384552001953,1.4648112654190548,0.14043152332305908,0.07062247381524005,0.8961116671562195,0.07223242521286011,1.0,1.0,0.0015559610910713673,0.006765739526599646,0.08945934474468231,0.018787551778893838,0.14046494662761688,173000,True,4000.0,3662.0,10214.0,10000.0,6214.0,False,15000.0,14000.0,11000.0,False,15000.0,14000.0,11000.0,False,1786.0,10000.0,8214.0,False,4496.0,13000.0,8504.0,False,8000.0,23000.0,15000.0,False,17000.0,,183000.0,True,,,,True,0.10764310508966446,0.6173550486564636,0.04270368814468384,0.0764161381561419,0.9421764343798508,108.73685455322266,0.03604801459399634,0.8232969900449343,0.3386665185431596,0.12589234113693237,1.0524202585220337,0.06735861301422119,0.11815205594131957,1.9653368673723697,130.0139617919922,0.05490771571825485,1.299267552483858,0.6776959846163702,0,2193.0,10000.0,140000.0
ntk_N100_a1_wd0.0001_s2,1.0,100,0.0001,2,44,100.0,1e-06,ok,,,200000,200000,307,50.37357997894287,10.91835069656372,2,0c2c9fa139cdb9df0506aa0716a97da613a80d40,True,1.0364619811298326e-06,81.79679870605469,122.55020141601562,1.4982273555278431,0.14165173470973969,0.07157491285497333,0.9117883443832397,0.06856793165206909,1.0,1.0,0.0014726428780704737,0.005428476724773645,0.08740681409835815,0.018265509232184382,0.141695037484169,179000,True,3305.0,3000.0,10000.0,9218.0,6695.0,False,10000.0,9218.0,6695.0,False,10000.0,9218.0,6695.0,False,1786.0,9000.0,7214.0,False,4000.0,11317.0,7317.0,False,7508.0,20000.0,12492.0,False,16000.0,,184000.0,True,,,,True,0.10751679539680481,0.5176157355308533,0.043351054191589355,0.08237287112896313,0.7779507009797547,103.4216079711914,0.036767091415674025,0.750825153696992,0.22445788674312403,0.12135330587625504,1.0485472679138184,0.06577920913696289,0.11171406367594258,1.9521507507710385,129.880859375,0.05149526312822121,1.3338919036087395,0.652009521676584,0,1979.0,9218.0,79000.0
ntk_N100_a1_wd0.0001_s3,1.0,100,0.0001,3,45,100.0,1e-06,ok,,,200000,200000,307,49.84434795379639,11.266737937927246,2,0c2c9fa139cdb9df0506aa0716a97da613a80d40,True,1.0646375585565693e-06,83.16825866699219,122.23259735107422,1.4697024960026712,0.14369124174118042,0.07229366262069445,0.8997138738632202,0.07054531574249268,1.0,1.0,0.0015523085603490472,0.005812474526464939,0.08511527627706528,0.019212851189241414,0.14369124174118042,200000,True,3305.0,3000.0,10000.0,9218.0,6695.0,False,13000.0,12539.0,9695.0,False,13000.0,12539.0,9695.0,False,1786.0,9000.0,7214.0,False,4000.0,12539.0,8539.0,False,7508.0,23000.0,15492.0,False,18900.0,,181100.0,True,,,,True,0.10534875839948654,0.5351021885871887,0.038286805152893066,0.0860284542223726,0.7946669523843258,104.8487548828125,0.036759695771934775,0.7672525044998113,0.2423162080863713,0.12360775470733643,1.0752837657928467,0.06394922733306885,0.1253153472338635,2.0255696062705715,131.0121307373047,0.05303714274983036,1.3556896570667338,0.672593076578306,0,2430.0,10000.0,57000.0
ntk_N100_a1_wd0.0001_s4,1.0,100,0.0001,4,46,100.0,1e-06,ok,,,200000,200000,307,49.08575892448425,10.809505701065063,2,0c2c9fa139cdb9df0506aa0716a97da613a80d40,True,1.0752179377959692e-06,82.50251770019531,121.69863891601562,1.4750900009894792,0.14209336042404175,0.0718966087521978,0.9594300389289856,0.07619655132293701,1.0,1.0,0.0015167095698416233,0.0058339498937129974,0.09226221591234207,0.01948231391395663,0.14252738654613495,198000,True,4000.0,3662.0,12539.0,12000.0,8539.0,False,13894.0,13000.0,9894.0,False,13894.0,13000.0,9894.0,False,1979.0,10000.0,8021.0,False,4496.0,13000.0,8504.0,False,8000.0,25000.0,17000.0,False,18900.0,,181100.0,True,,,,True,0.1104944720864296,0.6392986178398132,0.04352462291717529,0.07656599012038473,0.9829942326056001,108.72735595703125,0.03754703832980283,0.8861388854716257,0.3199498779719369,0.12533219158649445,1.1288779973983765,0.07004642486572266,0.1079800592304001,2.1932740184442787,131.37954711914062,0.053483485886479186,1.4132082151247565,0.729035917515308,0,1786.0,9000.0,110000.0
ntk_N100_a1_wd0.0003_s0,1.0,100,0.0003,0,42,100.0,2.9999999999999997e-06,ok,,,200000,200000,307,49.78350114822388,10.903520584106445,2,0c2c9fa139cdb9df0506aa0716a97da613a80d40,True,1.1134870874229819e-06,82.54420471191406,106.07112121582031,1.2850220265131524,0.14713479578495026,0.0779852180206857,0.6481765508651733,0.0693315863609314,1.0,1.0,0.004625275265425444,0.010149888694286346,0.08880666643381119,0.019600675303417615,0.14786654710769653,159000,True,4496.0,4058.0,7508.0,7000.0,3012.0,False,8319.0,8000.0,3823.0,False,8319.0,8000.0,3823.0,False,2692.0,7000.0,4308.0,False,5520.0,10000.0,4480.0,False,9000.0,,191000.0,True,,,,True,,,,True,0.11720770597457886,0.26984262466430664,0.05246239900588989,0.10383751024109175,0.4830942219155577,87.62310791015625,0.04741558180060157,0.5485679397582901,-0.1295332884343262,0.12998361885547638,0.6139016151428223,0.06695330142974854,0.13150497686349633,0.9827944011855626,103.10330963134766,0.06173325848663149,0.9077062506520953,0.1804492888319164,0,1979.0,5520.0,17057.0
ntk_N100_a1_wd0.0003_s1,1.0,100,0.0003,1,43,100.0,2.9999999999999997e-06,ok,,,200000,200000,307,48.83924317359924,11.0427405834198,2,0c2c9fa139cdb9df0506aa0716a97da613a80d40,True,1.1903242693733773e-06,83.58335876464844,105.86243438720703,1.2665491785905776,0.1456659585237503,0.07664899879504697,0.601308286190033,0.07069826126098633,1.0,1.0,0.004862827714532614,0.011033537797629833,0.08945934474468231,0.018787551778893838,0.14633730053901672,166000,True,5520.0,5000.0,9218.0,9000.0,3698.0,False,11000.0,10214.0,5480.0,False,11000.0,10214.0,5480.0,False,2983.0,8319.0,5336.0,False,6000.0,11000.0,5000.0,False,10000.0,,190000.0,True,,,,True,,,,True,0.11747491359710693,0.29803937673568726,0.05269503593444824,0.10258503137776064,0.512391470381261,89.82474517822266,0.045484852733247136,0.5611450037101403,-0.1000963625088892,0.13501425087451935,0.6302870512008667,0.06960809230804443,0.14183071814845205,1.0161795708988384,106.28274536132812,0.06427820779838081,0.8978276629283334,0.21882985337530905,0,2193.0,6116.0,17000.0
ntk_N100_a1_wd0.0003_s2,1.0,100,0.0003,2,44,100.0,2.9999999999999997e-06,ok,,,200000,200000,307,49.367071866989136,10.416858196258545,2,0c2c9fa139cdb9df0506aa0716a97da613a80d40,True,1.1065407079513534e-06,81.79679870605469,105.90055847167969,1.2946785222273107,0.1465967446565628,0.07809237230093319,0.6300788521766663,0.06789946556091309,1.0,1.0,0.00466703437268734,0.009776786901056767,0.08740681409835815,0.018265509232184382,0.14688515663146973,158000,True,4496.0,4058.0,8319.0,8000.0,3823.0,False,9000.0,8319.0,4504.0,False,9000.0,8319.0,4504.0,False,2692.0,7508.0,4816.0,False,5520.0,10214.0,4694.0,False,10000.0,57000.0,47000.0,False,,,,True,,,,True,0.11557777225971222,0.2277650386095047,0.054016172885894775,0.10184019703076196,0.44844291942467945,86.59586334228516,0.04588946918225516,0.5254006897562125,-0.18296962136346606,0.1314363330602646,0.5792264938354492,0.06705629825592041,0.13910688003954624,0.924683775021824,102.69501495361328,0.062365792839573345,0.8913780609129067,0.13334270218873961,0,2193.0,5520.0,15000.0
ntk_N100_a1_wd0.0003_s3,1.0,100,0.0003,3,45,100.0,2.9999999999999997e-06,ok,,,200000,200000,307,50.66169309616089,10.779794931411743,2,0c2c9fa139cdb9df0506aa0716a97da613a80d40,True,1.1070845857830136e-06,83.16825866699219,105.84107208251953,1.2726137805326652,0.14969556033611298,0.0788378112397542,0.6115725636482239,0.07143813371658325,1.0,1.0,0.004707013256847858,0.01056167297065258,0.08511527627706528,0.019212851189241414,0.14977291226387024,150000,True,3662.0,3305.0,11000.0,10214.0,7338.0,False,11000.0,10214.0,7338.0,False,11000.0,10214.0,7338.0,False,2692.0,8000.0,5308.0,False,5520.0,12000.0,6480.0,False,10000.0,,190000.0,True,,,,True,,,,True,0.10858725011348724,0.11001770943403244,0.043240129947662354,0.09368226050170916,0.3317624161585896,82.06905364990234,0.03958876728237299,0.38976864481909024,-0.27313280379262933,0.13218362629413605,0.6417631506919861,0.06833314895629883,0.1460865967495016,1.0340879440168615,105.34508514404297,0.06287772899032515,0.9506011202329769,0.18058906508621686,0,2430.0,6000.0,18000.0
ntk_N100_a1_wd0.0003_s4,1.0,100,0.0003,4,46,100.0,2.9999999999999997e-06,ok,,,200000,200000,307,49.43564295768738,10.551886796951294,2,0c2c9fa139cdb9df0506aa0716a97da613a80d40,True,1.156155917669821e-06,82.50251770019531,105.53182220458984,1.2791345663908147,0.1469108909368515,0.07753974479266756,0.6738084554672241,0.07419514656066895,1.0,1.0,0.004730247426778078,0.010436701588332653,0.09226221591234207,0.01948231391395663,0.1476975977420807,147025,True,5520.0,5000.0,10000.0,9218.0,4480.0,False,10000.0,9218.0,4480.0,False,10000.0,9218.0,4480.0,False,2983.0,8319.0,5336.0,False,6000.0,11317.0,5317.0,False,10000.0,,190000.0,True,,,,True,,,,True,0.11971652507781982,0.3259999752044678,0.0576324462890625,0.0983687376511464,0.5551898597109177,89.4847412109375,0.0480378608045966,0.6251584852063701,-0.09428907136926447,0.1320420354604721,0.6532183885574341,0.07044875621795654,0.12606166071826516,1.0584539253584313,103.67223358154297,0.06218237750204679,0.9672618303347408,0.19940634890580894,0,1979.0,6000.0,16000.0
ntk_N100_a1_wd0.001_s0,1.0,100,0.001,0,42,100.0,1e-05,ok,,,200000,200000,307,49.78523373603821,10.505951881408691,2,0c2c9fa139cdb9df0506aa0716a97da613a80d40,True,1.0963663044094574e-06,82.54420471191406,58.613765716552734,0.7100894111357606,0.12329863011837006,0.05779726590937799,-0.38090306520462036,0.06382328271865845,0.9369747638702393,0.2075471729040146,0.029633108526468277,0.039587609469890594,0.08880666643381119,0.019600675303417615,0.12351038306951523,138000,False,,,,,,True,,,,True,,,,True,55000.0,,145000.0,True,,,,True,,,,True,,,,True,,,,True,,,,,,,,,,,,,,,,,,,0,8000.0,31000.0,
ntk_N100_a1_wd0.001_s1,1.0,100,0.001,1,43,100.0,1e-05,ok,,,200000,200000,307,48.68584990501404,10.609895706176758,2,0c2c9fa139cdb9df0506aa0716a97da613a80d40,True,1.194845140162215e-06,83.58335876464844,57.975440979003906,0.6936242074483923,0.1219753623008728,0.05558706114114593,-0.44866856932640076,0.06440401077270508,0.9159663915634155,0.22641509771347046,0.029911847785115242,0.03964722156524658,0.08945934474468231,0.018787551778893838,0.12238974124193192,140000,False,,,,,,True,,,,True,,,,True,108000.0,,92000.0,True,,,,True,,,,True,,,,True,,,,True,,,,,,,,,,,,,,,,,,,0,11000.0,41000.0,
ntk_N100_a1_wd0.001_s2,1.0,100,0.001,2,44,100.0,1e-05,ok,,,200000,200000,307,49.26839303970337,10.96452260017395,2,0c2c9fa139cdb9df0506aa0716a97da613a80d40,True,1.092496631827089e-06,81.79679870605469,58.399009704589844,0.7139522649835327,0.12212368845939636,0.05719358728480016,-0.4024861752986908,0.062429606914520264,0.9474790096282959,0.4150943458080292,0.029603077098727226,0.038315705955028534,0.08740681409835815,0.018265509232184382,0.12311835587024689,170000,False,,,,,,True,,,,True,,,,True,53000.0,,147000.0,True,,,,True,,,,True,,,,True,,,,True,,,,,,,,,,,,,,,,,,,0,7508.0,32000.0,
ntk_N100_a1_wd0.001_s3,1.0,100,0.001,3,45,100.0,1e-05,ok,,,200000,200000,307,48.672547817230225,10.477686405181885,2,0c2c9fa139cdb9df0506aa0716a97da613a80d40,True,1.1200248763998388e-06,83.16825866699219,58.677982330322266,0.7055333762039,0.12413518875837326,0.05722389433539367,-0.4074305593967438,0.06490457057952881,0.9432772994041443,0.30188679695129395,0.02956114336848259,0.0399409756064415,0.08511527627706528,0.019212851189241414,0.12449204921722412,140000,False,,,,,,True,,,,True,,,,True,56000.0,,144000.0,True,,,,True,,,,True,,,,True,,,,True,,,,,,,,,,,,,,,,,,,0,8319.0,36000.0,
ntk_N100_a1_wd0.001_s4,1.0,100,0.001,4,46,100.0,1e-05,ok,,,200000,200000,307,49.94707989692688,10.642413139343262,2,0c2c9fa139cdb9df0506aa0716a97da613a80d40,True,1.141818074756884e-06,82.50251770019531,57.86603927612305,0.7013851321047146,0.12358088791370392,0.057122433331372124,-0.37381160259246826,0.06928914785385132,0.9285714030265808,0.3396226465702057,0.029567992314696312,0.03910971060395241,0.09226221591234207,0.01948231391395663,0.12413685023784637,147000,False,,,,,,True,,,,True,,,,True,78000.0,,122000.0,True,,,,True,,,,True,,,,True,,,,True,,,,,,,,,,,,,,,,,,,0,10000.0,33000.0,
ntk_N100_a1_wd0.003_s0,1.0,100,0.003,0,42,100.0,3e-05,ok,,,200000,200000,307,49.39276623725891,10.330100774765015,2,0c2c9fa139cdb9df0506aa0716a97da613a80d40,True,1.686115751908801e-06,82.54420471191406,20.269197463989258,0.2455556696527684,0.059036534279584885,0.0036549698337723624,-1.8187298774719238,0.11607140302658081,0.042016807943582535,0.01886792480945587,0.05138634517788887,0.05323653295636177,0.08880666643381119,0.019600675303417615,0.08885741233825684,5,False,,,,,,True,,,,True,,,,True,,,,True,,,,True,,,,True,,,,True,,,,True,,,,,,,,,,,,,,,,,,,0,,,
ntk_N100_a1_wd0.003_s1,1.0,100,0.003,1,43,100.0,3e-05,ok,,,200000,200000,307,50.93649196624756,10.357799530029297,2,0c2c9fa139cdb9df0506aa0716a97da613a80d40,True,1.6115463949972764e-06,83.58335876464844,20.328142166137695,0.24320800774921095,0.06096068024635315,0.0038448630551150076,-1.8845938444137573,0.1198577880859375,0.03991596773266792,0.0,0.05116153135895729,0.05257211625576019,0.08945934474468231,0.018787551778893838,0.08951824903488159,10,False,,,,,,True,,,,True,,,,True,,,,True,,,,True,,,,True,,,,True,,,,True,,,,,,,,,,,,,,,,,,,0,,,
ntk_N100_a1_wd0.003_s2,1.0,100,0.003,2,44,100.0,3e-05,ok,,,200000,200000,307,52.5097930431366,10.896029710769653,2,0c2c9fa139cdb9df0506aa0716a97da613a80d40,True,1.5584678294544574e-06,81.79679870605469,19.53400993347168,0.23881142346009382,0.062040504068136215,0.004314181874231755,-1.910142421722412,0.12410032749176025,0.052521008998155594,0.056603774428367615,0.0512671135365963,0.05194436386227608,0.08740681409835815,0.018265509232184382,0.08745811879634857,14,False,,,,,,True,,,,True,,,,True,,,,True,,,,True,,,,True,,,,True,,,,True,,,,,,,,,,,,,,,,,,,0,,,
ntk_N100_a1_wd0.003_s3,1.0,100,0.003,3,45,100.0,3e-05,ok,,,200000,200000,307,50.64717483520508,10.451978921890259,2,0c2c9fa139cdb9df0506aa0716a97da613a80d40,True,1.5257702443705057e-06,83.16825866699219,19.51222801208496,0.23461147708060615,0.05627932399511337,0.003951190464620157,-1.9043958187103271,0.13636398315429688,0.05672268941998482,0.056603774428367615,0.05154424533247948,0.05468805134296417,0.08511527627706528,0.019212851189241414,0.08512701094150543,2,False,,,,,,True,,,,True,,,,True,,,,True,,,,True,,,,True,,,,True,,,,True,,,,,,,,,,,,,,,,,,,0,,,
ntk_N100_a1_wd0.003_s4,1.0,100,0.003,4,46,100.0,3e-05,ok,,,200000,200000,307,50.39802432060242,11.037902355194092,2,0c2c9fa139cdb9df0506aa0716a97da613a80d40,True,1.5989965049811872e-06,82.50251770019531,18.410388946533203,0.22314941967509944,0.06007225066423416,0.0036604292512534414,-1.969973087310791,0.12501120567321777,0.0357142873108387,0.1320754736661911,0.05099831894040108,0.05093163996934891,0.09226221591234207,0.01948231391395663,0.09226952493190765,3,False,,,,,,True,,,,True,,,,True,,,,True,,,,True,,,,True,,,,True,,,,True,,,,,,,,,,,,,,,,,,,0,,,
ntk_N100_a2_wd0_s0,2.0,100,0.0,0,42,25.0,0.0,ok,,,200000,200000,307,50.070181131362915,11.348710298538208,2,0c2c9fa139cdb9df0506aa0716a97da613a80d40,True,1.0682786069082795e-06,82.54420471191406,143.93585205078125,1.7437426716161237,0.0936436802148819,0.029041290501384407,1.3864227533340454,0.07013291120529175,1.0,0.698113203048706,0.003610737156122923,0.05914489924907684,0.08880666643381119,0.019600675303417615,0.10209763050079346,18000,True,9000.0,8319.0,,,191000.0,True,,,191000.0,True,,,191000.0,True,1979.0,,198021.0,True,6776.0,,193224.0,True,23000.0,,177000.0,True,,,,True,,,,True,0.10078004747629166,0.533941924571991,0.031977713108062744,0.059281913157710475,0.7791181396743263,106.06073760986328,0.031292995053635024,0.665392288656074,0.381260157593293,,,,,,,,,,0,8000.0,,
ntk_N100_a2_wd0_s1,2.0,100,0.0,1,43,25.0,0.0,ok,,,200000,200000,307,49.89328694343567,11.1932053565979,2,0c2c9fa139cdb9df0506aa0716a97da613a80d40,True,1.0617670795909362e-06,83.58335876464844,147.55535888671875,1.7653676648984733,0.09183629602193832,0.02610009110165919,1.4180982112884521,0.0714116096496582,1.0,0.49056604504585266,0.004016570281237364,0.0778891071677208,0.08945934474468231,0.018787551778893838,0.09915950894355774,15000,True,12000.0,11317.0,,,188000.0,True,,,188000.0,True,,,188000.0,True,1979.0,,198021.0,True,7000.0,,193000.0,True,30000.0,,170000.0,True,,,,True,,,,True,0.09893862158060074,0.6514756083488464,0.03521406650543213,0.048207276632431864,0.9892006282919751,112.14105224609375,0.02832545098578975,0.7741485111376116,0.5064950433367921,,,,,,,,,,0,,,
ntk_N100_a2_wd0_s2,2.0,100,0.0,2,44,25.0,0.0,ok,,,200000,200000,307,48.130773067474365,10.880927085876465,2,0c2c9fa139cdb9df0506aa0716a97da613a80d40,True,1.0589984640319017e-06,81.79679870605469,144.75535583496094,1.7696946350572273,0.09539416432380676,0.027495367851957796,1.3981666564941406,0.07189935445785522,1.0,0.8113207817077637,0.003244361374527216,0.05254773795604706,0.08740681409835815,0.018265509232184382,0.10257399082183838,25000,True,7000.0,6776.0,,,193000.0,True,,,193000.0,True,,,193000.0,True,1979.0,,198021.0,True,6776.0,,193224.0,True,23000.0,,177000.0,True,,,,True,,,,True,0.0987979844212532,0.45708566904067993,0.03003448247909546,0.05784307965754948,0.6562482212249557,101.9998550415039,0.02808108035357615,0.5977005828643707,0.3033952921203267,,,,,,,,,,0,9000.0,,
ntk_N100_a2_wd0_s3,2.0,100,0.0,3,45,25.0,0.0,ok,,,200000,200000,307,47.90886831283569,11.249465942382812,2,0c2c9fa139cdb9df0506aa0716a97da613a80d40,True,1.1033686178052449e-06,83.16825866699219,147.70733642578125,1.7760061205225561,0.08992338180541992,0.02531668009480043,1.4297728538513184,0.06966561079025269,1.0,0.4150943458080292,0.0041901301592588425,0.07793013006448746,0.08511527627706528,0.019212851189241414,0.09866821020841599,15000,True,10000.0,9218.0,,,190000.0,True,,,190000.0,True,,,190000.0,True,1786.0,,198214.0,True,6776.0,,193224.0,True,24000.0,,176000.0,True,,,,True,,,,True,0.0978948175907135,0.5790938138961792,0.031450867652893066,0.0623423144624873,0.8529733018663388,109.1441421508789,0.030151529599728374,0.7279941641759452,0.41756302273662405,,,,,,,,,,0,,,
ntk_N100_a2_wd0_s4,2.0,100,0.0,4,46,25.0,0.0,ok,,,200000,200000,307,48.45287895202637,10.862987756729126,2,0c2c9fa139cdb9df0506aa0716a97da613a80d40,True,1.0963187833112897e-06,82.50251770019531,144.12802124023438,1.7469530052886273,0.09646521508693695,0.028005368061768753,1.4001350402832031,0.07378685474395752,1.0,0.6415094137191772,0.0035542254336178303,0.06212832033634186,0.09226221591234207,0.01948231391395663,0.1041223555803299,18000,True,11000.0,10214.0,,,189000.0,True,,,189000.0,True,,,189000.0,True,1979.0,,198021.0,True,7000.0,,193000.0,True,25000.0,,175000.0,True,,,,True,,,,True,0.10283514857292175,0.6134523749351501,0.03509223461151123,0.05281902711683742,0.9201558223048657,109.8508071899414,0.02975501693680081,0.767319998453567,0.4431525874441594,,,,,,,,,,0,4981.0,,
ntk_N100_a2_wd3e-06_s0,2.0,100,3e-06,0,42,25.0,1.2000000000000002e-07,ok,,,200000,200000,307,49.29870796203613,11.085102319717407,2,0c2c9fa139cdb9df0506aa0716a97da613a80d40,True,1.2219064728924423e-06,82.54420471191406,132.9786834716797,1.6109996326911868,0.09823379665613174,0.03163036103114808,1.2390719652175903,0.0668993592262268,1.0,0.8679245114326477,0.0033228679094463587,0.04101221635937691,0.08880666643381119,0.019600675303417615,0.10280445963144302,17057,True,9000.0,8319.0,,,191000.0,True,,,191000.0,True,,,191000.0,True,1979.0,,198021.0,True,6776.0,,193224.0,True,22000.0,,178000.0,True,,,,True,,,,True,0.10111979395151138,0.5170921683311462,0.03201556205749512,0.06061984437045208,0.7522770961482083,105.0494384765625,0.031504695400181644,0.6530553867312379,0.35750206972825843,,,,,,,,,,0,7508.0,,
ntk_N100_a2_wd3e-06_s1,2.0,100,3e-06,1,43,25.0,1.2000000000000002e-07,ok,,,200000,200000,307,49.62352108955383,11.145532131195068,2,0c2c9fa139cdb9df0506aa0716a97da613a80d40,True,1.0773229632832226e-06,83.58335876464844,136.54000854492188,1.633578867408131,0.0963381752371788,0.02871160921960596,1.2687649726867676,0.06478583812713623,1.0,0.6792452931404114,0.0035076350905001163,0.05719078704714775,0.08945934474468231,0.018787551778893838,0.09948171675205231,15000,True,12000.0,11317.0,,,188000.0,True,,,188000.0,True,,,188000.0,True,1979.0,,198021.0,True,7000.0,,193000.0,True,28487.0,,171513.0,True,,,,True,,,,True,0.09908895194530487,0.6333380341529846,0.035117387771606445,0.04881401342112244,0.9558144092950029,110.82504272460938,0.028520491855741875,0.7637483579723121,0.4771223307863098,,,,,,,,,,0,,,
ntk_N100_a2_wd3e-06_s2,2.0,100,3e-06,2,44,25.0,1.2000000000000002e-07,ok,,,200000,200000,307,49.294522285461426,11.010137557983398,2,0c2c9fa139cdb9df0506aa0716a97da613a80d40,True,1.1999507023574552e-06,81.79679870605469,134.20358276367188,1.6406948057459612,0.10023454576730728,0.0303150297508656,1.2437751293182373,0.06284111738204956,1.0,0.8301886916160583,0.003079719142988324,0.04480750113725662,0.08740681409835815,0.018265509232184382,0.10291044414043427,23000,True,7000.0,6776.0,,,193000.0,True,,,193000.0,True,,,193000.0,True,1979.0,,198021.0,True,6776.0,,193224.0,True,23000.0,,177000.0,True,,,,True,,,,True,0.09895753860473633,0.4426845908164978,0.0300329327583313,0.0585022294708522,0.6353261323342195,101.11149597167969,0.028191449454457604,0.587395586101406,0.2829651981639045,,,,,,,,,,0,9000.0,,
ntk_N100_a2_wd3e-06_s3,2.0,100,3e-06,3,45,25.0,1.2000000000000002e-07,ok,,,200000,200000,307,49.571073055267334,11.057794332504272,2,0c2c9fa139cdb9df0506aa0716a97da613a80d40,True,1.0809065997818834e-06,83.16825866699219,136.1536865234375,1.6370871376374525,0.0941510796546936,0.028859403184086835,1.264551043510437,0.06397020816802979,1.0,0.6415094137191772,0.003707768628373742,0.05939410254359245,0.08511527627706528,0.019212851189241414,0.09886650741100311,13894,True,9218.0,9000.0,,,190782.0,True,,,190782.0,True,,,190782.0,True,1786.0,,198214.0,True,6776.0,,193224.0,True,24000.0,,176000.0,True,,,,True,,,,True,0.09770115464925766,0.5372185111045837,0.030472278594970703,0.0621854141718493,0.7811248164540433,106.78176879882812,0.030081829440510185,0.6887243795706466,0.37133141890580534,,,,,,,,,,0,,,
ntk_N100_a2_wd3e-06_s4,2.0,100,3e-06,4,46,25.0,1.2000000000000002e-07,ok,,,200000,200000,307,49.682466983795166,10.720284700393677,2,0c2c9fa139cdb9df0506aa0716a97da613a80d40,True,1.287811983274878e-06,82.50251770019531,134.42161560058594,1.629303193983227,0.0991460457444191,0.03039137382594047,1.278014898300171,0.06743615865707397,1.0,0.7924528121948242,0.0030873471405357122,0.04772324115037918,0.09226221591234207,0.01948231391395663,0.1045539528131485,26000,True,11000.0,10214.0,,,189000.0,True,,,189000.0,True,,,189000.0,True,1979.0,,198021.0,True,7000.0,,193000.0,True,24000.0,,176000.0,True,,,,True,,,,True,0.10299509018659592,0.5979770421981812,0.03500926494598389,0.05346251280757608,0.8928481462121586,108.6559829711914,0.02991567392727259,0.7577637409131273,0.41877393394728396,,,,,,,,,,0,4981.0,,
ntk_N100_a2_wd1e-05_s0,2.0,100,1e-05,0,42,25.0,4.0000000000000003e-07,ok,,,200000,200000,307,49.3025860786438,10.76439094543457,2,0c2c9fa139cdb9df0506aa0716a97da613a80d40,True,1.1863752433782793e-06,82.54420471191406,120.28130340576172,1.4571744173386028,0.1069197952747345,0.03760761461109487,1.0065253973007202,0.061775803565979004,1.0,0.9811320900917053,0.0027791087049990892,0.026389161124825478,0.08880666643381119,0.019600675303417615,0.10712625831365585,197000,True,10000.0,9218.0,95000.0,94000.0,85000.0,False,114000.0,113000.0,104000.0,False,114000.0,113000.0,104000.0,False,1979.0,118000.0,116021.0,False,6776.0,,193224.0,True,22000.0,,178000.0,True,153000.0,,47000.0,True,,,,True,0.10197485238313675,0.516491174697876,0.033098459243774414,0.06337928423830182,0.7537386684479417,104.06676483154297,0.03236874572014761,0.6700570188945457,0.3303311574948414,0.10637793689966202,0.9937956929206848,0.06175887584686279,0.06690349228084716,1.7968518171049137,120.463134765625,0.03729186630106511,1.2048269994632368,0.704818860341379,0,6776.0,,
ntk_N100_a2_wd1e-05_s1,2.0,100,1e-05,1,43,25.0,4.0000000000000003e-07,ok,,,200000,200000,307,49.13354301452637,11.141488075256348,2,0c2c9fa139cdb9df0506aa0716a97da613a80d40,True,1.0680417972253053e-06,83.58335876464844,121.66910552978516,1.455661836614839,0.10611861199140549,0.03602146901286655,0.990523636341095,0.06055116653442383,1.0,0.9056603908538818,0.0029273568652570248,0.03557134419679642,0.08945934474468231,0.018787551778893838,0.10611861199140549,200000,True,12000.0,11317.0,,,188000.0,True,,,188000.0,True,,,188000.0,True,1979.0,,198021.0,True,7508.0,,192492.0,True,28000.0,,172000.0,True,185000.0,,15000.0,True,,,,True,0.0999397560954094,0.5873224139213562,0.035361409187316895,0.05197214219396347,0.8751654553823569,107.87052154541016,0.02906389957718514,0.7334988160146471,0.4067746297441793,,,,,,,,,,0,12539.0,,
ntk_N100_a2_wd1e-05_s2,2.0,100,1e-05,2,44,25.0,4.0000000000000003e-07,ok,,,200000,200000,307,48.892306089401245,10.641232013702393,2,0c2c9fa139cdb9df0506aa0716a97da613a80d40,True,1.1036538580810884e-06,81.79679870605469,120.4613037109375,1.4726897093348084,0.10699385404586792,0.0366436960195481,0.9970954060554504,0.06086653470993042,1.0,1.0,0.0027240035124123096,0.027997568249702454,0.08740681409835815,0.018265509232184382,0.10699385404586792,200000,True,7000.0,6776.0,81000.0,80000.0,74000.0,False,165000.0,164000.0,158000.0,False,165000.0,164000.0,158000.0,False,1979.0,143000.0,141021.0,False,6776.0,,193224.0,True,23000.0,,177000.0,True,147000.0,,53000.0,True,,,,True,0.09930241107940674,0.4110915958881378,0.03013455867767334,0.059863105423704675,0.591145633810137,99.11734008789062,0.028462444562108696,0.5668474824833597,0.2360860871398999,0.10670656710863113,0.9997238516807556,0.06067323684692383,0.0719988280622704,1.8109890038828005,120.7936782836914,0.036315201958179846,1.2410439902154966,0.6786447776377469,0,8000.0,,
ntk_N100_a2_wd1e-05_s3,2.0,100,1e-05,3,45,25.0,4.0000000000000003e-07,ok,,,200000,200000,307,49.667028188705444,10.606106758117676,2,0c2c9fa139cdb9df0506aa0716a97da613a80d40,True,1.0626005177982734e-06,83.16825866699219,121.9591293334961,1.466414366348868,0.10270784795284271,0.035400344754542595,1.021893858909607,0.0616912841796875,1.0,0.8679245114326477,0.0030617385637015104,0.03556140884757042,0.08511527627706528,0.019212851189241414,0.1027776226401329,198000,True,9000.0,8319.0,,,191000.0,True,,,191000.0,True,,,191000.0,True,1979.0,,198021.0,True,6776.0,,193224.0,True,24000.0,,176000.0,True,,,,True,,,,True,0.09807542711496353,0.49456915259361267,0.030139446258544922,0.06394730389685616,0.7128683837788607,104.04051208496094,0.030317297687551585,0.6586119017456413,0.3105678446336583,,,,,,,,,,0,20941.0,,
ntk_N100_a2_wd1e-05_s4,2.0,100,1e-05,4,46,25.0,4.0000000000000003e-07,ok,,,200000,200000,307,48.66184186935425,11.013951301574707,2,0c2c9fa139cdb9df0506aa0716a97da613a80d40,True,1.0854728316189721e-06,82.50251770019531,121.03358459472656,1.4670289824917675,0.11002986878156662,0.03758346117459704,1.0245380401611328,0.06226348876953125,1.0,0.9811320900917053,0.002916651079431176,0.030425187200307846,0.09226221591234207,0.01948231391395663,0.11005665361881256,198000,True,7508.0,7000.0,112000.0,111000.0,104492.0,False,,,192492.0,True,,,192492.0,True,1979.0,,198021.0,True,7508.0,,192492.0,True,24000.0,,176000.0,True,186000.0,,14000.0,True,,,,True,0.10224953293800354,0.42920470237731934,0.028743505477905273,0.05332488143950293,0.6128967681053545,100.63089752197266,0.02870283875860766,0.5805527045584284,0.26040664629904303,,,,,,,,,,0,4981.0,,
ntk_N100_a2_wd3e-05_s0,2.0,100,3e-05,0,42,25.0,1.2e-06,ok,,,200000,200000,307,49.16599917411804,11.010841131210327,2,0c2c9fa139cdb9df0506aa0716a97da613a80d40,True,1.107087314267119e-06,82.54420471191406,105.7718276977539,1.2813961690818407,0.11514847725629807,0.04639169074444273,0.7288243770599365,0.06293445825576782,1.0,1.0,0.002861514687538147,0.019020061939954758,0.08880666643381119,0.019600675303417615,0.11514847725629807,200000,True,10214.0,10000.0,56000.0,55000.0,45786.0,False,95000.0,94000.0,84786.0,False,95000.0,94000.0,84786.0,False,1979.0,49000.0,47021.0,False,7000.0,132692.0,125692.0,False,22000.0,,178000.0,True,162000.0,,38000.0,True,,,,True,0.103534035384655,0.424407958984375,0.03407782316207886,0.06886340052947897,0.6194344118615698,98.06859588623047,0.03360747978099539,0.6137568781299623,0.18243564495384343,0.1130380854010582,0.7488966584205627,0.06075674295425415,0.08665461184184829,1.2245197901783043,106.78009033203125,0.04448266982983087,1.0052079521794757,0.3809122846792653,0,6116.0,,
ntk_N100_a2_wd3e-05_s1,2.0,100,3e-05,1,43,25.0,1.2e-06,ok,,,200000,200000,307,50.55373787879944,11.146921634674072,2,0c2c9fa139cdb9df0506aa0716a97da613a80d40,True,1.1212565595997148e-06,83.58335876464844,105.40108489990234,1.26102954532717,0.11642269045114517,0.04629959279878056,0.6669352650642395,0.05904412269592285,1.0,1.0,0.003093279665336013,0.02277650497853756,0.08945934474468231,0.018787551778893838,0.11642269045114517,200000,True,9000.0,8319.0,69000.0,68000.0,60000.0,False,99000.0,98000.0,90000.0,False,99000.0,98000.0,90000.0,False,1979.0,86000.0,84021.0,False,8000.0,,192000.0,True,27000.0,,173000.0,True,,,,True,,,,True,0.1000223457813263,0.38395968079566956,0.03158926963806152,0.05390966256975231,0.5584430437214669,97.38858032226562,0.028865011725799538,0.5438905201072701,0.17975016266494032,0.11427858471870422,0.6840482354164124,0.057521820068359375,0.09000476177025386,1.0918363107474618,106.42782592773438,0.04390046591133241,0.9141055330690309,0.34284912087852965,0,9000.0,,
ntk_N100_a2_wd3e-05_s2,2.0,100,3e-05,2,44,25.0,1.2e-06,ok,,,200000,200000,307,50.012779235839844,10.799771785736084,2,0c2c9fa139cdb9df0506aa0716a97da613a80d40,True,1.2178328461232013e-06,81.79679870605469,105.63282775878906,1.291405402531603,0.11684396862983704,0.046295371399592666,0.6926358938217163,0.06221878528594971,1.0,1.0,0.002879742067307234,0.019474972039461136,0.08740681409835815,0.018265509232184382,0.11684396862983704,200000,True,6776.0,6116.0,47000.0,46000.0,40224.0,False,61000.0,60000.0,54224.0,False,61000.0,60000.0,54224.0,False,2193.0,50000.0,47807.0,False,7508.0,150000.0,142492.0,False,22000.0,,178000.0,True,171000.0,,29000.0,True,,,,True,0.1000794991850853,0.31099382042884827,0.029776453971862793,0.06330721984571679,0.4629751683711665,93.50880432128906,0.029013034915069683,0.4891337401695987,0.10368814696143666,0.11250867694616318,0.7309190034866333,0.05846214294433594,0.09001716646722172,1.1843833145734246,107.49007415771484,0.0424863960845706,1.012263774655235,0.3328917814141661,0,6776.0,,
ntk_N100_a2_wd3e-05_s3,2.0,100,3e-05,3,45,25.0,1.2e-06,ok,,,200000,200000,307,51.45984411239624,10.927732467651367,2,0c2c9fa139cdb9df0506aa0716a97da613a80d40,True,1.095634615921881e-06,83.16825866699219,104.92369079589844,1.2615833549673747,0.11523501574993134,0.047263090964941044,0.6689146757125854,0.05870765447616577,1.0,1.0,0.0030965369660407305,0.021040866151452065,0.08511527627706528,0.019212851189241414,0.11544108390808105,195000,True,8319.0,8000.0,80000.0,79453.0,71681.0,False,103000.0,102000.0,94681.0,False,103000.0,102000.0,94681.0,False,1979.0,69000.0,67021.0,False,7000.0,,193000.0,True,23000.0,,177000.0,True,,,,True,,,,True,0.09901287406682968,0.37465348839759827,0.029243290424346924,0.06850442503656798,0.5400295605042187,97.09232330322266,0.030834313879993993,0.5638469017774423,0.15291703495404957,0.11248578876256943,0.7015853524208069,0.05734187364578247,0.09697856187759166,1.1249434242550056,106.57758331298828,0.04445690355203856,0.9631534023070177,0.33246599579625463,0,10000.0,,
ntk_N100_a2_wd3e-05_s4,2.0,100,3e-05,4,46,25.0,1.2e-06,ok,,,200000,200000,307,50.32158899307251,11.088974952697754,2,0c2c9fa139cdb9df0506aa0716a97da613a80d40,True,1.168700578091375e-06,82.50251770019531,106.18095397949219,1.2870025902159932,0.1179543063044548,0.04612212859009821,0.7378650307655334,0.06523013114929199,1.0,1.0,0.0029776394367218018,0.023465942591428757,0.09226221591234207,0.01948231391395663,0.11808528006076813,180000,True,8000.0,7508.0,79000.0,78000.0,71000.0,False,118000.0,117000.0,110000.0,False,118000.0,117000.0,110000.0,False,1979.0,66000.0,64021.0,False,8000.0,,192000.0,True,23204.0,,176796.0,True,191000.0,,9000.0,True,,,,True,0.10341252386569977,0.3592631220817566,0.030050218105316162,0.057467915285404174,0.5224431818236596,95.70958709716797,0.029680897200746292,0.5442194497412897,0.13965636811170903,0.11726617068052292,0.7455881834030151,0.06398379802703857,0.08819153365857793,1.2233880542026203,106.93072509765625,0.04498377479929451,1.012949598725117,0.3746464349729984,0,4496.0,,
ntk_N100_a2_wd0.0001_s0,2.0,100,0.0001,0,42,25.0,4e-06,ok,,,200000,200000,307,50.04375982284546,11.429949522018433,2,0c2c9fa139cdb9df0506aa0716a97da613a80d40,True,1.0410194590804167e-06,82.54420471191406,88.15969848632812,1.068030139656837,0.12779395282268524,0.059166179330661525,0.3306403160095215,0.06011056900024414,1.0,1.0,0.005193235352635384,0.016813280060887337,0.08880666643381119,0.019600675303417615,0.1278001070022583,193000,True,9218.0,9000.0,29000.0,28487.0,19782.0,False,31564.0,31000.0,22346.0,False,31564.0,31000.0,22346.0,False,2692.0,27000.0,24308.0,False,10000.0,56000.0,46000.0,False,24000.0,,176000.0,True,,,,True,,,,True,0.10555935651063919,0.12170784920454025,0.035389721393585205,0.07575253450526212,0.3109551947161848,81.90809631347656,0.03541675696058541,0.36736320519656274,-0.21904260050714255,0.1193256825208664,0.36403417587280273,0.056978583335876465,0.10735415670456501,0.5973534756108135,89.49749755859375,0.050819557145980354,0.6427023251817784,-0.05063571365817334,0,5520.0,34974.0,
ntk_N100_a2_wd0.0001_s1,2.0,100,0.0001,1,43,25.0,4e-06,ok,,,200000,200000,307,50.05858612060547,10.627268075942993,2,0c2c9fa139cdb9df0506aa0716a97da613a80d40,True,1.110145262828155e-06,83.58335876464844,88.29147338867188,1.0563283731786899,0.12723055481910706,0.05681283638746354,0.29104316234588623,0.061810970306396484,1.0,1.0,0.005592334549874067,0.020640380680561066,0.08945934474468231,0.018787551778893838,0.1272740215063095,195000,True,9000.0,8319.0,65000.0,64717.0,56000.0,False,94000.0,93000.0,85000.0,False,94000.0,93000.0,85000.0,False,2692.0,42000.0,39308.0,False,12000.0,,188000.0,True,31000.0,,169000.0,True,,,,True,,,,True,0.1020500510931015,0.0838330090045929,0.03308916091918945,0.0612020149061485,0.2821618789833065,81.02470397949219,0.03022239765581803,0.30601398461090956,-0.2293300997053192,0.12535788118839264,0.30617833137512207,0.06078988313674927,0.12087969338762532,0.5417207105648512,88.76990509033203,0.054911428322767616,0.5667451881352388,-0.10632938008325683,0,7000.0,40000.0,
ntk_N100_a2_wd0.0001_s2,2.0,100,0.0001,2,44,25.0,4e-06,ok,,,200000,200000,307,51.722962856292725,10.916105508804321,2,0c2c9fa139cdb9df0506aa0716a97da613a80d40,True,1.1607885426201392e-06,81.79679870605469,87.70053100585938,1.0721755911379902,0.12972648441791534,0.05991982026688701,0.2931838035583496,0.06029307842254639,1.0,1.0,0.0051788631826639175,0.016956519335508347,0.08740681409835815,0.018265509232184382,0.12995603680610657,181000,True,7508.0,7000.0,34974.0,34000.0,27466.0,False,42000.0,41000.0,34492.0,False,42000.0,41000.0,34492.0,False,2692.0,28000.0,25308.0,False,10000.0,64000.0,54000.0,False,25710.0,,174290.0,True,,,,True,,,,True,0.10337553173303604,0.05817010626196861,0.03315079212188721,0.07416669781068276,0.27178012737416063,79.93991088867188,0.03170727087251614,0.30665376841817954,-0.26619404957243437,0.12157896906137466,0.3482489287853241,0.058562517166137695,0.11697184661381858,0.5826348903580147,89.30088806152344,0.05208607007900075,0.6502121625226279,-0.0935683472362736,0,5520.0,34000.0,
ntk_N100_a2_wd0.0001_s3,2.0,100,0.0001,3,45,25.0,4e-06,ok,,,200000,200000,307,51.297630071640015,10.970638751983643,2,0c2c9fa139cdb9df0506aa0716a97da613a80d40,True,1.0498633855604567e-06,83.16825866699219,88.5107192993164,1.0642367739562224,0.12699837982654572,0.058122740907068926,0.3131515681743622,0.060477375984191895,1.0,1.0,0.0054975152015686035,0.01862821914255619,0.08511527627706528,0.019212851189241414,0.12712405622005463,198000,True,9000.0,8319.0,42937.0,42000.0,33937.0,False,49000.0,48000.0,40000.0,False,49000.0,48000.0,40000.0,False,2692.0,34000.0,31308.0,False,10000.0,71708.0,61708.0,False,28487.0,,171513.0,True,,,,True,,,,True,0.10233291238546371,0.10755541920661926,0.03305929899215698,0.07883729434453354,0.29414942641078934,82.12812042236328,0.033026632324954786,0.3673258972679324,-0.24091942525774213,0.12211187183856964,0.3396969139575958,0.057419419288635254,0.1258600635806921,0.5700339055731575,89.62718963623047,0.05333845764945097,0.6313597260451188,-0.09156298869656176,0,7508.0,41000.0,
ntk_N100_a2_wd0.0001_s4,2.0,100,0.0001,4,46,25.0,4e-06,ok,,,200000,200000,307,50.59898495674133,11.054450511932373,2,0c2c9fa139cdb9df0506aa0716a97da613a80d40,True,1.141980646934826e-06,82.50251770019531,87.59402465820312,1.0617133525125835,0.13003233075141907,0.059253433038220935,0.33922481536865234,0.0654570460319519,1.0,0.9811320900917053,0.005347702652215958,0.019153457134962082,0.09226221591234207,0.01948231391395663,0.1301056146621704,195000,True,15000.0,14000.0,52000.0,51000.0,37000.0,False,130000.0,129000.0,115000.0,False,130000.0,129000.0,115000.0,False,2692.0,34974.0,32282.0,False,11317.0,89000.0,77683.0,False,30000.0,,170000.0,True,,,,True,,,,True,0.11028727889060974,0.22482222318649292,0.0437772274017334,0.07571921688622629,0.41615560544623476,84.74163818359375,0.03793913081715905,0.5107354396987857,-0.17747438278382105,0.12938782572746277,0.34787145256996155,0.06569582223892212,0.12166806560789974,0.5992984528213816,87.93612670898438,0.05827627592014174,0.6564679727081266,-0.11681137245845771,0,4981.0,33000.0,
ntk_N100_a2_wd0.0003_s0,2.0,100,0.0003,0,42,25.0,1.1999999999999999e-05,ok,,,200000,200000,307,50.404419898986816,10.86609148979187,2,0c2c9fa139cdb9df0506aa0716a97da613a80d40,True,1.2280471537451376e-06,82.54420471191406,67.7702865600586,0.8210181053483084,0.12246504426002502,0.05544589521351367,-0.11027827858924866,0.05842107534408569,1.0,0.849056601524353,0.017006458714604378,0.03137068822979927,0.08880666643381119,0.019600675303417615,0.12253527343273163,186000,True,50000.0,49000.0,,,150000.0,True,,,150000.0,True,,,150000.0,True,11317.0,,188683.0,True,38751.0,,161249.0,True,,,,True,,,,True,,,,True,0.11883337795734406,-0.1390036791563034,0.058409035205841064,0.10498146609137515,0.3442418376422728,66.68972778320312,0.05151747038302033,0.13812028905120383,-0.5402786471080876,,,,,,,,,,0,10000.0,67000.0,
ntk_N100_a2_wd0.0003_s1,2.0,100,0.0003,1,43,25.0,1.1999999999999999e-05,ok,,,200000,200000,307,49.66780972480774,10.752107620239258,2,0c2c9fa139cdb9df0506aa0716a97da613a80d40,True,1.1444585652498063e-06,83.58335876464844,67.52962493896484,0.8079314583314697,0.12272842228412628,0.054487299087805294,-0.17647823691368103,0.05965453386306763,1.0,0.6792452931404114,0.017182908952236176,0.03419308736920357,0.08945934474468231,0.018787551778893838,0.1229190081357956,165000,True,64000.0,63000.0,,,136000.0,True,,,136000.0,True,,,136000.0,True,17000.0,,183000.0,True,48000.0,,152000.0,True,,,,True,,,,True,,,,True,0.12049683183431625,-0.18584856390953064,0.059176743030548096,0.10763568638667478,0.3564400400930116,66.86951446533203,0.051898406351608035,0.08146037343151902,-0.6059754740319703,,,,,,,,,,0,14000.0,61000.0,
ntk_N100_a2_wd0.0003_s2,2.0,100,0.0003,2,44,25.0,1.1999999999999999e-05,ok,,,200000,200000,307,50.85369896888733,10.989701747894287,2,0c2c9fa139cdb9df0506aa0716a97da613a80d40,True,1.2362132792986813e-06,81.79679870605469,67.52603149414062,0.8255339152917518,0.12390563637018204,0.05642123230564965,-0.1475910097360611,0.05569469928741455,1.0,0.849056601524353,0.016823504120111465,0.030012330040335655,0.08740681409835815,0.018265509232184382,0.12390563637018204,200000,True,77000.0,76000.0,,,123000.0,True,,,123000.0,True,,,123000.0,True,12539.0,,187461.0,True,36000.0,,164000.0,True,,,,True,,,,True,,,,True,0.12212496995925903,-0.1500442922115326,0.05560356378555298,0.12082980969908627,0.3393045477372192,67.25115203857422,0.0549755976268653,0.15870693717807166,-0.6036648104083594,,,,,,,,,,0,10000.0,48000.0,
ntk_N100_a2_wd0.0003_s3,2.0,100,0.0003,3,45,25.0,1.1999999999999999e-05,ok,,,200000,200000,307,49.763057231903076,10.89384150505066,2,0c2c9fa139cdb9df0506aa0716a97da613a80d40,True,1.1589135056055966e-06,83.16825866699219,67.78791046142578,0.8150694934331894,0.12633664906024933,0.056583777053264714,-0.1510584056377411,0.060882568359375,1.0,0.7358490824699402,0.016908833757042885,0.03290826827287674,0.08511527627706528,0.019212851189241414,0.12640269100666046,164000,True,40000.0,39000.0,,,160000.0,True,,,160000.0,True,,,160000.0,True,13894.0,,186106.0,True,48000.0,,152000.0,True,,,,True,,,,True,,,,True,0.11823876202106476,-0.20802339911460876,0.058258056640625,0.11363492535266066,0.36042830634226597,65.28750610351562,0.048646326076955175,0.0877313471264225,-0.6264498393698216,,,,,,,,,,0,12000.0,47575.0,
ntk_N100_a2_wd0.0003_s4,2.0,100,0.0003,4,46,25.0,1.1999999999999999e-05,ok,,,200000,200000,307,50.53026008605957,11.164382457733154,2,0c2c9fa139cdb9df0506aa0716a97da613a80d40,True,1.1398403785278788e-06,82.50251770019531,66.99725341796875,0.8120631380175461,0.12405992299318314,0.05611454108825671,-0.11910314112901688,0.06399798393249512,1.0,0.7358490824699402,0.016933254897594452,0.03298044949769974,0.09226221591234207,0.01948231391395663,0.12414450943470001,195000,True,62000.0,61000.0,,,138000.0,True,,,138000.0,True,,,138000.0,True,15000.0,,185000.0,True,45000.0,,155000.0,True,,,,True,,,,True,,,,True,0.12179297208786011,-0.13373999297618866,0.06269943714141846,0.10176294147261289,0.35408393047486464,66.2811508178711,0.053907948707187424,0.16754541319075703,-0.5778485147890763,,,,,,,,,,0,11317.0,47575.0,
ntk_N100_a2_wd0.001_s0,2.0,100,0.001,0,42,25.0,4e-05,ok,,,200000,200000,307,50.147687911987305,10.792478322982788,2,0c2c9fa139cdb9df0506aa0716a97da613a80d40,True,1.3847759419149952e-06,82.54420471191406,35.259708404541016,0.4271615254832274,0.0719134509563446,0.010971087123052375,-0.9304836392402649,0.08013379573822021,0.08193277567625046,0.01886792480945587,0.051883529871702194,0.06159168854355812,0.08880666643381119,0.019600675303417615,0.08885079622268677,6,False,,,,,,True,,,,True,,,,True,,,,True,,,,True,,,,True,,,,True,,,,True,,,,,,,,,,,,,,,,,,,0,,,
ntk_N100_a2_wd0.001_s1,2.0,100,0.001,1,43,25.0,4e-05,ok,,,200000,200000,307,48.49655079841614,10.755094766616821,2,0c2c9fa139cdb9df0506aa0716a97da613a80d40,True,1.4254202369556879e-06,83.58335876464844,35.087825775146484,0.4197943979966844,0.0726715698838234,0.010816828713531557,-1.005899429321289,0.08578157424926758,0.07983193546533585,0.0,0.05195491760969162,0.06210487335920334,0.08945934474468231,0.018787551778893838,0.08949561417102814,14,False,,,,,,True,,,,True,,,,True,,,,True,,,,True,,,,True,,,,True,,,,True,,,,,,,,,,,,,,,,,,,0,,,
ntk_N100_a2_wd0.001_s2,2.0,100,0.001,2,44,25.0,4e-05,ok,,,200000,200000,307,48.334993839263916,10.429123878479004,2,0c2c9fa139cdb9df0506aa0716a97da613a80d40,True,1.2948080438945908e-06,81.79679870605469,34.58808517456055,0.42285377571873484,0.07315341383218765,0.010819206010341281,-0.9940945506095886,0.08152776956558228,0.06932773441076279,0.01886792480945587,0.05211854726076126,0.06066012755036354,0.08740681409835815,0.018265509232184382,0.08745870739221573,30,False,,,,,,True,,,,True,,,,True,,,,True,,,,True,,,,True,,,,True,,,,True,,,,,,,,,,,,,,,,,,,0,,,
ntk_N100_a2_wd0.001_s3,2.0,100,0.001,3,45,25.0,4e-05,ok,,,200000,200000,307,51.59829092025757,10.941011905670166,2,0c2c9fa139cdb9df0506aa0716a97da613a80d40,True,1.2795011343769147e-06,83.16825866699219,35.108482360839844,0.42213799980368827,0.07141517847776413,0.010895128760802848,-0.9688341617584229,0.08668631315231323,0.07352941483259201,0.03773584961891174,0.052157774567604065,0.06344474107027054,0.08511527627706528,0.019212851189241414,0.08512862026691437,4,False,,,,,,True,,,,True,,,,True,,,,True,,,,True,,,,True,,,,True,,,,True,,,,,,,,,,,,,,,,,,,0,,,
ntk_N100_a2_wd0.001_s4,2.0,100,0.001,4,46,25.0,4e-05,ok,,,200000,200000,307,50.014700174331665,10.808128356933594,2,0c2c9fa139cdb9df0506aa0716a97da613a80d40,True,1.3391555739872274e-06,82.50251770019531,33.56562042236328,0.4068435892385357,0.0707334354519844,0.010496531597492361,-0.9876230359077454,0.08856827020645142,0.07352941483259201,0.056603774428367615,0.052081309258937836,0.06164529547095299,0.09226221591234207,0.01948231391395663,0.09227035194635391,6,False,,,,,,True,,,,True,,,,True,,,,True,,,,True,,,,True,,,,True,,,,True,,,,,,,,,,,,,,,,,,,0,,,
ntk_N100_a2_wd0.003_s0,2.0,100,0.003,0,42,25.0,0.00012,ok,,,200000,200000,307,49.846219062805176,10.78311276435852,2,0c2c9fa139cdb9df0506aa0716a97da613a80d40,True,1.668227810114331e-06,82.54420471191406,19.70769500732422,0.23875322411919364,0.05778254568576813,0.0025596968710543456,-1.841552734375,0.11271679401397705,0.04411764815449715,0.01886792480945587,0.08174286782741547,0.08502469956874847,0.08880666643381119,0.019600675303417615,0.08884923160076141,4,False,,,,,,True,,,,True,,,,True,,,,True,,,,True,,,,True,,,,True,,,,True,,,,,,,,,,,,,,,,,,,0,,,
ntk_N100_a2_wd0.003_s1,2.0,100,0.003,1,43,25.0,0.00012,ok,,,200000,200000,307,49.565545082092285,10.614006996154785,2,0c2c9fa139cdb9df0506aa0716a97da613a80d40,True,1.7173415471916087e-06,83.58335876464844,19.275405883789062,0.23061296134394627,0.05922772362828255,0.002683902837152038,-1.9493052959442139,0.12189263105392456,0.03781512752175331,0.01886792480945587,0.08198970556259155,0.08359040319919586,0.08945934474468231,0.018787551778893838,0.089483842253685,14,False,,,,,,True,,,,True,,,,True,,,,True,,,,True,,,,True,,,,True,,,,True,,,,,,,,,,,,,,,,,,,0,,,
ntk_N100_a2_wd0.003_s2,2.0,100,0.003,2,44,25.0,0.00012,ok,,,200000,200000,307,48.655150175094604,10.900005578994751,2,0c2c9fa139cdb9df0506aa0716a97da613a80d40,True,1.6570829757256433e-06,81.79679870605469,18.464794158935547,0.22573981440631566,0.060065291821956635,0.003215991112810847,-1.9839364290237427,0.12603521347045898,0.052521008998155594,0.056603774428367615,0.08191029727458954,0.08124677836894989,0.08740681409835815,0.018265509232184382,0.08744141459465027,27,False,,,,,,True,,,,True,,,,True,,,,True,,,,True,,,,True,,,,True,,,,True,,,,,,,,,,,,,,,,,,,0,,,
ntk_N100_a2_wd0.003_s3,2.0,100,0.003,3,45,25.0,0.00012,ok,,,200000,200000,307,52.48347187042236,11.6229829788208,2,0c2c9fa139cdb9df0506aa0716a97da613a80d40,True,1.6144343817359186e-06,83.16825866699219,18.978166580200195,0.2281900196586928,0.05417443811893463,0.002694577716189088,-1.9190824031829834,0.13511759042739868,0.054621849209070206,0.056603774428367615,0.08274257928133011,0.08836422115564346,0.08511527627706528,0.019212851189241414,0.08512821048498154,4,False,,,,,,True,,,,True,,,,True,,,,True,,,,True,,,,True,,,,True,,,,True,,,,,,,,,,,,,,,,,,,0,,,
ntk_N100_a2_wd0.003_s4,2.0,100,0.003,4,46,25.0,0.00012,ok,,,200000,200000,307,50.19139289855957,11.50530219078064,2,0c2c9fa139cdb9df0506aa0716a97da613a80d40,True,1.6888391201064223e-06,82.50251770019531,17.554441452026367,0.21277461514346985,0.058295030146837234,0.0025991504359571386,-2.0229599475860596,0.12693941593170166,0.0357142873108387,0.1320754736661911,0.08050969988107681,0.07983411848545074,0.09226221591234207,0.01948231391395663,0.09226875752210617,6,False,,,,,,True,,,,True,,,,True,,,,True,,,,True,,,,True,,,,True,,,,True,,,,,,,,,,,,,,,,,,,0,,,
ntk_N200_a0.5_wd0_s0,0.5,200,0.0,0,42,400.0,0.0,ok,,,200000,200000,307,61.37126708030701,12.584752559661865,2,478542c5c3dbb4497d84b2fd1e02cb9cd6ab935b,True,2.0300969083564269e-07,118.2148208618164,307.9737243652344,2.605204001664316,0.10964519530534744,0.03727281126374701,2.071254014968872,0.0326160192489624,1.0,0.9245283007621765,5.747255727328593e-06,0.030973445624113083,0.09087491780519485,0.020238980369517205,0.1157248243689537,4496,True,1455.0,1313.0,77000.0,76000.0,75545.0,False,,,198545.0,True,,,198545.0,True,1000.0,11317.0,10317.0,False,1786.0,,198214.0,True,2692.0,,197308.0,True,4496.0,,195504.0,True,7508.0,,192492.0,True,0.10615365952253342,0.7706870436668396,0.01916968822479248,0.08770745109155036,1.1963985743750376,171.5327911376953,0.03468896149764268,0.9376855354977329,0.5450319318895192,,,,,,,,,,0,965.0,,
ntk_N200_a0.5_wd0_s1,0.5,200,0.0,1,43,400.0,0.0,ok,,,200000,200000,307,60.77436900138855,12.429916143417358,2,478542c5c3dbb4497d84b2fd1e02cb9cd6ab935b,True,2.0279428269986965e-07,118.16344451904297,312.2401428222656,2.6424427968663835,0.10842437297105789,0.03593703570093783,2.120668411254883,0.034772276878356934,1.0,0.8679245114326477,5.527150278794579e-06,0.034944914281368256,0.091637521982193,0.019875799298766664,0.11604496091604233,4000,True,871.0,786.0,,,199129.0,True,,,199129.0,True,,,199129.0,True,1000.0,,199000.0,True,1786.0,,198214.0,True,2692.0,,197308.0,True,4496.0,,195504.0,True,7508.0,,192492.0,True,0.09953216463327408,0.37495988607406616,0.011614680290222168,0.059198684697135684,0.49068043332273664,141.2335662841797,0.027529424037290706,0.4785363098891677,0.24387623748330792,,,,,,,,,,0,965.0,,
ntk_N200_a0.5_wd0_s2,0.5,200,0.0,2,44,400.0,0.0,ok,,,200000,200000,307,65.97796320915222,13.738595247268677,2,478542c5c3dbb4497d84b2fd1e02cb9cd6ab935b,True,2.0403737721608195e-07,116.98216247558594,305.9180908203125,2.6150832259076875,0.10989730060100555,0.03762577907022027,2.055213212966919,0.03459465503692627,1.0,0.9433962106704712,5.1393021749390755e-06,0.030791113153100014,0.09122088551521301,0.01943047139608517,0.1164088100194931,4981,True,1069.0,1000.0,27000.0,26000.0,25931.0,False,,,198931.0,True,,,198931.0,True,1069.0,10000.0,8931.0,False,1786.0,,198214.0,True,2692.0,,197308.0,True,4496.0,,195504.0,True,7508.0,,192492.0,True,0.10058923065662384,0.4942533075809479,0.013489186763763428,0.06501545957339759,0.6729778953478813,148.07470703125,0.028734722364157448,0.6287960184754283,0.32164393400675323,,,,,,,,,,0,1069.0,,
ntk_N200_a0.5_wd0_s3,0.5,200,0.0,3,45,400.0,0.0,ok,,,200000,200000,307,64.56669402122498,13.31777310371399,2,478542c5c3dbb4497d84b2fd1e02cb9cd6ab935b,True,2.0442558934519184e-07,118.0229721069336,302.2928161621094,2.5613048948489436,0.10753238201141357,0.038063412079599804,2.029517650604248,0.03194224834442139,1.0,0.9622641801834106,4.714486749435309e-06,0.02599412575364113,0.0882447361946106,0.01967432565840864,0.11470524966716766,4058,True,710.0,640.0,9000.0,8319.0,8290.0,False,,,199290.0,True,,,199290.0,True,1000.0,4981.0,3981.0,False,1786.0,,198214.0,True,2692.0,,197308.0,True,4496.0,,195504.0,True,6776.0,,193224.0,True,0.0941757932305336,0.27798718214035034,0.008928179740905762,0.05058479840124761,0.3553659039522802,134.32839965820312,0.025352664087375052,0.36963324318515534,0.17071328592000318,,,,,,,,,,0,1185.0,,
ntk_N200_a0.5_wd0_s4,0.5,200,0.0,4,46,400.0,0.0,ok,,,200000,200000,307,63.28562927246094,13.272008180618286,2,478542c5c3dbb4497d84b2fd1e02cb9cd6ab935b,True,2.004174035619144e-07,117.19227600097656,307.2844543457031,2.6220538147338526,0.11110285669565201,0.03773869192573441,2.10211443901062,0.034523844718933105,1.0,0.9056603908538818,5.138394953974057e-06,0.032007426023483276,0.09356711059808731,0.019969740713709484,0.1183067113161087,4058,True,1313.0,1185.0,,,198687.0,True,,,198687.0,True,,,198687.0,True,1000.0,10000.0,9000.0,False,1786.0,,198214.0,True,2692.0,,197308.0,True,4496.0,,195504.0,True,7508.0,,192492.0,True,0.10728126019239426,0.6739970445632935,0.01782160997390747,0.08219730646569952,0.9977500393916408,161.3497772216797,0.0328738765226423,0.8379322036404296,0.4599742514746562,,,,,,,,,,0,710.0,,
ntk_N200_a0.5_wd3e-06_s0,0.5,200,3e-06,0,42,400.0,7.500000000000001e-09,ok,,,200000,200000,307,60.942925214767456,13.01863169670105,2,478542c5c3dbb4497d84b2fd1e02cb9cd6ab935b,True,2.001354744152195e-07,118.2148208618164,280.296630859375,2.371078590788706,0.11571533232927322,0.0431165579216236,1.8799629211425781,0.033446431159973145,1.0,1.0,1.30168173200218e-05,0.019848890602588654,0.09087491780519485,0.020238980369517205,0.11589120328426361,4981,True,1455.0,1313.0,16000.0,15395.0,14545.0,False,44000.0,43000.0,42545.0,False,44000.0,43000.0,42545.0,False,1000.0,9000.0,8000.0,False,1786.0,195000.0,193214.0,False,2692.0,,197308.0,True,4496.0,,195504.0,True,7508.0,,192492.0,True,0.10614506900310516,0.7653712034225464,0.01906883716583252,0.08784591169291069,1.1849104284111311,171.0031280517578,0.03470025695101114,0.9329871054605904,0.5386468534045565,0.11335986852645874,1.927147626876831,0.03279143571853638,0.10067668632360688,5.90814205005747,288.0438537597656,0.0411113294355384,2.1466876908226635,1.5953769370818611,0,965.0,,
ntk_N200_a0.5_wd3e-06_s1,0.5,200,3e-06,1,43,400.0,7.500000000000001e-09,ok,,,200000,200000,307,62.577959060668945,13.201330661773682,2,478542c5c3dbb4497d84b2fd1e02cb9cd6ab935b,True,2.0190330474179063e-07,118.16344451904297,284.89630126953125,2.4110358531704614,0.11441662162542343,0.04173847724836084,1.9198181629180908,0.034943461418151855,1.0,1.0,1.4320013178803492e-05,0.0243802722543478,0.091637521982193,0.019875799298766664,0.11628998816013336,4000,True,871.0,786.0,53000.0,52714.0,52129.0,False,200000.0,199000.0,199129.0,False,200000.0,199000.0,199129.0,False,1000.0,15395.0,14395.0,False,1786.0,,198214.0,True,2692.0,,197308.0,True,4496.0,,195504.0,True,7508.0,,192492.0,True,0.09949621558189392,0.3710469901561737,0.011630773544311523,0.058927614357315805,0.48533389062179283,140.92857360839844,0.027529297987047084,0.47479061459774435,0.23962151373709137,0.11441662162542343,1.9198181629180908,0.034943461418151855,0.09956849150112052,5.860524991649298,284.89630126953125,0.04173847724836084,2.1540330354043657,1.5478267421245153,0,965.0,,
ntk_N200_a0.5_wd3e-06_s2,0.5,200,3e-06,2,44,400.0,7.500000000000001e-09,ok,,,200000,200000,307,62.306450843811035,12.73984432220459,2,478542c5c3dbb4497d84b2fd1e02cb9cd6ab935b,True,1.9876246426520083e-07,116.98216247558594,278.1257019042969,2.37750521975811,0.11693721264600754,0.044077707301777236,1.855364203453064,0.03511166572570801,1.0,1.0,1.25087517517386e-05,0.019398683682084084,0.09122088551521301,0.01943047139608517,0.11693721264600754,200000,True,1069.0,1000.0,25710.0,25000.0,24641.0,False,32000.0,31564.0,30931.0,False,32000.0,31564.0,30931.0,False,1069.0,8000.0,6931.0,False,1786.0,180000.0,178214.0,False,2692.0,,197308.0,True,4496.0,,195504.0,True,7508.0,,192492.0,True,0.10055957734584808,0.4895692467689514,0.013465523719787598,0.0648747444099058,0.6654955735845991,147.69960021972656,0.0287296498386382,0.6243553362943628,0.3165777680456402,0.11463811248540878,1.898187518119812,0.03431236743927002,0.10264631340245772,5.714000295968525,285.89373779296875,0.04188691586049623,2.1259801737618136,1.5501812628999894,0,1069.0,,
ntk_N200_a0.5_wd3e-06_s3,0.5,200,3e-06,3,45,400.0,7.500000000000001e-09,ok,,,200000,200000,307,61.87561821937561,12.999942541122437,2,478542c5c3dbb4497d84b2fd1e02cb9cd6ab935b,True,1.9987469102034083e-07,118.0229721069336,276.5116882324219,2.342863285817706,0.11383967101573944,0.04388142487197444,1.8442646265029907,0.032015860080718994,1.0,1.0,1.2035916370223276e-05,0.017089098691940308,0.0882447361946106,0.01967432565840864,0.11503120511770248,4058,True,710.0,640.0,9000.0,8319.0,8290.0,False,107000.0,106000.0,106290.0,False,107000.0,106000.0,106290.0,False,1000.0,4981.0,3981.0,False,1786.0,71708.0,69922.0,False,2692.0,,197308.0,True,4496.0,,195504.0,True,6776.0,,193224.0,True,0.09417535364627838,0.27415114641189575,0.008905351161956787,0.05063165463538489,0.3505977934981508,134.08639526367188,0.025353447719022,0.3655540211445084,0.16728265187050448,0.11236736178398132,1.8782192468643188,0.03149127960205078,0.10846487612979457,5.578893717476977,281.4842529296875,0.04251620105503544,2.1296326850704124,1.5009727031012683,0,1185.0,,
ntk_N200_a0.5_wd3e-06_s4,0.5,200,3e-06,4,46,400.0,7.500000000000001e-09,ok,,,200000,200000,307,60.80436825752258,12.915590524673462,2,478542c5c3dbb4497d84b2fd1e02cb9cd6ab935b,True,2.004174035619144e-07,117.19227600097656,280.3985290527344,2.3926366021801457,0.11668634414672852,0.043524658909207946,1.911369800567627,0.03502345085144043,1.0,0.9811320900917053,1.284804875467671e-05,0.02102847397327423,0.09356711059808731,0.019969740713709484,0.11846210062503815,4058,True,1313.0,1185.0,40000.0,39000.0,38687.0,False,,,198687.0,True,,,198687.0,True,1000.0,9000.0,8000.0,False,1786.0,,198214.0,True,2692.0,,197308.0,True,4496.0,,195504.0,True,7508.0,,192492.0,True,0.10721957683563232,0.6693559885025024,0.017781853675842285,0.08193831191384862,0.9887508986914445,160.87344360351562,0.03288049226486686,0.8341776860058961,0.4539653350169567,,,,,,,,,,0,786.0,,
ntk_N200_a0.5_wd1e-05_s0,0.5,200,1e-05,0,42,400.0,2.5000000000000002e-08,ok,,,200000,200000,307,62.082616090774536,12.91229510307312,2,478542c5c3dbb4497d84b2fd1e02cb9cd6ab935b,True,1.9851709964768816e-07,118.2148208618164,247.7350311279297,2.095634281064571,0.1259692907333374,0.05408217180690014,1.625616192817688,0.036464154720306396,1.0,1.0,3.750606265384704e-05,0.008365283720195293,0.09087491780519485,0.020238980369517205,0.12601414322853088,199000,True,1455.0,1313.0,13894.0,13000.0,12439.0,False,23000.0,22000.0,21545.0,False,23000.0,22000.0,21545.0,False,1000.0,7000.0,6000.0,False,1786.0,28000.0,26214.0,False,2692.0,152000.0,149308.0,False,4496.0,,195504.0,True,7508.0,,192492.0,True,0.10623621195554733,0.7505688667297363,0.01913928985595703,0.08818790259623822,1.1538927952114029,169.77015686035156,0.034764321213090706,0.9182327928945349,0.5237307939041741,0.11643822491168976,1.8174681663513184,0.03291606903076172,0.11268260391788824,5.195399676016552,273.9234924316406,0.0444684270466518,2.0485811808591574,1.4633773611179446,0,965.0,78000.0,
ntk_N200_a0.5_wd1e-05_s1,0.5,200,1e-05,1,43,400.0,2.5000000000000002e-08,ok,,,200000,200000,307,62.80629515647888,12.796148538589478,2,478542c5c3dbb4497d84b2fd1e02cb9cd6ab935b,True,2.0200307915274607e-07,118.16344451904297,251.73526000976562,2.1303987966362685,0.12434211373329163,0.0522992415898541,1.670251488685608,0.0378345251083374,1.0,1.0,3.561336052371189e-05,0.01055180188268423,0.091637521982193,0.019875799298766664,0.1244189590215683,199000,True,871.0,786.0,13894.0,13000.0,13023.0,False,23000.0,22000.0,22129.0,False,23000.0,22000.0,22129.0,False,1000.0,8319.0,7319.0,False,1786.0,58000.0,56214.0,False,2692.0,,197308.0,True,4496.0,,195504.0,True,7508.0,,192492.0,True,0.09946348518133163,0.3621584475040436,0.011644601821899414,0.05868845002368635,0.47320867215911144,140.22207641601562,0.027512436885671482,0.4666538062192802,0.2296843985829881,0.11540339887142181,1.853127360343933,0.034276723861694336,0.10409718002997459,5.420232944268348,277.1998291015625,0.04303130449126917,2.080014371344536,1.495870876456598,0,965.0,105000.0,
ntk_N200_a0.5_wd1e-05_s2,0.5,200,1e-05,2,44,400.0,2.5000000000000002e-08,ok,,,200000,200000,307,61.10866904258728,12.011987924575806,2,478542c5c3dbb4497d84b2fd1e02cb9cd6ab935b,True,1.989451021700006e-07,116.98216247558594,244.9759979248047,2.094131214029583,0.12799134850502014,0.05553885777682048,1.6037023067474365,0.03907865285873413,1.0,1.0,3.407953408895992e-05,0.007512782700359821,0.09122088551521301,0.01943047139608517,0.12799586355686188,199000,True,1069.0,1000.0,7508.0,7000.0,6439.0,False,22000.0,21000.0,20931.0,False,22000.0,21000.0,20931.0,False,1069.0,6776.0,5707.0,False,1786.0,34974.0,33188.0,False,2692.0,140000.0,137308.0,False,4496.0,,195504.0,True,7508.0,,192492.0,True,0.10059478878974915,0.4779328405857086,0.013488531112670898,0.06504851371756697,0.6472726863477504,146.8277130126953,0.02874089533171111,0.6127425696569336,0.3048490259443245,0.1173444390296936,1.8080469369888306,0.03451097011566162,0.11285942850414424,5.139638040235335,273.3828125,0.04469974421206662,2.044853954050243,1.4418686761277126,0,1069.0,63000.0,
ntk_N200_a0.5_wd1e-05_s3,0.5,200,1e-05,3,45,400.0,2.5000000000000002e-08,ok,,,200000,200000,307,66.11329197883606,12.92549753189087,2,478542c5c3dbb4497d84b2fd1e02cb9cd6ab935b,True,2.0099882647173217e-07,118.0229721069336,244.74298095703125,2.0736893554526334,0.12492657452821732,0.05502049786997447,1.593328833580017,0.03412020206451416,1.0,1.0,3.366150849615224e-05,0.007385259959846735,0.0882447361946106,0.01967432565840864,0.12492657452821732,200000,True,710.0,640.0,8000.0,7508.0,7290.0,False,15000.0,14000.0,14290.0,False,15000.0,14000.0,14290.0,False,1000.0,4496.0,3496.0,False,1786.0,15000.0,13214.0,False,2692.0,125000.0,122308.0,False,4496.0,,195504.0,True,6776.0,,193224.0,True,0.09415993094444275,0.2664710581302643,0.008913516998291016,0.05049583663529901,0.3413444345303257,133.52561950683594,0.02534527253580239,0.35809406918313086,0.15916958315029675,0.11456247419118881,1.7836512327194214,0.030626416206359863,0.11862410701162104,4.988215654417025,270.8398132324219,0.04483325372397136,2.0328921450151762,1.4098552986525459,0,1185.0,102000.0,
ntk_N200_a0.5_wd1e-05_s4,0.5,200,1e-05,4,46,400.0,2.5000000000000002e-08,ok,,,200000,200000,307,65.90957117080688,12.5578932762146,2,0c2c9fa139cdb9df0506aa0716a97da613a80d40,True,2.0479868112488475e-07,117.19227600097656,246.9928741455078,2.1075866309094433,0.1283474564552307,0.05464462536919582,1.6501487493515015,0.03823232650756836,1.0,1.0,3.4384858736302704e-05,0.007945449091494083,0.09356711059808731,0.019969740713709484,0.1283474564552307,200000,True,1313.0,1185.0,18900.0,18000.0,17587.0,False,50000.0,49000.0,48687.0,False,50000.0,49000.0,48687.0,False,1069.0,7000.0,5931.0,False,1786.0,34974.0,33188.0,False,2692.0,150000.0,147308.0,False,4496.0,,195504.0,True,7508.0,,192492.0,True,0.10730261355638504,0.6551365256309509,0.017826199531555176,0.0823022280994851,0.9617833654027228,159.76039123535156,0.0328887611563944,0.8200405517332425,0.4395694866791193,0.12035834789276123,1.8164552450180054,0.0347977876663208,0.11540564265580877,5.191408104563591,268.6802673339844,0.0466176191675818,2.0681268676936786,1.425155126443878,0,710.0,46000.0,
ntk_N200_a0.5_wd3e-05_s0,0.5,200,3e-05,0,42,400.0,7.5e-08,ok,,,200000,200000,307,65.3048448562622,12.76736068725586,2,0c2c9fa139cdb9df0506aa0716a97da613a80d40,True,1.9998672939891549e-07,118.2148208618164,214.52133178710938,1.8146737458399358,0.14465667307376862,0.07364346395697485,1.3259592056274414,0.03866201639175415,1.0,1.0,9.813690121518448e-05,0.002305482979863882,0.09087491780519485,0.020238980369517205,0.14470665156841278,198000,True,1455.0,1313.0,6776.0,6116.0,5321.0,False,10000.0,9218.0,8545.0,False,10000.0,9218.0,8545.0,False,1000.0,5520.0,4520.0,False,1786.0,10214.0,8428.0,False,2692.0,29000.0,26308.0,False,4496.0,105000.0,100504.0,False,7508.0,,192492.0,True,0.10638909041881561,0.7114730477333069,0.019230127334594727,0.08880864456784665,1.0741053031158743,166.29525756835938,0.03487639037872807,0.8812358388409925,0.48111058617934027,0.12004708498716354,1.68805992603302,0.0328485369682312,0.1270273169247754,4.449092337457273,257.7210388183594,0.04832932029616945,1.92830702857357,1.3152945142137342,0,965.0,10000.0,105000.0
ntk_N200_a0.5_wd3e-05_s1,0.5,200,3e-05,1,43,400.0,7.5e-08,ok,,,200000,200000,307,64.32289004325867,12.638276815414429,2,0c2c9fa139cdb9df0506aa0716a97da613a80d40,True,2.0492842622843455e-07,118.16344451904297,214.78201293945312,1.817668855318781,0.1453256607055664,0.07368884806767372,1.3199223279953003,0.041012465953826904,1.0,1.0,9.595905430614948e-05,0.0027427137829363346,0.091637521982193,0.019875799298766664,0.14542771875858307,196000,True,871.0,786.0,8000.0,7508.0,7129.0,False,8319.0,8000.0,7448.0,False,8319.0,8000.0,7448.0,False,1069.0,6000.0,4931.0,False,1786.0,14000.0,12214.0,False,2692.0,41000.0,38308.0,False,4496.0,158000.0,153504.0,False,7508.0,,192492.0,True,0.09946629405021667,0.33565983176231384,0.011648833751678467,0.05869851698315254,0.4378213991163909,138.2259063720703,0.02750554604406948,0.4412743439970849,0.20148121234008412,0.11860198527574539,1.7128849029541016,0.0334092378616333,0.11763526197754151,4.585517378106918,260.5494079589844,0.04635186666091161,1.9503198590710973,1.334191240741694,0,965.0,13894.0,118000.0
ntk_N200_a0.5_wd3e-05_s2,0.5,200,3e-05,2,44,400.0,7.5e-08,ok,,,200000,200000,307,63.667994260787964,12.688954591751099,2,0c2c9fa139cdb9df0506aa0716a97da613a80d40,True,2.062637349808938e-07,116.98216247558594,215.91294860839844,1.8456912065842452,0.14408224821090698,0.07216967352542908,1.34248685836792,0.04245036840438843,1.0,1.0,9.558834426570684e-05,0.0025600821245461702,0.09122088551521301,0.01943047139608517,0.14431247115135193,197000,True,1069.0,1000.0,6776.0,6116.0,5707.0,False,12000.0,11317.0,10931.0,False,12000.0,11317.0,10931.0,False,1069.0,5520.0,4451.0,False,1786.0,11000.0,9214.0,False,2692.0,31000.0,28308.0,False,4496.0,128000.0,123504.0,False,7508.0,,192492.0,True,0.10055998712778091,0.44621798396110535,0.013489603996276855,0.06483278753450494,0.5987031093974143,144.36318969726562,0.028752387121768256,0.5823059925336379,0.27110597876825376,0.12156879156827927,1.6776224374771118,0.03481787443161011,0.12869485850963164,4.3954182271163456,256.7986755371094,0.04901059379694682,1.9252474082682778,1.2894111746950434,0,1069.0,7000.0,94000.0
ntk_N200_a0.5_wd3e-05_s3,0.5,200,3e-05,3,45,400.0,7.5e-08,ok,,,200000,200000,307,62.829492807388306,12.484405279159546,2,0c2c9fa139cdb9df0506aa0716a97da613a80d40,True,2.0536560896289302e-07,118.0229721069336,215.3123016357422,1.8243253647320499,0.14199361205101013,0.0724690963778528,1.3118624687194824,0.038524627685546875,1.0,1.0,9.467321069678292e-05,0.0024247097317129374,0.0882447361946106,0.01967432565840864,0.1421286016702652,197000,True,710.0,640.0,5520.0,5000.0,4810.0,False,6116.0,6000.0,5406.0,False,6116.0,6000.0,5406.0,False,1069.0,4058.0,2989.0,False,1786.0,8000.0,6214.0,False,2692.0,28487.0,25795.0,False,4496.0,119000.0,114504.0,False,7000.0,,193000.0,True,0.09410923719406128,0.24564002454280853,0.008911490440368652,0.050118890373721796,0.31673343878525184,131.93824768066406,0.025316680968689866,0.338869651243623,0.13616021296603578,0.11769604682922363,1.6480566263198853,0.03001868724822998,0.1325137917223171,4.233874926907092,255.4578857421875,0.04765480946462855,1.904356303710993,1.259340983780843,0,1185.0,13894.0,137000.0
ntk_N200_a0.5_wd3e-05_s4,0.5,200,3e-05,4,46,400.0,7.5e-08,ok,,,200000,200000,307,64.6095860004425,12.383760929107666,2,0c2c9fa139cdb9df0506aa0716a97da613a80d40,True,2.054800205542051e-07,117.19227600097656,214.6282196044922,1.8314195007417016,0.14604708552360535,0.07331882231421336,1.3467897176742554,0.042757511138916016,1.0,1.0,9.428623889107257e-05,0.0021730719599872828,0.09356711059808731,0.019969740713709484,0.14609670639038086,195000,True,1313.0,1185.0,9000.0,8319.0,7687.0,False,10000.0,9218.0,8687.0,False,10000.0,9218.0,8687.0,False,1069.0,5520.0,4451.0,False,1786.0,11317.0,9531.0,False,2692.0,31564.0,28872.0,False,4496.0,103000.0,98504.0,False,7508.0,,192492.0,True,0.10734987258911133,0.6178765296936035,0.017970681190490723,0.0822973097341846,0.8931272029754591,156.64889526367188,0.03298858253164848,0.7845887802792612,0.39940118047928136,0.12233910709619522,1.7142908573150635,0.03404223918914795,0.12407283095075985,4.594067727680243,258.4953308105469,0.048561638111252595,1.9665884929342736,1.3222798569613052,0,710.0,3662.0,88000.0
ntk_N200_a0.5_wd0.0001_s0,0.5,200,0.0001,0,42,400.0,2.5e-07,ok,,,200000,200000,307,63.19272708892822,12.67859172821045,2,0c2c9fa139cdb9df0506aa0716a97da613a80d40,True,1.9851709964768816e-07,118.2148208618164,198.41864013671875,1.6784582397553531,0.154169499874115,0.08354922953583477,1.1645790338516235,0.03846573829650879,1.0,1.0,0.0004000872722826898,0.0022192911710590124,0.09087491780519485,0.020238980369517205,0.1546175628900528,178000,True,1455.0,1313.0,4981.0,4496.0,3526.0,False,5520.0,5000.0,4065.0,False,5520.0,5000.0,4065.0,False,1185.0,4000.0,2815.0,False,1979.0,5520.0,3541.0,False,2983.0,10000.0,7017.0,False,4981.0,28000.0,23019.0,False,8000.0,,192000.0,True,0.10674890875816345,0.5752922892570496,0.019614696502685547,0.08995603044573616,0.8212664816309492,154.7576904296875,0.03517722073271013,0.7511383319665594,0.3345743019356011,0.12559109926223755,1.473994493484497,0.0335233211517334,0.14768512719545884,3.409848094794632,231.75857543945312,0.05433496326832361,1.728692012413243,1.0718851047507596,0,965.0,3305.0,18000.0
ntk_N200_a0.5_wd0.0001_s1,0.5,200,0.0001,1,43,400.0,2.5e-07,ok,,,200000,200000,307,62.23269605636597,12.609639644622803,2,0c2c9fa139cdb9df0506aa0716a97da613a80d40,True,2.014669036043415e-07,118.16344451904297,198.4353790283203,1.6793296762463699,0.1545284539461136,0.08377915275788675,1.1598374843597412,0.041208505630493164,1.0,1.0,0.0004024800145998597,0.0025276995729655027,0.091637521982193,0.019875799298766664,0.15475180745124817,179000,True,871.0,786.0,4981.0,4496.0,4110.0,False,5520.0,5000.0,4649.0,False,5520.0,5000.0,4649.0,False,1185.0,4496.0,3311.0,False,1979.0,6776.0,4797.0,False,2983.0,12000.0,9017.0,False,4981.0,38751.0,33770.0,False,9218.0,,190782.0,True,0.09943663328886032,0.2409234493970871,0.011721491813659668,0.058365106861189404,0.3225678846974875,131.48968505859375,0.027502655587573185,0.34852732872655623,0.10385217514089973,0.12487120926380157,1.4841655492782593,0.03464025259017944,0.14012694708166745,3.45578581064668,233.39878845214844,0.05258010859443851,1.73591021809785,1.0757117303062504,0,965.0,3305.0,18900.0
ntk_N200_a0.5_wd0.0001_s2,0.5,200,0.0001,2,44,400.0,2.5e-07,ok,,,200000,200000,307,63.63478207588196,11.90331745147705,2,0c2c9fa139cdb9df0506aa0716a97da613a80d40,True,1.9876246426520083e-07,116.98216247558594,198.09005737304688,1.6933355751086245,0.1559351235628128,0.08405459768593351,1.156806230545044,0.04036635160446167,1.0,1.0,0.000397552183130756,0.0021503677126020193,0.09122088551521301,0.01943047139608517,0.15657542645931244,177000,True,1185.0,1069.0,4496.0,4058.0,3311.0,False,5520.0,5000.0,4335.0,False,5520.0,5000.0,4335.0,False,1185.0,4000.0,2815.0,False,1979.0,6000.0,4021.0,False,2983.0,10000.0,7017.0,False,4981.0,31564.0,26583.0,False,8319.0,,191681.0,True,0.10183504223823547,0.4040529131889343,0.015060722827911377,0.0696227700511479,0.5413028739543003,140.44468688964844,0.0300217806794811,0.5597564792329154,0.19800261075735653,0.12639953196048737,1.4666136503219604,0.03478407859802246,0.1472972249553978,3.379443305259948,231.92172241210938,0.05419568837350913,1.727891118222428,1.0532163487607706,0,1069.0,3305.0,15395.0
ntk_N200_a0.5_wd0.0001_s3,0.5,200,0.0001,3,45,400.0,2.5e-07,ok,,,200000,200000,307,64.67055416107178,12.300483703613281,2,0c2c9fa139cdb9df0506aa0716a97da613a80d40,True,1.9925847993818024e-07,118.0229721069336,198.18084716796875,1.6791718055397629,0.1535697877407074,0.08417183373515111,1.1375378370285034,0.038624465465545654,1.0,1.0,0.0003947003569919616,0.002157609211280942,0.0882447361946106,0.01967432565840864,0.15388017892837524,180000,True,786.0,710.0,4000.0,3662.0,3214.0,False,4496.0,4058.0,3710.0,False,4496.0,4058.0,3710.0,False,1185.0,3662.0,2477.0,False,1979.0,4981.0,3002.0,False,2983.0,10000.0,7017.0,False,4496.0,32000.0,27504.0,False,8000.0,,192000.0,True,0.09491071850061417,0.20511656999588013,0.01006251573562622,0.05358852507206484,0.2766627570650485,128.68707275390625,0.026126596607326625,0.31308360488262255,0.07575653755296002,0.12286167591810226,1.4355546236038208,0.031118035316467285,0.151528458611757,3.2425586193527387,230.09629821777344,0.05272001882991347,1.705356134681883,1.018440020780561,0,1185.0,3662.0,20000.0
ntk_N200_a0.5_wd0.0001_s4,0.5,200,0.0001,4,46,400.0,2.5e-07,ok,,,200000,200000,307,65.7966878414154,12.740939855575562,2,0c2c9fa139cdb9df0506aa0716a97da613a80d40,True,2.004174035619144e-07,117.19227600097656,197.836181640625,1.6881332831096858,0.15575170516967773,0.08453607201272703,1.178968906402588,0.041921377182006836,1.0,1.0,0.00039331792504526675,0.002068411326035857,0.09356711059808731,0.019969740713709484,0.15595436096191406,171000,True,965.0,871.0,5520.0,5000.0,4555.0,False,6000.0,5520.0,5035.0,False,6000.0,5520.0,5035.0,False,1185.0,4058.0,2873.0,False,1979.0,6000.0,4021.0,False,2983.0,10000.0,7017.0,False,4981.0,29000.0,24019.0,False,8319.0,,191681.0,True,0.10318149626255035,0.2843394875526428,0.013330459594726562,0.06703293110279422,0.37894799565078213,133.05014038085938,0.028969027590311162,0.4123155072201872,0.12570903186576718,0.1281261146068573,1.5009174346923828,0.0351521372795105,0.14464703697255593,3.530746892648236,232.3022918701172,0.05485649875004703,1.7703163003735765,1.071339295408498,0,786.0,2983.0,15395.0
ntk_N200_a0.5_wd0.0003_s0,0.5,200,0.0003,0,42,400.0,7.499999999999999e-07,ok,,,200000,200000,307,64.87206506729126,12.48417854309082,2,0c2c9fa139cdb9df0506aa0716a97da613a80d40,True,1.9851709964768816e-07,118.2148208618164,181.81024169921875,1.537964870849318,0.1568676382303238,0.08617432433477533,0.9953324198722839,0.03703123331069946,1.0,1.0,0.0017949865432456136,0.004624742083251476,0.09087491780519485,0.020238980369517205,0.15827180445194244,196000,True,1786.0,1612.0,4000.0,3662.0,2214.0,False,4000.0,3662.0,2214.0,False,4000.0,3662.0,2214.0,False,1455.0,3662.0,2207.0,False,2430.0,4496.0,2066.0,False,3662.0,6776.0,3114.0,False,6776.0,,193224.0,True,,,,True,0.1115669459104538,0.3470531702041626,0.023948073387145996,0.10555888882172627,0.4898017657303657,135.29730224609375,0.040098150111989965,0.5640402428280671,0.03278194794084117,0.13351555168628693,1.0455552339553833,0.035369157791137695,0.17467283352496382,1.8987365268630518,187.65338134765625,0.06201338528288095,1.312505113885068,0.6224217847426748,0,965.0,2692.0,6000.0
ntk_N200_a0.5_wd0.0003_s1,0.5,200,0.0003,1,43,400.0,7.499999999999999e-07,ok,,,200000,200000,307,64.06596422195435,12.412527561187744,2,0c2c9fa139cdb9df0506aa0716a97da613a80d40,True,2.014669036043415e-07,118.16344451904297,181.51795959472656,1.5361600225311096,0.1568160504102707,0.08648176348844744,0.992832601070404,0.04076981544494629,1.0,1.0,0.0018281167140230536,0.005312154535204172,0.091637521982193,0.019875799298766664,0.1587328463792801,174000,True,871.0,786.0,3662.0,3305.0,2791.0,False,4981.0,4496.0,4110.0,False,4981.0,4496.0,4110.0,False,1455.0,3662.0,2207.0,False,2430.0,4981.0,2551.0,False,3662.0,7000.0,3338.0,False,6776.0,,193224.0,True,,,,True,0.09882012754678726,-0.015554310753941536,0.011956930160522461,0.053919477787038685,0.15422055666127327,114.19737243652344,0.02720717081981669,0.10065433113194734,-0.16551834949404595,0.1383310854434967,1.0957428216934204,0.03878486156463623,0.18295899038312818,2.048839338057314,191.93222045898438,0.06671357568168737,1.3663212692888806,0.6502885746164465,0,965.0,2692.0,5520.0
ntk_N200_a0.5_wd0.0003_s2,0.5,200,0.0003,2,44,400.0,7.499999999999999e-07,ok,,,200000,200000,307,64.53481912612915,12.674769639968872,2,0c2c9fa139cdb9df0506aa0716a97da613a80d40,True,1.9876246426520083e-07,116.98216247558594,181.4361572265625,1.5509728439532655,0.157584086060524,0.0869397560008959,0.990217924118042,0.040076375007629395,1.0,1.0,0.001800099853426218,0.004812451545149088,0.09122088551521301,0.01943047139608517,0.15994085371494293,115000,True,1185.0,1069.0,4000.0,3662.0,2815.0,False,4000.0,3662.0,2815.0,False,4000.0,3662.0,2815.0,False,1612.0,3662.0,2050.0,False,2430.0,4496.0,2066.0,False,3662.0,6776.0,3114.0,False,6116.0,,193884.0,True,,,,True,0.10126858204603195,0.07277514785528183,0.015545964241027832,0.06554853618161813,0.19784529661432415,117.44144439697266,0.02991959661117434,0.23816370706727708,-0.149714767536439,0.13296940922737122,1.046642780303955,0.03672325611114502,0.16865668954806354,1.9038285873071203,186.9352264404297,0.06176851299032693,1.3263535046375567,0.5996767320196712,0,1185.0,2692.0,5520.0
ntk_N200_a0.5_wd0.0003_s3,0.5,200,0.0003,3,45,400.0,7.499999999999999e-07,ok,,,200000,200000,307,63.14112210273743,12.50349736213684,2,0c2c9fa139cdb9df0506aa0716a97da613a80d40,True,1.9925847993818024e-07,118.0229721069336,181.53875732421875,1.5381645969713191,0.15608905255794525,0.08668332703933185,0.9664042592048645,0.038055479526519775,1.0,1.0,0.0018069692887365818,0.005067523568868637,0.0882447361946106,0.01967432565840864,0.15740849077701569,93000,True,965.0,871.0,3662.0,3305.0,2697.0,False,3662.0,3305.0,2697.0,False,3662.0,3305.0,2697.0,False,1455.0,3305.0,1850.0,False,2430.0,4058.0,1628.0,False,3662.0,6776.0,3114.0,False,6000.0,,194000.0,True,,,,True,0.09645936638116837,0.020666737109422684,0.012854933738708496,0.05871789424697614,0.16336418398696734,115.42290496826172,0.027950706778647617,0.16495683968443053,-0.1613402163690073,0.13023249804973602,1.0051729679107666,0.034728050231933594,0.1731181271018274,1.7863155852868444,184.7420654296875,0.06081808809492491,1.2915203986046202,0.5573281975282416,0,1313.0,2692.0,6000.0
ntk_N200_a0.5_wd0.0003_s4,0.5,200,0.0003,4,46,400.0,7.499999999999999e-07,ok,,,200000,200000,307,62.88386106491089,12.339274883270264,2,0c2c9fa139cdb9df0506aa0716a97da613a80d40,True,2.004174035619144e-07,117.19227600097656,181.3885040283203,1.5477854873883394,0.1565372198820114,0.08627026646032367,1.016685128211975,0.0413508415222168,1.0,1.0,0.0017899010563269258,0.0048028030432760715,0.09356711059808731,0.019969740713709484,0.15832024812698364,173000,True,1612.0,1455.0,4000.0,3662.0,2388.0,False,4058.0,4000.0,2446.0,False,4058.0,4000.0,2446.0,False,1455.0,3662.0,2207.0,False,2430.0,4496.0,2066.0,False,3662.0,6776.0,3114.0,False,6116.0,,193884.0,True,,,,True,0.11134157329797745,0.2631697654724121,0.02282959222793579,0.09412445256505918,0.38735282452104336,127.92330169677734,0.037522604385184566,0.47979876224964824,-0.04378892999461456,0.13469237089157104,1.0713244676589966,0.03752756118774414,0.1652016897615903,1.9755035814173483,187.10003662109375,0.06206427146137419,1.3547958077582565,0.6166425594518238,0,786.0,2430.0,5520.0
ntk_N200_a0.5_wd0.001_s0,0.5,200,0.001,0,42,400.0,2.5e-06,ok,,,200000,200000,307,60.54032301902771,12.452808380126953,2,0c2c9fa139cdb9df0506aa0716a97da613a80d40,True,1.9851709964768816e-07,118.2148208618164,128.55950927734375,1.0875075421179163,0.15233278274536133,0.08398346607748221,0.3229038119316101,0.03949826955795288,1.0,1.0,0.01516383420675993,0.02300647832453251,0.09087491780519485,0.020238980369517205,0.15466222167015076,155000,True,4981.0,4496.0,6000.0,5520.0,1019.0,False,7000.0,6776.0,2019.0,False,7000.0,6776.0,2019.0,False,4058.0,6776.0,2718.0,False,6776.0,,193224.0,True,,,,True,,,,True,,,,True,0.13890095055103302,-0.08924375474452972,0.04204869270324707,0.18144332236592642,0.2901910166123938,102.23641204833984,0.07169236202842261,0.18606661851363554,-0.4937177771003554,0.1474090814590454,0.1806793361902237,0.042330265045166016,0.21062064468146535,0.37502755966608675,119.18687438964844,0.07952764122116514,0.4552598559421292,-0.23602745387173357,0,1612.0,3305.0,5520.0
ntk_N200_a0.5_wd0.001_s1,0.5,200,0.001,1,43,400.0,2.5e-06,ok,,,200000,200000,307,60.91292428970337,12.33987832069397,2,0c2c9fa139cdb9df0506aa0716a97da613a80d40,True,2.014669036043415e-07,118.16344451904297,128.30860900878906,1.085857047676967,0.1529548466205597,0.08447379354099552,0.31573066115379333,0.041318655014038086,1.0,1.0,0.01518673449754715,0.023961106315255165,0.091637521982193,0.019875799298766664,0.15410521626472473,86000,True,4496.0,4058.0,6116.0,6000.0,1620.0,False,7000.0,6776.0,2504.0,False,7000.0,6776.0,2504.0,False,4496.0,6776.0,2280.0,False,6776.0,,193224.0,True,,,,True,,,,True,,,,True,0.13490015268325806,-0.2241450995206833,0.043859124183654785,0.16210344180576639,0.3323058586974585,95.34748077392578,0.06819696544696573,0.046307747641538936,-0.6286802872296088,0.1463107019662857,0.18707062304019928,0.04364985227584839,0.20163284075094362,0.38415506830263724,119.12838745117188,0.07875758366922608,0.46918538883118543,-0.26795464816873543,0,1786.0,3305.0,5520.0
ntk_N200_a0.5_wd0.001_s2,0.5,200,0.001,2,44,400.0,2.5e-06,ok,,,200000,200000,307,62.16840386390686,12.013945579528809,2,0c2c9fa139cdb9df0506aa0716a97da613a80d40,True,1.9876246426520083e-07,116.98216247558594,128.0548553466797,1.0946528311391457,0.15295498073101044,0.08505757859834331,0.3082660138607025,0.039551615715026855,1.0,1.0,0.015178842470049858,0.02343609742820263,0.09122088551521301,0.01943047139608517,0.15449939668178558,67000,True,4981.0,4496.0,5520.0,5000.0,539.0,False,6776.0,6116.0,1795.0,False,6776.0,6116.0,1795.0,False,4000.0,6776.0,2776.0,False,6776.0,,193224.0,True,,,,True,,,,True,,,,True,0.13976797461509705,-0.09442580491304398,0.04566144943237305,0.17719150987615467,0.30202123677653775,101.94991302490234,0.07101928590052597,0.1925162216618975,-0.5212857158970866,0.14782823622226715,0.16478331387043,0.04533916711807251,0.20489355605930126,0.37285121582228187,117.80859375,0.07883585207570527,0.45626757373368904,-0.2837563004446877,0,1979.0,3305.0,5000.0
ntk_N200_a0.5_wd0.001_s3,0.5,200,0.001,3,45,400.0,2.5e-06,ok,,,200000,200000,307,64.10899209976196,12.317347526550293,2,0c2c9fa139cdb9df0506aa0716a97da613a80d40,True,1.9925847993818024e-07,118.0229721069336,128.68368530273438,1.090327442238463,0.1506202071905136,0.08396628703553755,0.3122832775115967,0.04085385799407959,1.0,1.0,0.015079602599143982,0.02350420318543911,0.0882447361946106,0.01967432565840864,0.1526770144701004,112000,True,4000.0,3662.0,6776.0,6116.0,2776.0,False,8000.0,7508.0,4000.0,False,8000.0,7508.0,4000.0,False,4000.0,6776.0,2776.0,False,6776.0,,193224.0,True,,,,True,,,,True,,,,True,0.1286786049604416,-0.32544809579849243,0.041155874729156494,0.1557983070986452,0.3696209255824907,90.34394836425781,0.06326230698442276,-0.04143984111667217,-0.7292952321320837,0.14611107110977173,0.2323293685913086,0.04301363229751587,0.21335130499718352,0.42063504149505965,122.95162200927734,0.07955904885614754,0.5375539823183785,-0.23903550642087396,0,2193.0,3662.0,6000.0
ntk_N200_a0.5_wd0.001_s4,0.5,200,0.001,4,46,400.0,2.5e-06,ok,,,200000,200000,307,63.14127063751221,12.252217292785645,2,0c2c9fa139cdb9df0506aa0716a97da613a80d40,True,2.004174035619144e-07,117.19227600097656,127.99617004394531,1.0921894719655305,0.15339866280555725,0.08455559025674017,0.3377348780632019,0.04173862934112549,1.0,1.0,0.01513400673866272,0.023308685049414635,0.09356711059808731,0.019969740713709484,0.15573929250240326,165000,True,4496.0,4058.0,7000.0,6776.0,2504.0,False,8000.0,7508.0,3504.0,False,8000.0,7508.0,3504.0,False,4496.0,6776.0,2280.0,False,6776.0,,193224.0,True,,,,True,,,,True,,,,True,0.13807415962219238,-0.23636730015277863,0.04768496751785278,0.16119818235728456,0.3458480086329397,93.40669250488281,0.06853754884393665,0.047518795776832344,-0.6459936251152697,0.15069295465946198,0.24336419999599457,0.04624474048614502,0.20534372038637647,0.4403361082811462,121.76426696777344,0.08139615700717506,0.5372401773951851,-0.22087107586476934,0,1455.0,2983.0,4981.0
ntk_N200_a0.5_wd0.003_s0,0.5,200,0.003,0,42,400.0,7.5e-06,ok,,,200000,200000,307,62.04433584213257,12.363049507141113,2,0c2c9fa139cdb9df0506aa0716a97da613a80d40,True,2.3546870409063558e-07,118.2148208618164,20.54974365234375,0.1738339025727133,0.05903518572449684,0.002548530117688154,-2.54514479637146,0.09951537847518921,0.05672268941998482,0.01886792480945587,0.04488665238022804,0.044915445148944855,0.09087491780519485,0.020238980369517205,0.09091854840517044,5,False,,,,,,True,,,,True,,,,True,,,,True,,,,True,,,,True,,,,True,,,,True,,,,,,,,,,,,,,,,,,,0,,,
ntk_N200_a0.5_wd0.003_s1,0.5,200,0.003,1,43,400.0,7.5e-06,ok,,,200000,200000,307,62.957847118377686,12.035041570663452,2,0c2c9fa139cdb9df0506aa0716a97da613a80d40,True,2.371495924080591e-07,118.16344451904297,20.584636688232422,0.17420477857612762,0.05492503196001053,0.0021956918986005616,-2.4817397594451904,0.11526286602020264,0.05042016878724098,0.0,0.044611137360334396,0.045202407985925674,0.091637521982193,0.019875799298766664,0.09165819734334946,4,False,,,,,,True,,,,True,,,,True,,,,True,,,,True,,,,True,,,,True,,,,True,,,,,,,,,,,,,,,,,,,0,,,
ntk_N200_a0.5_wd0.003_s2,0.5,200,0.003,2,44,400.0,7.5e-06,ok,,,200000,200000,307,61.7838568687439,11.773288488388062,2,0c2c9fa139cdb9df0506aa0716a97da613a80d40,True,2.372048442111918e-07,116.98216247558594,21.12841033935547,0.18061223944090576,0.056263819336891174,0.0016085443050741532,-2.4762983322143555,0.09771454334259033,0.03781512752175331,0.01886792480945587,0.044636182487010956,0.04476282000541687,0.09122088551521301,0.01943047139608517,0.09123174101114273,4,False,,,,,,True,,,,True,,,,True,,,,True,,,,True,,,,True,,,,True,,,,True,,,,,,,,,,,,,,,,,,,0,,,
ntk_N200_a0.5_wd0.003_s3,0.5,200,0.003,3,45,400.0,7.5e-06,ok,,,200000,200000,307,62.880029916763306,13.048174142837524,2,0c2c9fa139cdb9df0506aa0716a97da613a80d40,True,2.374637801949575e-07,118.0229721069336,22.065256118774414,0.1869572992856204,0.054925937205553055,0.0016136345540082864,-2.435896158218384,0.08104169368743896,0.03991596773266792,0.01886792480945587,0.044806964695453644,0.04633428901433945,0.0882447361946106,0.01967432565840864,0.08825112134218216,1,False,,,,,,True,,,,True,,,,True,,,,True,,,,True,,,,True,,,,True,,,,True,,,,,,,,,,,,,,,,,,,0,,,
ntk_N200_a0.5_wd0.003_s4,0.5,200,0.003,4,46,400.0,7.5e-06,ok,,,200000,200000,307,62.38163995742798,12.645074844360352,2,0c2c9fa139cdb9df0506aa0716a97da613a80d40,True,2.487485062374617e-07,117.19227600097656,17.6144962310791,0.15030424215783914,0.057214733213186264,0.0015427884700479886,-2.821392059326172,0.10568374395370483,0.042016807943582535,0.056603774428367615,0.04456840455532074,0.04475816711783409,0.09356711059808731,0.019969740713709484,0.09360958635807037,30,False,,,,,,True,,,,True,,,,True,,,,True,,,,True,,,,True,,,,True,,,,True,,,,,,,,,,,,,,,,,,,0,,,
ntk_N200_a1_wd0_s0,1.0,200,0.0,0,42,100.0,0.0,ok,,,200000,200000,307,63.40954399108887,13.888827323913574,2,0c2c9fa139cdb9df0506aa0716a97da613a80d40,True,2.0094954322757985e-07,118.2148208618164,248.38075256347656,2.1010965524687775,0.10276267677545547,0.030900996738385665,1.614720106124878,0.028370320796966553,1.0,0.24528302252292633,1.9454675566521473e-05,0.06694255769252777,0.09087491780519485,0.020238980369517205,0.10751732438802719,10214,True,1612.0,1455.0,,,198388.0,True,,,198388.0,True,,,198388.0,True,1313.0,,198687.0,True,2692.0,,197308.0,True,4981.0,,195019.0,True,10000.0,,190000.0,True,18900.0,,181100.0,True,0.0976095199584961,0.25414082407951355,0.008808135986328125,0.05712861266373889,0.32625738272667204,134.44436645507812,0.02634926776673721,0.33079026297922254,0.1604013850124671,,,,,,,,,,0,2193.0,,
ntk_N200_a1_wd0_s1,1.0,200,0.0,1,43,100.0,0.0,ok,,,200000,200000,307,60.599421977996826,12.424617052078247,2,0c2c9fa139cdb9df0506aa0716a97da613a80d40,True,2.014669036043415e-07,118.16344451904297,245.63526916503906,2.0787754636371742,0.10414125770330429,0.03136943861790671,1.6071065664291382,0.030001401901245117,1.0,0.3207547068595886,1.7516405932838097e-05,0.06190008297562599,0.091637521982193,0.019875799298766664,0.10892028361558914,8319,True,1455.0,1313.0,,,198545.0,True,,,198545.0,True,,,198545.0,True,1313.0,,198687.0,True,2692.0,,197308.0,True,4981.0,,195019.0,True,10000.0,,190000.0,True,18900.0,,181100.0,True,0.09718616306781769,0.2202480137348175,0.008001923561096191,0.049963758357950916,0.2840007172272661,131.61964416503906,0.025043967326887795,0.28915099728362004,0.13672203637466812,,,,,,,,,,0,2193.0,,
ntk_N200_a1_wd0_s2,1.0,200,0.0,2,44,100.0,0.0,ok,,,200000,200000,307,61.393277406692505,13.079713582992554,2,0c2c9fa139cdb9df0506aa0716a97da613a80d40,True,1.9876246426520083e-07,116.98216247558594,245.27313232421875,2.096671211522586,0.10428904742002487,0.03123567366591197,1.5996577739715576,0.030915141105651855,1.0,0.30188679695129395,2.0944200514350086e-05,0.0607418455183506,0.09122088551521301,0.01943047139608517,0.10893874615430832,9218,True,1786.0,1612.0,,,198214.0,True,,,198214.0,True,,,198214.0,True,1313.0,,198687.0,True,2983.0,,197017.0,True,4981.0,,195019.0,True,10000.0,,190000.0,True,18900.0,,181100.0,True,0.09742144495248795,0.29013893008232117,0.00928354263305664,0.05205284412828064,0.3716597988563616,134.5588836669922,0.02556243761362198,0.38342509554123794,0.1764960228182689,,,,,,,,,,0,2430.0,,
ntk_N200_a1_wd0_s3,1.0,200,0.0,3,45,100.0,0.0,ok,,,200000,200000,307,64.20689988136292,13.837857961654663,2,0c2c9fa139cdb9df0506aa0716a97da613a80d40,True,2.0140718959282822e-07,118.0229721069336,243.97377014160156,2.0671718885417616,0.1012248769402504,0.03098658296854933,1.5932117700576782,0.030727505683898926,1.0,0.43396225571632385,1.778275691322051e-05,0.05933995544910431,0.0882447361946106,0.01967432565840864,0.10632643103599548,9218,True,710.0,640.0,,,199290.0,True,,,199290.0,True,,,199290.0,True,1313.0,,198687.0,True,2692.0,,197308.0,True,4981.0,,195019.0,True,10000.0,,190000.0,True,18900.0,,181100.0,True,0.09009095281362534,0.07718335837125778,0.003142833709716797,0.02690034050298321,0.11504397595499471,122.25743103027344,0.021466712937961503,0.10961779758211096,0.0416567141259704,,,,,,,,,,0,3000.0,,
ntk_N200_a1_wd0_s4,1.0,200,0.0,4,46,100.0,0.0,ok,,,200000,200000,307,61.060627937316895,12.788548707962036,2,0c2c9fa139cdb9df0506aa0716a97da613a80d40,True,2.004174035619144e-07,117.19227600097656,244.56422424316406,2.086862996338821,0.10599035769701004,0.031697537658017305,1.6147925853729248,0.030521392822265625,1.0,0.3396226465702057,2.0081015463802032e-05,0.06194319203495979,0.09356711059808731,0.019969740713709484,0.11098525673151016,8319,True,1069.0,1000.0,,,198931.0,True,,,198931.0,True,,,198931.0,True,1313.0,,198687.0,True,2692.0,,197308.0,True,4981.0,,195019.0,True,10214.0,,189786.0,True,20000.0,,180000.0,True,0.09768650680780411,0.13399258255958557,0.005435585975646973,0.044640786151786085,0.18163527625741832,125.19608306884766,0.023463039365910265,0.1837708611297315,0.07940169011864595,,,,,,,,,,0,1612.0,,
ntk_N200_a1_wd3e-06_s0,1.0,200,3e-06,0,42,100.0,3.0000000000000004e-08,ok,,,200000,200000,307,61.229753732681274,12.964458703994751,2,0c2c9fa139cdb9df0506aa0716a97da613a80d40,True,2.032987538314046e-07,118.2148208618164,222.29539489746094,1.8804359155380892,0.10821840167045593,0.03567081943803519,1.3985496759414673,0.028177618980407715,1.0,0.5849056839942932,4.7088582505239174e-05,0.045427966862916946,0.09087491780519485,0.020238980369517205,0.10821840167045593,200000,True,1612.0,1455.0,,,198388.0,True,,,198388.0,True,,,198388.0,True,1313.0,,198687.0,True,2692.0,,197308.0,True,4981.0,,195019.0,True,10214.0,,189786.0,True,20000.0,,180000.0,True,0.09762342274188995,0.24785932898521423,0.008804738521575928,0.05724067919649084,0.3188851641862516,133.93431091308594,0.026337633500003746,0.32553520329598123,0.15292725641349486,,,,,,,,,,0,2193.0,,
ntk_N200_a1_wd3e-06_s1,1.0,200,3e-06,1,43,100.0,3.0000000000000004e-08,ok,,,200000,200000,307,61.513550996780396,12.996874332427979,2,0c2c9fa139cdb9df0506aa0716a97da613a80d40,True,2.0292132774102356e-07,118.16344451904297,220.23146057128906,1.8637867359714368,0.10885496437549591,0.03600226788694715,1.3942588567733765,0.03004622459411621,1.0,0.6226415038108826,4.645607259590179e-05,0.045365218073129654,0.091637521982193,0.019875799298766664,0.10928217321634293,12000,True,1455.0,1313.0,,,198545.0,True,,,198545.0,True,,,198545.0,True,1313.0,,198687.0,True,2692.0,,197308.0,True,4981.0,,195019.0,True,10000.0,,190000.0,True,18900.0,,181100.0,True,0.09717250615358353,0.2141813188791275,0.008022427558898926,0.04980890415807494,0.27735594211604453,131.1604766845703,0.025039323048433672,0.2836455116396836,0.12986227769857941,,,,,,,,,,0,2193.0,,
ntk_N200_a1_wd3e-06_s2,1.0,200,3e-06,2,44,100.0,3.0000000000000004e-08,ok,,,200000,200000,307,61.03982210159302,12.797226190567017,2,0c2c9fa139cdb9df0506aa0716a97da613a80d40,True,2.0774514553068002e-07,116.98216247558594,219.09982299804688,1.8729336025376757,0.10911791771650314,0.03615341306742768,1.3774735927581787,0.03010737895965576,1.0,0.5849056839942932,4.8644815251464024e-05,0.0444912351667881,0.09122088551521301,0.01943047139608517,0.10918612778186798,9218,True,1786.0,1612.0,,,198214.0,True,,,198214.0,True,,,198214.0,True,1313.0,,198687.0,True,2983.0,,197017.0,True,4981.0,,195019.0,True,10000.0,,190000.0,True,18900.0,,181100.0,True,0.0974128246307373,0.28253188729286194,0.00927877426147461,0.05199970421487093,0.3622335728679418,134.00523376464844,0.025570937836108115,0.37629769183766254,0.16828763029847038,,,,,,,,,,0,2430.0,,
ntk_N200_a1_wd3e-06_s3,1.0,200,3e-06,3,45,100.0,3.0000000000000004e-08,ok,,,200000,200000,307,62.27754592895508,12.754202127456665,2,0c2c9fa139cdb9df0506aa0716a97da613a80d40,True,2.0306823955706932e-07,118.0229721069336,218.35093688964844,1.8500714987232625,0.10699527710676193,0.035914517166505844,1.3706722259521484,0.029371917247772217,1.0,0.6792452931404114,5.036191942053847e-05,0.03901490569114685,0.0882447361946106,0.01967432565840864,0.10699527710676193,200000,True,710.0,640.0,,,199290.0,True,,,199290.0,True,,,199290.0,True,1313.0,,198687.0,True,2692.0,,197308.0,True,4981.0,,195019.0,True,10000.0,,190000.0,True,18900.0,,181100.0,True,0.0900854840874672,0.07372406125068665,0.0031319856643676758,0.026870172423730066,0.11225352004945802,122.03331756591797,0.021461550914311685,0.10608325764364433,0.03817750395771005,,,,,,,,,,0,2983.0,,
ntk_N200_a1_wd3e-06_s4,1.0,200,3e-06,4,46,100.0,3.0000000000000004e-08,ok,,,200000,200000,307,63.402382135391235,13.11612057685852,2,0c2c9fa139cdb9df0506aa0716a97da613a80d40,True,2.037294137835488e-07,117.19227600097656,218.4796905517578,1.8642840467569486,0.11115878820419312,0.03687109222346739,1.3961589336395264,0.03118574619293213,1.0,0.6603773832321167,4.463394725462422e-05,0.04165938124060631,0.09356711059808731,0.019969740713709484,0.11135824024677277,9218,True,1069.0,1000.0,,,198931.0,True,,,198931.0,True,,,198931.0,True,1313.0,,198687.0,True,2692.0,,197308.0,True,4981.0,,195019.0,True,10214.0,,189786.0,True,20000.0,,180000.0,True,0.09767883270978928,0.1293894499540329,0.005453348159790039,0.044508068204392494,0.17747628940310634,124.85919189453125,0.02344862713518029,0.17973133213862705,0.07414556724145999,,,,,,,,,,0,1612.0,,
ntk_N200_a1_wd1e-05_s0,1.0,200,1e-05,0,42,100.0,1.0000000000000001e-07,ok,,,200000,200000,307,62.15060091018677,13.305371284484863,2,0c2c9fa139cdb9df0506aa0716a97da613a80d40,True,1.9951417584707087e-07,118.2148208618164,190.70523071289062,1.6132091502791317,0.11811763793230057,0.045644863563299026,1.1013127565383911,0.03162026405334473,1.0,1.0,0.00013642797421198338,0.020952370017766953,0.09087491780519485,0.020238980369517205,0.11818522214889526,199000,True,1612.0,1455.0,106000.0,105000.0,104388.0,False,175000.0,174000.0,173388.0,False,175000.0,174000.0,173388.0,False,1313.0,93000.0,91687.0,False,2692.0,,197308.0,True,4981.0,,195019.0,True,10214.0,,189786.0,True,20000.0,,180000.0,True,0.09757054597139359,0.23163439333438873,0.008784055709838867,0.0568921363719448,0.3001616396414406,132.75587463378906,0.026344885036890288,0.31013195374901165,0.13552151214367728,0.11736118048429489,1.1201181411743164,0.03131532669067383,0.11862160432230802,2.111188230456673,192.5728302001953,0.04475829111453339,1.3766637063991034,0.7116130516680566,0,2193.0,,
ntk_N200_a1_wd1e-05_s1,1.0,200,1e-05,1,43,100.0,1.0000000000000001e-07,ok,,,200000,200000,307,60.33277130126953,12.543482780456543,2,0c2c9fa139cdb9df0506aa0716a97da613a80d40,True,2.014669036043415e-07,118.16344451904297,189.47097778320312,1.603465255726092,0.11873827129602432,0.045860558229726414,1.096382737159729,0.034357666969299316,1.0,1.0,0.0001314136025030166,0.021388640627264977,0.091637521982193,0.019875799298766664,0.11873827129602432,200000,True,1455.0,1313.0,109000.0,108081.0,107545.0,False,162906.0,162000.0,161451.0,False,162906.0,162000.0,161451.0,False,1313.0,97000.0,95687.0,False,2692.0,,197308.0,True,4981.0,,195019.0,True,10000.0,,190000.0,True,20000.0,,180000.0,True,0.09711826592683792,0.20037998259067535,0.00803530216217041,0.04934478134469294,0.26242210844343844,130.0964813232422,0.025027379853794857,0.2713815202832826,0.11390009118959243,0.1176193431019783,1.1247535943984985,0.03374183177947998,0.11335310644273244,2.1288386004986464,192.36207580566406,0.04453347884031961,1.3774383484362265,0.712189984252221,0,2193.0,,
ntk_N200_a1_wd1e-05_s2,1.0,200,1e-05,2,44,100.0,1.0000000000000001e-07,ok,,,200000,200000,307,62.27634572982788,13.035010576248169,2,0c2c9fa139cdb9df0506aa0716a97da613a80d40,True,1.9876246426520083e-07,116.98216247558594,186.5627899169922,1.594796898680409,0.11952708661556244,0.04737850513593232,1.0630388259887695,0.034188032150268555,1.0,1.0,0.00012636098836082965,0.018417872488498688,0.09122088551521301,0.01943047139608517,0.11952708661556244,200000,True,1786.0,1612.0,96000.0,95000.0,94214.0,False,119000.0,118000.0,117214.0,False,119000.0,118000.0,117214.0,False,1313.0,93000.0,91687.0,False,2983.0,179000.0,176017.0,False,5000.0,,195000.0,True,10214.0,,189786.0,True,20000.0,,180000.0,True,0.09742359817028046,0.26495540142059326,0.0093231201171875,0.051986897542407165,0.3410888587773112,132.7228240966797,0.025581300449861857,0.3598982171751627,0.14910404874572428,0.11587036401033401,1.1448031663894653,0.031886935234069824,0.11046416121610989,2.18810015202621,194.93519592285156,0.04339730968170839,1.4043984097618487,0.7303256679508612,0,2430.0,,
ntk_N200_a1_wd1e-05_s3,1.0,200,1e-05,3,45,100.0,1.0000000000000001e-07,ok,,,200000,200000,307,64.57886695861816,13.830270528793335,2,0c2c9fa139cdb9df0506aa0716a97da613a80d40,True,1.9925847993818024e-07,118.0229721069336,186.42678833007812,1.57958052574009,0.11819081008434296,0.04753277276015308,1.045453667640686,0.03166043758392334,1.0,1.0,0.00012212820001877844,0.01771472580730915,0.0882447361946106,0.01967432565840864,0.11819081008434296,200000,True,786.0,710.0,97545.0,97000.0,96759.0,False,115000.0,114000.0,114214.0,False,115000.0,114000.0,114214.0,False,1313.0,64717.0,63404.0,False,2983.0,162000.0,159017.0,False,4981.0,,195019.0,True,10000.0,,190000.0,True,18900.0,,181100.0,True,0.09040775150060654,0.07761850208044052,0.003630399703979492,0.02927875375255839,0.11985505578539538,122.20639038085938,0.021778431037781255,0.11489953907851631,0.03660891103610915,0.11460136622190475,1.124027967453003,0.030296683311462402,0.11929818216095432,2.121628177281949,194.46934509277344,0.043628606901300236,1.3910034954513915,0.7102853237846501,0,2983.0,,
ntk_N200_a1_wd1e-05_s4,1.0,200,1e-05,4,46,100.0,1.0000000000000001e-07,ok,,,200000,200000,307,62.89464020729065,12.920317888259888,2,0c2c9fa139cdb9df0506aa0716a97da613a80d40,True,2.004174035619144e-07,117.19227600097656,185.5489044189453,1.5832861238858364,0.12217307835817337,0.048434310212327046,1.0752726793289185,0.03387308120727539,1.0,1.0,0.0001194234355352819,0.017837950959801674,0.09356711059808731,0.019969740713709484,0.12217307835817337,200000,True,1069.0,1000.0,110000.0,109000.0,108931.0,False,199000.0,198000.0,197931.0,False,199000.0,198000.0,197931.0,False,1313.0,78000.0,76687.0,False,2983.0,169000.0,166017.0,False,4981.0,,195019.0,True,10214.0,,189786.0,True,20000.0,,180000.0,True,0.0976657122373581,0.11780963093042374,0.005455970764160156,0.044374298167106634,0.16706864873862193,124.0770034790039,0.023444663080344527,0.16865516053552773,0.061895272599036676,0.1221066564321518,1.0763691663742065,0.033876657485961914,0.1234070038273805,1.9847324587257988,185.62271118164062,0.04838409521104167,1.3498852734393068,0.636157436510297,0,1612.0,144000.0,
ntk_N200_a1_wd3e-05_s0,1.0,200,3e-05,0,42,100.0,3e-07,ok,,,200000,200000,307,63.43937301635742,13.125004529953003,2,0c2c9fa139cdb9df0506aa0716a97da613a80d40,True,2.0724925775539305e-07,118.2148208618164,158.69924926757812,1.342464913541465,0.136274516582489,0.06506411096373185,0.7306711077690125,0.03576725721359253,1.0,1.0,0.0003591290151234716,0.006921436637639999,0.09087491780519485,0.020238980369517205,0.13637112081050873,199000,True,1612.0,1455.0,25000.0,24000.0,23388.0,False,31000.0,30000.0,29388.0,False,31000.0,30000.0,29388.0,False,1313.0,22000.0,20687.0,False,2983.0,38000.0,35017.0,False,5520.0,87000.0,81480.0,False,11000.0,,189000.0,True,24000.0,,176000.0,True,0.0976274237036705,0.18562310934066772,0.008837878704071045,0.057187599054948066,0.25077821245150067,129.45608520507812,0.026355241620884564,0.26664136338848626,0.0861114426751176,0.11917060613632202,0.9961520433425903,0.03072488307952881,0.12690534399736053,1.7558862186976099,182.40711975097656,0.04720234904698306,1.2444542726747754,0.6065116560529384,0,2193.0,34974.0,
ntk_N200_a1_wd3e-05_s1,1.0,200,3e-05,1,43,100.0,3e-07,ok,,,200000,200000,307,65.78401684761047,13.05773138999939,2,0c2c9fa139cdb9df0506aa0716a97da613a80d40,True,2.0797922672954883e-07,118.16344451904297,158.50946044921875,1.3414424494342978,0.13775479793548584,0.06554429965873339,0.7213630676269531,0.03813612461090088,1.0,1.0,0.00035992421908304095,0.007576916832476854,0.091637521982193,0.019875799298766664,0.13775479793548584,200000,True,1455.0,1313.0,27000.0,26000.0,25545.0,False,37000.0,36000.0,35545.0,False,37000.0,36000.0,35545.0,False,1313.0,24000.0,22687.0,False,2983.0,45000.0,42017.0,False,5520.0,107000.0,101480.0,False,11000.0,,189000.0,True,24000.0,,176000.0,True,0.09713757038116455,0.1569354385137558,0.0080488920211792,0.049472341058599247,0.2184136125892491,127.11322784423828,0.025020735777136392,0.22921921073736615,0.06866864855827218,0.12069082260131836,0.98563551902771,0.032784104347229004,0.1267661380947946,1.7310305707226534,180.1678924560547,0.048145709955858686,1.236676340117375,0.579256635210969,0,2193.0,34000.0,
ntk_N200_a1_wd3e-05_s2,1.0,200,3e-05,2,44,100.0,3e-07,ok,,,200000,200000,307,63.8555109500885,13.232297420501709,2,0c2c9fa139cdb9df0506aa0716a97da613a80d40,True,2.049984999530352e-07,116.98216247558594,158.36001586914062,1.3537107924653915,0.13693645596504211,0.06512584066123658,0.7223737239837646,0.03915572166442871,1.0,1.0,0.00035172782372683287,0.0065007563680410385,0.09122088551521301,0.01943047139608517,0.13697221875190735,194000,True,1786.0,1612.0,27000.0,26000.0,25214.0,False,37000.0,36000.0,35214.0,False,37000.0,36000.0,35214.0,False,1313.0,21000.0,19687.0,False,2983.0,37000.0,34017.0,False,5520.0,83000.0,77480.0,False,11000.0,,189000.0,True,23000.0,,177000.0,True,0.09745454043149948,0.2136530876159668,0.009349942207336426,0.0521550197596486,0.282660609423814,129.1373291015625,0.02561019641539406,0.3105883311565625,0.09476162524743155,0.12181785702705383,0.9572640657424927,0.03354376554489136,0.13159199381670922,1.6581175548206404,177.95298767089844,0.04935497973451371,1.2174080061528119,0.5439352737984374,0,2430.0,31000.0,
ntk_N200_a1_wd3e-05_s3,1.0,200,3e-05,3,45,100.0,3e-07,ok,,,200000,200000,307,62.03510308265686,13.264441728591919,2,0c2c9fa139cdb9df0506aa0716a97da613a80d40,True,2.0562772817811492e-07,118.0229721069336,158.95701599121094,1.3468311562870103,0.13445527851581573,0.06457271319312782,0.71418297290802,0.036260366439819336,1.0,1.0,0.00035554394708015025,0.0068936655297875404,0.0882447361946106,0.01967432565840864,0.13445527851581573,200000,True,871.0,786.0,25000.0,24000.0,24129.0,False,25000.0,24000.0,24129.0,False,25000.0,24000.0,24129.0,False,1313.0,17000.0,15687.0,False,2983.0,33000.0,30017.0,False,5520.0,88000.0,82480.0,False,11000.0,,189000.0,True,22000.0,,178000.0,True,0.09072768688201904,0.0646132230758667,0.004176676273345947,0.031348380194266875,0.11562970426091447,121.24208068847656,0.022125111586675957,0.10785957122192906,0.016581547917551426,0.11707146465778351,0.9888263940811157,0.029798507690429688,0.13032625661846076,1.7348800431192797,183.0047149658203,0.04645672560764366,1.2535154561377015,0.5813287229324559,0,2983.0,35000.0,
ntk_N200_a1_wd3e-05_s4,1.0,200,3e-05,4,46,100.0,3e-07,ok,,,200000,200000,307,63.30741214752197,13.218191146850586,2,0c2c9fa139cdb9df0506aa0716a97da613a80d40,True,2.0628669972211355e-07,117.19227600097656,157.07620239257812,1.3403289683636592,0.13917866349220276,0.06688228402998453,0.7323772311210632,0.03993046283721924,1.0,1.0,0.0003466760681476444,0.006391852628439665,0.09356711059808731,0.019969740713709484,0.1392156034708023,198000,True,1000.0,965.0,28000.0,27000.0,27000.0,False,38000.0,37000.0,37000.0,False,38000.0,37000.0,37000.0,False,1313.0,20000.0,18687.0,False,2983.0,34000.0,31017.0,False,5520.0,80000.0,74480.0,False,11000.0,,189000.0,True,22000.0,,178000.0,True,0.09729316830635071,0.0740482434630394,0.005022764205932617,0.04209534361308932,0.1293437326481343,121.25602722167969,0.023111202998021996,0.1216391449791611,0.02178762331012754,0.12516292929649353,0.9591326713562012,0.03362160921096802,0.135712316491732,1.66304762651559,176.4344940185547,0.051335419833339224,1.2262090452477983,0.5335875274633854,0,1612.0,22000.0,
ntk_N200_a1_wd0.0001_s0,1.0,200,0.0001,0,42,100.0,1e-06,ok,,,200000,200000,307,62.2454731464386,12.354753494262695,2,0c2c9fa139cdb9df0506aa0716a97da613a80d40,True,1.9851709964768816e-07,118.2148208618164,139.71954345703125,1.181912237724846,0.1481436789035797,0.0775109298450446,0.4858803451061249,0.03618001937866211,1.0,1.0,0.001498687663115561,0.006178129930049181,0.09087491780519485,0.020238980369517205,0.14838601648807526,197000,True,1786.0,1612.0,11000.0,10214.0,9214.0,False,13894.0,13000.0,12108.0,False,13894.0,13000.0,12108.0,False,1612.0,10000.0,8388.0,False,3662.0,13894.0,10232.0,False,6776.0,25000.0,18224.0,False,13000.0,,187000.0,True,,,,True,0.09856518357992172,0.05038024112582207,0.010042846202850342,0.06110268845541242,0.15426617509390705,119.72093200683594,0.02712229819675255,0.15213430735058295,-0.07782653209783007,0.12780889868736267,0.683175802230835,0.03234446048736572,0.15870926477888597,1.0434579074759813,155.1270751953125,0.05633368384162092,0.9450440147611905,0.26522572925587906,0,2193.0,9000.0,34000.0
ntk_N200_a1_wd0.0001_s1,1.0,200,0.0001,1,43,100.0,1e-06,ok,,,200000,200000,307,63.185890913009644,13.345924377441406,2,0c2c9fa139cdb9df0506aa0716a97da613a80d40,True,2.014669036043415e-07,118.16344451904297,139.62957763671875,1.1816647543159284,0.14803417026996613,0.07699609569871582,0.4812159538269043,0.038365304470062256,1.0,1.0,0.0015161341289058328,0.007243448402732611,0.091637521982193,0.019875799298766664,0.14833419024944305,194000,True,1313.0,1185.0,11317.0,11000.0,10004.0,False,13000.0,12539.0,11687.0,False,13000.0,12539.0,11687.0,False,1612.0,11000.0,9388.0,False,3662.0,15000.0,11338.0,False,6776.0,29000.0,22224.0,False,13894.0,,186106.0,True,,,,True,0.0962100476026535,-0.0018308223225176334,0.007223665714263916,0.0438081253604487,0.12011435381946357,116.6335220336914,0.024312236616214095,0.06820435507350625,-0.08745641259126655,0.1265721470117569,0.6868107914924622,0.03329145908355713,0.14907812999015013,1.052244977508555,155.7855224609375,0.054695224925239254,0.9495054836015381,0.25504558037408864,0,2193.0,9000.0,31000.0
ntk_N200_a1_wd0.0001_s2,1.0,200,0.0001,2,44,100.0,1e-06,ok,,,200000,200000,307,62.12833309173584,12.407450914382935,2,0c2c9fa139cdb9df0506aa0716a97da613a80d40,True,1.9876246426520083e-07,116.98216247558594,139.3754425048828,1.1914247399381963,0.14819413423538208,0.07724980457718078,0.48156702518463135,0.03894448280334473,1.0,1.0,0.001499711535871029,0.006415000185370445,0.09122088551521301,0.01943047139608517,0.14865131676197052,186000,True,2193.0,2000.0,10214.0,10000.0,8021.0,False,12000.0,11317.0,9807.0,False,12000.0,11317.0,9807.0,False,1612.0,10000.0,8388.0,False,3662.0,13894.0,10232.0,False,6776.0,25710.0,18934.0,False,13000.0,,187000.0,True,,,,True,0.09932711720466614,0.0957222580909729,0.011806488037109375,0.06018498596965724,0.18994940497696775,120.2031478881836,0.027362231902613623,0.2281114161163798,-0.07496462048941316,0.12666285037994385,0.6769135594367981,0.03330904245376587,0.15097205231931185,1.0333052071532756,155.42599487304688,0.05486727528762109,0.9456199342020436,0.24799698066384263,0,2430.0,8319.0,31000.0
ntk_N200_a1_wd0.0001_s3,1.0,200,0.0001,3,45,100.0,1e-06,ok,,,200000,200000,307,63.27097821235657,13.21124267578125,2,0c2c9fa139cdb9df0506aa0716a97da613a80d40,True,1.9925847993818024e-07,118.0229721069336,139.54837036132812,1.1823831231337882,0.14712142944335938,0.07761418777928084,0.45721539855003357,0.03646242618560791,1.0,1.0,0.0014921237016096711,0.006649760529398918,0.0882447361946106,0.01967432565840864,0.1476040929555893,194000,True,2193.0,2000.0,10000.0,9218.0,7807.0,False,10000.0,9218.0,7807.0,False,10000.0,9218.0,7807.0,False,1612.0,9000.0,7388.0,False,3662.0,12539.0,8877.0,False,6116.0,25710.0,19594.0,False,12539.0,,187461.0,True,,,,True,0.09718314558267593,0.11455164849758148,0.012241959571838379,0.06447263924137481,0.20540014621797917,121.93975067138672,0.02793351573266033,0.2551296882729981,-0.06243063349676774,0.1220564991235733,0.6773636937141418,0.03038996458053589,0.14973772925106021,1.028595288013524,156.56809997558594,0.05197955245229362,0.9529353819223204,0.2482120728748468,0,2983.0,9000.0,36000.0
ntk_N200_a1_wd0.0001_s4,1.0,200,0.0001,4,46,100.0,1e-06,ok,,,200000,200000,307,61.914292097091675,12.654907464981079,2,0c2c9fa139cdb9df0506aa0716a97da613a80d40,True,2.004174035619144e-07,117.19227600097656,138.90768432617188,1.1852972658796588,0.14883571863174438,0.07803502093745165,0.49699512124061584,0.04071545600891113,1.0,1.0,0.0014980335254222155,0.006287056487053633,0.09356711059808731,0.019969740713709484,0.14893656969070435,192000,True,1786.0,1612.0,11317.0,11000.0,9531.0,False,12539.0,12000.0,10753.0,False,12539.0,12000.0,10753.0,False,1612.0,10000.0,8388.0,False,3662.0,13894.0,10232.0,False,6776.0,25000.0,18224.0,False,13000.0,,187000.0,True,,,,True,0.1011599600315094,0.04324699193239212,0.010215818881988525,0.06022148056342041,0.15261451521445116,117.79412841796875,0.026780627322848825,0.1527906643345618,-0.09018661211288467,0.12869873642921448,0.7063935995101929,0.03450417518615723,0.14794837108059258,1.0926631042223307,155.63217163085938,0.05530253403162745,0.9820298905057335,0.2650181089347393,0,1612.0,7508.0,25710.0
ntk_N200_a1_wd0.0003_s0,1.0,200,0.0003,0,42,100.0,2.9999999999999997e-06,ok,,,200000,200000,307,62.90744590759277,12.680664539337158,2,0c2c9fa139cdb9df0506aa0716a97da613a80d40,True,2.0278325507661066e-07,118.2148208618164,117.09577941894531,0.9905338312513355,0.14969587326049805,0.08007056463000142,0.15483562648296356,0.03621333837509155,1.0,1.0,0.006717986427247524,0.013551647774875164,0.09087491780519485,0.020238980369517205,0.15097124874591827,169000,True,6000.0,5520.0,10000.0,9218.0,4000.0,False,10214.0,10000.0,4214.0,False,10214.0,10000.0,4214.0,False,3662.0,9000.0,5338.0,False,6776.0,12539.0,5763.0,False,12000.0,,188000.0,True,,,,True,,,,True,0.11925970017910004,-0.15879376232624054,0.029016196727752686,0.1302535374354898,0.26659745793804607,100.43517303466797,0.047710451979023766,0.09972664578252902,-0.557164316592585,0.13477705419063568,0.12219779193401337,0.03462892770767212,0.18109497314059264,0.30847428526626464,114.82997131347656,0.0642830366545672,0.3980954138582707,-0.3180231277237461,0,2430.0,6116.0,13894.0
ntk_N200_a1_wd0.0003_s1,1.0,200,0.0003,1,43,100.0,2.9999999999999997e-06,ok,,,200000,200000,307,62.99040722846985,12.843794584274292,2,0c2c9fa139cdb9df0506aa0716a97da613a80d40,True,2.1074090739148232e-07,118.16344451904297,116.97406768798828,0.9899344773174498,0.14911991357803345,0.07936947224289506,0.15925423800945282,0.03796571493148804,1.0,1.0,0.006820306647568941,0.014404280111193657,0.091637521982193,0.019875799298766664,0.15005791187286377,153000,True,4496.0,4058.0,10000.0,9218.0,5504.0,False,11000.0,10214.0,6504.0,False,11000.0,10214.0,6504.0,False,3662.0,9218.0,5556.0,False,6776.0,13894.0,7118.0,False,12000.0,,188000.0,True,,,,True,,,,True,0.11046145856380463,-0.2972329556941986,0.02512425184249878,0.09524387683327826,0.3216274695460655,93.63557434082031,0.03882768602917783,-0.054015213943320664,-0.6715442793966057,0.13784417510032654,0.13279423117637634,0.03763502836227417,0.18349033082995023,0.32577462162767323,115.65565490722656,0.06680488311761534,0.4120920721295228,-0.3264943350030245,0,2692.0,6776.0,12539.0
ntk_N200_a1_wd0.0003_s2,1.0,200,0.0003,2,44,100.0,2.9999999999999997e-06,ok,,,200000,200000,307,65.4132719039917,12.858205318450928,2,0c2c9fa139cdb9df0506aa0716a97da613a80d40,True,1.9947752605276037e-07,116.98216247558594,116.64151000976562,0.9970879965063785,0.14951074123382568,0.0799821123726002,0.14561688899993896,0.037340641021728516,1.0,1.0,0.006731134373694658,0.013794534839689732,0.09122088551521301,0.01943047139608517,0.1497993767261505,180000,True,5520.0,5000.0,9000.0,8319.0,3480.0,False,10000.0,9218.0,4480.0,False,10000.0,9218.0,4480.0,False,3662.0,9000.0,5338.0,False,6776.0,12539.0,5763.0,False,11317.0,,188683.0,True,,,,True,,,,True,0.11512540280818939,-0.20792727172374725,0.028607487678527832,0.1121131460827931,0.28586780753965635,96.99186706542969,0.04489960706435259,0.05813725654459834,-0.6241742264758471,0.13421951234340668,0.11076858639717102,0.03764396905899048,0.17154922980967388,0.312781591238707,113.98934173583984,0.06436682890314614,0.3956005610435228,-0.34086829241691347,0,2983.0,6776.0,13000.0
ntk_N200_a1_wd0.0003_s3,1.0,200,0.0003,3,45,100.0,2.9999999999999997e-06,ok,,,200000,200000,307,64.77824783325195,12.568382024765015,2,0c2c9fa139cdb9df0506aa0716a97da613a80d40,True,2.056292913721336e-07,118.0229721069336,117.2389144897461,0.9933567372250454,0.14779378473758698,0.0790739058374472,0.14114099740982056,0.03724944591522217,1.0,1.0,0.006710698362439871,0.013917699456214905,0.0882447361946106,0.01967432565840864,0.14852871000766754,148000,True,4981.0,4496.0,10000.0,9218.0,5019.0,False,11000.0,10214.0,6019.0,False,11000.0,10214.0,6019.0,False,3662.0,9000.0,5338.0,False,6776.0,13000.0,6224.0,False,11317.0,,188683.0,True,,,,True,,,,True,0.11005030572414398,-0.2311762273311615,0.026175618171691895,0.10650385065980374,0.29008707289476315,96.11206817626953,0.04176065208255837,0.03682298211362347,-0.6323539211565519,0.1347200572490692,0.13452135026454926,0.03727924823760986,0.18468924627623,0.325621954491852,116.48555755615234,0.06615336648798874,0.43031647723171973,-0.33057918309742407,0,3305.0,6776.0,15395.0
ntk_N200_a1_wd0.0003_s4,1.0,200,0.0003,4,46,100.0,2.9999999999999997e-06,ok,,,200000,200000,307,63.85353994369507,12.213359117507935,2,0c2c9fa139cdb9df0506aa0716a97da613a80d40,True,2.0224688057624007e-07,117.19227600097656,116.42932891845703,0.9934897835543942,0.15033148229122162,0.08022150029198102,0.16852907836437225,0.040609657764434814,1.0,1.0,0.0067233433946967125,0.013514025136828423,0.09356711059808731,0.019969740713709484,0.1516052633523941,125000,True,4496.0,4058.0,10000.0,9218.0,5504.0,False,11000.0,10214.0,6504.0,False,11000.0,10214.0,6504.0,False,3662.0,9000.0,5338.0,False,7000.0,13000.0,6000.0,False,12000.0,,188000.0,True,,,,True,,,,True,0.11315366625785828,-0.30689913034439087,0.027593672275543213,0.09544014531903391,0.3323362801477268,92.06954193115234,0.03992429700119236,-0.047700385323136425,-0.6983290398922576,0.13799375295639038,0.14155933260917664,0.03988385200500488,0.17299603878722752,0.3391571300391411,114.78942108154297,0.06709818435095627,0.4289104636376699,-0.315534806305403,0,1786.0,6000.0,12539.0
ntk_N200_a1_wd0.001_s0,1.0,200,0.001,0,42,100.0,1e-05,ok,,,200000,200000,307,64.62544894218445,12.747300386428833,2,0c2c9fa139cdb9df0506aa0716a97da613a80d40,True,2.1329678645543027e-07,118.2148208618164,46.86521530151367,0.39644111423469763,0.09490522742271423,0.028862826957717254,-1.294236421585083,0.0575946569442749,0.19117647409439087,0.0,0.04109692946076393,0.047626253217458725,0.09087491780519485,0.020238980369517205,0.09491966664791107,197000,False,,,,,,True,,,,True,,,,True,,,,True,,,,True,,,,True,,,,True,,,,True,,,,,,,,,,,,,,,,,,,0,,,
ntk_N200_a1_wd0.001_s1,1.0,200,0.001,1,43,100.0,1e-05,ok,,,200000,200000,307,62.36630463600159,12.301209688186646,2,0c2c9fa139cdb9df0506aa0716a97da613a80d40,True,2.1159971197448613e-07,118.16344451904297,44.77973556518555,0.37896437216646084,0.08672945201396942,0.025203928693751772,-1.3581209182739258,0.061434268951416016,0.16806723177433014,0.0,0.0417555533349514,0.04912620782852173,0.091637521982193,0.019875799298766664,0.09165263175964355,10,False,,,,,,True,,,,True,,,,True,,,,True,,,,True,,,,True,,,,True,,,,True,,,,,,,,,,,,,,,,,,,0,,,
ntk_N200_a1_wd0.001_s2,1.0,200,0.001,2,44,100.0,1e-05,ok,,,200000,200000,307,60.9591760635376,12.31173324584961,2,0c2c9fa139cdb9df0506aa0716a97da613a80d40,True,2.0642160336592497e-07,116.98216247558594,46.45399856567383,0.3971032641439564,0.09112764149904251,0.0272258332167368,-1.2842066287994385,0.059072792530059814,0.20588235557079315,0.0,0.04079669713973999,0.04756533354520798,0.09122088551521301,0.01943047139608517,0.09148930758237839,132000,False,,,,,,True,,,,True,,,,True,,,,True,,,,True,,,,True,,,,True,,,,True,,,,,,,,,,,,,,,,,,,0,,,
ntk_N200_a1_wd0.001_s3,1.0,200,0.001,3,45,100.0,1e-05,ok,,,200000,200000,307,63.58561706542969,12.57638955116272,2,0c2c9fa139cdb9df0506aa0716a97da613a80d40,True,2.1278620465636777e-07,118.0229721069336,46.93103790283203,0.39764324745449225,0.08493217825889587,0.025111738807347603,-1.256889820098877,0.058492422103881836,0.17436975240707397,0.01886792480945587,0.04121331125497818,0.04992028698325157,0.0882447361946106,0.01967432565840864,0.08825202286243439,1,False,,,,,,True,,,,True,,,,True,,,,True,,,,True,,,,True,,,,True,,,,True,,,,,,,,,,,,,,,,,,,0,,,
ntk_N200_a1_wd0.001_s4,1.0,200,0.001,4,46,100.0,1e-05,ok,,,200000,200000,307,64.15019011497498,12.330240726470947,2,0c2c9fa139cdb9df0506aa0716a97da613a80d40,True,2.1138566808076575e-07,117.19227600097656,43.501705169677734,0.371199422471454,0.09160931408405304,0.027995972934215022,-1.3978807926177979,0.07264888286590576,0.16806723177433014,0.01886792480945587,0.04138254001736641,0.048240985721349716,0.09356711059808731,0.019969740713709484,0.09371576458215714,254,False,,,,,,True,,,,True,,,,True,,,,True,,,,True,,,,True,,,,True,,,,True,,,,,,,,,,,,,,,,,,,0,,,
ntk_N200_a1_wd0.003_s0,1.0,200,0.003,0,42,100.0,3e-05,ok,,,200000,200000,307,64.54853868484497,12.697444438934326,2,0c2c9fa139cdb9df0506aa0716a97da613a80d40,True,2.7141760483573307e-07,118.2148208618164,17.574125289916992,0.14866262251887796,0.055561672896146774,0.0006191965186242534,-2.7948966026306152,0.10871577262878418,0.052521008998155594,0.03773584961891174,0.0553474985063076,0.054855749011039734,0.09087491780519485,0.020238980369517205,0.09091009199619293,10,False,,,,,,True,,,,True,,,,True,,,,True,,,,True,,,,True,,,,True,,,,True,,,,,,,,,,,,,,,,,,,0,,,
ntk_N200_a1_wd0.003_s1,1.0,200,0.003,1,43,100.0,3e-05,ok,,,200000,200000,307,64.46692252159119,12.06478762626648,2,0c2c9fa139cdb9df0506aa0716a97da613a80d40,True,2.4692616307220305e-07,118.16344451904297,17.214618682861328,0.14568480762328367,0.05262179300189018,0.0014185151484571762,-2.8008172512054443,0.13092142343521118,0.05672268941998482,0.0,0.05455395206809044,0.05422072485089302,0.091637521982193,0.019875799298766664,0.09165079891681671,10,False,,,,,,True,,,,True,,,,True,,,,True,,,,True,,,,True,,,,True,,,,True,,,,,,,,,,,,,,,,,,,0,,,
ntk_N200_a1_wd0.003_s2,1.0,200,0.003,2,44,100.0,3e-05,ok,,,200000,200000,307,65.62062001228333,12.153201580047607,2,0c2c9fa139cdb9df0506aa0716a97da613a80d40,True,2.4960604605439585e-07,116.98216247558594,17.620134353637695,0.15062240243092617,0.05532262846827507,0.0007468781447910147,-2.8060288429260254,0.10422170162200928,0.0357142873108387,0.01886792480945587,0.05473916232585907,0.05372500792145729,0.09122088551521301,0.01943047139608517,0.09123089909553528,3,False,,,,,,True,,,,True,,,,True,,,,True,,,,True,,,,True,,,,True,,,,True,,,,,,,,,,,,,,,,,,,0,,,
ntk_N200_a1_wd0.003_s3,1.0,200,0.003,3,45,100.0,3e-05,ok,,,200000,200000,307,64.49125003814697,12.305880308151245,2,0c2c9fa139cdb9df0506aa0716a97da613a80d40,True,2.586471055110451e-07,118.0229721069336,18.941261291503906,0.16048791988005823,0.052884310483932495,0.0004916245576320779,-2.704256296157837,0.08534514904022217,0.03781512752175331,0.01886792480945587,0.055300649255514145,0.057786837220191956,0.0882447361946106,0.01967432565840864,0.088251993060112,1,False,,,,,,True,,,,True,,,,True,,,,True,,,,True,,,,True,,,,True,,,,True,,,,,,,,,,,,,,,,,,,0,,,
ntk_N200_a1_wd0.003_s4,1.0,200,0.003,4,46,100.0,3e-05,ok,,,200000,200000,307,65.35584211349487,13.283003091812134,2,0c2c9fa139cdb9df0506aa0716a97da613a80d40,True,2.5393333658030315e-07,117.19227600097656,14.333080291748047,0.12230396729924939,0.053617049008607864,0.0005453987192379809,-3.1505918502807617,0.1435009241104126,0.03991596773266792,0.07547169923782349,0.054057855159044266,0.05394923314452171,0.09356711059808731,0.019969740713709484,0.09359139204025269,16,False,,,,,,True,,,,True,,,,True,,,,True,,,,True,,,,True,,,,True,,,,True,,,,,,,,,,,,,,,,,,,0,,,
ntk_N200_a2_wd0_s0,2.0,200,0.0,0,42,25.0,0.0,ok,,,200000,200000,307,63.67751216888428,13.55902624130249,2,0c2c9fa139cdb9df0506aa0716a97da613a80d40,True,1.9851709964768816e-07,118.2148208618164,197.3191375732422,1.6691573538303826,0.0988808423280716,0.02730412065168549,1.1233978271484375,0.02405405044555664,1.0,0.07547169923782349,7.933600136311725e-05,0.10944776237010956,0.09087491780519485,0.020238980369517205,0.1011853739619255,17057,True,1612.0,1455.0,,,198388.0,True,,,198388.0,True,,,198388.0,True,1313.0,,198687.0,True,3662.0,,196338.0,True,8319.0,,191681.0,True,22000.0,,178000.0,True,47000.0,,153000.0,True,0.0930691808462143,0.06956633925437927,0.002988159656524658,0.03204641222408847,0.10770666291206397,122.59002685546875,0.022179637144095276,0.09442888149864995,0.04098456523410509,,,,,,,,,,0,8319.0,,
ntk_N200_a2_wd0_s1,2.0,200,0.0,1,43,25.0,0.0,ok,,,200000,200000,307,64.10370326042175,13.157941579818726,2,0c2c9fa139cdb9df0506aa0716a97da613a80d40,True,2.014669036043415e-07,118.16344451904297,195.8810577392578,1.657712827656188,0.09991764277219772,0.027153182147185772,1.1058812141418457,0.025251686573028564,1.0,0.01886792480945587,6.891159137012437e-05,0.10574688762426376,0.091637521982193,0.019875799298766664,0.10217397660017014,15000,True,1979.0,1786.0,,,198021.0,True,,,198021.0,True,,,198021.0,True,1313.0,,198687.0,True,3662.0,,196338.0,True,9000.0,,191000.0,True,22000.0,,178000.0,True,46000.0,,154000.0,True,0.09425520151853561,0.09043535590171814,0.003985762596130371,0.03358223695822126,0.13298923332807286,123.7035903930664,0.02234075860375965,0.12199837297986284,0.05405842191165136,,,,,,,,,,0,7000.0,,
ntk_N200_a2_wd0_s2,2.0,200,0.0,2,44,25.0,0.0,ok,,,200000,200000,307,62.35058307647705,12.922088384628296,2,0c2c9fa139cdb9df0506aa0716a97da613a80d40,True,1.9876246426520083e-07,116.98216247558594,194.31468200683594,1.6610624893123276,0.10001387447118759,0.026870498377071204,1.1053112745285034,0.026176810264587402,1.0,0.056603774428367615,6.571789708686993e-05,0.11008699238300323,0.09122088551521301,0.01943047139608517,0.10239619761705399,18900,True,1185.0,1069.0,,,198815.0,True,,,198815.0,True,,,198815.0,True,1313.0,,198687.0,True,3662.0,,196338.0,True,9000.0,,191000.0,True,22000.0,,178000.0,True,45000.0,,155000.0,True,0.09208972007036209,0.039240963757038116,0.001872241497039795,0.017060009373576906,0.07417334503917644,119.26136016845703,0.020451581858689498,0.05587830609795968,0.02114493401433682,,,,,,,,,,0,8319.0,,
ntk_N200_a2_wd0_s3,2.0,200,0.0,3,45,25.0,0.0,ok,,,200000,200000,307,62.9840772151947,13.127266883850098,2,0c2c9fa139cdb9df0506aa0716a97da613a80d40,True,1.9925847993818024e-07,118.0229721069336,196.20596313476562,1.6624387577445099,0.09641476720571518,0.02662585828442917,1.1238844394683838,0.025022447109222412,1.0,0.09433962404727936,7.819233724148944e-05,0.10380704700946808,0.0882447361946106,0.01967432565840864,0.09920956194400787,23204,True,871.0,786.0,,,199129.0,True,,,199129.0,True,,,199129.0,True,1313.0,,198687.0,True,3662.0,,196338.0,True,9000.0,,191000.0,True,23000.0,,177000.0,True,47000.0,,153000.0,True,0.08908965438604355,0.027921373024582863,0.0013043880462646484,0.01886058128864852,0.05907478090132064,119.56857299804688,0.020406054745938616,0.04118870529540816,0.013476913082749356,,,,,,,,,,0,,,
ntk_N200_a2_wd0_s4,2.0,200,0.0,4,46,25.0,0.0,ok,,,200000,200000,307,63.86149597167969,13.610918998718262,2,0c2c9fa139cdb9df0506aa0716a97da613a80d40,True,2.004174035619144e-07,117.19227600097656,195.26394653320312,1.6661844380561053,0.10159564018249512,0.02750508654662066,1.1285686492919922,0.025323331356048584,1.0,0.03773584961891174,7.7750941272825e-05,0.1144254207611084,0.09356711059808731,0.019969740713709484,0.10494032502174377,18000,True,871.0,786.0,,,199129.0,True,,,199129.0,True,,,199129.0,True,1313.0,,198687.0,True,3662.0,,196338.0,True,9000.0,,191000.0,True,22000.0,,178000.0,True,46000.0,,154000.0,True,0.09460929036140442,0.024462169036269188,0.0013321638107299805,0.02270191449833853,0.0578554245884623,118.62297058105469,0.020712433352063256,0.03592900730730157,0.013362685254949323,,,,,,,,,,0,4496.0,,
ntk_N200_a2_wd3e-06_s0,2.0,200,3e-06,0,42,25.0,1.2000000000000002e-07,ok,,,200000,200000,307,62.783751249313354,12.976154088973999,2,0c2c9fa139cdb9df0506aa0716a97da613a80d40,True,1.9851709964768816e-07,118.2148208618164,175.02281188964844,1.4805488060945928,0.10332474112510681,0.030787078325105948,0.901002824306488,0.023616552352905273,1.0,0.11320754885673523,0.000186479912372306,0.07922107726335526,0.09087491780519485,0.020238980369517205,0.10333364456892014,198000,True,1612.0,1455.0,,,198388.0,True,,,198388.0,True,,,198388.0,True,1313.0,,198687.0,True,3662.0,,196338.0,True,9000.0,,191000.0,True,23000.0,,177000.0,True,50000.0,,150000.0,True,0.09308619797229767,0.06200895830988884,0.0029941797256469727,0.0322419073482931,0.10231114935974052,122.10971069335938,0.02219430519860555,0.08681519179781196,0.03346928820830079,,,,,,,,,,0,8000.0,,
ntk_N200_a2_wd3e-06_s1,2.0,200,3e-06,1,43,25.0,1.2000000000000002e-07,ok,,,200000,200000,307,64.09363293647766,13.395439624786377,2,0c2c9fa139cdb9df0506aa0716a97da613a80d40,True,2.014669036043415e-07,118.16344451904297,173.3856658935547,1.467337606814705,0.1038823053240776,0.030569140757248245,0.8874036073684692,0.025191843509674072,1.0,0.03773584961891174,0.00017560936976224184,0.07876510173082352,0.091637521982193,0.019875799298766664,0.10388489067554474,199000,True,1979.0,1786.0,,,198021.0,True,,,198021.0,True,,,198021.0,True,1313.0,,198687.0,True,3662.0,,196338.0,True,9000.0,,191000.0,True,23000.0,,177000.0,True,49000.0,,151000.0,True,0.09425237029790878,0.08163133263587952,0.003991186618804932,0.03352960031697234,0.12609199893201467,123.12348937988281,0.022349061644158598,0.11350080790118962,0.044937802020686736,,,,,,,,,,0,7000.0,,
ntk_N200_a2_wd3e-06_s2,2.0,200,3e-06,2,44,25.0,1.2000000000000002e-07,ok,,,200000,200000,307,64.94796013832092,13.348525762557983,2,0c2c9fa139cdb9df0506aa0716a97da613a80d40,True,1.9965158060131216e-07,116.98216247558594,172.93443298339844,1.4782974542763276,0.10387968271970749,0.0301287681199987,0.8927201628684998,0.02506542205810547,1.0,0.07547169923782349,0.00017261761240661144,0.08449067175388336,0.09122088551521301,0.01943047139608517,0.10392319411039352,198000,True,1185.0,1069.0,,,198815.0,True,,,198815.0,True,,,198815.0,True,1313.0,,198687.0,True,3662.0,,196338.0,True,9000.0,,191000.0,True,22000.0,,178000.0,True,47000.0,,153000.0,True,0.09207319468259811,0.03403586894273758,0.0018633604049682617,0.016813853009730935,0.07113986349445588,118.90737915039062,0.020448986208280756,0.05106564839779666,0.015519962546195566,,,,,,,,,,0,8000.0,,
ntk_N200_a2_wd3e-06_s3,2.0,200,3e-06,3,45,25.0,1.2000000000000002e-07,ok,,,200000,200000,307,62.292224168777466,12.469308376312256,2,0c2c9fa139cdb9df0506aa0716a97da613a80d40,True,2.016016082961869e-07,118.0229721069336,174.17831420898438,1.4758001014511968,0.10122090578079224,0.03019759590689256,0.8938770890235901,0.025195002555847168,1.0,0.1320754736661911,0.00018333822663407773,0.07703816145658493,0.0882447361946106,0.01967432565840864,0.10122090578079224,200000,True,871.0,786.0,,,199129.0,True,,,199129.0,True,,,199129.0,True,1313.0,,198687.0,True,3662.0,,196338.0,True,9000.0,,191000.0,True,23204.0,,176796.0,True,50000.0,,150000.0,True,0.08906488120555878,0.023965556174516678,0.0013102293014526367,0.018348128363491045,0.05723885522677019,119.30221557617188,0.020402672874500875,0.03743163253500135,0.009270186227149762,,,,,,,,,,0,34000.0,,
ntk_N200_a2_wd3e-06_s4,2.0,200,3e-06,4,46,25.0,1.2000000000000002e-07,ok,,,200000,200000,307,64.05539512634277,12.677996635437012,2,0c2c9fa139cdb9df0506aa0716a97da613a80d40,True,2.010682038644518e-07,117.19227600097656,173.9598388671875,1.4843967947660466,0.1054169163107872,0.030604054018478086,0.9204304218292236,0.025153160095214844,1.0,0.11320754885673523,0.00017760263290256262,0.08477732539176941,0.09356711059808731,0.019969740713709484,0.1054169163107872,200000,True,871.0,786.0,,,199129.0,True,,,199129.0,True,,,199129.0,True,1313.0,,198687.0,True,3662.0,,196338.0,True,9000.0,,191000.0,True,23000.0,,177000.0,True,50000.0,,150000.0,True,0.09460960328578949,0.020353039726614952,0.001339554786682129,0.022653921281444306,0.05622976400361489,118.35480499267578,0.020708469828730012,0.03201712720877766,0.009038614684574838,,,,,,,,,,0,4058.0,,
ntk_N200_a2_wd1e-05_s0,2.0,200,1e-05,0,42,25.0,4.0000000000000003e-07,ok,,,200000,200000,307,63.57901406288147,13.165461540222168,2,0c2c9fa139cdb9df0506aa0716a97da613a80d40,True,1.9851709964768816e-07,118.2148208618164,148.5395050048828,1.2565218466008887,0.1112370565533638,0.03789601498744523,0.5890372395515442,0.026832520961761475,1.0,0.5471698045730591,0.0004894203739240766,0.04757040739059448,0.09087491780519485,0.020238980369517205,0.11123756319284439,196000,True,1612.0,1455.0,,,198388.0,True,,,198388.0,True,,,198388.0,True,1313.0,,198687.0,True,3662.0,,196338.0,True,9000.0,,191000.0,True,25000.0,,175000.0,True,66000.0,,134000.0,True,0.09310364723205566,0.04567834734916687,0.0029817819595336914,0.032517514800239664,0.09182501961186533,120.99822235107422,0.022182610243718513,0.07140656311439014,0.015988998632194842,,,,,,,,,,0,7508.0,,
ntk_N200_a2_wd1e-05_s1,2.0,200,1e-05,1,43,25.0,4.0000000000000003e-07,ok,,,200000,200000,307,62.325687885284424,12.89980959892273,2,0c2c9fa139cdb9df0506aa0716a97da613a80d40,True,2.014669036043415e-07,118.16344451904297,147.7631072998047,1.25049762979778,0.111101433634758,0.03790189717017009,0.5862720012664795,0.02743673324584961,1.0,0.4150943458080292,0.00047371271648444235,0.048153046518564224,0.091637521982193,0.019875799298766664,0.111101895570755,199000,True,1979.0,1786.0,,,198021.0,True,,,198021.0,True,,,198021.0,True,1313.0,,198687.0,True,3662.0,,196338.0,True,9000.0,,191000.0,True,25000.0,,175000.0,True,64717.0,,135283.0,True,0.09424275904893875,0.061776332557201385,0.003982365131378174,0.033450619719128466,0.11196274867117377,121.78317260742188,0.02235171695182054,0.09470694468908557,0.023676619424855546,,,,,,,,,,0,6776.0,,
ntk_N200_a2_wd1e-05_s2,2.0,200,1e-05,2,44,25.0,4.0000000000000003e-07,ok,,,200000,200000,307,63.17860293388367,12.679235219955444,2,0c2c9fa139cdb9df0506aa0716a97da613a80d40,True,2.0239798459442682e-07,116.98216247558594,147.22215270996094,1.2585008653835241,0.11055953800678253,0.03740232361864888,0.5855202674865723,0.02707570791244507,1.0,0.4716981053352356,0.0004833499260712415,0.048867013305425644,0.09122088551521301,0.01943047139608517,0.11055953800678253,200000,True,1979.0,1786.0,,,198021.0,True,,,198021.0,True,,,198021.0,True,1455.0,,198545.0,True,4000.0,,196000.0,True,9218.0,,190782.0,True,24000.0,,176000.0,True,61000.0,,139000.0,True,0.09328550100326538,0.06094949319958687,0.0036507844924926758,0.028197981512195932,0.10823023134956791,120.23147583007812,0.02160108162711732,0.09870289890518476,0.01838257657868322,,,,,,,,,,0,7508.0,,
ntk_N200_a2_wd1e-05_s3,2.0,200,1e-05,3,45,25.0,4.0000000000000003e-07,ok,,,200000,200000,307,62.29938292503357,12.829572916030884,2,0c2c9fa139cdb9df0506aa0716a97da613a80d40,True,2.0268241485155158e-07,118.0229721069336,147.5606689453125,1.250270742306138,0.10873102396726608,0.037477773439000925,0.5816256999969482,0.02755904197692871,1.0,0.5283018946647644,0.0004870374978054315,0.044460784643888474,0.0882447361946106,0.01967432565840864,0.10873102396726608,200000,True,965.0,871.0,,,199035.0,True,,,199035.0,True,,,199035.0,True,1313.0,,198687.0,True,4000.0,,196000.0,True,9000.0,,191000.0,True,25000.0,,175000.0,True,64000.0,,136000.0,True,0.08920402824878693,0.01799132488667965,0.0015141963958740234,0.019933794461909075,0.058460993112460176,118.87311553955078,0.02052013870897313,0.03367140156064891,0.0006857798417319817,,,,,,,,,,0,13894.0,,
ntk_N200_a2_wd1e-05_s4,2.0,200,1e-05,4,46,25.0,4.0000000000000003e-07,ok,,,200000,200000,307,62.52720308303833,12.914551973342896,2,0c2c9fa139cdb9df0506aa0716a97da613a80d40,True,2.004174035619144e-07,117.19227600097656,148.2832794189453,1.2652990835139142,0.11192569136619568,0.03739721273069412,0.6232305765151978,0.02812904119491577,1.0,0.43396225571632385,0.0004943833337165415,0.05097101628780365,0.09356711059808731,0.019969740713709484,0.11192569136619568,200000,True,786.0,710.0,,,199214.0,True,,,199214.0,True,,,199214.0,True,1313.0,,198687.0,True,4000.0,,196000.0,True,9000.0,,191000.0,True,25000.0,,175000.0,True,67000.0,,133000.0,True,0.09448201954364777,0.007713532540947199,0.0011515021324157715,0.021399986575878573,0.04882624145158168,117.5858154296875,0.020588587305568517,0.01759201141304971,-0.0018431354196499002,,,,,,,,,,0,4000.0,,
ntk_N200_a2_wd3e-05_s0,2.0,200,3e-05,0,42,25.0,1.2e-06,ok,,,200000,200000,307,63.7071590423584,12.92912769317627,2,0c2c9fa139cdb9df0506aa0716a97da613a80d40,True,2.0383339460749994e-07,118.2148208618164,122.32125854492188,1.034737079946224,0.12395957112312317,0.05195038320419054,0.23337431252002716,0.031232833862304688,1.0,1.0,0.0013227332383394241,0.020135659724473953,0.09087491780519485,0.020238980369517205,0.12408192455768585,191000,True,1612.0,1455.0,80000.0,79453.0,78388.0,False,132000.0,131000.0,130388.0,False,132000.0,131000.0,130388.0,False,1455.0,73000.0,71545.0,False,4496.0,,195504.0,True,11000.0,,189000.0,True,34974.0,,165026.0,True,,,,True,0.09314054250717163,-0.0004414698341861367,0.003016054630279541,0.03284939348973038,0.07768440105919915,117.89209747314453,0.02214640918088669,0.02793566782315969,-0.03347393629725317,0.1225082278251648,0.25387459993362427,0.03050398826599121,0.14094882630793926,0.4027055427729149,124.14933776855469,0.050220360386952226,0.5171704464402391,-0.16667597061759612,0,6776.0,95000.0,
ntk_N200_a2_wd3e-05_s1,2.0,200,3e-05,1,43,25.0,1.2e-06,ok,,,200000,200000,307,65.01600909233093,13.086706399917603,2,0c2c9fa139cdb9df0506aa0716a97da613a80d40,True,2.014669036043415e-07,118.16344451904297,122.17938995361328,1.0339863605949902,0.1248200461268425,0.05199359980021808,0.21182426810264587,0.03239750862121582,1.0,0.9811320900917053,0.001336878864094615,0.024474872276186943,0.091637521982193,0.019875799298766664,0.1248200461268425,200000,True,1786.0,1612.0,132692.0,132000.0,130906.0,False,,,198214.0,True,,,198214.0,True,1455.0,102000.0,100545.0,False,4496.0,,195504.0,True,11000.0,,189000.0,True,34000.0,,166000.0,True,,,,True,0.09383492171764374,0.0014381790533661842,0.003529191017150879,0.030153735127823537,0.0841000402912951,117.7771224975586,0.0220271891496562,0.03372948001707189,-0.03596484626796617,,,,,,,,,,0,6000.0,100000.0,
ntk_N200_a2_wd3e-05_s2,2.0,200,3e-05,2,44,25.0,1.2e-06,ok,,,200000,200000,307,65.71967887878418,12.822815418243408,2,0c2c9fa139cdb9df0506aa0716a97da613a80d40,True,2.03428768941194e-07,116.98216247558594,121.19532012939453,1.0360153852916496,0.12474973499774933,0.052503795811328025,0.21187877655029297,0.033409833908081055,1.0,1.0,0.0013347817584872246,0.02030748315155506,0.09122088551521301,0.01943047139608517,0.12474973499774933,200000,True,2692.0,2430.0,86000.0,85000.0,83308.0,False,98000.0,97545.0,95308.0,False,98000.0,97545.0,95308.0,False,1455.0,71708.0,70253.0,False,4496.0,,195504.0,True,11000.0,,189000.0,True,34000.0,,166000.0,True,,,,True,0.09450456500053406,0.0294637493789196,0.005296826362609863,0.03679416485836458,0.10867023682153991,117.70732116699219,0.02272310970944322,0.08957464908249549,-0.04090709091055727,0.1206367015838623,0.26834043860435486,0.031188547611236572,0.1307323846792298,0.4198986441273703,124.78765106201172,0.048539599625594454,0.5440036110909523,-0.18069683649883003,0,6776.0,89000.0,
ntk_N200_a2_wd3e-05_s3,2.0,200,3e-05,3,45,25.0,1.2e-06,ok,,,200000,200000,307,64.87804913520813,12.718167304992676,2,0c2c9fa139cdb9df0506aa0716a97da613a80d40,True,1.9933298744945205e-07,118.0229721069336,122.06047058105469,1.0342094289106951,0.12201946973800659,0.05144005302826886,0.21479082107543945,0.029884696006774902,1.0,1.0,0.0013289113994687796,0.021773474290966988,0.0882447361946106,0.01967432565840864,0.12205833941698074,199000,True,1313.0,1185.0,95000.0,94000.0,93687.0,False,159000.0,158000.0,157687.0,False,159000.0,158000.0,157687.0,False,1455.0,79000.0,77545.0,False,4496.0,,195504.0,True,11000.0,,189000.0,True,34000.0,,166000.0,True,,,,True,0.08961747586727142,-0.003967456053942442,0.0023422837257385254,0.023168794102079015,0.06846485070592266,117.14592742919922,0.020994925914965337,0.023260385021317484,-0.03420049569893255,0.12090495973825455,0.22754687070846558,0.02952754497528076,0.14676763139061924,0.37341358297598504,122.98188781738281,0.050474833232182215,0.5130443894204537,-0.22935769228149808,0,10000.0,130000.0,
ntk_N200_a2_wd3e-05_s4,2.0,200,3e-05,4,46,25.0,1.2e-06,ok,,,200000,200000,307,65.14334321022034,13.05188536643982,2,0c2c9fa139cdb9df0506aa0716a97da613a80d40,True,2.089729065346546e-07,117.19227600097656,120.75674438476562,1.0304155572826263,0.1259719878435135,0.05332336167331979,0.22646473348140717,0.03440135717391968,1.0,1.0,0.001320086419582367,0.02104129083454609,0.09356711059808731,0.019969740713709484,0.1260966956615448,198000,True,871.0,786.0,74000.0,73000.0,73129.0,False,112000.0,111000.0,111129.0,False,112000.0,111000.0,111129.0,False,1455.0,75000.0,73545.0,False,4496.0,,195504.0,True,11000.0,,189000.0,True,34974.0,,165026.0,True,,,,True,0.09458032995462418,-0.01659763976931572,0.0013373494148254395,0.0221051420455797,0.05389999901728374,115.97371673583984,0.020687074550415564,-0.003559128873625134,-0.02968240120359986,0.12264828383922577,0.2801080048084259,0.032105207443237305,0.12821114579380116,0.4352860177095571,124.08453369140625,0.04953486547068975,0.5607108082433625,-0.17916316795196574,0,4000.0,79000.0,
ntk_N200_a2_wd0.0001_s0,2.0,200,0.0001,0,42,25.0,4e-06,ok,,,200000,200000,307,65.28889799118042,13.229326486587524,2,0c2c9fa139cdb9df0506aa0716a97da613a80d40,True,2.042939257762555e-07,118.2148208618164,100.39712524414062,0.8492769731597087,0.13272526860237122,0.06146326785231074,-0.11944469809532166,0.0321657657623291,1.0,1.0,0.005713304039090872,0.020197156816720963,0.09087491780519485,0.020238980369517205,0.13286186754703522,194000,True,4000.0,3662.0,37000.0,36000.0,33000.0,False,64000.0,63000.0,60000.0,False,64000.0,63000.0,60000.0,False,1979.0,29000.0,27021.0,False,8000.0,,192000.0,True,22000.0,,178000.0,True,,,,True,,,,True,0.09764914959669113,-0.22014664113521576,0.009221434593200684,0.05641037768930128,0.23205095139850826,102.23924255371094,0.025882078418948698,-0.10392316738047692,-0.3698653294473005,0.12980102002620697,-0.09798306971788406,0.03153043985366821,0.16844345783601827,0.25668860217248946,101.70658111572266,0.058623346438947295,0.17262603448246053,-0.529410964779328,0,5520.0,25000.0,
ntk_N200_a2_wd0.0001_s1,2.0,200,0.0001,1,43,25.0,4e-06,ok,,,200000,200000,307,65.62369704246521,12.987105131149292,2,0c2c9fa139cdb9df0506aa0716a97da613a80d40,True,2.026988710213118e-07,118.16344451904297,100.26785278320312,0.8485522167309888,0.13245317339897156,0.06158233299245573,-0.1317763328552246,0.0330042839050293,1.0,1.0,0.005719412118196487,0.022944161668419838,0.091637521982193,0.019875799298766664,0.13257195055484772,192000,True,2983.0,2692.0,50000.0,49000.0,47017.0,False,64717.0,64000.0,61734.0,False,64717.0,64000.0,61734.0,False,1979.0,37000.0,35021.0,False,8000.0,,192000.0,True,23000.0,,177000.0,True,,,,True,,,,True,0.09579084068536758,-0.21233098208904266,0.007255196571350098,0.04023788792326936,0.2198474179339237,103.40161895751953,0.023821307267533103,-0.13071714625245048,-0.31398924277710255,0.12970125675201416,-0.10984943062067032,0.033171892166137695,0.16159810797250906,0.2650789350501044,101.40877532958984,0.05869246428814014,0.1649749486746866,-0.5647977413256439,0,6000.0,27000.0,
ntk_N200_a2_wd0.0001_s2,2.0,200,0.0001,2,44,25.0,4e-06,ok,,,200000,200000,307,65.70719170570374,12.502202272415161,2,0c2c9fa139cdb9df0506aa0716a97da613a80d40,True,1.9884583934981492e-07,116.98216247558594,99.55288696289062,0.8510091184514325,0.13188058137893677,0.06120885214679494,-0.12951774895191193,0.03372222185134888,1.0,1.0,0.005676564294844866,0.020282864570617676,0.09122088551521301,0.01943047139608517,0.13215914368629456,197000,True,4496.0,4058.0,34000.0,33000.0,29504.0,False,36000.0,35000.0,31504.0,False,36000.0,35000.0,31504.0,False,1979.0,29000.0,27021.0,False,8319.0,,191681.0,True,22000.0,,178000.0,True,,,,True,,,,True,0.09719698131084442,-0.23219135403633118,0.010328352451324463,0.048459871128905395,0.24354403399179753,99.95262145996094,0.025319799163113742,-0.0980021007564834,-0.40660509121327004,0.12435921281576157,-0.08776317536830902,0.03177112340927124,0.14470691815400735,0.25547419585283554,102.40847778320312,0.053748722691998325,0.1864856822059978,-0.5256610864192218,0,6776.0,27000.0,
ntk_N200_a2_wd0.0001_s3,2.0,200,0.0001,3,45,25.0,4e-06,ok,,,200000,200000,307,65.21938014030457,12.503412008285522,2,0c2c9fa139cdb9df0506aa0716a97da613a80d40,True,2.032730321843701e-07,118.0229721069336,100.21694946289062,0.849130874047893,0.12994064390659332,0.06107714610710055,-0.13681523501873016,0.03364437818527222,1.0,1.0,0.005620677024126053,0.020983144640922546,0.0882447361946106,0.01967432565840864,0.13000792264938354,195000,True,6000.0,5520.0,46000.0,45000.0,40000.0,False,82000.0,81000.0,76000.0,False,82000.0,81000.0,76000.0,False,1979.0,31000.0,29021.0,False,8319.0,,191681.0,True,20941.0,,179059.0,True,,,,True,,,,True,0.09688860923051834,-0.20837168395519257,0.013549387454986572,0.060206753888773855,0.23955025712075956,100.53433990478516,0.027687725759942453,-0.027922003372603706,-0.44989288152857565,0.12812882661819458,-0.12606103718280792,0.03288692235946655,0.16886887081632507,0.268357456914842,100.88141632080078,0.05890785349969921,0.16602314488012107,-0.590913925216098,0,8319.0,32000.0,
ntk_N200_a2_wd0.0001_s4,2.0,200,0.0001,4,46,25.0,4e-06,ok,,,200000,200000,307,64.66960096359253,12.488264560699463,2,0c2c9fa139cdb9df0506aa0716a97da613a80d40,True,2.0388634425216878e-07,117.19227600097656,99.01129150390625,0.8448619216430372,0.13409657776355743,0.06277364002795696,-0.12345721572637558,0.036084651947021484,1.0,1.0,0.005662345793098211,0.020340191200375557,0.09356711059808731,0.019969740713709484,0.13409657776355743,200000,True,3662.0,3305.0,40000.0,39000.0,36338.0,False,48000.0,47575.0,44338.0,False,48000.0,47575.0,44338.0,False,1979.0,31000.0,29021.0,False,8319.0,,191681.0,True,22000.0,,178000.0,True,,,,True,,,,True,0.09967830777168274,-0.23207798600196838,0.008954405784606934,0.05226756684329702,0.23895705976164536,100.88265991210938,0.025162752716689447,-0.11982569499961726,-0.37205594586484475,0.1288735568523407,-0.08541909605264664,0.03526771068572998,0.1473061765033885,0.26733383156412327,101.12649536132812,0.057093091077569255,0.1974188931739115,-0.5414481831989542,0,4000.0,23000.0,
ntk_N200_a2_wd0.0003_s0,2.0,200,0.0003,0,42,25.0,1.1999999999999999e-05,ok,,,200000,200000,307,63.6174418926239,12.40955662727356,2,0c2c9fa139cdb9df0506aa0716a97da613a80d40,True,2.1174432163206802e-07,118.2148208618164,71.03752899169922,0.6009189750812748,0.1172921434044838,0.048545732291333424,-0.6584327816963196,0.0344807505607605,0.9747899174690247,0.5471698045730591,0.024306166917085648,0.038363706320524216,0.09087491780519485,0.020238980369517205,0.11758671700954437,147025,False,,,,,,True,,,,True,,,,True,29000.0,,171000.0,True,,,,True,,,,True,,,,True,,,,True,,,,,,,,,,,,,,,,,,,0,18900.0,,
ntk_N200_a2_wd0.0003_s1,2.0,200,0.0003,1,43,25.0,1.1999999999999999e-05,ok,,,200000,200000,307,65.54447412490845,12.56999135017395,2,0c2c9fa139cdb9df0506aa0716a97da613a80d40,True,2.102213159105304e-07,118.16344451904297,70.24057006835938,0.5944357017879549,0.11432498693466187,0.047399508892672554,-0.6788251996040344,0.03776460886001587,0.9684873819351196,0.30188679695129395,0.024859795346856117,0.04186815768480301,0.091637521982193,0.019875799298766664,0.11461722105741501,199000,False,,,,,,True,,,,True,,,,True,33000.0,,167000.0,True,,,,True,,,,True,,,,True,,,,True,,,,,,,,,,,,,,,,,,,0,20941.0,,
ntk_N200_a2_wd0.0003_s2,2.0,200,0.0003,2,44,25.0,1.1999999999999999e-05,ok,,,200000,200000,307,64.66238474845886,12.605318784713745,2,0c2c9fa139cdb9df0506aa0716a97da613a80d40,True,2.1091507562687184e-07,116.98216247558594,70.06006622314453,0.5988952908762137,0.11543599516153336,0.048274567348562655,-0.6810162663459778,0.039167165756225586,0.9747899174690247,0.3962264060974121,0.024196015670895576,0.039141424000263214,0.09122088551521301,0.01943047139608517,0.11553306877613068,194000,False,,,,,,True,,,,True,,,,True,28000.0,,172000.0,True,,,,True,,,,True,,,,True,,,,True,,,,,,,,,,,,,,,,,,,0,20941.0,,
ntk_N200_a2_wd0.0003_s3,2.0,200,0.0003,3,45,25.0,1.1999999999999999e-05,ok,,,200000,200000,307,64.61083126068115,12.498451948165894,2,0c2c9fa139cdb9df0506aa0716a97da613a80d40,True,2.185402223631172e-07,118.0229721069336,71.05817413330078,0.6020707059378169,0.11192021518945694,0.04677759752913714,-0.6619295477867126,0.03665757179260254,0.9726890921592712,0.3396226465702057,0.024356519803404808,0.0413316935300827,0.0882447361946106,0.01967432565840864,0.11222953349351883,199000,False,,,,,,True,,,,True,,,,True,26000.0,,174000.0,True,,,,True,,,,True,,,,True,,,,True,,,,,,,,,,,,,,,,,,,0,23000.0,,
ntk_N200_a2_wd0.0003_s4,2.0,200,0.0003,4,46,25.0,1.1999999999999999e-05,ok,,,200000,200000,307,65.27357506752014,12.900604963302612,2,0c2c9fa139cdb9df0506aa0716a97da613a80d40,True,2.1151231521798763e-07,117.19227600097656,68.94682312011719,0.5883222467625994,0.11909320205450058,0.04977708961010684,-0.7044650912284851,0.04163563251495361,0.9768907427787781,0.37735849618911743,0.024586014449596405,0.03978636488318443,0.09356711059808731,0.019969740713709484,0.11968378722667694,181000,False,,,,,,True,,,,True,,,,True,33000.0,,167000.0,True,,,,True,,,,True,,,,True,,,,True,,,,,,,,,,,,,,,,,,,0,17000.0,,
ntk_N200_a2_wd0.001_s0,2.0,200,0.001,0,42,25.0,4e-05,ok,,,200000,200000,307,63.33642292022705,12.484510898590088,2,0c2c9fa139cdb9df0506aa0716a97da613a80d40,True,2.3576004082315194e-07,118.2148208618164,36.819766998291016,0.311464896955098,0.07046768069267273,0.008049851874421948,-1.4657931327819824,0.09361898899078369,0.05882352963089943,0.01886792480945587,0.06029748171567917,0.0669839009642601,0.09087491780519485,0.020238980369517205,0.09090950340032578,27,False,,,,,,True,,,,True,,,,True,,,,True,,,,True,,,,True,,,,True,,,,True,,,,,,,,,,,,,,,,,,,0,,,
ntk_N200_a2_wd0.001_s1,2.0,200,0.001,1,43,25.0,4e-05,ok,,,200000,200000,307,62.34458804130554,12.433908224105835,2,0c2c9fa139cdb9df0506aa0716a97da613a80d40,True,2.205907065899737e-07,118.16344451904297,35.722843170166016,0.3023172125319096,0.06683933734893799,0.00797608642470507,-1.5213345289230347,0.10029613971710205,0.054621849209070206,0.0,0.06038099527359009,0.06842003762722015,0.091637521982193,0.019875799298766664,0.09164883941411972,8,False,,,,,,True,,,,True,,,,True,,,,True,,,,True,,,,True,,,,True,,,,True,,,,,,,,,,,,,,,,,,,0,,,
ntk_N200_a2_wd0.001_s2,2.0,200,0.001,2,44,25.0,4e-05,ok,,,200000,200000,307,64.25158309936523,12.576309442520142,2,0c2c9fa139cdb9df0506aa0716a97da613a80d40,True,2.2795028087330138e-07,116.98216247558594,36.53776931762695,0.31233624464116355,0.06675669550895691,0.007833690218108473,-1.453647494316101,0.09363925457000732,0.05672268941998482,0.0,0.05914434418082237,0.06509136408567429,0.09122088551521301,0.01943047139608517,0.09123063832521439,6,False,,,,,,True,,,,True,,,,True,,,,True,,,,True,,,,True,,,,True,,,,True,,,,,,,,,,,,,,,,,,,0,,,
ntk_N200_a2_wd0.001_s3,2.0,200,0.001,3,45,25.0,4e-05,ok,,,200000,200000,307,65.30055093765259,12.532878637313843,2,0c2c9fa139cdb9df0506aa0716a97da613a80d40,True,2.2921977915757452e-07,118.0229721069336,37.71404266357422,0.31954832174031145,0.0627710372209549,0.00771696609426874,-1.404380440711975,0.08861714601516724,0.03991596773266792,0.01886792480945587,0.05987877771258354,0.0708114430308342,0.0882447361946106,0.01967432565840864,0.08825267851352692,9,False,,,,,,True,,,,True,,,,True,,,,True,,,,True,,,,True,,,,True,,,,True,,,,,,,,,,,,,,,,,,,0,,,
ntk_N200_a2_wd0.001_s4,2.0,200,0.001,4,46,25.0,4e-05,ok,,,200000,200000,307,65.32896113395691,12.916210889816284,2,0c2c9fa139cdb9df0506aa0716a97da613a80d40,True,2.24561077288854e-07,117.19227600097656,34.12952423095703,0.2912267377644635,0.06796174496412277,0.008260714100831188,-1.5745772123336792,0.11407524347305298,0.04621848836541176,0.03773584961891174,0.05940641835331917,0.06640297919511795,0.09356711059808731,0.019969740713709484,0.09360069781541824,36,False,,,,,,True,,,,True,,,,True,,,,True,,,,True,,,,True,,,,True,,,,True,,,,,,,,,,,,,,,,,,,0,,,
ntk_N200_a2_wd0.003_s0,2.0,200,0.003,0,42,25.0,0.00012,ok,,,200000,200000,307,64.22360396385193,12.583438158035278,2,0c2c9fa139cdb9df0506aa0716a97da613a80d40,True,2.6835789412871236e-07,118.2148208618164,17.08599281311035,0.14453342388500084,0.05528664588928223,0.0004265766255965005,-2.850865125656128,0.10921037197113037,0.052521008998155594,0.03773584961891174,0.09640971571207047,0.09631990641355515,0.09087491780519485,0.020238980369517205,0.09090129286050797,6,False,,,,,,True,,,,True,,,,True,,,,True,,,,True,,,,True,,,,True,,,,True,,,,,,,,,,,,,,,,,,,0,,,
ntk_N200_a2_wd0.003_s1,2.0,200,0.003,1,43,25.0,0.00012,ok,,,200000,200000,307,62.362679958343506,12.421097040176392,2,0c2c9fa139cdb9df0506aa0716a97da613a80d40,True,2.521645683373208e-07,118.16344451904297,16.448749542236328,0.13920336876761816,0.052248816937208176,0.0012983911873571028,-2.883218288421631,0.13387298583984375,0.05882352963089943,0.01886792480945587,0.09396611154079437,0.09165085107088089,0.091637521982193,0.019875799298766664,0.09164624661207199,7,False,,,,,,True,,,,True,,,,True,,,,True,,,,True,,,,True,,,,True,,,,True,,,,,,,,,,,,,,,,,,,0,,,
ntk_N200_a2_wd0.003_s2,2.0,200,0.003,2,44,25.0,0.00012,ok,,,200000,200000,307,63.52913999557495,12.645681858062744,2,0c2c9fa139cdb9df0506aa0716a97da613a80d40,True,2.556249114604725e-07,116.98216247558594,16.430217742919922,0.14045062422528642,0.05448611080646515,0.0004548799016592812,-2.925313711166382,0.10793215036392212,0.0357142873108387,0.01886792480945587,0.09516571462154388,0.09178078174591064,0.09122088551521301,0.01943047139608517,0.09123130142688751,3,False,,,,,,True,,,,True,,,,True,,,,True,,,,True,,,,True,,,,True,,,,True,,,,,,,,,,,,,,,,,,,0,,,
ntk_N200_a2_wd0.003_s3,2.0,200,0.003,3,45,25.0,0.00012,ok,,,200000,200000,307,63.4446280002594,12.586397171020508,2,0c2c9fa139cdb9df0506aa0716a97da613a80d40,True,2.58262247143648e-07,118.0229721069336,17.91814613342285,0.15181914006697175,0.05213549733161926,0.0003222320688844271,-2.804446220397949,0.08912599086761475,0.03781512752175331,0.01886792480945587,0.09724808484315872,0.10317336022853851,0.0882447361946106,0.01967432565840864,0.08825180679559708,3,False,,,,,,True,,,,True,,,,True,,,,True,,,,True,,,,True,,,,True,,,,True,,,,,,,,,,,,,,,,,,,0,,,
ntk_N200_a2_wd0.003_s4,2.0,200,0.003,4,46,25.0,0.00012,ok,,,200000,200000,307,61.07975125312805,13.07626986503601,2,0c2c9fa139cdb9df0506aa0716a97da613a80d40,True,2.5339517151223845e-07,117.19227600097656,13.597809791564941,0.11602991473133972,0.05259646102786064,0.0004727469340154862,-3.2405741214752197,0.15754473209381104,0.03991596773266792,0.07547169923782349,0.09199117124080658,0.09186019748449326,0.09356711059808731,0.019969740713709484,0.09358370304107666,20,False,,,,,,True,,,,True,,,,True,,,,True,,,,True,,,,True,,,,True,,,,True,,,,,,,,,,,,,,,,,,,0,,,
ntk_N400_a0.5_wd0_s0,0.5,400,0.0,0,42,400.0,0.0,ok,,,200000,200000,307,91.25412011146545,16.45262575149536,2,478542c5c3dbb4497d84b2fd1e02cb9cd6ab935b,True,2.3585580777307769e-07,166.46580505371094,346.57183837890625,2.0819401213785818,0.1133308857679367,0.041100699260884534,1.5839431285858154,0.013945579528808594,1.0,0.8301886916160583,7.38971828173618e-10,0.03001905046403408,0.09259794652462006,0.020598330773087148,0.11508241295814514,4981,True,254.0,230.0,,,199746.0,True,,,199746.0,True,,,199746.0,True,1000.0,,199000.0,True,1786.0,,198214.0,True,2692.0,,197308.0,True,4000.0,,196000.0,True,5520.0,,194480.0,True,0.09300144761800766,0.03533988445997238,0.0006760358810424805,0.012726897313661863,0.05192626695440982,168.7532501220703,0.021188628899528317,0.04683045931263295,0.021818795718464595,,,,,,,,,,0,1185.0,,
ntk_N400_a0.5_wd0_s1,0.5,400,0.0,1,43,400.0,0.0,ok,,,200000,200000,307,92.78458404541016,16.586785793304443,2,478542c5c3dbb4497d84b2fd1e02cb9cd6ab935b,True,2.3632129853012884e-07,167.0225067138672,349.153564453125,2.0904581743062547,0.11523780226707458,0.04108068323798504,1.5725399255752563,0.015768051147460938,1.0,0.8113207817077637,1.0500781355560207e-09,0.031504400074481964,0.09268636256456375,0.020357052788785978,0.11683249473571777,5520,True,254.0,230.0,,,199746.0,True,,,199746.0,True,,,199746.0,True,1000.0,,199000.0,True,1979.0,,198021.0,True,2692.0,,197308.0,True,4000.0,,196000.0,True,5520.0,,194480.0,True,0.09332424402236938,0.03538798540830612,0.0006842613220214844,0.019030217618280054,0.052127608793566454,169.37554931640625,0.02105625803402035,0.04732032794607764,0.021549835069755715,,,,,,,,,,0,1185.0,,
ntk_N400_a0.5_wd0_s2,0.5,400,0.0,2,44,400.0,0.0,ok,,,200000,200000,307,98.43103504180908,18.334564208984375,2,478542c5c3dbb4497d84b2fd1e02cb9cd6ab935b,True,2.261745493115086e-07,165.59353637695312,351.1835021972656,2.120756098824051,0.1127721294760704,0.03985477670381685,1.609580159187317,0.014820694923400879,1.0,0.6037735939025879,1.1240038899629212e-09,0.035400502383708954,0.09271781891584396,0.020112652769975328,0.11424382030963898,5520,True,282.0,254.0,,,199718.0,True,,,199718.0,True,,,199718.0,True,1069.0,,198931.0,True,1979.0,,198021.0,True,2692.0,,197308.0,True,4000.0,,196000.0,True,6000.0,,194000.0,True,0.09305763989686966,0.03790392354130745,0.0007908344268798828,0.010421265768065605,0.05605180068565303,168.16696166992188,0.020835853275236092,0.04819029330420455,0.0260548993548175,,,,,,,,,,0,1313.0,,
ntk_N400_a0.5_wd0_s3,0.5,400,0.0,3,45,400.0,0.0,ok,,,200000,200000,307,96.70717692375183,17.94839572906494,2,478542c5c3dbb4497d84b2fd1e02cb9cd6ab935b,True,2.311222715434269e-07,166.56251525878906,347.35931396484375,2.085459104800079,0.1112464964389801,0.04067725901745417,1.5506597757339478,0.014393031597137451,1.0,0.7735849022865295,7.939103818799254e-10,0.03031362220644951,0.08873175084590912,0.019944564529343792,0.11291328072547913,6000,True,282.0,254.0,,,199718.0,True,,,199718.0,True,,,199718.0,True,1069.0,,198931.0,True,1979.0,,198021.0,True,2692.0,,197308.0,True,4000.0,,196000.0,True,5520.0,,194480.0,True,0.08919736742973328,0.040392596274614334,0.0007216930389404297,0.013980394852258729,0.05663516042407544,169.2266387939453,0.020583082681023407,0.0529326267306951,0.02641261959343732,,,,,,,,,,0,1612.0,,
ntk_N400_a0.5_wd0_s4,0.5,400,0.0,4,46,400.0,0.0,ok,,,200000,200000,307,93.59977197647095,17.910708904266357,2,478542c5c3dbb4497d84b2fd1e02cb9cd6ab935b,True,2.2834663582216308e-07,165.9253692626953,354.6156005859375,2.137199405743104,0.1136879250407219,0.038977839379603564,1.6292273998260498,0.013750791549682617,1.0,0.7169811129570007,8.287294184228244e-10,0.03427327424287796,0.0956302136182785,0.020483606943336535,0.11514805257320404,4981,True,187.0,169.0,,,199813.0,True,,,199813.0,True,,,199813.0,True,1069.0,,198931.0,True,1979.0,,198021.0,True,2983.0,,197017.0,True,4496.0,,195504.0,True,6000.0,,194000.0,True,0.09584683924913406,0.021078385412693024,0.0004101395606994629,0.008950759502482626,0.03601359867137124,167.23648071289062,0.020778337287051335,0.02703014454084079,0.013662638285113082,,,,,,,,,,0,965.0,,
ntk_N400_a0.5_wd3e-06_s0,0.5,400,3e-06,0,42,400.0,7.500000000000001e-09,ok,,,200000,200000,307,94.61334824562073,18.596689462661743,2,478542c5c3dbb4497d84b2fd1e02cb9cd6ab935b,True,2.4714742608011875e-07,166.46580505371094,307.95806884765625,1.8499779504162563,0.12267664819955826,0.050543809196018794,1.3646384477615356,0.01634293794631958,1.0,1.0,1.6028617437768844e-06,0.016031069681048393,0.09259794652462006,0.020598330773087148,0.12268339842557907,199000,True,254.0,230.0,23000.0,22000.0,22746.0,False,52714.0,52000.0,52460.0,False,52714.0,52000.0,52460.0,False,1000.0,9218.0,8218.0,False,1786.0,130000.0,128214.0,False,2692.0,,197308.0,True,4000.0,,196000.0,True,5520.0,,194480.0,True,0.09300056099891663,0.03382430225610733,0.0006796717643737793,0.012678544458677195,0.0509035218851491,168.63043212890625,0.021188590626863915,0.04520332757432421,0.020406919924677636,0.11623949557542801,1.5021928548812866,0.01454174518585205,0.1476917726019891,3.5101862849933156,331.7720642089844,0.04411672043945483,1.742851473118518,1.1229668077340869,0,1185.0,136000.0,
ntk_N400_a0.5_wd3e-06_s1,0.5,400,3e-06,1,43,400.0,7.500000000000001e-09,ok,,,200000,200000,307,93.5699450969696,17.50094509124756,2,478542c5c3dbb4497d84b2fd1e02cb9cd6ab935b,True,2.3522353842508892e-07,167.0225067138672,310.0257263183594,1.8561913146799827,0.12400969117879868,0.050358461434871715,1.3562158346176147,0.018271028995513916,1.0,1.0,1.7027986132234219e-06,0.01747114770114422,0.09268636256456375,0.020357052788785978,0.12400969117879868,200000,True,254.0,230.0,47000.0,46000.0,46746.0,False,61000.0,60000.0,60746.0,False,61000.0,60000.0,60746.0,False,1000.0,15395.0,14395.0,False,1979.0,152000.0,150021.0,False,2692.0,,197308.0,True,4000.0,,196000.0,True,5520.0,,194480.0,True,0.09332236647605896,0.033975835889577866,0.0006833076477050781,0.019008968697959698,0.051061983607664896,169.25247192382812,0.021054093265003092,0.04588568189728368,0.02013872534400118,0.11837438493967056,1.480345606803894,0.01667863130569458,0.15037848509794255,3.415998296571077,332.1824645996094,0.04447139759155367,1.7235441864897139,1.0906188092453093,0,1185.0,97000.0,
ntk_N400_a0.5_wd3e-06_s2,0.5,400,3e-06,2,44,400.0,7.500000000000001e-09,ok,,,200000,200000,307,93.2987220287323,17.011523485183716,2,478542c5c3dbb4497d84b2fd1e02cb9cd6ab935b,True,2.394937723693147e-07,165.59353637695312,311.2964172363281,1.8798826575434713,0.12218081951141357,0.04927701983998048,1.385819673538208,0.01701045036315918,1.0,1.0,1.7044069409166696e-06,0.01955839805305004,0.09271781891584396,0.020112652769975328,0.12218081951141357,200000,True,282.0,254.0,105000.0,104000.0,104718.0,False,115000.0,114000.0,114718.0,False,115000.0,114000.0,114718.0,False,1069.0,56000.0,54931.0,False,1979.0,193000.0,191021.0,False,2983.0,,197017.0,True,4058.0,,195942.0,True,6000.0,,194000.0,True,0.09305958449840546,0.036389924585819244,0.0007942914962768555,0.010455650168903123,0.05502412195525949,168.03121948242188,0.020836264555911994,0.04670902532760671,0.02448048495375124,0.1184966117143631,1.4607735872268677,0.01618039608001709,0.15291100659126017,3.3302911239003987,323.88714599609375,0.045650232507083985,1.7268440084272427,1.0395642351743875,0,1313.0,151000.0,
ntk_N400_a0.5_wd3e-06_s3,0.5,400,3e-06,3,45,400.0,7.500000000000001e-09,ok,,,200000,200000,307,93.0391960144043,17.27111291885376,2,478542c5c3dbb4497d84b2fd1e02cb9cd6ab935b,True,2.4766023898337153e-07,166.56251525878906,308.1924743652344,1.8503111212411394,0.12062444537878036,0.05028808537498307,1.3290334939956665,0.01686227321624756,1.0,1.0,1.6626516980977613e-06,0.017256610095500946,0.08873175084590912,0.019944564529343792,0.12063290923833847,198000,True,282.0,254.0,70000.0,69000.0,69718.0,False,131000.0,130000.0,130718.0,False,131000.0,130000.0,130718.0,False,1069.0,10000.0,8931.0,False,1979.0,147000.0,145021.0,False,2692.0,,197308.0,True,4000.0,,196000.0,True,5520.0,,194480.0,True,0.08919952809810638,0.03876391053199768,0.0007202029228210449,0.014039663457190836,0.05538051526682181,169.090576171875,0.020581424436320835,0.051238437625928536,0.02484734493728827,0.1178145483136177,1.3856416940689087,0.016040027141571045,0.1716668437302041,3.0187073375692384,317.9295349121094,0.0474482126658965,1.6513534314905218,0.9655598790400917,0,1612.0,184000.0,
ntk_N400_a0.5_wd3e-06_s4,0.5,400,3e-06,4,46,400.0,7.500000000000001e-09,ok,,,200000,200000,307,93.34519696235657,17.05251383781433,2,478542c5c3dbb4497d84b2fd1e02cb9cd6ab935b,True,2.345907432754757e-07,165.9253692626953,313.67376708984375,1.8904509206981552,0.12275803089141846,0.048476065735540155,1.399867057800293,0.01564180850982666,1.0,1.0,1.7227256421392667e-06,0.018673798069357872,0.0956302136182785,0.020483606943336535,0.12279234081506729,198000,True,187.0,169.0,93000.0,92000.0,92813.0,False,178000.0,177000.0,177813.0,False,178000.0,177000.0,177813.0,False,1069.0,42937.0,41868.0,False,1979.0,177000.0,175021.0,False,2983.0,,197017.0,True,4496.0,,195504.0,True,6000.0,,194000.0,True,0.09584759920835495,0.0200052447617054,0.00041043758392333984,0.00898505762620272,0.03534604832585637,167.1455841064453,0.020779066006818274,0.025940760721622123,0.012597976062468012,0.12182129919528961,1.4190444946289062,0.015380501747131348,0.15905285281580267,3.153394412457457,316.7752685546875,0.04754217764408662,1.6554224604156167,1.0178139481499122,0,965.0,132692.0,
ntk_N400_a0.5_wd1e-05_s0,0.5,400,1e-05,0,42,400.0,2.5000000000000002e-08,ok,,,200000,200000,307,93.35353088378906,16.571223258972168,2,478542c5c3dbb4497d84b2fd1e02cb9cd6ab935b,True,2.2742554506294255e-07,166.46580505371094,269.1649169921875,1.6169381868266592,0.13865038752555847,0.06678544801672581,1.1013281345367432,0.02002239227294922,1.0,1.0,1.3959886018710677e-05,0.004707413725554943,0.09259794652462006,0.020598330773087148,0.13871121406555176,199000,True,254.0,230.0,10214.0,10000.0,9960.0,False,18000.0,17057.0,17746.0,False,18000.0,17057.0,17746.0,False,1000.0,7000.0,6000.0,False,1979.0,38000.0,36021.0,False,2692.0,103000.0,100308.0,False,4000.0,,196000.0,True,5520.0,,194480.0,True,0.09300621598958969,0.030509566888213158,0.0006761550903320312,0.012857057835176992,0.04853266714357143,168.34454345703125,0.021185004964745076,0.04187913940824106,0.017110527336991067,0.11716412007808685,1.4638280868530273,0.01476752758026123,0.1521175058652748,3.3416287288843463,325.6773681640625,0.04513155008413769,1.7057018803528883,1.082030664550118,0,1185.0,37000.0,
ntk_N400_a0.5_wd1e-05_s1,0.5,400,1e-05,1,43,400.0,2.5000000000000002e-08,ok,,,200000,200000,307,94.6989369392395,16.601905345916748,2,478542c5c3dbb4497d84b2fd1e02cb9cd6ab935b,True,2.29224895065272e-07,167.0225067138672,270.7511901855469,1.621046142298543,0.13812720775604248,0.06590364408385764,1.106515884399414,0.021989822387695312,1.0,1.0,1.390573652315652e-05,0.005082615651190281,0.09268636256456375,0.020357052788785978,0.13831351697444916,199000,True,230.0,207.0,15000.0,14000.0,14770.0,False,18900.0,18000.0,18670.0,False,18900.0,18000.0,18670.0,False,1069.0,8319.0,7250.0,False,1979.0,42937.0,40958.0,False,2692.0,114000.0,111308.0,False,4000.0,,196000.0,True,5520.0,,194480.0,True,0.09321793913841248,0.02638973481953144,0.0005890727043151855,0.017144410844240874,0.04388791856825186,168.65585327148438,0.020930824435955817,0.03658151699855397,0.014619391428708986,0.11903907358646393,1.4483987092971802,0.016678333282470703,0.15405494850647689,3.278025194414703,327.1681823730469,0.045301313619075315,1.6916403479430264,1.0584306734943376,0,1185.0,25710.0,
ntk_N400_a0.5_wd1e-05_s2,0.5,400,1e-05,2,44,400.0,2.5000000000000002e-08,ok,,,200000,200000,307,98.97959995269775,17.157570600509644,2,478542c5c3dbb4497d84b2fd1e02cb9cd6ab935b,True,2.2983306280366378e-07,165.59353637695312,271.75970458984375,1.6411250736937977,0.13697397708892822,0.06472344605667316,1.1296404600143433,0.021103978157043457,1.0,1.0,1.3915469025960192e-05,0.005679019261151552,0.09271781891584396,0.020112652769975328,0.13697397708892822,200000,True,282.0,254.0,30000.0,29000.0,29718.0,False,38751.0,38000.0,38469.0,False,38751.0,38000.0,38469.0,False,1069.0,16000.0,14931.0,False,1979.0,54000.0,52021.0,False,2983.0,126000.0,123017.0,False,4496.0,,195504.0,True,6000.0,,194000.0,True,0.09304187446832657,0.03295682370662689,0.0007973313331604004,0.010007024474496983,0.05267268824993392,167.71498107910156,0.020831066017494158,0.04348603202805761,0.020807787906046024,0.11988213658332825,1.4194178581237793,0.01645803451538086,0.15946839242298733,3.1563453399886656,317.37615966796875,0.04714398570522628,1.686804872452953,0.9958556728802778,0,1313.0,40000.0,
ntk_N400_a0.5_wd1e-05_s3,0.5,400,1e-05,3,45,400.0,2.5000000000000002e-08,ok,,,200000,200000,307,99.52860689163208,16.663901805877686,2,0c2c9fa139cdb9df0506aa0716a97da613a80d40,True,2.3161283024819568e-07,166.56251525878906,270.6833801269531,1.625115829371278,0.13500288128852844,0.06507963808595721,1.083042860031128,0.021776854991912842,1.0,1.0,1.4077496416575741e-05,0.005559572484344244,0.08873175084590912,0.019944564529343792,0.13500288128852844,200000,True,282.0,254.0,18900.0,18000.0,18618.0,False,27000.0,26000.0,26718.0,False,27000.0,26000.0,26718.0,False,1069.0,7508.0,6439.0,False,1979.0,41000.0,39021.0,False,2692.0,115000.0,112308.0,False,4000.0,,196000.0,True,6000.0,,194000.0,True,0.08920209854841232,0.034993235021829605,0.0007243156433105469,0.01409334063310549,0.05265371596002252,168.77346801757812,0.02058385666538016,0.04737095355495258,0.021198354773613606,0.11672881990671158,1.3965330123901367,0.015776395797729492,0.16679467249442745,3.062054369655201,320.61151123046875,0.04629699553853177,1.6547367972211156,0.9924365225335339,0,1612.0,50000.0,
ntk_N400_a0.5_wd1e-05_s4,0.5,400,1e-05,4,46,400.0,2.5000000000000002e-08,ok,,,200000,200000,307,99.36956810951233,16.2654972076416,2,0c2c9fa139cdb9df0506aa0716a97da613a80d40,True,2.3263444859367155e-07,165.9253692626953,271.3677062988281,1.6354805024974515,0.13822238147258759,0.06529291354803457,1.1211068630218506,0.020047545433044434,1.0,1.0,1.4095615370024461e-05,0.005265092011541128,0.0956302136182785,0.020483606943336535,0.13822238147258759,200000,True,187.0,169.0,29000.0,28487.0,28813.0,False,49000.0,48000.0,48813.0,False,49000.0,48000.0,48813.0,False,1069.0,13000.0,11931.0,False,1979.0,50000.0,48021.0,False,2983.0,118000.0,115017.0,False,4496.0,,195504.0,True,6000.0,,194000.0,True,0.09584954380989075,0.01758226752281189,0.00041282176971435547,0.009038494129376467,0.03402713571127799,166.93406677246094,0.020778345986897408,0.023580734549908586,0.01011331714295631,0.12207373976707458,1.4026098251342773,0.015519320964813232,0.1598716214583035,3.086306073748768,314.3099670410156,0.047845692195976994,1.6369996816527386,1.0063837083378435,0,965.0,34974.0,
ntk_N400_a0.5_wd3e-05_s0,0.5,400,3e-05,0,42,400.0,7.5e-08,ok,,,200000,200000,307,98.07041811943054,17.40256142616272,2,0c2c9fa139cdb9df0506aa0716a97da613a80d40,True,2.4705823875592614e-07,166.46580505371094,246.1221466064453,1.478514740772334,0.15148259699344635,0.08026748813645587,0.9205912351608276,0.02218174934387207,1.0,1.0,8.81122614373453e-05,0.0021231607533991337,0.09259794652462006,0.020598330773087148,0.15155425667762756,196000,True,282.0,254.0,6776.0,6116.0,6494.0,False,8000.0,7508.0,7718.0,False,8000.0,7508.0,7718.0,False,1069.0,5520.0,4451.0,False,1979.0,13000.0,11021.0,False,2983.0,33000.0,30017.0,False,4058.0,92000.0,87942.0,False,6000.0,,194000.0,True,0.09314271062612534,0.025176404044032097,0.0007890462875366211,0.015600287926140157,0.0476799178906871,167.83987426757812,0.02131871913361561,0.03822454618119686,0.009792715497126441,0.11945521086454391,1.3624948263168335,0.014739513397216797,0.16569473226684595,2.9256697497106567,310.48492431640625,0.047470497771497526,1.607660691016892,0.97398063015269,0,1185.0,9218.0,59000.0
ntk_N400_a0.5_wd3e-05_s1,0.5,400,3e-05,1,43,400.0,7.5e-08,ok,,,200000,200000,307,97.47163009643555,16.53029727935791,2,0c2c9fa139cdb9df0506aa0716a97da613a80d40,True,2.450510123708227e-07,167.0225067138672,247.15670776367188,1.479780854846621,0.14944277703762054,0.07915578576719498,0.9303193092346191,0.024178683757781982,1.0,1.0,8.876818901626393e-05,0.0023116120137274265,0.09268636256456375,0.020357052788785978,0.14975190162658691,192000,True,207.0,187.0,7508.0,7000.0,7301.0,False,7508.0,7000.0,7301.0,False,7508.0,7000.0,7301.0,False,1069.0,6000.0,4931.0,False,1979.0,13894.0,11915.0,False,2983.0,34974.0,31991.0,False,4496.0,103000.0,98504.0,False,6000.0,,194000.0,True,0.0931084081530571,0.015269055962562561,0.0005029439926147461,0.014840335725049787,0.035475163518817306,167.71531677246094,0.020826029060113663,0.024255330600740792,0.004892494761606736,0.12065748870372772,1.3535842895507812,0.01645684242248535,0.1639610468591442,2.8933841305906145,312.41119384765625,0.04725850705160488,1.5973956313280633,0.9628180210438961,0,1185.0,6776.0,60000.0
ntk_N400_a0.5_wd3e-05_s2,0.5,400,3e-05,2,44,400.0,7.5e-08,ok,,,200000,200000,307,97.18558812141418,16.339253902435303,2,0c2c9fa139cdb9df0506aa0716a97da613a80d40,True,2.438673334381747e-07,165.59353637695312,246.27005004882812,1.4871960309382182,0.1518045961856842,0.08011374852275678,0.9300644397735596,0.023680269718170166,1.0,1.0,8.81493542692624e-05,0.0021275687031447887,0.09271781891584396,0.020112652769975328,0.15192316472530365,193000,True,282.0,254.0,10000.0,9218.0,9718.0,False,13894.0,13000.0,13612.0,False,13894.0,13000.0,13612.0,False,1069.0,7508.0,6439.0,False,1979.0,18000.0,16021.0,False,2983.0,40000.0,37017.0,False,4496.0,104000.0,99504.0,False,6000.0,,194000.0,True,0.09304400533437729,0.022318612784147263,0.0007955431938171387,0.010062040514662975,0.04628070129414523,166.8147430419922,0.020831559601350698,0.032724050089260576,0.010312799937357606,0.12164609879255295,1.3476591110229492,0.016533732414245605,0.16893547020583627,2.8706482996015623,306.3668518066406,0.04908995059766365,1.6157490178120648,0.92309604644906,0,1313.0,10214.0,64000.0
ntk_N400_a0.5_wd3e-05_s3,0.5,400,3e-05,3,45,400.0,7.5e-08,ok,,,200000,200000,307,98.31730890274048,16.676048040390015,2,0c2c9fa139cdb9df0506aa0716a97da613a80d40,True,2.3831684359265637e-07,166.56251525878906,247.30979919433594,1.484786650886542,0.14955811202526093,0.07901056756964966,0.8904868960380554,0.02453714609146118,1.0,1.0,8.908839663490653e-05,0.0024475902318954468,0.08873175084590912,0.019944564529343792,0.14955811202526093,200000,True,254.0,230.0,9000.0,8319.0,8746.0,False,9218.0,9000.0,8964.0,False,9218.0,9000.0,8964.0,False,1069.0,5520.0,4451.0,False,1979.0,13894.0,11915.0,False,2983.0,36000.0,33017.0,False,4496.0,116000.0,111504.0,False,6000.0,,194000.0,True,0.08909845352172852,0.020501140505075455,0.00061798095703125,0.01202775372708862,0.041168356057713955,167.58042907714844,0.02045560373478266,0.030847491255668748,0.008993499502276934,0.11814548075199127,1.318832278251648,0.015862464904785156,0.17440780987759452,2.7606166254800546,308.9986267089844,0.04784000231305145,1.5760688603821922,0.916846057773269,0,1612.0,13894.0,74000.0
ntk_N400_a0.5_wd3e-05_s4,0.5,400,3e-05,4,46,400.0,7.5e-08,ok,,,200000,200000,307,96.8748128414154,16.730037450790405,2,0c2c9fa139cdb9df0506aa0716a97da613a80d40,True,2.392482940649643e-07,165.9253692626953,246.8743438720703,1.4878637604911127,0.15062512457370758,0.07935704061056698,0.935138463973999,0.022075533866882324,1.0,1.0,9.131273691309616e-05,0.0022890050895512104,0.0956302136182785,0.020483606943336535,0.15077190101146698,190000,True,207.0,187.0,11000.0,10214.0,10793.0,False,16000.0,15395.0,15793.0,False,16000.0,15395.0,15793.0,False,1069.0,6776.0,5707.0,False,1979.0,17000.0,15021.0,False,2983.0,37000.0,34017.0,False,4496.0,106000.0,101504.0,False,6116.0,,193884.0,True,0.09589825570583344,0.013284740969538689,0.00048553943634033203,0.010128228800703276,0.03414484685446191,166.4785614013672,0.020849897991066707,0.020711532002330134,0.004016141172662342,0.12334650009870529,1.3429094552993774,0.015555918216705322,0.1669791422493679,2.851144759902251,305.2582092285156,0.049361976455831125,1.5766359828586176,0.9487054193307844,0,965.0,9000.0,62000.0
ntk_N400_a0.5_wd0.0001_s0,0.5,400,0.0001,0,42,400.0,2.5e-07,ok,,,200000,200000,307,95.59065699577332,16.511484146118164,2,0c2c9fa139cdb9df0506aa0716a97da613a80d40,True,2.37644087519584e-07,166.46580505371094,229.44992065429688,1.3783606824252215,0.15781638026237488,0.08756186682808557,0.7801912426948547,0.022755205631256104,1.0,1.0,0.0005385048571042717,0.0025087730027735233,0.09259794652462006,0.020598330773087148,0.15843993425369263,194000,True,312.0,282.0,4496.0,4058.0,4184.0,False,4981.0,4496.0,4669.0,False,4981.0,4496.0,4669.0,False,1185.0,4496.0,3311.0,False,2193.0,6776.0,4583.0,False,3305.0,12000.0,8695.0,False,4981.0,38751.0,33770.0,False,8000.0,,192000.0,True,0.09327511489391327,-0.009426598437130451,0.0009178519248962402,0.017862019447565606,0.043684730531790596,164.76425170898438,0.021455465446132325,0.006142788535395577,-0.02778669143980277,0.123820461332798,1.106094241142273,0.015740394592285156,0.18571297833140557,2.0459181638690693,273.0362548828125,0.0522577383939479,1.364364716556756,0.6907860185394921,0,1185.0,4000.0,15000.0
ntk_N400_a0.5_wd0.0001_s1,0.5,400,0.0001,1,43,400.0,2.5e-07,ok,,,200000,200000,307,96.52404594421387,17.097450733184814,2,0c2c9fa139cdb9df0506aa0716a97da613a80d40,True,2.398081733190338e-07,167.0225067138672,229.6297607421875,1.3748432187979027,0.15734577178955078,0.08684455894870377,0.7822172045707703,0.023926496505737305,1.0,1.0,0.0005376337212510407,0.002655863296240568,0.09268636256456375,0.020357052788785978,0.15789398550987244,199000,True,282.0,254.0,4981.0,4496.0,4699.0,False,5520.0,5000.0,5238.0,False,5520.0,5000.0,5238.0,False,1185.0,4496.0,3311.0,False,2193.0,6776.0,4583.0,False,3305.0,12539.0,9234.0,False,4981.0,44000.0,39019.0,False,8319.0,,191681.0,True,0.09344693273305893,-0.010630405507981777,0.0008102655410766602,0.02083768130088523,0.04144344750005984,165.32359313964844,0.02117745688660966,0.0034792223125513083,-0.027036518234089153,0.12674549221992493,1.1036404371261597,0.017662525177001953,0.1915914773380163,2.0413815661185515,274.63006591796875,0.05368810528150786,1.3615496656909687,0.684953847011854,0,1185.0,3662.0,15000.0
ntk_N400_a0.5_wd0.0001_s2,0.5,400,0.0001,2,44,400.0,2.5e-07,ok,,,200000,200000,307,98.48145771026611,16.915061235427856,2,0c2c9fa139cdb9df0506aa0716a97da613a80d40,True,2.4046389057730266e-07,165.59353637695312,229.42636108398438,1.3854789631506133,0.15839466452598572,0.08716894740509593,0.7932795882225037,0.02388155460357666,1.0,1.0,0.0005335007444955409,0.0024598194286227226,0.09271781891584396,0.020112652769975328,0.15887665748596191,143000,True,282.0,254.0,6000.0,5520.0,5718.0,False,6000.0,5520.0,5718.0,False,6000.0,5520.0,5718.0,False,1185.0,4981.0,3796.0,False,2193.0,7508.0,5315.0,False,3305.0,13894.0,10589.0,False,4981.0,38751.0,33770.0,False,9000.0,,191000.0,True,0.093021459877491,-0.013960439711809158,0.0008068680763244629,0.009457301595490915,0.04228543594879751,163.70301818847656,0.02081381607908663,-0.0032267978541635055,-0.026391087297731746,0.1256503462791443,1.1308871507644653,0.017379403114318848,0.1868938054603067,2.1239068862438213,274.8418273925781,0.05344772546561649,1.4027998050441028,0.7005400339893598,0,1313.0,4058.0,16000.0
ntk_N400_a0.5_wd0.0001_s3,0.5,400,0.0001,3,45,400.0,2.5e-07,ok,,,200000,200000,307,97.27487206459045,16.278300762176514,2,0c2c9fa139cdb9df0506aa0716a97da613a80d40,True,2.433100121379539e-07,166.56251525878906,229.51742553710938,1.3779656556008832,0.15575869381427765,0.08673716604357123,0.7488143444061279,0.023183047771453857,1.0,1.0,0.0005375392502173781,0.0027331984601914883,0.08873175084590912,0.019944564529343792,0.15659862756729126,173000,True,282.0,254.0,6000.0,5520.0,5718.0,False,6000.0,5520.0,5718.0,False,6000.0,5520.0,5718.0,False,1185.0,4496.0,3311.0,False,2193.0,6776.0,4583.0,False,3305.0,12539.0,9234.0,False,4981.0,60000.0,55019.0,False,8319.0,,191681.0,True,0.08915302902460098,-0.011081053875386715,0.0007306337356567383,0.012757636150501942,0.03963631962366353,164.75096130371094,0.020558393265919676,0.0019989083172767875,-0.0256783879206967,0.12451905012130737,1.075671672821045,0.01778721809387207,0.19976529937430343,1.9587703233042877,272.76434326171875,0.054558776119136405,1.3474427845980506,0.6456748268612179,0,1612.0,4496.0,17000.0
ntk_N400_a0.5_wd0.0001_s4,0.5,400,0.0001,4,46,400.0,2.5e-07,ok,,,200000,200000,307,97.98349523544312,16.3454692363739,2,0c2c9fa139cdb9df0506aa0716a97da613a80d40,True,2.420103726308298e-07,165.9253692626953,229.17581176757812,1.381198142188515,0.1581420749425888,0.08762367805859636,0.7866337895393372,0.02206134796142578,1.0,1.0,0.0005435200873762369,0.002605338813737035,0.0956302136182785,0.020483606943336535,0.15906810760498047,196000,True,230.0,207.0,5520.0,5000.0,5290.0,False,7000.0,6776.0,6770.0,False,7000.0,6776.0,6770.0,False,1313.0,4981.0,3668.0,False,2430.0,6776.0,4346.0,False,3305.0,12539.0,9234.0,False,4981.0,40000.0,35019.0,False,9000.0,,191000.0,True,0.09597299247980118,-0.014499430544674397,0.0005677938461303711,0.011828521619567017,0.03645792488720739,164.10862731933594,0.02093528023044078,-0.006057593359342081,-0.02497690116095287,0.1284756362438202,1.1312062740325928,0.016306936740875244,0.1921691558836083,2.123330946600775,274.4726257324219,0.054822074256175995,1.370672839035422,0.726662582410943,0,965.0,4000.0,15000.0
ntk_N400_a0.5_wd0.0003_s0,0.5,400,0.0003,0,42,400.0,7.499999999999999e-07,ok,,,200000,200000,307,97.13812208175659,16.380370140075684,2,0c2c9fa139cdb9df0506aa0716a97da613a80d40,True,2.2279006373082666e-07,166.46580505371094,205.40008544921875,1.2338875565642176,0.15728521347045898,0.08782038020519085,0.5672085881233215,0.02272951602935791,1.0,1.0,0.003025706158950925,0.007491324562579393,0.09259794652462006,0.020598330773087148,0.15829414129257202,199000,True,710.0,640.0,4496.0,4058.0,3786.0,False,4496.0,4058.0,3786.0,False,4496.0,4058.0,3786.0,False,1786.0,4496.0,2710.0,False,3305.0,5520.0,2215.0,False,4496.0,10000.0,5504.0,False,,,,True,,,,True,0.0955505520105362,-0.19078263640403748,0.003115236759185791,0.04126455145846462,0.18792889874951915,148.2246856689453,0.02391523685564761,-0.13077791704171018,-0.2645008900758891,0.13267943263053894,0.5456234216690063,0.018773317337036133,0.21777550335836685,0.7690345575685827,203.95008850097656,0.0623678685815493,0.8251263420988428,0.09158029510265661,0,1313.0,3305.0,6000.0
ntk_N400_a0.5_wd0.0003_s1,0.5,400,0.0003,1,43,400.0,7.499999999999999e-07,ok,,,200000,200000,307,99.09009790420532,16.267340898513794,2,0c2c9fa139cdb9df0506aa0716a97da613a80d40,True,2.2332690718940285e-07,167.0225067138672,205.6295928955078,1.2311490046534863,0.15549145638942719,0.08624012393911823,0.5813772678375244,0.023340344429016113,1.0,1.0,0.003030880354344845,0.00759531045332551,0.09268636256456375,0.020357052788785978,0.15815423429012299,176000,True,522.0,471.0,4496.0,4058.0,3974.0,False,4981.0,4496.0,4459.0,False,4981.0,4496.0,4459.0,False,1979.0,4496.0,2517.0,False,3305.0,5520.0,2215.0,False,4496.0,10000.0,5504.0,False,,,,True,,,,True,0.09472689777612686,-0.16904596984386444,0.0020981431007385254,0.03466446462770204,0.16653584403818972,151.31106567382812,0.022505068276168817,-0.12972695417748697,-0.21654168579229804,0.1371586173772812,0.5811173319816589,0.021373450756072998,0.22686774808980198,0.835124827772346,208.24302673339844,0.06594242796280203,0.8607768100178351,0.12445057478488482,0,1185.0,2983.0,6000.0
ntk_N400_a0.5_wd0.0003_s2,0.5,400,0.0003,2,44,400.0,7.499999999999999e-07,ok,,,200000,200000,307,97.79716300964355,16.727807760238647,2,0c2c9fa139cdb9df0506aa0716a97da613a80d40,True,2.2420074685669533e-07,165.59353637695312,205.28578186035156,1.2396968284622172,0.1588367372751236,0.0882834383291008,0.5691394209861755,0.022984445095062256,1.0,1.0,0.003031620290130377,0.007594897877424955,0.09271781891584396,0.020112652769975328,0.15903113782405853,129000,True,786.0,710.0,4496.0,4058.0,3710.0,False,4981.0,4496.0,4195.0,False,4981.0,4496.0,4195.0,False,1979.0,4496.0,2517.0,False,3305.0,6000.0,2695.0,False,4981.0,10000.0,5019.0,False,,,,True,,,,True,0.09574929624795914,-0.2060503363609314,0.0036488771438598633,0.03964705068978052,0.20153269081275393,146.2100067138672,0.024028271430214555,-0.13626785887516013,-0.2899494255489939,0.1362139880657196,0.579522430896759,0.02057325839996338,0.22595811662936435,0.8306462689161626,206.83131408691406,0.06567345102605648,0.8697040155933958,0.11933995200798665,0,1313.0,3305.0,6000.0
ntk_N400_a0.5_wd0.0003_s3,0.5,400,0.0003,3,45,400.0,7.499999999999999e-07,ok,,,200000,200000,307,96.90281319618225,16.81685519218445,2,0c2c9fa139cdb9df0506aa0716a97da613a80d40,True,2.2647000719189236e-07,166.56251525878906,205.35333251953125,1.232890438766926,0.15480291843414307,0.08639771592757273,0.5413872599601746,0.02253866195678711,1.0,1.0,0.0030324626713991165,0.007742034271359444,0.08873175084590912,0.019944564529343792,0.15733420848846436,163000,True,1185.0,1069.0,4496.0,4058.0,3311.0,False,4981.0,4496.0,3796.0,False,4981.0,4496.0,3796.0,False,1786.0,4496.0,2710.0,False,3305.0,5520.0,2215.0,False,4496.0,10214.0,5718.0,False,,,,True,,,,True,0.09585978835821152,-0.20956720411777496,0.005739688873291016,0.07165018856317515,0.2122721947997298,145.54074096679688,0.026997639535160822,-0.08667037181095229,-0.3671234243386915,0.13543996214866638,0.544521689414978,0.021719634532928467,0.23554468006727694,0.7737855072418333,207.84292602539062,0.06579190071765584,0.8291512178973867,0.09875101579605866,0,1612.0,3305.0,6116.0
ntk_N400_a0.5_wd0.0003_s4,0.5,400,0.0003,4,46,400.0,7.499999999999999e-07,ok,,,200000,200000,307,95.84730291366577,16.931800365447998,2,0c2c9fa139cdb9df0506aa0716a97da613a80d40,True,2.2248309505812358e-07,165.9253692626953,205.16226196289062,1.236473137739865,0.15729846060276031,0.08726942561213075,0.5763118863105774,0.0218164324760437,1.0,1.0,0.003043852047994733,0.007485414855182171,0.0956302136182785,0.020483606943336535,0.1588796228170395,199000,True,640.0,578.0,4496.0,4058.0,3856.0,False,4981.0,4496.0,4341.0,False,4981.0,4496.0,4341.0,False,1979.0,4496.0,2517.0,False,3305.0,5520.0,2215.0,False,4981.0,10000.0,5019.0,False,,,,True,,,,True,0.09796147048473358,-0.19587628543376923,0.002557039260864258,0.036201513251575806,0.18934045255201848,148.09303283691406,0.02316218412075313,-0.15089586481067654,-0.25388668823226346,0.1371130645275116,0.5695030689239502,0.01900571584701538,0.22417693236397188,0.8099824021958617,206.4373016357422,0.06490477192903614,0.8170099583360111,0.15627533246255843,0,965.0,3305.0,6000.0
ntk_N400_a0.5_wd0.001_s0,0.5,400,0.001,0,42,400.0,2.5e-06,ok,,,200000,200000,307,93.85327482223511,16.170296907424927,2,0c2c9fa139cdb9df0506aa0716a97da613a80d40,True,2.3575104535211722e-07,166.46580505371094,109.3320083618164,0.6567835858333785,0.1443353295326233,0.07777341467930343,-0.6165616512298584,0.026141464710235596,1.0,0.8301886916160583,0.027178341522812843,0.03472629562020302,0.09259794652462006,0.020598330773087148,0.14471109211444855,171000,True,18000.0,17057.0,,,182000.0,True,,,182000.0,True,,,182000.0,True,13894.0,,186106.0,True,,,,True,,,,True,,,,True,,,,True,0.14078375697135925,-0.6745158433914185,0.02790689468383789,0.21734538329559283,0.5187658672313071,105.27039337158203,0.07447798776720777,-0.38371598423281245,-1.1102168789325724,,,,,,,,,,0,4000.0,6776.0,17000.0
ntk_N400_a0.5_wd0.001_s1,0.5,400,0.001,1,43,400.0,2.5e-06,ok,,,200000,200000,307,93.79907083511353,15.718462228775024,2,0c2c9fa139cdb9df0506aa0716a97da613a80d40,True,2.3579204366797057e-07,167.0225067138672,109.68561553955078,0.6567115875434532,0.14391009509563446,0.07689903720049006,-0.6044978499412537,0.027553975582122803,1.0,0.7169811129570007,0.027138717472553253,0.03530743718147278,0.09268636256456375,0.020357052788785978,0.1450963020324707,164000,True,15000.0,14000.0,,,185000.0,True,,,185000.0,True,,,185000.0,True,13000.0,,187000.0,True,,,,True,,,,True,,,,True,,,,True,0.1396772265434265,-0.7097790241241455,0.03013688325881958,0.20520881820622003,0.5366147406969282,103.10181427001953,0.07279504166366896,-0.41869146953786274,-1.1432039621158474,,,,,,,,,,0,4000.0,6776.0,16000.0
ntk_N400_a0.5_wd0.001_s2,0.5,400,0.001,2,44,400.0,2.5e-06,ok,,,200000,200000,307,96.54167985916138,16.585033416748047,2,0c2c9fa139cdb9df0506aa0716a97da613a80d40,True,2.2420074685669533e-07,165.59353637695312,108.44218444824219,0.6548696695587624,0.1472499966621399,0.07919952142618894,-0.6286975741386414,0.027819514274597168,1.0,0.6037735939025879,0.02723175659775734,0.03596004098653793,0.09271781891584396,0.020112652769975328,0.14775478839874268,161000,True,13894.0,13000.0,,,186106.0,True,,,186106.0,True,,,186106.0,True,13894.0,,186106.0,True,,,,True,,,,True,,,,True,,,,True,0.14156657457351685,-0.766615629196167,0.030223727226257324,0.21259500924408614,0.5610321412184294,99.55162048339844,0.07372319975600541,-0.4642612256520317,-1.2019912478269497,,,,,,,,,,0,4000.0,6776.0,12539.0
ntk_N400_a0.5_wd0.001_s3,0.5,400,0.001,3,45,400.0,2.5e-06,ok,,,200000,200000,307,98.38415312767029,16.429675579071045,2,0c2c9fa139cdb9df0506aa0716a97da613a80d40,True,2.4415399479948974e-07,166.56251525878906,109.7262191772461,0.6587689853672292,0.14268240332603455,0.07683326636756174,-0.6378074884414673,0.025089263916015625,1.0,0.698113203048706,0.027078235521912575,0.035451486706733704,0.08873175084590912,0.019944564529343792,0.14422009885311127,153000,True,18000.0,17057.0,,,182000.0,True,,,182000.0,True,,,182000.0,True,15000.0,,185000.0,True,,,,True,,,,True,,,,True,,,,True,0.13878348469734192,-0.7357417345046997,0.02819955348968506,0.2237357564971005,0.5461791637614926,103.68033599853516,0.07290024137637588,-0.44345338874525964,-1.1577324195509184,,,,,,,,,,0,4496.0,7508.0,22000.0
ntk_N400_a0.5_wd0.001_s4,0.5,400,0.001,4,46,400.0,2.5e-06,ok,,,200000,200000,307,95.79976296424866,15.65703296661377,2,0c2c9fa139cdb9df0506aa0716a97da613a80d40,True,2.241711882788877e-07,165.9253692626953,107.76310729980469,0.6494673344929711,0.1472974717617035,0.07961907053753906,-0.6473389267921448,0.026183128356933594,1.0,0.7169811129570007,0.027359580621123314,0.035397522151470184,0.0956302136182785,0.020483606943336535,0.14857172966003418,112000,True,17000.0,16000.0,,,183000.0,True,,,183000.0,True,,,183000.0,True,15000.0,,185000.0,True,,,,True,,,,True,,,,True,,,,True,0.1423969715833664,-0.7490272521972656,0.028580069541931152,0.2094927867713582,0.5522140835496845,101.3080062866211,0.07522364115856153,-0.4857089109967718,-1.1529443179536656,,,,,,,,,,0,3662.0,6776.0,14000.0
ntk_N400_a0.5_wd0.003_s0,0.5,400,0.003,0,42,400.0,7.5e-06,ok,,,200000,200000,307,95.4063150882721,16.30212950706482,2,0c2c9fa139cdb9df0506aa0716a97da613a80d40,True,3.220782502921793e-07,166.46580505371094,17.270456314086914,0.1037477715529296,0.05912957713007927,2.0120556367124887e-10,-3.6650922298431396,0.0410231351852417,0.029411764815449715,0.09433962404727936,0.0457729771733284,0.04468799754977226,0.09259794652462006,0.020598330773087148,0.09261739253997803,7,False,,,,,,True,,,,True,,,,True,,,,True,,,,True,,,,True,,,,True,,,,True,,,,,,,,,,,,,,,,,,,0,,,
ntk_N400_a0.5_wd0.003_s1,0.5,400,0.003,1,43,400.0,7.5e-06,ok,,,200000,200000,307,95.96213006973267,16.05817151069641,2,0c2c9fa139cdb9df0506aa0716a97da613a80d40,True,3.2811638561724976e-07,167.0225067138672,20.773954391479492,0.12437817393716985,0.057938963174819946,2.7037291676357267e-18,-3.3180243968963623,0.03262364864349365,0.03991596773266792,0.03773584961891174,0.04569229483604431,0.04566045105457306,0.09268636256456375,0.020357052788785978,0.09268636256456375,0,False,,,,,,True,,,,True,,,,True,,,,True,,,,True,,,,True,,,,True,,,,True,,,,,,,,,,,,,,,,,,,0,,,
ntk_N400_a0.5_wd0.003_s2,0.5,400,0.003,2,44,400.0,7.5e-06,ok,,,200000,200000,307,94.8305492401123,15.804697275161743,2,0c2c9fa139cdb9df0506aa0716a97da613a80d40,True,3.2310407505065086e-07,165.59353637695312,20.20772933959961,0.1220321141859017,0.058865226805210114,6.127097527258707e-17,-3.362309694290161,0.03404343128204346,0.04621848836541176,0.01886792480945587,0.04514690861105919,0.046910546720027924,0.09271781891584396,0.020112652769975328,0.09271781891584396,0,False,,,,,,True,,,,True,,,,True,,,,True,,,,True,,,,True,,,,True,,,,True,,,,,,,,,,,,,,,,,,,0,,,
ntk_N400_a0.5_wd0.003_s3,0.5,400,0.003,3,45,400.0,7.5e-06,ok,,,200000,200000,307,94.71254420280457,16.036420106887817,2,0c2c9fa139cdb9df0506aa0716a97da613a80d40,True,3.197145304056903e-07,166.56251525878906,20.748233795166016,0.12456724589520862,0.055917080491781235,4.295473482116008e-17,-3.3469583988189697,0.037491679191589355,0.054621849209070206,0.07547169923782349,0.04555293172597885,0.04534289240837097,0.08873175084590912,0.019944564529343792,0.08873862773180008,3,False,,,,,,True,,,,True,,,,True,,,,True,,,,True,,,,True,,,,True,,,,True,,,,,,,,,,,,,,,,,,,0,,,
ntk_N400_a0.5_wd0.003_s4,0.5,400,0.003,4,46,400.0,7.5e-06,ok,,,200000,200000,307,93.5803771018982,16.622854709625244,2,0c2c9fa139cdb9df0506aa0716a97da613a80d40,True,3.116733466868027e-07,165.9253692626953,18.22760772705078,0.10985425440393376,0.058351773768663406,1.952919163189515e-17,-3.5567073822021484,0.038653016090393066,0.04621848836541176,0.01886792480945587,0.04502660781145096,0.04536362364888191,0.0956302136182785,0.020483606943336535,0.09564380347728729,7,False,,,,,,True,,,,True,,,,True,,,,True,,,,True,,,,True,,,,True,,,,True,,,,,,,,,,,,,,,,,,,0,,,
ntk_N400_a1_wd0_s0,1.0,400,0.0,0,42,100.0,0.0,ok,,,200000,200000,307,92.63007521629333,17.14872717857361,2,0c2c9fa139cdb9df0506aa0716a97da613a80d40,True,2.2531048671226017e-07,166.46580505371094,274.04888916015625,1.6462773785386924,0.10681241005659103,0.034425761028891985,1.0877207517623901,0.011270642280578613,1.0,0.16981132328510284,2.0404624656578108e-09,0.049115464091300964,0.09259794652462006,0.020598330773087148,0.10777664184570312,10214,True,254.0,230.0,,,199746.0,True,,,199746.0,True,,,199746.0,True,1185.0,,198815.0,True,2692.0,,197308.0,True,4496.0,,195504.0,True,7508.0,,192492.0,True,11000.0,,189000.0,True,0.09267187118530273,0.010179861448705196,0.00020897388458251953,0.004572039285216329,0.023008703072742664,167.06396484375,0.0207521499611331,0.013810453950272994,0.005818874957542595,,,,,,,,,,0,2692.0,,
ntk_N400_a1_wd0_s1,1.0,400,0.0,1,43,100.0,0.0,ok,,,200000,200000,307,91.35182213783264,16.62808132171631,2,0c2c9fa139cdb9df0506aa0716a97da613a80d40,True,2.2716533010225248e-07,167.0225067138672,276.2243957519531,1.6538154119861461,0.10827881842851639,0.034118809966116534,1.0864758491516113,0.012959718704223633,1.0,0.11320754885673523,2.360825535063782e-09,0.052892252802848816,0.09268636256456375,0.020357052788785978,0.10914511978626251,11317,True,187.0,169.0,,,199813.0,True,,,199813.0,True,,,199813.0,True,1185.0,,198815.0,True,2692.0,,197308.0,True,4496.0,,195504.0,True,7508.0,,192492.0,True,11000.0,,189000.0,True,0.0927969291806221,0.006731097586452961,0.00013822317123413086,0.007452157607817432,0.018001056914253976,167.424072265625,0.020482668919492096,0.009255214244505962,0.00391922487773885,,,,,,,,,,0,2692.0,,
ntk_N400_a1_wd0_s2,1.0,400,0.0,2,44,100.0,0.0,ok,,,200000,200000,307,91.9895453453064,17.651898622512817,2,0c2c9fa139cdb9df0506aa0716a97da613a80d40,True,2.2514868192047288e-07,165.59353637695312,277.20855712890625,1.674030056933354,0.10603017359972,0.033205313736328866,1.1180839538574219,0.012257099151611328,1.0,0.07547169923782349,2.698130385780928e-09,0.05861791968345642,0.09271781891584396,0.020112652769975328,0.10686159878969193,11317,True,254.0,230.0,,,199746.0,True,,,199746.0,True,,,199746.0,True,1185.0,,198815.0,True,2692.0,,197308.0,True,4496.0,,195504.0,True,7508.0,,192492.0,True,11000.0,,189000.0,True,0.09274356067180634,0.008193451911211014,0.0002148151397705078,0.0022143361935727216,0.022476202654987402,166.1337432861328,0.020259989887964756,0.009855287319122757,0.00620239855555053,,,,,,,,,,0,2983.0,,
ntk_N400_a1_wd0_s3,1.0,400,0.0,3,45,100.0,0.0,ok,,,200000,200000,307,93.33035492897034,17.897411584854126,2,0c2c9fa139cdb9df0506aa0716a97da613a80d40,True,2.2841223312752845e-07,166.56251525878906,274.0287170410156,1.64520040187467,0.10455494374036789,0.03394852022760083,1.059900164604187,0.011388301849365234,1.0,0.24528302252292633,2.168658808088253e-09,0.04859120398759842,0.08873175084590912,0.019944564529343792,0.10513091087341309,10000,True,254.0,230.0,,,199746.0,True,,,199746.0,True,,,199746.0,True,1185.0,,198815.0,True,2692.0,,197308.0,True,4496.0,,195504.0,True,7508.0,,192492.0,True,11000.0,,189000.0,True,0.08873938024044037,0.011139346286654472,0.00018775463104248047,0.0012648635180327094,0.022606790293785855,167.15167236328125,0.02006228511677702,0.014784215331250999,0.0071106408337235074,,,,,,,,,,0,4058.0,,
ntk_N400_a1_wd0_s4,1.0,400,0.0,4,46,100.0,0.0,ok,,,200000,200000,307,90.36745810508728,16.709153413772583,2,0c2c9fa139cdb9df0506aa0716a97da613a80d40,True,2.244271257723085e-07,165.9253692626953,279.8841552734375,1.6868074877104602,0.10761706531047821,0.03250932398190813,1.1350723505020142,0.01123058795928955,1.0,0.16981132328510284,2.4563515665931845e-09,0.05530737712979317,0.0956302136182785,0.020483606943336535,0.1084604561328888,11000,True,207.0,187.0,,,199793.0,True,,,199793.0,True,,,199793.0,True,1185.0,,198815.0,True,2692.0,,197308.0,True,4496.0,,195504.0,True,8000.0,,192000.0,True,11317.0,,188683.0,True,0.09571734070777893,0.007020330522209406,0.00015473365783691406,0.005803044703594604,0.019080931698313274,166.31971740722656,0.02057308783673405,0.009576371777320644,0.0038819218219693775,,,,,,,,,,0,1979.0,,
ntk_N400_a1_wd3e-06_s0,1.0,400,3e-06,0,42,100.0,3.0000000000000004e-08,ok,,,200000,200000,307,92.74502301216125,17.487000703811646,2,0c2c9fa139cdb9df0506aa0716a97da613a80d40,True,2.361381206128499e-07,166.46580505371094,239.6952667236328,1.4399069325156242,0.11428379267454147,0.041923161943871495,0.8508623242378235,0.01391291618347168,1.0,0.8679245114326477,7.524062766606221e-06,0.031222950667142868,0.09259794652462006,0.020598330773087148,0.11431422829627991,199000,True,254.0,230.0,,,199746.0,True,,,199746.0,True,,,199746.0,True,1185.0,,198815.0,True,2692.0,,197308.0,True,4496.0,,195504.0,True,7508.0,,192492.0,True,11000.0,,189000.0,True,0.09266842901706696,0.008780560456216335,0.00020760297775268555,0.0044196673528031005,0.022309150837533338,166.94224548339844,0.02074961109756407,0.012421947614953778,0.004399326512419992,,,,,,,,,,0,2692.0,,
ntk_N400_a1_wd3e-06_s1,1.0,400,3e-06,1,43,100.0,3.0000000000000004e-08,ok,,,200000,200000,307,90.06056213378906,15.940777778625488,2,0c2c9fa139cdb9df0506aa0716a97da613a80d40,True,2.363650111192328e-07,167.0225067138672,240.9666748046875,1.4427197839719708,0.1158943921327591,0.041913462049746004,0.8413744568824768,0.015245199203491211,1.0,0.7169811129570007,7.407606517517706e-06,0.03315037861466408,0.09268636256456375,0.020357052788785978,0.11595993489027023,199000,True,187.0,169.0,,,199813.0,True,,,199813.0,True,,,199813.0,True,1185.0,,198815.0,True,2692.0,,197308.0,True,4496.0,,195504.0,True,7508.0,,192492.0,True,11317.0,,188683.0,True,0.09279599040746689,0.005727902054786682,0.0001385807991027832,0.0073694387559167475,0.017696739678864315,167.33340454101562,0.020481361391784504,0.008300620713868922,0.0028605261087071834,,,,,,,,,,0,2692.0,,
ntk_N400_a1_wd3e-06_s2,1.0,400,3e-06,2,44,100.0,3.0000000000000004e-08,ok,,,200000,200000,307,89.892911195755,16.248775482177734,2,0c2c9fa139cdb9df0506aa0716a97da613a80d40,True,2.3677793592469243e-07,165.59353637695312,242.454345703125,1.4641534386415167,0.11407433450222015,0.04060096917859256,0.8762951493263245,0.014944314956665039,1.0,0.49056604504585266,7.70474798628129e-06,0.037993356585502625,0.09271781891584396,0.020112652769975328,0.11407433450222015,200000,True,254.0,230.0,,,199746.0,True,,,199746.0,True,,,199746.0,True,1185.0,,198815.0,True,2692.0,,197308.0,True,4496.0,,195504.0,True,8000.0,,192000.0,True,11317.0,,188683.0,True,0.09273840487003326,0.00687542837113142,0.00021594762802124023,0.001964984377990433,0.022080588875878805,166.01211547851562,0.02025619713707747,0.008634297098940912,0.004772375082127921,,,,,,,,,,0,2983.0,,
ntk_N400_a1_wd3e-06_s3,1.0,400,3e-06,3,45,100.0,3.0000000000000004e-08,ok,,,200000,200000,307,95.29443407058716,18.012377738952637,2,0c2c9fa139cdb9df0506aa0716a97da613a80d40,True,2.4205780846386915e-07,166.56251525878906,238.9080047607422,1.4343443624728502,0.11216339468955994,0.04174005275870009,0.8178613781929016,0.01401209831237793,1.0,0.698113203048706,7.441985417244723e-06,0.031217845156788826,0.08873175084590912,0.019944564529343792,0.11216339468955994,200000,True,254.0,230.0,,,199746.0,True,,,199746.0,True,,,199746.0,True,1185.0,,198815.0,True,2692.0,,197308.0,True,4496.0,,195504.0,True,7508.0,,192492.0,True,11000.0,,189000.0,True,0.0887313038110733,0.009855776093900204,0.0001876354217529297,0.0008483560967589391,0.021988543993719245,167.0296173095703,0.020062160452958024,0.013623170950397435,0.005687494798671682,,,,,,,,,,0,4000.0,,
ntk_N400_a1_wd3e-06_s4,1.0,400,3e-06,4,46,100.0,3.0000000000000004e-08,ok,,,200000,200000,307,95.3655059337616,17.62209963798523,2,0c2c9fa139cdb9df0506aa0716a97da613a80d40,True,2.3225032919071964e-07,165.9253692626953,245.5124053955078,1.4796556215994265,0.11444517970085144,0.03936993511960364,0.9026822447776794,0.013162612915039062,1.0,0.5471698045730591,8.081177838903386e-06,0.03645101934671402,0.0956302136182785,0.020483606943336535,0.11444517970085144,200000,True,187.0,169.0,,,199813.0,True,,,199813.0,True,,,199813.0,True,1185.0,,198815.0,True,2692.0,,197308.0,True,4981.0,,195019.0,True,8000.0,,192000.0,True,12000.0,,188000.0,True,0.09569405764341354,0.005078036803752184,0.00013309717178344727,0.004703452885829266,0.01719564424596382,166.1666259765625,0.02055316242089745,0.007391379594938448,0.0022476412354404825,,,,,,,,,,0,1979.0,,
ntk_N400_a1_wd1e-05_s0,1.0,400,1e-05,0,42,100.0,1.0000000000000001e-07,ok,,,200000,200000,307,90.73928499221802,16.031336784362793,2,0c2c9fa139cdb9df0506aa0716a97da613a80d40,True,2.3443638497155916e-07,166.46580505371094,204.82229614257812,1.2304166376781784,0.1280571073293686,0.05612787207951318,0.5611759424209595,0.017524242401123047,1.0,1.0,5.8319419622421265e-05,0.012318559922277927,0.09259794652462006,0.020598330773087148,0.1280571073293686,200000,True,254.0,230.0,73000.0,72000.0,72746.0,False,82000.0,81000.0,81746.0,False,82000.0,81000.0,81746.0,False,1185.0,58408.0,57223.0,False,2692.0,114000.0,111308.0,False,4496.0,,195504.0,True,8000.0,,192000.0,True,12000.0,,188000.0,True,0.0926685631275177,0.0054173097014427185,0.0002073049545288086,0.0044222842734599355,0.021172361619818517,166.6581573486328,0.020747327997832177,0.009010624795459742,0.0010868741148438454,0.11768341809511185,0.7492103576660156,0.014644622802734375,0.1557351302465038,1.1427694891883218,226.76150512695312,0.04550571747889294,1.0117475719549756,0.3219931078560166,0,2692.0,104000.0,
ntk_N400_a1_wd1e-05_s1,1.0,400,1e-05,1,43,100.0,1.0000000000000001e-07,ok,,,200000,200000,307,91.2202820777893,16.720771312713623,2,0c2c9fa139cdb9df0506aa0716a97da613a80d40,True,2.3168995255673508e-07,167.0225067138672,204.60635375976562,1.2250226498533208,0.12938958406448364,0.05679572294322677,0.5461624264717102,0.01932382583618164,1.0,1.0,5.8330402680439875e-05,0.01253509521484375,0.09268636256456375,0.020357052788785978,0.12938958406448364,200000,True,207.0,187.0,77000.0,76000.0,76793.0,False,85000.0,84000.0,84793.0,False,85000.0,84000.0,84793.0,False,1185.0,64000.0,62815.0,False,2692.0,119756.0,117064.0,False,4981.0,,195019.0,True,8000.0,,192000.0,True,12000.0,,188000.0,True,0.09281507879495621,0.004079948179423809,0.00015866756439208984,0.00804618507825346,0.01840155921657334,167.1567840576172,0.02050067051475657,0.007236942110342734,0.000530158703062552,0.11973228305578232,0.7265379428863525,0.01646953821182251,0.1587716468769372,1.0993356811046415,226.4518280029297,0.046163391267861606,0.9878663040549294,0.2971502113976685,0,2692.0,88000.0,
ntk_N400_a1_wd1e-05_s2,1.0,400,1e-05,2,44,100.0,1.0000000000000001e-07,ok,,,200000,200000,307,94.20208168029785,17.58888578414917,2,0c2c9fa139cdb9df0506aa0716a97da613a80d40,True,2.349361523101834e-07,165.59353637695312,205.49171447753906,1.2409404314535726,0.12877853214740753,0.05550532034523124,0.5728925466537476,0.018668413162231445,1.0,1.0,5.8765115682035685e-05,0.01317509450018406,0.09271781891584396,0.020112652769975328,0.12879040837287903,199000,True,254.0,230.0,106000.0,105000.0,105746.0,False,136000.0,135000.0,135746.0,False,136000.0,135000.0,135746.0,False,1185.0,83000.0,81815.0,False,2692.0,135000.0,132308.0,False,4981.0,,195019.0,True,8000.0,,192000.0,True,12000.0,,188000.0,True,0.09273642301559448,0.0035778575111180544,0.0002155900001525879,0.0018694537289244348,0.021223705836759962,165.72882080078125,0.020255066494700644,0.005379643464060098,0.0014355250840362903,0.12371549010276794,0.6555825471878052,0.017521262168884277,0.1757857767582681,0.9620122841699559,215.18182373046875,0.050314715609193636,0.942420128433587,0.189506720348188,0,2983.0,101000.0,
ntk_N400_a1_wd1e-05_s3,1.0,400,1e-05,3,45,100.0,1.0000000000000001e-07,ok,,,200000,200000,307,94.60334730148315,16.746163606643677,2,0c2c9fa139cdb9df0506aa0716a97da613a80d40,True,2.374059988596855e-07,166.56251525878906,204.15261840820312,1.2256816492655032,0.12637284398078918,0.056283859952791955,0.5206579566001892,0.018766164779663086,1.0,1.0,5.885436985408887e-05,0.012420587241649628,0.08873175084590912,0.019944564529343792,0.12637284398078918,200000,True,254.0,230.0,82000.0,81000.0,81746.0,False,105000.0,104000.0,104746.0,False,105000.0,104000.0,104746.0,False,1185.0,59000.0,57815.0,False,2692.0,114000.0,111308.0,False,4981.0,,195019.0,True,8000.0,,192000.0,True,12000.0,,188000.0,True,0.08873159438371658,0.00651450315490365,0.00018781423568725586,0.0008657529283710002,0.02062809815965048,166.7452850341797,0.02006032036247503,0.010269694071652345,0.00236612858590696,0.11853841692209244,0.6557790637016296,0.016178131103515625,0.17507133741774183,0.9596898598483123,219.42193603515625,0.04837950737788227,0.932429773259153,0.21084991036539533,0,4000.0,119000.0,
ntk_N400_a1_wd1e-05_s4,1.0,400,1e-05,4,46,100.0,1.0000000000000001e-07,ok,,,200000,200000,307,96.95607018470764,17.168598651885986,2,0c2c9fa139cdb9df0506aa0716a97da613a80d40,True,2.3185859276964038e-07,165.9253692626953,206.1419677734375,1.242377634532009,0.12926340103149414,0.05523442174914985,0.5740044116973877,0.016871094703674316,1.0,1.0,5.9529829741222784e-05,0.013223150745034218,0.0956302136182785,0.020483606943336535,0.12926340103149414,200000,True,187.0,169.0,115000.0,114000.0,114813.0,False,134000.0,133000.0,133813.0,False,134000.0,133000.0,133813.0,False,1185.0,79000.0,77815.0,False,2692.0,133000.0,130308.0,False,4981.0,,195019.0,True,8319.0,,191681.0,True,12539.0,,187461.0,True,0.09568645060062408,0.00278371199965477,0.00013315677642822266,0.0042286625595876004,0.016674117468656116,165.95571899414062,0.020551993092542353,0.005247521198015913,-0.0002480250561275333,0.12365968525409698,0.6726927757263184,0.015336275100708008,0.16984559901502339,0.9903306127996264,217.22633361816406,0.04920391726877142,0.9195245632957854,0.24623574847344717,0,1979.0,101000.0,
ntk_N400_a1_wd3e-05_s0,1.0,400,3e-05,0,42,100.0,3e-07,ok,,,200000,200000,307,99.23656487464905,18.16761040687561,2,0c2c9fa139cdb9df0506aa0716a97da613a80d40,True,2.3970827101038594e-07,166.46580505371094,180.1087188720703,1.0819562541025012,0.1425836980342865,0.07128233719966515,0.31613820791244507,0.020506083965301514,1.0,1.0,0.0003538559249136597,0.006255774293094873,0.09259794652462006,0.020598330773087148,0.142765074968338,188000,True,282.0,254.0,22000.0,21000.0,21718.0,False,28000.0,27000.0,27718.0,False,28000.0,27000.0,27718.0,False,1185.0,20000.0,18815.0,False,2983.0,36000.0,33017.0,False,4981.0,74000.0,69019.0,False,9000.0,,191000.0,True,15000.0,,185000.0,True,0.09268780797719955,-0.0038663288578391075,0.00024259090423583984,0.005114015468473984,0.022365447617822883,165.83544921875,0.020778262656017003,0.0003842424991976589,-0.008922168158101547,0.12034714221954346,0.6330335140228271,0.015126466751098633,0.16895337885997685,0.9149990063088298,214.3412322998047,0.0481914622826386,0.8936261628360085,0.21104718946566864,0,2692.0,28000.0,122000.0
ntk_N400_a1_wd3e-05_s1,1.0,400,3e-05,1,43,100.0,3e-07,ok,,,200000,200000,307,96.76107096672058,16.36730456352234,2,0c2c9fa139cdb9df0506aa0716a97da613a80d40,True,2.3717564090475207e-07,167.0225067138672,180.67886352539062,1.081763572348478,0.14212261140346527,0.07120083270182746,0.31351470947265625,0.022659599781036377,1.0,1.0,0.00035649005440063775,0.006498922593891621,0.09268636256456375,0.020357052788785978,0.14240527153015137,198000,True,230.0,207.0,25000.0,24000.0,24770.0,False,28000.0,27000.0,27770.0,False,28000.0,27000.0,27770.0,False,1185.0,20000.0,18815.0,False,2983.0,34974.0,31991.0,False,4981.0,74000.0,69019.0,False,9000.0,,191000.0,True,15000.0,,185000.0,True,0.0928473025560379,-0.0036854625213891268,0.0001862645149230957,0.009258823385213161,0.019644446122957647,166.4657745361328,0.02052767171674713,2.3108699513192504e-05,-0.007879093495293334,0.1219131201505661,0.6180447340011597,0.01663649082183838,0.17011939015814012,0.8906540278297349,214.6497802734375,0.0487987848460254,0.8773300956038161,0.19426453088048382,0,2692.0,24000.0,119000.0
ntk_N400_a1_wd3e-05_s2,1.0,400,3e-05,2,44,100.0,3e-07,ok,,,200000,200000,307,95.90357303619385,17.4853994846344,2,0c2c9fa139cdb9df0506aa0716a97da613a80d40,True,2.409162789263064e-07,165.59353637695312,179.94606018066406,1.0866732127215353,0.14355231821537018,0.07163487130241603,0.31601524353027344,0.021797478199005127,1.0,1.0,0.00035561571712605655,0.006200522184371948,0.09271781891584396,0.020112652769975328,0.14364762604236603,194000,True,282.0,254.0,27000.0,26000.0,26718.0,False,47000.0,46000.0,46718.0,False,47000.0,46000.0,46718.0,False,1313.0,25710.0,24397.0,False,2983.0,42000.0,39017.0,False,4981.0,80000.0,75019.0,False,9000.0,,191000.0,True,15395.0,,184605.0,True,0.09275749325752258,-0.005890158470720053,0.0002532005310058594,0.0028213868286288838,0.023266700541138222,164.90245056152344,0.020285214864965873,-0.003602709305803365,-0.008592669119249899,0.1273263394832611,0.536065399646759,0.017911791801452637,0.193317082229615,0.7511944338218312,202.03582763671875,0.05431257653289598,0.8245826137815493,0.0676687383637848,0,2983.0,28000.0,119000.0
ntk_N400_a1_wd3e-05_s3,1.0,400,3e-05,3,45,100.0,3e-07,ok,,,200000,200000,307,96.02414584159851,17.85403299331665,2,0c2c9fa139cdb9df0506aa0716a97da613a80d40,True,2.356997157448859e-07,166.56251525878906,180.80856323242188,1.0855297360963758,0.14061547815799713,0.0705739834309413,0.28274035453796387,0.02225327491760254,1.0,1.0,0.0003507739747874439,0.006683089770376682,0.08873175084590912,0.019944564529343792,0.1406155824661255,199000,True,230.0,207.0,27000.0,26000.0,26770.0,False,30000.0,29000.0,29770.0,False,30000.0,29000.0,29770.0,False,1313.0,20000.0,18687.0,False,2983.0,36000.0,33017.0,False,4981.0,78000.0,73019.0,False,9000.0,,191000.0,True,15000.0,,185000.0,True,0.08869954943656921,-0.0028267481829971075,0.00016230344772338867,-0.0009658096039953192,0.01836575292604291,165.9607696533203,0.020028881142787013,0.0006076190581059876,-0.006601283036106158,0.11911281943321228,0.5823367834091187,0.01595616340637207,0.179396491293358,0.8255793613231478,211.65579223632812,0.04907170165780014,0.8543383125938955,0.14846783305752906,0,4000.0,33000.0,172000.0
ntk_N400_a1_wd3e-05_s4,1.0,400,3e-05,4,46,100.0,3e-07,ok,,,200000,200000,307,93.46877312660217,16.77716898918152,2,0c2c9fa139cdb9df0506aa0716a97da613a80d40,True,2.356957935489845e-07,165.9253692626953,180.20840454101562,1.0860810817645807,0.14340877532958984,0.0715725462678197,0.3176825940608978,0.020479321479797363,1.0,1.0,0.00036282200017012656,0.006414197385311127,0.0956302136182785,0.020483606943336535,0.14356884360313416,197000,True,187.0,169.0,34000.0,33000.0,33813.0,False,38000.0,37000.0,37813.0,False,38000.0,37000.0,37813.0,False,1313.0,24000.0,22687.0,False,2983.0,40000.0,37017.0,False,5520.0,78000.0,72480.0,False,9218.0,,190782.0,True,16000.0,,184000.0,True,0.09568122029304504,-0.004344708751887083,0.00013387203216552734,0.0039007982278057175,0.016994654063339824,165.354248046875,0.020550883304098416,-0.0018784773981941724,-0.007375686352687329,0.12456037849187851,0.5955280065536499,0.015355944633483887,0.1749330158913595,0.8475172274374817,208.8369903564453,0.05043066076866104,0.8390029906648079,0.17793598577982708,0,1979.0,27000.0,113000.0
ntk_N400_a1_wd0.0001_s0,1.0,400,0.0001,0,42,100.0,1e-06,ok,,,200000,200000,307,95.17923784255981,16.941044330596924,2,0c2c9fa139cdb9df0506aa0716a97da613a80d40,True,2.5166440309476457e-07,166.46580505371094,158.7138214111328,0.9534319757737818,0.14942045509815216,0.08013415087326022,0.08854728937149048,0.02222597599029541,1.0,1.0,0.0021500722505152225,0.007347456645220518,0.09259794652462006,0.020598330773087148,0.1503409594297409,199000,True,425.0,383.0,12000.0,11317.0,11575.0,False,13000.0,12539.0,12575.0,False,13000.0,12539.0,12575.0,False,1455.0,10214.0,8759.0,False,4000.0,15000.0,11000.0,False,6776.0,31564.0,24788.0,False,15395.0,,184605.0,True,,,,True,0.09284711629152298,-0.054567255079746246,0.0004585385322570801,0.00966165922707868,0.06075106936708706,161.32188415527344,0.020974349369737594,-0.04595549042210584,-0.06471774787559945,0.1266791820526123,0.29925617575645447,0.0166204571723938,0.19703205074995617,0.4080918915453899,179.71633911132812,0.055313147916957184,0.5740715071554346,-0.15202920040145376,0,2692.0,10000.0,28000.0
ntk_N400_a1_wd0.0001_s1,1.0,400,0.0001,1,43,100.0,1e-06,ok,,,200000,200000,307,95.37863516807556,16.95245862007141,2,0c2c9fa139cdb9df0506aa0716a97da613a80d40,True,2.4024606659622805e-07,167.0225067138672,158.8374481201172,0.9509942776288698,0.15093988180160522,0.08090182977350399,0.07282746583223343,0.02294933795928955,1.0,1.0,0.0021378735546022654,0.00749989366158843,0.09268636256456375,0.020357052788785978,0.15093988180160522,200000,True,346.0,312.0,11000.0,10214.0,10654.0,False,13894.0,13000.0,13548.0,False,13894.0,13000.0,13548.0,False,1455.0,11000.0,9545.0,False,4000.0,15000.0,11000.0,False,7000.0,31564.0,24564.0,False,15395.0,,184605.0,True,,,,True,0.09298085421323776,-0.0465984009206295,0.0003409385681152344,0.012537233629801784,0.05219510636669333,162.65103149414062,0.020685050850623648,-0.03939798947551799,-0.054877442416046904,0.1295868307352066,0.2748976945877075,0.01864933967590332,0.20182514579939256,0.38627354391466384,178.5877685546875,0.05756018238240549,0.5486290611243552,-0.17567733893807774,0,2430.0,9000.0,25710.0
ntk_N400_a1_wd0.0001_s2,1.0,400,0.0001,2,44,100.0,1e-06,ok,,,200000,200000,307,94.55929613113403,16.179812908172607,2,0c2c9fa139cdb9df0506aa0716a97da613a80d40,True,2.4710283241802244e-07,165.59353637695312,158.18931579589844,0.9552867778353383,0.15183615684509277,0.08110296959135149,0.08047070354223251,0.022720754146575928,1.0,1.0,0.00212321849539876,0.007324512116611004,0.09271781891584396,0.020112652769975328,0.15221691131591797,194000,True,346.0,312.0,12000.0,11317.0,11654.0,False,13894.0,13000.0,13548.0,False,13894.0,13000.0,13548.0,False,1612.0,11317.0,9705.0,False,4000.0,17000.0,13000.0,False,7508.0,33000.0,25492.0,False,16000.0,,184000.0,True,,,,True,0.09277285635471344,-0.049901723861694336,0.000347137451171875,0.003325800791970328,0.055081324586940004,161.1341094970703,0.020358432558140016,-0.04609702970727019,-0.05433629620153095,0.12835249304771423,0.2924233675003052,0.018014073371887207,0.1982704221084434,0.4045333652644823,178.4168701171875,0.05645793819292419,0.5798946336085283,-0.17109176609480636,0,2983.0,10000.0,25710.0
ntk_N400_a1_wd0.0001_s3,1.0,400,0.0001,3,45,100.0,1e-06,ok,,,200000,200000,307,96.35063481330872,16.807810306549072,2,0c2c9fa139cdb9df0506aa0716a97da613a80d40,True,2.4894990247048554e-07,166.56251525878906,158.6866912841797,0.9527155076736643,0.14933942258358002,0.08020613637315224,0.040056511759757996,0.022657394409179688,1.0,1.0,0.00213711173273623,0.0077613238245248795,0.08873175084590912,0.019944564529343792,0.1499256193637848,198000,True,471.0,425.0,12000.0,11317.0,11529.0,False,12000.0,11317.0,11529.0,False,12000.0,11317.0,11529.0,False,1455.0,11000.0,9545.0,False,4000.0,15000.0,11000.0,False,7000.0,34974.0,27974.0,False,15395.0,,184605.0,True,,,,True,0.08898501098155975,-0.059514615684747696,0.00048804283142089844,0.009516673588187072,0.0652896988187929,160.93820190429688,0.020353122235740775,-0.050132507322521,-0.069993253724433,0.12403064966201782,0.2583850026130676,0.017548680305480957,0.1983662455046037,0.36383861957745095,179.61766052246094,0.05405591267077307,0.5358403412178434,-0.18349408038040194,0,3662.0,10000.0,30000.0
ntk_N400_a1_wd0.0001_s4,1.0,400,0.0001,4,46,100.0,1e-06,ok,,,200000,200000,307,94.60834217071533,16.522366285324097,2,0c2c9fa139cdb9df0506aa0716a97da613a80d40,True,2.430875554182421e-07,165.9253692626953,158.02452087402344,0.9523831200510204,0.15332889556884766,0.08212298521036626,0.06651731580495834,0.02153480052947998,1.0,1.0,0.002179117174819112,0.007137523964047432,0.0956302136182785,0.020483606943336535,0.15382122993469238,190000,True,522.0,471.0,12000.0,11317.0,11478.0,False,13894.0,13000.0,13372.0,False,13894.0,13000.0,13372.0,False,1612.0,11000.0,9388.0,False,4000.0,15395.0,11395.0,False,7508.0,31564.0,24056.0,False,16000.0,,184000.0,True,,,,True,0.096114881336689,-0.06643106788396835,0.0006183385848999023,0.015523966202898481,0.07273694246357303,159.8362579345703,0.021045520962486783,-0.05647655324066423,-0.07885250622905964,0.12938223779201508,0.29173776507377625,0.01612067222595215,0.19825548438670273,0.3973921863152081,178.7805633544922,0.056063995031651034,0.5389500007937974,-0.12966265015842385,0,1979.0,9000.0,24000.0
ntk_N400_a1_wd0.0003_s0,1.0,400,0.0003,0,42,100.0,2.9999999999999997e-06,ok,,,200000,200000,307,95.4589581489563,16.069605588912964,2,0c2c9fa139cdb9df0506aa0716a97da613a80d40,True,2.3749157662678044e-07,166.46580505371094,125.09636688232422,0.7514838668635959,0.1450924426317215,0.07734836863673085,-0.3479573130607605,0.02319657802581787,1.0,1.0,0.011263770051300526,0.019742224365472794,0.09259794652462006,0.020598330773087148,0.14566029608249664,97000,True,7508.0,7000.0,13000.0,12539.0,5492.0,False,15000.0,14000.0,7492.0,False,15000.0,14000.0,7492.0,False,6000.0,12539.0,6539.0,False,11000.0,45000.0,34000.0,False,,,,True,,,,True,,,,True,0.11516078561544418,-0.7183840274810791,0.01844114065170288,0.12750819861410917,0.5297152772866506,102.26666259765625,0.045638472758327525,-0.4541820494296937,-1.1204116504833097,0.1367262750864029,-0.3936654031276703,0.022632360458374023,0.21944154037282634,0.3693704613201332,121.78539276123047,0.06832768280432103,-0.10525307984435793,-0.8503776496708051,0,3662.0,9000.0,18900.0
ntk_N400_a1_wd0.0003_s1,1.0,400,0.0003,1,43,100.0,2.9999999999999997e-06,ok,,,200000,200000,307,97.18340110778809,16.722084045410156,2,0c2c9fa139cdb9df0506aa0716a97da613a80d40,True,2.4096098627524043e-07,167.0225067138672,125.13842010498047,0.7492308825142949,0.14569073915481567,0.07702239784677314,-0.35364532470703125,0.02359861135482788,1.0,1.0,0.011314217932522297,0.020315684378147125,0.09268636256456375,0.020357052788785978,0.14647868275642395,166000,True,9000.0,8319.0,12000.0,11317.0,3000.0,False,13894.0,13000.0,4894.0,False,13894.0,13000.0,4894.0,False,6000.0,12539.0,6539.0,False,11000.0,,189000.0,True,,,,True,,,,True,,,,True,0.12318922579288483,-0.650751531124115,0.02127540111541748,0.15896032656945006,0.5010113714208067,107.2031021118164,0.05375171474293651,-0.380818590088742,-1.068690646547649,0.13596275448799133,-0.42389124631881714,0.02370738983154297,0.2109951227974192,0.3878225556621377,120.3820571899414,0.06751252943827646,-0.13909125498597463,-0.8749946467784117,0,3662.0,8319.0,18000.0
ntk_N400_a1_wd0.0003_s2,1.0,400,0.0003,2,44,100.0,2.9999999999999997e-06,ok,,,200000,200000,307,98.4722249507904,17.266608715057373,2,0c2c9fa139cdb9df0506aa0716a97da613a80d40,True,2.2887087425260688e-07,165.59353637695312,124.3968734741211,0.7512181706835891,0.14899063110351562,0.07904878826052034,-0.37168824672698975,0.024082303047180176,1.0,1.0,0.011274052783846855,0.0205515269190073,0.09271781891584396,0.020112652769975328,0.14948193728923798,199000,True,8000.0,7508.0,13894.0,13000.0,5894.0,False,15000.0,14000.0,7000.0,False,15000.0,14000.0,7000.0,False,6776.0,13894.0,7118.0,False,11317.0,,188683.0,True,,,,True,,,,True,,,,True,0.11769459396600723,-0.744922935962677,0.019916415214538574,0.1356521299163718,0.542935761753791,101.0472412109375,0.047526398733867006,-0.46480484190159954,-1.1668049647690308,0.1389704793691635,-0.4193785488605499,0.023043811321258545,0.2276790022947683,0.384240936697515,120.26921844482422,0.06927899138151343,-0.11978025169914631,-0.8877093001239856,0,3662.0,9000.0,16000.0
ntk_N400_a1_wd0.0003_s3,1.0,400,0.0003,3,45,100.0,2.9999999999999997e-06,ok,,,200000,200000,307,97.05589699745178,16.347972631454468,2,0c2c9fa139cdb9df0506aa0716a97da613a80d40,True,2.3441094754161895e-07,166.56251525878906,125.0059814453125,0.7505048855145472,0.14568760991096497,0.07727405604571205,-0.3960341513156891,0.022363662719726562,1.0,1.0,0.011266212910413742,0.02065545693039894,0.08873175084590912,0.019944564529343792,0.14634206891059875,186000,True,8000.0,7508.0,15000.0,14000.0,7000.0,False,17000.0,16000.0,9000.0,False,17000.0,16000.0,9000.0,False,6000.0,13894.0,7894.0,False,11000.0,,189000.0,True,,,,True,,,,True,,,,True,0.11571117490530014,-0.7363778352737427,0.019060969352722168,0.14811843517825352,0.5383862693242872,103.1297836303711,0.047762440209924054,-0.46587094797976303,-1.1383841860906452,0.1380774974822998,-0.42337119579315186,0.023664474487304688,0.23881051679514775,0.38747243312567076,122.66613006591797,0.06965675004547536,-0.13636438461254782,-0.8558983957072251,0,4981.0,9000.0,20000.0
ntk_N400_a1_wd0.0003_s4,1.0,400,0.0003,4,46,100.0,2.9999999999999997e-06,ok,,,200000,200000,307,97.56902384757996,16.047861099243164,2,0c2c9fa139cdb9df0506aa0716a97da613a80d40,True,2.3886170197329193e-07,165.9253692626953,123.92678833007812,0.7468827032343411,0.14910145103931427,0.07928755945135621,-0.37772881984710693,0.022461652755737305,1.0,1.0,0.011407087557017803,0.020162880420684814,0.0956302136182785,0.020483606943336535,0.14997853338718414,190000,True,9000.0,8319.0,13894.0,13000.0,4894.0,False,17000.0,16000.0,8000.0,False,17000.0,16000.0,8000.0,False,6776.0,13894.0,7118.0,False,11317.0,,188683.0,True,,,,True,,,,True,,,,True,0.12376087158918381,-0.7236939072608948,0.01945054531097412,0.15349706986536893,0.5330440167454173,103.0966567993164,0.052519814664911846,-0.4782971516219559,-1.1184103353321446,0.14149785041809082,-0.4116520881652832,0.02289879322052002,0.22689747400103072,0.3797555318045162,121.38823699951172,0.07188318796225546,-0.1532922154112494,-0.8325981105917308,0,2430.0,8319.0,15395.0
ntk_N400_a1_wd0.001_s0,1.0,400,0.001,0,42,100.0,1e-05,ok,,,200000,200000,307,96.72257494926453,15.925258159637451,2,0c2c9fa139cdb9df0506aa0716a97da613a80d40,True,2.6155888122048054e-07,166.46580505371094,40.30803680419922,0.24214004065996406,0.07067356258630753,0.011043588339461124,-1.9976376295089722,0.09811943769454956,0.06302521377801895,0.01886792480945587,0.04738457873463631,0.050257373601198196,0.09259794652462006,0.020598330773087148,0.09261243790388107,7,False,,,,,,True,,,,True,,,,True,,,,True,,,,True,,,,True,,,,True,,,,True,,,,,,,,,,,,,,,,,,,0,,,
ntk_N400_a1_wd0.001_s1,1.0,400,0.001,1,43,100.0,1e-05,ok,,,200000,200000,307,95.5145411491394,16.340537309646606,2,0c2c9fa139cdb9df0506aa0716a97da613a80d40,True,2.777134113784996e-07,167.0225067138672,41.41360092163086,0.24795221755699143,0.06967369467020035,0.010727631163756107,-1.9359272718429565,0.08572441339492798,0.06092436984181404,0.0,0.047285012900829315,0.05155860260128975,0.09268636256456375,0.020357052788785978,0.09268636256456375,0,False,,,,,,True,,,,True,,,,True,,,,True,,,,True,,,,True,,,,True,,,,True,,,,,,,,,,,,,,,,,,,0,,,
ntk_N400_a1_wd0.001_s2,1.0,400,0.001,2,44,100.0,1e-05,ok,,,200000,200000,307,94.65997004508972,16.26260495185852,2,0c2c9fa139cdb9df0506aa0716a97da613a80d40,True,2.784644266284886e-07,165.59353637695312,38.8609504699707,0.23467673509616085,0.06731349974870682,0.010010758347407448,-2.039294481277466,0.09780728816986084,0.05882352963089943,0.0,0.04703013598918915,0.05364568531513214,0.09271781891584396,0.020112652769975328,0.09271781891584396,0,False,,,,,,True,,,,True,,,,True,,,,True,,,,True,,,,True,,,,True,,,,True,,,,,,,,,,,,,,,,,,,0,,,
ntk_N400_a1_wd0.001_s3,1.0,400,0.001,3,45,100.0,1e-05,ok,,,200000,200000,307,95.33396625518799,16.561684370040894,2,0c2c9fa139cdb9df0506aa0716a97da613a80d40,True,2.7044904982176377e-07,166.56251525878906,40.65081787109375,0.2440574207704198,0.0634620264172554,0.00979281794440423,-1.9768307209014893,0.09246063232421875,0.0714285746216774,0.01886792480945587,0.04724370688199997,0.051873721182346344,0.08873175084590912,0.019944564529343792,0.08873949199914932,10,False,,,,,,True,,,,True,,,,True,,,,True,,,,True,,,,True,,,,True,,,,True,,,,,,,,,,,,,,,,,,,0,,,
ntk_N400_a1_wd0.001_s4,1.0,400,0.001,4,46,100.0,1e-05,ok,,,200000,200000,307,98.76496291160583,16.31884479522705,2,0c2c9fa139cdb9df0506aa0716a97da613a80d40,True,2.6338511815993115e-07,165.9253692626953,36.34996795654297,0.2190742025650894,0.07360896468162537,0.010883620871994158,-2.216438055038452,0.08919692039489746,0.05672268941998482,0.0,0.04744658246636391,0.0516866073012352,0.0956302136182785,0.020483606943336535,0.09563998878002167,12,False,,,,,,True,,,,True,,,,True,,,,True,,,,True,,,,True,,,,True,,,,True,,,,,,,,,,,,,,,,,,,0,,,
ntk_N400_a1_wd0.003_s0,1.0,400,0.003,0,42,100.0,3e-05,ok,,,200000,200000,307,97.16835594177246,16.259518146514893,2,0c2c9fa139cdb9df0506aa0716a97da613a80d40,True,3.2470816790919343e-07,166.46580505371094,14.280563354492188,0.08578676773818203,0.05923585593700409,1.536178953140399e-17,-4.0108137130737305,0.06032276153564453,0.031512606889009476,0.09433962404727936,0.0581001378595829,0.055514223873615265,0.09259794652462006,0.020598330773087148,0.09261056780815125,2,False,,,,,,True,,,,True,,,,True,,,,True,,,,True,,,,True,,,,True,,,,True,,,,,,,,,,,,,,,,,,,0,,,
ntk_N400_a1_wd0.003_s1,1.0,400,0.003,1,43,100.0,3e-05,ok,,,200000,200000,307,100.11246109008789,16.352549076080322,2,0c2c9fa139cdb9df0506aa0716a97da613a80d40,True,3.285560694621381e-07,167.0225067138672,17.29543685913086,0.10355153445733126,0.05763224884867668,1.820782023417844e-17,-3.674057722091675,0.03771018981933594,0.03991596773266792,0.03773584961891174,0.05786765739321709,0.05804411321878433,0.09268636256456375,0.020357052788785978,0.09268636256456375,0,False,,,,,,True,,,,True,,,,True,,,,True,,,,True,,,,True,,,,True,,,,True,,,,,,,,,,,,,,,,,,,0,,,
ntk_N400_a1_wd0.003_s2,1.0,400,0.003,2,44,100.0,3e-05,ok,,,200000,200000,307,99.01478409767151,16.470521688461304,2,0c2c9fa139cdb9df0506aa0716a97da613a80d40,True,3.26983638387901e-07,165.59353637695312,17.53518295288086,0.10589291911107081,0.058302272111177444,2.713215936644975e-17,-3.624610662460327,0.043349504470825195,0.04411764815449715,0.01886792480945587,0.05598020553588867,0.059224504977464676,0.09271781891584396,0.020112652769975328,0.09271781891584396,0,False,,,,,,True,,,,True,,,,True,,,,True,,,,True,,,,True,,,,True,,,,True,,,,,,,,,,,,,,,,,,,0,,,
ntk_N400_a1_wd0.003_s3,1.0,400,0.003,3,45,100.0,3e-05,ok,,,200000,200000,307,97.24785804748535,17.21610999107361,2,0c2c9fa139cdb9df0506aa0716a97da613a80d40,True,3.201006677500118e-07,166.56251525878906,17.340063095092773,0.10410543493625457,0.05522233247756958,1.265128410019023e-17,-3.6733274459838867,0.05407840013504028,0.05882352963089943,0.07547169923782349,0.05735510587692261,0.05710030347108841,0.08873175084590912,0.019944564529343792,0.08873772621154785,6,False,,,,,,True,,,,True,,,,True,,,,True,,,,True,,,,True,,,,True,,,,True,,,,,,,,,,,,,,,,,,,0,,,
ntk_N400_a1_wd0.003_s4,1.0,400,0.003,4,46,100.0,3e-05,ok,,,200000,200000,307,96.7983660697937,16.802574157714844,2,0c2c9fa139cdb9df0506aa0716a97da613a80d40,True,3.1217146556627995e-07,165.9253692626953,14.2813138961792,0.08607070732847867,0.05755624547600746,1.680513367352532e-17,-4.014883041381836,0.05464392900466919,0.052521008998155594,0.01886792480945587,0.05541292577981949,0.05664151534438133,0.0956302136182785,0.020483606943336535,0.0956391915678978,12,False,,,,,,True,,,,True,,,,True,,,,True,,,,True,,,,True,,,,True,,,,True,,,,,,,,,,,,,,,,,,,0,,,
ntk_N400_a2_wd0_s0,2.0,400,0.0,0,42,25.0,0.0,ok,,,200000,200000,307,93.46525430679321,16.23556613922119,2,0c2c9fa139cdb9df0506aa0716a97da613a80d40,True,2.3138852611737093e-07,166.46580505371094,222.5103302001953,1.3366728988479126,0.10164941847324371,0.028964927721699,0.6385907530784607,0.008059501647949219,1.0,0.03773584961891174,8.322587952136473e-09,0.06921140104532242,0.09259794652462006,0.020598330773087148,0.10180438309907913,36000,True,187.0,169.0,,,199813.0,True,,,199813.0,True,,,199813.0,True,1185.0,,198815.0,True,2983.0,,197017.0,True,6000.0,,194000.0,True,12539.0,,187461.0,True,20000.0,,180000.0,True,0.09259723871946335,0.0019537187181413174,4.7087669372558594e-05,0.0003814794711171021,0.009966054675375613,166.55996704101562,0.020621382414576422,0.0026971584841729256,0.0010232701934029258,,,,,,,,,,0,9000.0,,
ntk_N400_a2_wd0_s1,2.0,400,0.0,1,43,25.0,0.0,ok,,,200000,200000,307,95.30041098594666,16.886847019195557,2,0c2c9fa139cdb9df0506aa0716a97da613a80d40,True,2.2491410334168904e-07,167.0225067138672,223.6449432373047,1.3390108173890578,0.10243882238864899,0.02877610339629637,0.6379280090332031,0.00894629955291748,1.0,0.056603774428367615,8.682954799610343e-09,0.07166416198015213,0.09268636256456375,0.020357052788785978,0.10257624089717865,35000,True,254.0,230.0,,,199746.0,True,,,199746.0,True,,,199746.0,True,1185.0,,198815.0,True,2983.0,,197017.0,True,6116.0,,193884.0,True,12539.0,,187461.0,True,20000.0,,180000.0,True,0.09274181723594666,0.003197202691808343,7.385015487670898e-05,0.005096747505941948,0.012707423913230067,167.2062225341797,0.02042240448913876,0.004668552113896578,0.0015439045752469952,,,,,,,,,,0,8000.0,,
ntk_N400_a2_wd0_s2,2.0,400,0.0,2,44,25.0,0.0,ok,,,200000,200000,307,93.67659282684326,16.598790884017944,2,0c2c9fa139cdb9df0506aa0716a97da613a80d40,True,2.2877577521285275e-07,165.59353637695312,223.26345825195312,1.3482619137000709,0.10096988826990128,0.028306758813092477,0.653671145439148,0.008705854415893555,1.0,0.01886792480945587,8.753213265322302e-09,0.07470354437828064,0.09271781891584396,0.020112652769975328,0.10111337155103683,31564,True,282.0,254.0,,,199718.0,True,,,199718.0,True,,,199718.0,True,1185.0,,198815.0,True,2983.0,,197017.0,True,6116.0,,193884.0,True,12539.0,,187461.0,True,20000.0,,180000.0,True,0.09269572794437408,0.0030462786089628935,8.147954940795898e-05,-0.0011076307876887366,0.013301388425557052,165.75404357910156,0.020148143126453414,0.0038343304102271235,0.00209758612830866,,,,,,,,,,0,11000.0,,
ntk_N400_a2_wd0_s3,2.0,400,0.0,3,45,25.0,0.0,ok,,,200000,200000,307,93.56698107719421,16.868692874908447,2,0c2c9fa139cdb9df0506aa0716a97da613a80d40,True,2.3104125546069554e-07,166.56251525878906,222.9086151123047,1.3382879981487454,0.09857317805290222,0.028211207702007288,0.62378990650177,0.007803380489349365,1.0,0.03773584961891174,8.316666466612332e-09,0.06881817430257797,0.08873175084590912,0.019944564529343792,0.09867370128631592,35000,True,254.0,230.0,,,199746.0,True,,,199746.0,True,,,199746.0,True,1185.0,,198815.0,True,2983.0,,197017.0,True,6776.0,,193224.0,True,12539.0,,187461.0,True,20000.0,,180000.0,True,0.08870885521173477,0.003934025764465332,6.35385513305664e-05,-0.0014803945836028719,0.012171285900314958,166.72015380859375,0.01995453241782935,0.0054005640860393085,0.0023532290326796317,,,,,,,,,,0,,,
ntk_N400_a2_wd0_s4,2.0,400,0.0,4,46,25.0,0.0,ok,,,200000,200000,307,92.95924401283264,17.10413956642151,2,0c2c9fa139cdb9df0506aa0716a97da613a80d40,True,2.2901397755958897e-07,165.9253692626953,224.28164672851562,1.3517019592912876,0.10343936085700989,0.028132926910133353,0.6603661179542542,0.00826120376586914,1.0,0.07547169923782349,8.24733525917054e-09,0.07037379592657089,0.0956302136182785,0.020483606943336535,0.10350527614355087,35000,True,169.0,152.0,,,199831.0,True,,,199831.0,True,,,199831.0,True,1185.0,,198815.0,True,2983.0,,197017.0,True,6776.0,,193224.0,True,13000.0,,187000.0,True,20000.0,,180000.0,True,0.09561758488416672,0.0018854237860068679,4.011392593383789e-05,-0.0009512305562485982,0.009362133422323234,165.99539184570312,0.020491332224314356,0.002914866234030233,0.0006261230568838474,,,,,,,,,,0,4981.0,,
ntk_N400_a2_wd3e-06_s0,2.0,400,3e-06,0,42,25.0,1.2000000000000002e-07,ok,,,200000,200000,307,95.4153060913086,17.583561182022095,2,0c2c9fa139cdb9df0506aa0716a97da613a80d40,True,2.2710874247877655e-07,166.46580505371094,190.9316864013672,1.1469724147836982,0.10719235986471176,0.03412798813612903,0.3887108564376831,0.011067628860473633,1.0,0.09433962404727936,3.445151378400624e-05,0.052854713052511215,0.09259794652462006,0.020598330773087148,0.10719235986471176,200000,True,187.0,169.0,,,199813.0,True,,,199813.0,True,,,199813.0,True,1185.0,,198815.0,True,2983.0,,197017.0,True,6116.0,,193884.0,True,13000.0,,187000.0,True,20941.0,,179059.0,True,0.09260350465774536,0.000871159543748945,4.649162292480469e-05,0.0010239322817353483,0.009780466939672723,166.4696807861328,0.020620966619044306,0.0015948215336538136,-3.6016535090984395e-05,,,,,,,,,,0,9000.0,,
ntk_N400_a2_wd3e-06_s1,2.0,400,3e-06,1,43,25.0,1.2000000000000002e-07,ok,,,200000,200000,307,95.96613597869873,17.155011892318726,2,0c2c9fa139cdb9df0506aa0716a97da613a80d40,True,2.2181455960890162e-07,167.0225067138672,191.56021118164062,1.1469125625674506,0.10842511802911758,0.03414113671578523,0.37770453095436096,0.011793971061706543,1.0,0.1320754736661911,3.416406252654269e-05,0.05582693964242935,0.09268636256456375,0.020357052788785978,0.10842511802911758,200000,True,254.0,230.0,,,199746.0,True,,,199746.0,True,,,199746.0,True,1185.0,,198815.0,True,2983.0,,197017.0,True,6776.0,,193224.0,True,13000.0,,187000.0,True,20941.0,,179059.0,True,0.09274658560752869,0.0017360866768285632,7.414817810058594e-05,0.005512629195685174,0.012357449080210295,167.083984375,0.02042272965857412,0.0031635037241183554,0.00012081683781089506,,,,,,,,,,0,7508.0,,
ntk_N400_a2_wd3e-06_s2,2.0,400,3e-06,2,44,25.0,1.2000000000000002e-07,ok,,,200000,200000,307,97.09687280654907,16.891667366027832,2,0c2c9fa139cdb9df0506aa0716a97da613a80d40,True,2.2420074685669533e-07,165.59353637695312,191.68402099609375,1.1575573853302394,0.1066574826836586,0.03330193096744828,0.4007919430732727,0.011687040328979492,1.0,0.07547169923782349,3.5265155020169914e-05,0.06054050847887993,0.09271781891584396,0.020112652769975328,0.10667826980352402,198000,True,282.0,254.0,,,199718.0,True,,,199718.0,True,,,199718.0,True,1185.0,,198815.0,True,2983.0,,197017.0,True,6776.0,,193224.0,True,13000.0,,187000.0,True,20941.0,,179059.0,True,0.09269828349351883,0.0014580582501366735,8.082389831542969e-05,-0.0009182180052160401,0.012947899407326314,165.61964416503906,0.020146113155969293,0.0022508935818199246,0.0005143717178274725,,,,,,,,,,0,10000.0,,
ntk_N400_a2_wd3e-06_s3,2.0,400,3e-06,3,45,25.0,1.2000000000000002e-07,ok,,,200000,200000,307,98.60571789741516,17.52490210533142,2,0c2c9fa139cdb9df0506aa0716a97da613a80d40,True,2.2647000719189236e-07,166.56251525878906,190.28468322753906,1.1424220085287062,0.10461164265871048,0.03365804638842325,0.35754284262657166,0.01087576150894165,1.0,0.07547169923782349,3.3272692235186696e-05,0.0539713129401207,0.08873175084590912,0.019944564529343792,0.10461164265871048,200000,True,254.0,230.0,,,199746.0,True,,,199746.0,True,,,199746.0,True,1185.0,,198815.0,True,2983.0,,197017.0,True,6776.0,,193224.0,True,13000.0,,187000.0,True,20941.0,,179059.0,True,0.08870939910411835,0.0024311768356710672,6.401538848876953e-05,-0.001429611937908979,0.011749798428938772,166.5983123779297,0.019953716882732876,0.0038204796158699417,0.0009271655870707535,,,,,,,,,,0,39000.0,,
ntk_N400_a2_wd3e-06_s4,2.0,400,3e-06,4,46,25.0,1.2000000000000002e-07,ok,,,200000,200000,307,96.05064487457275,17.227018117904663,2,0c2c9fa139cdb9df0506aa0716a97da613a80d40,True,2.2248309505812358e-07,165.9253692626953,193.1963653564453,1.1643570010718143,0.10830231755971909,0.032704556516215295,0.4151342511177063,0.010461091995239258,1.0,0.09433962404727936,3.592448410927318e-05,0.05715511739253998,0.0956302136182785,0.020483606943336535,0.10832429677248001,199000,True,169.0,152.0,,,199831.0,True,,,199831.0,True,,,199831.0,True,1185.0,,198815.0,True,2983.0,,197017.0,True,6776.0,,193224.0,True,13894.0,,186106.0,True,22000.0,,178000.0,True,0.09561238437891006,0.0009712031460367143,4.029273986816406e-05,-0.001520105091230579,0.00921706940124221,165.9133758544922,0.020491055693642263,0.002055502625565135,-0.00034417992389705664,,,,,,,,,,0,4981.0,,
ntk_N400_a2_wd1e-05_s0,2.0,400,1e-05,0,42,25.0,4.0000000000000003e-07,ok,,,200000,200000,307,94.90174984931946,16.68043303489685,2,0c2c9fa139cdb9df0506aa0716a97da613a80d40,True,2.495930289114767e-07,166.46580505371094,161.66201782226562,0.9711424984254553,0.11672060936689377,0.043776788339319556,0.09961769729852676,0.01486194133758545,1.0,0.8867924809455872,0.0002456696529407054,0.030937867239117622,0.09259794652462006,0.020598330773087148,0.11672060936689377,200000,True,207.0,187.0,,,199793.0,True,,,199793.0,True,,,199793.0,True,1185.0,,198815.0,True,2983.0,,197017.0,True,6776.0,,193224.0,True,15000.0,,185000.0,True,25000.0,,175000.0,True,0.09260953962802887,-0.0016002338379621506,5.1915645599365234e-05,0.0016080227425305646,0.01039597201696348,166.24583435058594,0.02062530653068708,-0.0007197619586059388,-0.0026975092905917038,,,,,,,,,,0,8000.0,,
ntk_N400_a2_wd1e-05_s1,2.0,400,1e-05,1,43,25.0,4.0000000000000003e-07,ok,,,200000,200000,307,97.17440009117126,17.627960920333862,2,0c2c9fa139cdb9df0506aa0716a97da613a80d40,True,2.405492693924316e-07,167.0225067138672,161.3848419189453,0.9662460772153302,0.11762211471796036,0.04441662180980089,0.08180424571037292,0.01563441753387451,1.0,0.8301886916160583,0.0002479977556504309,0.03169688582420349,0.09268636256456375,0.020357052788785978,0.1176554411649704,199000,True,282.0,254.0,,,199718.0,True,,,199718.0,True,,,199718.0,True,1185.0,,198815.0,True,3000.0,,197000.0,True,6776.0,,193224.0,True,15000.0,,185000.0,True,25710.0,,174290.0,True,0.09274997562170029,-0.0015575492288917303,8.511543273925781e-05,0.0054672133502949955,0.01321640484529341,166.78680419921875,0.020433003108393653,0.00016955798021964398,-0.003489643125324553,,,,,,,,,,0,7508.0,,
ntk_N400_a2_wd1e-05_s2,2.0,400,1e-05,2,44,25.0,4.0000000000000003e-07,ok,,,200000,200000,307,93.87117171287537,16.510650396347046,2,0c2c9fa139cdb9df0506aa0716a97da613a80d40,True,2.448937550525443e-07,165.59353637695312,162.1044464111328,0.9789297937458269,0.11673179268836975,0.04301516389809943,0.10861414670944214,0.015195250511169434,1.0,0.7358490824699402,0.0002496823435649276,0.035029634833335876,0.09271781891584396,0.020112652769975328,0.11676336824893951,199000,True,282.0,254.0,,,199718.0,True,,,199718.0,True,,,199718.0,True,1185.0,,198815.0,True,3305.0,,196695.0,True,6776.0,,193224.0,True,15000.0,,185000.0,True,25710.0,,174290.0,True,0.09269161522388458,-0.002086131600663066,8.07046890258789e-05,-0.001433787955347905,0.013067351318071985,165.3065185546875,0.02014304593661227,-0.0011689325464755193,-0.0031792580621608207,,,,,,,,,,0,9000.0,,
ntk_N400_a2_wd1e-05_s3,2.0,400,1e-05,3,45,25.0,4.0000000000000003e-07,ok,,,200000,200000,307,93.38388800621033,16.1429181098938,2,0c2c9fa139cdb9df0506aa0716a97da613a80d40,True,2.4216203087235044e-07,166.56251525878906,160.72386169433594,0.9649461731807929,0.11462665349245071,0.04395625567372534,0.055783968418836594,0.015051603317260742,1.0,0.7924528121948242,0.00024323712568730116,0.030948929488658905,0.08873175084590912,0.019944564529343792,0.11462665349245071,200000,True,254.0,230.0,,,199746.0,True,,,199746.0,True,,,199746.0,True,1185.0,,198815.0,True,3305.0,,196695.0,True,6776.0,,193224.0,True,15000.0,,185000.0,True,25000.0,,175000.0,True,0.08870749920606613,-0.0008656551945023239,6.377696990966797e-05,-0.001594190934798907,0.011533699899694409,166.31431579589844,0.019953051670122277,0.000563109490047493,-0.0023997130758363766,,,,,,,,,,0,18000.0,,
ntk_N400_a2_wd1e-05_s4,2.0,400,1e-05,4,46,25.0,4.0000000000000003e-07,ok,,,200000,200000,307,94.67260909080505,17.406168222427368,2,0c2c9fa139cdb9df0506aa0716a97da613a80d40,True,2.404408121492452e-07,165.9253692626953,162.59732055664062,0.9799424963111839,0.11734339594841003,0.04275214719663141,0.11543222516775131,0.014144361019134521,1.0,0.7735849022865295,0.0002521016576793045,0.03233916312456131,0.0956302136182785,0.020483606943336535,0.1173994317650795,199000,True,169.0,152.0,,,199831.0,True,,,199831.0,True,,,199831.0,True,1185.0,,198815.0,True,3305.0,,196695.0,True,6776.0,,193224.0,True,15000.0,,185000.0,True,27000.0,,173000.0,True,0.09561221301555634,-0.0012623287038877606,4.124641418457031e-05,-0.001521338186053013,0.009271799670954508,165.72251892089844,0.020490408202097826,-0.0001694751400987825,-0.002608327622527472,,,,,,,,,,0,4981.0,,
ntk_N400_a2_wd3e-05_s0,2.0,400,3e-05,0,42,25.0,1.2e-06,ok,,,200000,200000,307,95.94797325134277,17.4122633934021,2,0c2c9fa139cdb9df0506aa0716a97da613a80d40,True,2.3001354065854684e-07,166.46580505371094,137.9744415283203,0.8288455486927314,0.1278577595949173,0.05589556076148297,-0.19306781888008118,0.01871812343597412,1.0,1.0,0.0013886558590456843,0.02011903189122677,0.09259794652462006,0.020598330773087148,0.1278577595949173,200000,True,282.0,254.0,79000.0,78000.0,78718.0,False,101000.0,100000.0,100718.0,False,101000.0,100000.0,100718.0,False,1185.0,62000.0,60815.0,False,3662.0,,196338.0,True,8319.0,,191681.0,True,23204.0,,176796.0,True,,,,True,0.09260999411344528,-0.011906474828720093,7.903575897216797e-05,0.0015420660324764518,0.017268486139192622,165.3131866455078,0.020641380110066283,-0.010357213268437832,-0.01380370264937069,0.12355383485555649,-0.13369326293468475,0.01729506254196167,0.17657383962021184,0.21429600086786868,142.43287658691406,0.05138495565354699,0.15203143919861256,-0.6102384312219362,0,7508.0,71000.0,
ntk_N400_a2_wd3e-05_s1,2.0,400,3e-05,1,43,25.0,1.2e-06,ok,,,200000,200000,307,98.65548396110535,16.423372983932495,2,0c2c9fa139cdb9df0506aa0716a97da613a80d40,True,2.328587527244963e-07,167.0225067138672,137.73219299316406,0.8246325342794578,0.1274334043264389,0.05635398526977861,-0.19707408547401428,0.019423961639404297,1.0,0.9622641801834106,0.0013901356142014265,0.02051050029695034,0.09268636256456375,0.020357052788785978,0.12753650546073914,194000,True,312.0,282.0,112000.0,111000.0,111688.0,False,,,199688.0,True,,,199688.0,True,1313.0,64717.0,63404.0,False,3662.0,,196338.0,True,9000.0,,191000.0,True,24000.0,,176000.0,True,,,,True,0.09277062863111496,-0.013295067474246025,9.506940841674805e-05,0.006722982059559606,0.019111850311180015,165.78663635253906,0.020442337410292048,-0.011486370865245805,-0.015331932740202277,,,,,,,,,,0,6776.0,66000.0,
ntk_N400_a2_wd3e-05_s2,2.0,400,3e-05,2,44,25.0,1.2e-06,ok,,,200000,200000,307,99.22796082496643,17.12066960334778,2,0c2c9fa139cdb9df0506aa0716a97da613a80d40,True,2.383080044410235e-07,165.59353637695312,136.97108459472656,0.8271523610856941,0.12953215837478638,0.056777565565289095,-0.20202240347862244,0.0187300443649292,1.0,0.9811320900917053,0.001408959156833589,0.019866179674863815,0.09271781891584396,0.020112652769975328,0.12953215837478638,200000,True,282.0,254.0,95000.0,94000.0,94718.0,False,108000.0,107000.0,107718.0,False,108000.0,107000.0,107718.0,False,1313.0,71708.0,70395.0,False,3662.0,191000.0,187338.0,False,9000.0,,191000.0,True,25000.0,,175000.0,True,,,,True,0.09268343448638916,-0.012486726976931095,8.165836334228516e-05,-0.0020595505870662206,0.017874085694404684,164.41505432128906,0.020140919078091013,-0.011443287823602467,-0.013731719105809935,0.1252211630344391,-0.14345261454582214,0.017314016819000244,0.18488216274337782,0.2187753904902182,141.19650268554688,0.0521736216775891,0.15309753315856148,-0.6301687493943074,0,7508.0,66000.0,
ntk_N400_a2_wd3e-05_s3,2.0,400,3e-05,3,45,25.0,1.2e-06,ok,,,200000,200000,307,98.23203706741333,16.909576177597046,2,0c2c9fa139cdb9df0506aa0716a97da613a80d40,True,2.293455878543682e-07,166.56251525878906,137.56573486328125,0.8259105276450985,0.12550775706768036,0.056151951534547356,-0.23025530576705933,0.018663406372070312,1.0,0.9811320900917053,0.0013760265428572893,0.020846188068389893,0.08873175084590912,0.019944564529343792,0.12550775706768036,200000,True,230.0,207.0,81000.0,80000.0,80770.0,False,,,199770.0,True,,,199770.0,True,1313.0,64000.0,62687.0,False,3662.0,,196338.0,True,9000.0,,191000.0,True,23000.0,,177000.0,True,,,,True,0.08869661390781403,-0.009379426948726177,5.4895877838134766e-05,-0.002807811759609211,0.01417110867015352,165.5950164794922,0.019942756422095385,-0.008028296319711298,-0.010846881208387659,,,,,,,,,,0,12000.0,85000.0,
ntk_N400_a2_wd3e-05_s4,2.0,400,3e-05,4,46,25.0,1.2e-06,ok,,,200000,200000,307,100.7374541759491,17.74973440170288,2,0c2c9fa139cdb9df0506aa0716a97da613a80d40,True,2.2706913682668528e-07,165.9253692626953,137.01182556152344,0.8257436832616262,0.13038121163845062,0.05698790150485866,-0.2089206725358963,0.01754540205001831,1.0,1.0,0.001409596879966557,0.020008312538266182,0.0956302136182785,0.020483606943336535,0.13038121163845062,200000,True,282.0,254.0,83000.0,82000.0,82718.0,False,195000.0,194000.0,194718.0,False,195000.0,194000.0,194718.0,False,1313.0,65000.0,63687.0,False,3662.0,,196338.0,True,9000.0,,191000.0,True,25710.0,,174290.0,True,,,,True,0.09563951194286346,-0.012258555740118027,8.14199447631836e-05,0.0013450783122154353,0.017656725968086772,164.7494354248047,0.020513051471086716,-0.010460910716523723,-0.014472401201732845,0.1299428939819336,-0.2032313048839569,0.017548561096191406,0.19384371959666602,0.24993560512209292,137.1078643798828,0.056592602475944345,0.05427696840443243,-0.6470554717795556,0,4981.0,63000.0,
ntk_N400_a2_wd0.0001_s0,2.0,400,0.0001,0,42,25.0,4e-06,ok,,,200000,200000,307,99.18269801139832,17.313367128372192,2,0c2c9fa139cdb9df0506aa0716a97da613a80d40,True,2.505165923594177e-07,166.46580505371094,111.02130126953125,0.6669315733264842,0.13075920939445496,0.06181435089909039,-0.547629714012146,0.02145254611968994,1.0,1.0,0.008200961165130138,0.022719422355294228,0.09259794652462006,0.020598330773087148,0.13085885345935822,198000,True,7508.0,7000.0,60000.0,59000.0,52492.0,False,93000.0,92000.0,85492.0,False,93000.0,92000.0,85492.0,False,1612.0,36000.0,34388.0,False,10214.0,,189786.0,True,31564.0,,168436.0,True,,,,True,,,,True,0.10043853521347046,-0.5094102621078491,0.008042693138122559,0.06811983497614209,0.41107971959122397,120.35077667236328,0.02834418335899199,-0.34115408378884426,-0.7437255417886137,0.12968634068965912,-0.544543445110321,0.02129042148590088,0.1911226580738804,0.44834446386327426,111.58302307128906,0.06068327135820782,-0.2675389895853517,-0.9772994803394659,0,7508.0,28487.0,
ntk_N400_a2_wd0.0001_s1,2.0,400,0.0001,1,43,25.0,4e-06,ok,,,200000,200000,307,102.09634709358215,17.558648347854614,2,0c2c9fa139cdb9df0506aa0716a97da613a80d40,True,2.5341640252918296e-07,167.0225067138672,111.13124084472656,0.6653668600191102,0.13113494217395782,0.061927557670524574,-0.5542144775390625,0.02166348695755005,1.0,0.9811320900917053,0.008208573795855045,0.02284374088048935,0.09268636256456375,0.020357052788785978,0.13143084943294525,191000,True,786.0,710.0,64000.0,63000.0,63214.0,False,,,199214.0,True,,,199214.0,True,1612.0,34000.0,32388.0,False,11000.0,,189000.0,True,32000.0,,168000.0,True,,,,True,,,,True,0.09298789501190186,-0.12058261036872864,0.0003808736801147461,0.012236535486650747,0.11653978869667424,156.385009765625,0.020696110248089546,-0.1115828940831239,-0.1311536722710086,,,,,,,,,,0,6776.0,28000.0,
ntk_N400_a2_wd0.0001_s2,2.0,400,0.0001,2,44,25.0,4e-06,ok,,,200000,200000,307,98.9913477897644,16.22595524787903,2,0c2c9fa139cdb9df0506aa0716a97da613a80d40,True,2.552780244968744e-07,165.59353637695312,110.09656524658203,0.664860281719939,0.13431096076965332,0.06317444222037598,-0.5690414905548096,0.021895408630371094,1.0,0.9811320900917053,0.008129770867526531,0.02309194765985012,0.09271781891584396,0.020112652769975328,0.13431096076965332,200000,True,871.0,786.0,50000.0,49000.0,49129.0,False,,,199129.0,True,,,199129.0,True,1612.0,38000.0,36388.0,False,11317.0,,188683.0,True,33000.0,,167000.0,True,,,,True,,,,True,0.09280505776405334,-0.13434091210365295,0.0004476308822631836,0.004322777583061887,0.12879650760193856,153.94908142089844,0.020430452383457733,-0.1265775069193242,-0.1433024596723108,,,,,,,,,,0,7508.0,27000.0,
ntk_N400_a2_wd0.0001_s3,2.0,400,0.0001,3,45,25.0,4e-06,ok,,,200000,200000,307,98.97463989257812,16.355966806411743,2,0c2c9fa139cdb9df0506aa0716a97da613a80d40,True,2.580722195943963e-07,166.56251525878906,110.90132141113281,0.6658240075134843,0.12983664870262146,0.06134131961353767,-0.589246928691864,0.021290898323059082,1.0,0.9622641801834106,0.008171486668288708,0.024637749418616295,0.08873175084590912,0.019944564529343792,0.13017210364341736,180000,True,7508.0,7000.0,101000.0,100000.0,93492.0,False,,,192492.0,True,,,192492.0,True,1612.0,41000.0,39388.0,False,11000.0,,189000.0,True,33000.0,,167000.0,True,,,,True,,,,True,0.09694451093673706,-0.5399914383888245,0.00768810510635376,0.07214569791270638,0.4278534719264701,119.6011734008789,0.027802291341062733,-0.36823126466836703,-0.7733949752512431,,,,,,,,,,0,10000.0,32000.0,
ntk_N400_a2_wd0.0001_s4,2.0,400,0.0001,4,46,25.0,4e-06,ok,,,200000,200000,307,98.81372404098511,16.415504932403564,2,0c2c9fa139cdb9df0506aa0716a97da613a80d40,True,2.4856842628651066e-07,165.9253692626953,109.84188079833984,0.6619956989484632,0.13491925597190857,0.06384875312342347,-0.5828412771224976,0.020328044891357422,1.0,1.0,0.008342962712049484,0.023367390036582947,0.0956302136182785,0.020483606943336535,0.135317862033844,197000,True,1979.0,1786.0,46000.0,45000.0,44021.0,False,83000.0,82000.0,81021.0,False,83000.0,82000.0,81021.0,False,1612.0,38000.0,36388.0,False,12000.0,,188000.0,True,34000.0,,166000.0,True,,,,True,,,,True,0.09684057533740997,-0.2617543935775757,0.0014380216598510742,0.02524250294427573,0.2350632135561857,143.46241760253906,0.021851239984798015,-0.23285025715038318,-0.29853657058203015,0.13278459012508392,-0.571951687335968,0.01977837085723877,0.19820579044863285,0.4604945448635358,110.53338623046875,0.06169425643796288,-0.3188863534338381,-0.9882093074751367,0,4981.0,25000.0,
ntk_N400_a2_wd0.0003_s0,2.0,400,0.0003,0,42,25.0,1.1999999999999999e-05,ok,,,200000,200000,307,98.39977693557739,16.9487042427063,2,0c2c9fa139cdb9df0506aa0716a97da613a80d40,True,2.5303310735580453e-07,166.46580505371094,69.19279479980469,0.41565770686345654,0.09660384804010391,0.03181890322503106,-1.219850778579712,0.038810670375823975,0.5546218752861023,0.11320754885673523,0.03619777038693428,0.048535771667957306,0.09259794652462006,0.020598330773087148,0.09663523733615875,199000,False,,,,,,True,,,,True,,,,True,,,,True,,,,True,,,,True,,,,True,,,,True,,,,,,,,,,,,,,,,,,,0,,,
ntk_N400_a2_wd0.0003_s1,2.0,400,0.0003,1,43,25.0,1.1999999999999999e-05,ok,,,200000,200000,307,97.5050790309906,16.747841596603394,2,0c2c9fa139cdb9df0506aa0716a97da613a80d40,True,2.546360633459699e-07,167.0225067138672,69.24640655517578,0.41459326600698504,0.09590013325214386,0.031139390716432402,-1.2203607559204102,0.03758794069290161,0.5315126180648804,0.03773584961891174,0.03640468791127205,0.05003849416971207,0.09268636256456375,0.020357052788785978,0.09608393162488937,174000,False,,,,,,True,,,,True,,,,True,,,,True,,,,True,,,,True,,,,True,,,,True,,,,,,,,,,,,,,,,,,,0,,,
ntk_N400_a2_wd0.0003_s2,2.0,400,0.0003,2,44,25.0,1.1999999999999999e-05,ok,,,200000,200000,307,97.6248848438263,16.657546997070312,2,0c2c9fa139cdb9df0506aa0716a97da613a80d40,True,2.5882170007207606e-07,165.59353637695312,67.07950592041016,0.40508529129852017,0.09808070212602615,0.03143064966714594,-1.2843343019485474,0.04167520999908447,0.5168067216873169,0.01886792480945587,0.03675438091158867,0.05242760479450226,0.09271781891584396,0.020112652769975328,0.09811212867498398,196000,False,,,,,,True,,,,True,,,,True,,,,True,,,,True,,,,True,,,,True,,,,True,,,,,,,,,,,,,,,,,,,0,,,
ntk_N400_a2_wd0.0003_s3,2.0,400,0.0003,3,45,25.0,1.1999999999999999e-05,ok,,,200000,200000,307,98.64881491661072,16.714904069900513,2,0c2c9fa139cdb9df0506aa0716a97da613a80d40,True,2.513687604732695e-07,166.56251525878906,68.79863739013672,0.4130499427391806,0.0928107425570488,0.030931166702103004,-1.2664239406585693,0.03861677646636963,0.5336134433746338,0.056603774428367615,0.03636713698506355,0.052418552339076996,0.08873175084590912,0.019944564529343792,0.09294433891773224,199000,False,,,,,,True,,,,True,,,,True,,,,True,,,,True,,,,True,,,,True,,,,True,,,,,,,,,,,,,,,,,,,0,,,
ntk_N400_a2_wd0.0003_s4,2.0,400,0.0003,4,46,25.0,1.1999999999999999e-05,ok,,,200000,200000,307,96.17434072494507,16.54376459121704,2,0c2c9fa139cdb9df0506aa0716a97da613a80d40,True,2.5369328682245396e-07,165.9253692626953,66.76032257080078,0.402351508195862,0.10274146497249603,0.03408427174874802,-1.3239624500274658,0.03680998086929321,0.5231092572212219,0.01886792480945587,0.03652908280491829,0.05059269815683365,0.0956302136182785,0.020483606943336535,0.10274146497249603,200000,False,,,,,,True,,,,True,,,,True,,,,True,,,,True,,,,True,,,,True,,,,True,,,,,,,,,,,,,,,,,,,0,86000.0,,
ntk_N400_a2_wd0.001_s0,2.0,400,0.001,0,42,25.0,4e-05,ok,,,200000,200000,307,98.20892477035522,17.230053424835205,2,0c2c9fa139cdb9df0506aa0716a97da613a80d40,True,2.7740415475818736e-07,166.46580505371094,37.01802062988281,0.22237612474188787,0.0648612305521965,0.006479535357984468,-2.0343825817108154,0.10846102237701416,0.042016807943582535,0.03773584961891174,0.07069171220064163,0.07304760813713074,0.09259794652462006,0.020598330773087148,0.09260930120944977,3,False,,,,,,True,,,,True,,,,True,,,,True,,,,True,,,,True,,,,True,,,,True,,,,,,,,,,,,,,,,,,,0,,,
ntk_N400_a2_wd0.001_s1,2.0,400,0.001,1,43,25.0,4e-05,ok,,,200000,200000,307,98.0484549999237,16.497323513031006,2,0c2c9fa139cdb9df0506aa0716a97da613a80d40,True,2.8684740982498624e-07,167.0225067138672,37.61323928833008,0.22519862758835726,0.06266450136899948,0.006012979218437436,-1.9890772104263306,0.10130894184112549,0.04621848836541176,0.03773584961891174,0.07065513730049133,0.0767330676317215,0.09268636256456375,0.020357052788785978,0.09268636256456375,0,False,,,,,,True,,,,True,,,,True,,,,True,,,,True,,,,True,,,,True,,,,True,,,,,,,,,,,,,,,,,,,0,,,
ntk_N400_a2_wd0.001_s2,2.0,400,0.001,2,44,25.0,4e-05,ok,,,200000,200000,307,97.35890889167786,16.030983448028564,2,0c2c9fa139cdb9df0506aa0716a97da613a80d40,True,2.85135371314027e-07,165.59353637695312,35.70169448852539,0.21559835769951138,0.060849905014038086,0.00555736104242947,-2.0800387859344482,0.10931670665740967,0.052521008998155594,0.0,0.06908450275659561,0.07902359217405319,0.09271781891584396,0.020112652769975328,0.09271781891584396,0,False,,,,,,True,,,,True,,,,True,,,,True,,,,True,,,,True,,,,True,,,,True,,,,,,,,,,,,,,,,,,,0,,,
ntk_N400_a2_wd0.001_s3,2.0,400,0.001,3,45,25.0,4e-05,ok,,,200000,200000,307,99.05862998962402,16.0942964553833,2,0c2c9fa139cdb9df0506aa0716a97da613a80d40,True,2.8942477570126357e-07,166.56251525878906,37.13481521606445,0.2229482135183171,0.05750201269984245,0.005996622131821847,-2.034027099609375,0.10708320140838623,0.06092436984181404,0.03773584961891174,0.0701456218957901,0.0768822506070137,0.08873175084590912,0.019944564529343792,0.08873701840639114,20,False,,,,,,True,,,,True,,,,True,,,,True,,,,True,,,,True,,,,True,,,,True,,,,,,,,,,,,,,,,,,,0,,,
ntk_N400_a2_wd0.001_s4,2.0,400,0.001,4,46,25.0,4e-05,ok,,,200000,200000,307,98.84518194198608,16.489567279815674,2,0c2c9fa139cdb9df0506aa0716a97da613a80d40,True,2.820381155288487e-07,165.9253692626953,32.662841796875,0.19685260874823032,0.06591275334358215,0.006127336095941094,-2.289354085922241,0.10679429769515991,0.04411764815449715,0.01886792480945587,0.07061474025249481,0.07707028090953827,0.0956302136182785,0.020483606943336535,0.09563898295164108,33,False,,,,,,True,,,,True,,,,True,,,,True,,,,True,,,,True,,,,True,,,,True,,,,,,,,,,,,,,,,,,,0,,,
ntk_N400_a2_wd0.003_s0,2.0,400,0.003,0,42,25.0,0.00012,ok,,,200000,200000,307,96.38444805145264,16.391021490097046,2,0c2c9fa139cdb9df0506aa0716a97da613a80d40,True,3.183336332313047e-07,166.46580505371094,13.821516990661621,0.08302916617741432,0.05856122449040413,2.5004412602946946e-17,-4.060888767242432,0.06940865516662598,0.03361344709992409,0.09433962404727936,0.10705184191465378,0.10047079622745514,0.09259794652462006,0.020598330773087148,0.09260924160480499,3,False,,,,,,True,,,,True,,,,True,,,,True,,,,True,,,,True,,,,True,,,,True,,,,,,,,,,,,,,,,,,,0,,,
ntk_N400_a2_wd0.003_s1,2.0,400,0.003,1,43,25.0,0.00012,ok,,,200000,200000,307,94.85323095321655,16.058345556259155,2,0c2c9fa139cdb9df0506aa0716a97da613a80d40,True,3.296720194612135e-07,167.0225067138672,15.858968734741211,0.09495108801061064,0.05784977972507477,3.3271454168148917e-18,-3.848172903060913,0.03814578056335449,0.03991596773266792,0.03773584961891174,0.10646399855613708,0.1083943322300911,0.09268636256456375,0.020357052788785978,0.09268636256456375,0,False,,,,,,True,,,,True,,,,True,,,,True,,,,True,,,,True,,,,True,,,,True,,,,,,,,,,,,,,,,,,,0,,,
ntk_N400_a2_wd0.003_s2,2.0,400,0.003,2,44,25.0,0.00012,ok,,,200000,200000,307,92.82523584365845,16.086158990859985,2,0c2c9fa139cdb9df0506aa0716a97da613a80d40,True,3.3081795436373795e-07,165.59353637695312,16.794588088989258,0.10142055334067185,0.05772963538765907,2.0274580625478933e-17,-3.698953151702881,0.04890251159667969,0.04411764815449715,0.01886792480945587,0.09935874491930008,0.10543322563171387,0.09271781891584396,0.020112652769975328,0.09271781891584396,0,False,,,,,,True,,,,True,,,,True,,,,True,,,,True,,,,True,,,,True,,,,True,,,,,,,,,,,,,,,,,,,0,,,
ntk_N400_a2_wd0.003_s3,2.0,400,0.003,3,45,25.0,0.00012,ok,,,200000,200000,307,91.74052214622498,16.332481861114502,2,0c2c9fa139cdb9df0506aa0716a97da613a80d40,True,3.2294281027134275e-07,166.56251525878906,15.970449447631836,0.09588261454156395,0.054823681712150574,2.4204813500738886e-17,-3.8189761638641357,0.06448841094970703,0.054621849209070206,0.07547169923782349,0.10446002334356308,0.1050211489200592,0.08873175084590912,0.019944564529343792,0.08873459696769714,13,False,,,,,,True,,,,True,,,,True,,,,True,,,,True,,,,True,,,,True,,,,True,,,,,,,,,,,,,,,,,,,0,,,
ntk_N400_a2_wd0.003_s4,2.0,400,0.003,4,46,25.0,0.00012,ok,,,200000,200000,307,82.24161291122437,16.763896465301514,2,0c2c9fa139cdb9df0506aa0716a97da613a80d40,True,3.052707313599967e-07,165.9253692626953,12.895501136779785,0.07771868276733168,0.057363081723451614,8.131516293641283e-18,-4.206932544708252,0.06206989288330078,0.054621849209070206,0.01886792480945587,0.09696245193481445,0.10199596732854843,0.0956302136182785,0.020483606943336535,0.09563719481229782,5,False,,,,,,True,,,,True,,,,True,,,,True,,,,True,,,,True,,,,True,,,,True,,,,,,,,,,,,,,,,,,,0,,,
ntk_N800_a0.5_wd0_s0,0.5,800,0.0,0,42,400.0,0.0,ok,,,200000,200000,307,145.74539184570312,20.88645911216736,2,478542c5c3dbb4497d84b2fd1e02cb9cd6ab935b,True,3.0871120770825655e-07,234.78900146484375,425.87994384765625,1.8138837049035519,0.11166676878929138,0.03848027934112695,1.2827913761138916,0.006571173667907715,1.0,0.3396226465702057,1.5241650996866696e-10,0.03891219198703766,0.09363151341676712,0.020794046840994396,0.1119532510638237,8000,True,82.0,74.0,,,199918.0,True,,,199918.0,True,,,199918.0,True,1069.0,,198931.0,True,1979.0,,198021.0,True,3305.0,,196695.0,True,4496.0,,195504.0,True,6000.0,,194000.0,True,0.09361033141613007,0.0037032850086688995,3.886222839355469e-05,-0.002033066620434904,0.009491043981285445,235.06515502929688,0.020821111252131888,0.0047547615889886865,0.0025090864726820773,,,,,,,,,,0,1612.0,,
ntk_N800_a0.5_wd0_s1,0.5,800,0.0,1,43,400.0,0.0,ok,,,200000,200000,307,147.05300402641296,21.629122018814087,2,478542c5c3dbb4497d84b2fd1e02cb9cd6ab935b,True,3.1858297688813764e-07,235.95555114746094,427.3295593261719,1.8110595713813544,0.1112213134765625,0.0377179212651145,1.2658137083053589,0.006717681884765625,1.0,0.2641509473323822,1.5356339810868036e-10,0.042931973934173584,0.09284210950136185,0.020338137765431516,0.11149229854345322,8000,True,169.0,152.0,,,199831.0,True,,,199831.0,True,,,199831.0,True,1069.0,,198931.0,True,2000.0,,198000.0,True,3305.0,,196695.0,True,4496.0,,195504.0,True,6000.0,,194000.0,True,0.09283146262168884,0.009596643969416618,0.00010484457015991211,-6.674045614523599e-05,0.017449122744365865,236.74496459960938,0.020441859225284,0.011933820969541343,0.006797010154642216,,,,,,,,,,0,1786.0,,
ntk_N800_a0.5_wd0_s2,0.5,800,0.0,2,44,400.0,0.0,ok,,,200000,200000,307,144.0514669418335,21.637643575668335,2,478542c5c3dbb4497d84b2fd1e02cb9cd6ab935b,True,3.0744007517569116e-07,234.07850646972656,425.2081604003906,1.8165194524401278,0.11198650300502777,0.03864817841577741,1.2787195444107056,0.006714582443237305,1.0,0.37735849618911743,1.518957321033909e-10,0.03776411712169647,0.09342645108699799,0.020478002477207206,0.11223498731851578,9000,True,207.0,187.0,,,199793.0,True,,,199793.0,True,,,199793.0,True,1069.0,,198931.0,True,2000.0,,198000.0,True,3305.0,,196695.0,True,4496.0,,195504.0,True,6000.0,,194000.0,True,0.09354646503925323,0.010775947012007236,0.00013786554336547852,0.007990256964833088,0.01999242209652202,235.09359741210938,0.020688478287012455,0.014591623320276399,0.006215594943843855,,,,,,,,,,0,1786.0,,
ntk_N800_a0.5_wd0_s3,0.5,800,0.0,3,45,400.0,0.0,ok,,,200000,200000,307,145.85731291770935,20.98054814338684,2,478542c5c3dbb4497d84b2fd1e02cb9cd6ab935b,True,3.1891514140625077e-07,234.3752899169922,425.1207275390625,1.8138461938100467,0.10887380689382553,0.03804620539814444,1.261208176612854,0.006577730178833008,1.0,0.43396225571632385,1.6343758291181842e-10,0.0386001281440258,0.0896715298295021,0.02014054130192231,0.10918432474136353,8000,True,82.0,74.0,,,199918.0,True,,,199918.0,True,,,199918.0,True,1069.0,,198931.0,True,1979.0,,198021.0,True,3000.0,,197000.0,True,4496.0,,195504.0,True,6000.0,,194000.0,True,0.08968470245599747,0.0051140920259058475,3.3974647521972656e-05,0.001969388345721797,0.009737803047073062,234.74241638183594,0.020163885332868538,0.005891507873015871,0.004223053950382584,,,,,,,,,,0,2193.0,,
ntk_N800_a0.5_wd0_s4,0.5,800,0.0,4,46,400.0,0.0,ok,,,200000,200000,307,153.98639297485352,22.210188388824463,2,0c2c9fa139cdb9df0506aa0716a97da613a80d40,True,3.143250921766594e-07,234.9948272705078,422.90130615234375,1.7996196387145686,0.11326583474874496,0.038796872102096536,1.2611634731292725,0.006943941116333008,1.0,0.5283018946647644,1.59294327728432e-10,0.03600861877202988,0.09508784115314484,0.02065578513615863,0.11371851712465286,8319,True,124.0,112.0,,,199876.0,True,,,199876.0,True,,,199876.0,True,1069.0,,198931.0,True,1979.0,,198021.0,True,2983.0,,197017.0,True,4496.0,,195504.0,True,6000.0,,194000.0,True,0.09508906304836273,0.007233619689941406,6.818771362304688e-05,0.0006690454682010165,0.013852121934782833,235.54969787597656,0.020715357406626167,0.00876228056043979,0.005468295131929552,,,,,,,,,,0,1455.0,,
ntk_N800_a0.5_wd3e-06_s0,0.5,800,3e-06,0,42,400.0,7.500000000000001e-09,ok,,,200000,200000,307,155.35355615615845,21.462705850601196,2,0c2c9fa139cdb9df0506aa0716a97da613a80d40,True,3.058354423046694e-07,234.78900146484375,369.2202453613281,1.5725619303194383,0.12219429016113281,0.04959451073956214,1.0258440971374512,0.008282780647277832,1.0,1.0,1.7140012005256722e-06,0.021056190133094788,0.09363151341676712,0.020794046840994396,0.12228395789861679,199000,True,82.0,74.0,104000.0,103000.0,103918.0,False,119000.0,118000.0,118918.0,False,119000.0,118000.0,118918.0,False,1069.0,92000.0,90931.0,False,2000.0,,198000.0,True,3305.0,,196695.0,True,4496.0,,195504.0,True,6000.0,,194000.0,True,0.09361181408166885,0.003191023599356413,3.838539123535156e-05,-0.0018673016787890846,0.009303927604258425,235.00779724121094,0.020821037776554217,0.004221039605337725,0.0020246901454840584,0.11812084168195724,1.110519289970398,0.00765305757522583,0.20503238386252237,2.0473173476316524,387.2898254394531,0.04526043876576246,1.353255754081484,0.7142977743932173,0,1612.0,157000.0,
ntk_N800_a0.5_wd3e-06_s1,0.5,800,3e-06,1,43,400.0,7.500000000000001e-09,ok,,,200000,200000,307,155.45039701461792,21.737182140350342,2,0c2c9fa139cdb9df0506aa0716a97da613a80d40,True,2.996129069288145e-07,235.95555114746094,371.5900573730469,1.5748307491219855,0.1216222420334816,0.048393418779820924,1.0119184255599976,0.008656084537506104,1.0,1.0,1.751323225107626e-06,0.024016350507736206,0.09284210950136185,0.020338137765431516,0.1216222420334816,200000,True,169.0,152.0,184000.0,183000.0,183831.0,False,199000.0,198000.0,198831.0,False,199000.0,198000.0,198831.0,False,1069.0,129000.0,127931.0,False,2000.0,,198000.0,True,3305.0,,196695.0,True,4496.0,,195504.0,True,6000.0,,194000.0,True,0.09282971918582916,0.008614876307547092,0.0001055002212524414,-0.00018223497194068752,0.016914806883075586,236.6272430419922,0.02044264581696572,0.010948668052907224,0.00581116140895266,0.12155348062515259,1.012647032737732,0.008619487285614014,0.22624098124602274,1.7663622295834336,371.7819519042969,0.04833436724943312,1.2687436498053495,0.5875405514409446,0,1786.0,166000.0,
ntk_N800_a0.5_wd3e-06_s2,0.5,800,3e-06,2,44,400.0,7.500000000000001e-09,ok,,,200000,200000,307,158.94676899909973,22.09880042076111,2,0c2c9fa139cdb9df0506aa0716a97da613a80d40,True,2.9750015073659597e-07,234.07850646972656,369.6815490722656,1.5793058262701989,0.12289188802242279,0.049589727044208776,1.023406744003296,0.008783519268035889,1.0,1.0,1.7054658201232087e-06,0.020794153213500977,0.09342645108699799,0.020478002477207206,0.12289188802242279,200000,True,207.0,187.0,106000.0,105000.0,105793.0,False,132000.0,131000.0,131793.0,False,132000.0,131000.0,131793.0,False,1069.0,83000.0,81931.0,False,2193.0,,197807.0,True,3305.0,,196695.0,True,4496.0,,195504.0,True,6000.0,,194000.0,True,0.09354805201292038,0.00959298387169838,0.00013840198516845703,0.00809439969447827,0.019351777018274688,234.95021057128906,0.02068863594389963,0.01342293720981697,0.005008323324504391,0.11926566809415817,1.0948947668075562,0.008092522621154785,0.21038440048222276,2.000994245237293,384.17901611328125,0.045961248998322816,1.3488371044064016,0.6850065279947596,0,1786.0,146000.0,
ntk_N800_a0.5_wd3e-06_s3,0.5,800,3e-06,3,45,400.0,7.500000000000001e-09,ok,,,200000,200000,307,151.18673276901245,21.56776714324951,2,0c2c9fa139cdb9df0506aa0716a97da613a80d40,True,3.033386519746273e-07,234.3752899169922,369.7067565917969,1.577413543563976,0.11944851279258728,0.04880022908614175,1.007746934890747,0.00865316390991211,1.0,0.9811320900917053,1.7121992641477846e-06,0.02173691987991333,0.0896715298295021,0.02014054130192231,0.11944851279258728,200000,True,82.0,74.0,136000.0,135000.0,135918.0,False,,,199918.0,True,,,199918.0,True,1069.0,95000.0,93931.0,False,1979.0,,198021.0,True,3305.0,,196695.0,True,4496.0,,195504.0,True,6000.0,,194000.0,True,0.0896860808134079,0.004635777790099382,3.319978713989258e-05,0.00212731269477402,0.009493672806459085,234.6852569580078,0.02016340516323318,0.00541818715087633,0.0037402857028869673,,,,,,,,,,0,2193.0,,
ntk_N800_a0.5_wd3e-06_s4,0.5,800,3e-06,4,46,400.0,7.500000000000001e-09,ok,,,200000,200000,307,153.97655701637268,21.056124210357666,2,0c2c9fa139cdb9df0506aa0716a97da613a80d40,True,3.026306671927159e-07,234.9948272705078,366.7980041503906,1.5608769282745156,0.12347743660211563,0.04977908605788055,1.006164789199829,0.009118795394897461,1.0,1.0,1.6730236893636174e-06,0.01969478279352188,0.09508784115314484,0.02065578513615863,0.12354085594415665,199000,True,124.0,112.0,97000.0,96000.0,96876.0,False,155000.0,154000.0,154876.0,False,155000.0,154000.0,154876.0,False,1069.0,66000.0,64931.0,False,1979.0,196000.0,194021.0,False,3000.0,,197000.0,True,4496.0,,195504.0,True,6000.0,,194000.0,True,0.09508407860994339,0.006578692700713873,6.842613220214844e-05,0.0002458263614883595,0.013512733277058219,235.46340942382812,0.020714205789132082,0.00816423078028972,0.004741688887056785,0.12134067714214325,1.0503690242767334,0.008649110794067383,0.20724232525486092,1.8719589129266874,376.066162109375,0.04743349181724012,1.2841471407617266,0.6588178937104123,0,1455.0,126000.0,
ntk_N800_a0.5_wd1e-05_s0,0.5,800,1e-05,0,42,400.0,2.5000000000000002e-08,ok,,,200000,200000,307,155.3000922203064,21.800496816635132,2,0c2c9fa139cdb9df0506aa0716a97da613a80d40,True,3.269293245011795e-07,234.78900146484375,313.78887939453125,1.3364717999429654,0.14082059264183044,0.06949891652463808,0.7238804697990417,0.01187664270401001,1.0,1.0,1.6735337339923717e-05,0.004985107108950615,0.09363151341676712,0.020794046840994396,0.14082059264183044,200000,True,82.0,74.0,33000.0,32000.0,32918.0,False,34000.0,33000.0,33918.0,False,34000.0,33000.0,33918.0,False,1069.0,28000.0,26931.0,False,2193.0,64000.0,61807.0,False,3305.0,125000.0,121695.0,False,4981.0,,195019.0,True,6000.0,,194000.0,True,0.09361216425895691,0.00203830748796463,3.826618194580078e-05,-0.0018309944868117247,0.008959643647947046,234.8741455078125,0.02082064932747115,0.0030495554912668824,0.0008944096514347489,0.1182079091668129,1.0963561534881592,0.007611572742462158,0.2062737400435782,2.0046375880689693,385.2247619628906,0.045337674295543584,1.3367125751610403,0.7056045325530933,0,1612.0,45000.0,192000.0
ntk_N800_a0.5_wd1e-05_s1,0.5,800,1e-05,1,43,400.0,2.5000000000000002e-08,ok,,,200000,200000,307,151.81559085845947,21.64861035346985,2,0c2c9fa139cdb9df0506aa0716a97da613a80d40,True,3.234960956888244e-07,235.95555114746094,316.00323486328125,1.3392489955271039,0.13972291350364685,0.06791871881889244,0.7079320549964905,0.012005925178527832,1.0,1.0,1.6840658645378426e-05,0.005907740443944931,0.09284210950136185,0.020338137765431516,0.13972291350364685,200000,True,169.0,152.0,54000.0,53000.0,53831.0,False,58000.0,57000.0,57831.0,False,58000.0,57000.0,57831.0,False,1069.0,38751.0,37682.0,False,2193.0,77000.0,74807.0,False,3305.0,141000.0,137695.0,False,4981.0,,195019.0,True,6000.0,,194000.0,True,0.09283120185136795,0.006360288243740797,0.00010514259338378906,-8.226413201182891e-05,0.01588761971264414,236.35214233398438,0.02044240365149668,0.008730401468647873,0.0035112195723710545,0.12160256505012512,0.9988166689872742,0.008573293685913086,0.2271919143890868,1.728585144365392,369.3669128417969,0.0484447766196494,1.2534573024782554,0.5770428871417256,0,1786.0,49000.0,
ntk_N800_a0.5_wd1e-05_s2,0.5,800,1e-05,2,44,400.0,2.5000000000000002e-08,ok,,,200000,200000,307,144.23775696754456,21.427940130233765,2,0c2c9fa139cdb9df0506aa0716a97da613a80d40,True,3.113503623808356e-07,234.07850646972656,314.4122009277344,1.3431912466871339,0.14150212705135345,0.06917083167755109,0.7253612279891968,0.012074291706085205,1.0,1.0,1.6841970136738382e-05,0.00523769948631525,0.09342645108699799,0.020478002477207206,0.14150212705135345,200000,True,207.0,187.0,33000.0,32000.0,32793.0,False,38000.0,37000.0,37793.0,False,38000.0,37000.0,37793.0,False,1069.0,25710.0,24641.0,False,2193.0,64000.0,61807.0,False,3305.0,128000.0,124695.0,False,4981.0,,195019.0,True,6000.0,,194000.0,True,0.09354626387357712,0.006773724220693111,0.00013822317123413086,0.008002397050911101,0.018049048529580107,234.61630249023438,0.02068705640199826,0.010601063810114247,0.002192959576317879,0.11929043382406235,1.080876350402832,0.008041203022003174,0.21120925216725198,1.959395957210957,382.06103515625,0.04597548470582927,1.3322216980513955,0.6767842677533312,0,1786.0,42937.0,182000.0
ntk_N800_a0.5_wd1e-05_s3,0.5,800,1e-05,3,45,400.0,2.5000000000000002e-08,ok,,,200000,200000,307,145.40039086341858,21.657857418060303,2,0c2c9fa139cdb9df0506aa0716a97da613a80d40,True,3.2232640023721615e-07,234.3752899169922,313.9277038574219,1.339423212953057,0.1390807181596756,0.0690226266064107,0.696699857711792,0.012217044830322266,1.0,1.0,1.6514622984686866e-05,0.005378850735723972,0.0896715298295021,0.02014054130192231,0.1390807181596756,200000,True,82.0,74.0,41000.0,40000.0,40918.0,False,62000.0,61000.0,61918.0,False,62000.0,61000.0,61918.0,False,1069.0,28487.0,27418.0,False,2193.0,68000.0,65807.0,False,3305.0,131000.0,127695.0,False,4981.0,,195019.0,True,6000.0,,194000.0,True,0.0896863341331482,0.0034545527305454016,3.2782554626464844e-05,0.002152736008925686,0.008968854520554759,234.5520782470703,0.02016397494192786,0.004189044278382153,0.0026139750667794255,0.11998086422681808,0.9847624897956848,0.008732140064239502,0.23674472475207414,1.691056379365898,364.8157043457031,0.04941593323145871,1.2494172330530307,0.550153017043822,0,2193.0,63000.0,
ntk_N800_a0.5_wd1e-05_s4,0.5,800,1e-05,4,46,400.0,2.5000000000000002e-08,ok,,,200000,200000,307,144.36867666244507,21.314916133880615,2,0c2c9fa139cdb9df0506aa0716a97da613a80d40,True,3.28715998421103e-07,234.9948272705078,313.6087646484375,1.334534756747796,0.14176858961582184,0.06945039732201846,0.7062402963638306,0.012692391872406006,1.0,1.0,1.6700052583473735e-05,0.004909925628453493,0.09508784115314484,0.02065578513615863,0.14176858961582184,200000,True,124.0,112.0,30000.0,29000.0,29876.0,False,47000.0,46000.0,46876.0,False,47000.0,46000.0,46876.0,False,1069.0,20941.0,19872.0,False,2000.0,59000.0,57000.0,False,3305.0,121000.0,117695.0,False,4496.0,,195504.0,True,6000.0,,194000.0,True,0.09508286416530609,0.00490165501832962,6.759166717529297e-05,0.00013478032222270935,0.012795272006507869,235.26181030273438,0.020714339931677712,0.006510607048371117,0.003046672899848784,0.12197144329547882,1.0257680416107178,0.008802592754364014,0.21033464631696078,1.8029043880561155,372.3249816894531,0.0480692628369163,1.2578348483802841,0.6382981540702758,0,1455.0,37000.0,181000.0
ntk_N800_a0.5_wd3e-05_s0,0.5,800,3e-05,0,42,400.0,7.5e-08,ok,,,200000,200000,307,144.042298078537,21.24504542350769,2,0c2c9fa139cdb9df0506aa0716a97da613a80d40,True,3.150847476263152e-07,234.78900146484375,286.2738342285156,1.2192812799682229,0.15447403490543365,0.08379743022580474,0.5408893823623657,0.013717055320739746,1.0,1.0,0.0001299781579291448,0.0021667988039553165,0.09363151341676712,0.020794046840994396,0.15453551709651947,196000,True,74.0,67.0,12000.0,11317.0,11926.0,False,13000.0,12539.0,12926.0,False,13000.0,12539.0,12926.0,False,1185.0,11000.0,9815.0,False,2193.0,22000.0,19807.0,False,3305.0,42000.0,38695.0,False,4981.0,102000.0,97019.0,False,6776.0,,193224.0,True,0.09361403435468674,-0.001224313280545175,3.3736228942871094e-05,-0.0017774938299759172,0.008241775697823972,234.5145721435547,0.020816184491798485,-0.0004656549028341438,-0.0020738392489738507,0.11936725676059723,1.0277073383331299,0.007772564888000488,0.21362041931674142,1.806712776274973,371.78875732421875,0.04671674821418454,1.2704257410197934,0.6322844894497609,0,1612.0,15000.0,57000.0
ntk_N800_a0.5_wd3e-05_s1,0.5,800,3e-05,1,43,400.0,7.5e-08,ok,,,200000,200000,307,150.06331491470337,21.400344610214233,2,0c2c9fa139cdb9df0506aa0716a97da613a80d40,True,3.10926907332032e-07,235.95555114746094,287.094970703125,1.2167332758520455,0.15374460816383362,0.08308875960277518,0.5174793004989624,0.014483332633972168,1.0,1.0,0.0001331587991444394,0.0023262957111001015,0.09284210950136185,0.020338137765431516,0.15374460816383362,200000,True,169.0,152.0,18000.0,17057.0,17831.0,False,18900.0,18000.0,18731.0,False,18900.0,18000.0,18731.0,False,1185.0,13894.0,12709.0,False,2193.0,25710.0,23517.0,False,3662.0,47000.0,43338.0,False,4981.0,116000.0,111019.0,False,6776.0,,193224.0,True,0.09283462911844254,-0.00027213222347199917,0.00010412931442260742,0.0001477507464270629,0.014498238666542838,235.56826782226562,0.020441167609190507,0.0020633033083995644,-0.0030606522118880003,0.12170837819576263,0.95689857006073,0.008526146411895752,0.22859427392862663,1.6173929532459523,361.53289794921875,0.048714846595636616,1.2106563354716968,0.537412642573064,0,1786.0,16000.0,61000.0
ntk_N800_a0.5_wd3e-05_s2,0.5,800,3e-05,2,44,400.0,7.5e-08,ok,,,200000,200000,307,151.0937581062317,21.474043607711792,2,0c2c9fa139cdb9df0506aa0716a97da613a80d40,True,3.0888864444023056e-07,234.07850646972656,286.6995849609375,1.2248009835880274,0.15515165030956268,0.08311546852795126,0.5445051193237305,0.014460325241088867,1.0,1.0,0.00013359390140976757,0.0021495658438652754,0.09342645108699799,0.020478002477207206,0.15525121986865997,195000,True,207.0,187.0,12000.0,11317.0,11793.0,False,13894.0,13000.0,13687.0,False,13894.0,13000.0,13687.0,False,1185.0,11000.0,9815.0,False,2193.0,23000.0,20807.0,False,3305.0,44000.0,40695.0,False,4981.0,106000.0,101019.0,False,6776.0,,193224.0,True,0.09354802966117859,-0.0013056573225185275,0.00013822317123413086,0.00810163729669431,0.01671952799335512,233.6646270751953,0.020688671794692907,0.0025041725262904394,-0.005855586105132326,0.12020985037088394,1.0174757242202759,0.008049845695495605,0.21839139414613626,1.7787690218352155,370.1634216308594,0.047115747264149334,1.2690123328329816,0.6132566092840154,0,1612.0,13894.0,56000.0
ntk_N800_a0.5_wd3e-05_s3,0.5,800,3e-05,3,45,400.0,7.5e-08,ok,,,200000,200000,307,149.13441467285156,21.790486574172974,2,0c2c9fa139cdb9df0506aa0716a97da613a80d40,True,3.037882834178163e-07,234.3752899169922,286.50830078125,1.2224339045413941,0.15322142839431763,0.08342452215010548,0.5137838125228882,0.014437198638916016,1.0,1.0,0.00013144400145392865,0.002229822101071477,0.0896715298295021,0.02014054130192231,0.15322142839431763,200000,True,82.0,74.0,15000.0,14000.0,14918.0,False,22000.0,21000.0,21918.0,False,22000.0,21000.0,21918.0,False,1069.0,11000.0,9931.0,False,2193.0,23000.0,20807.0,False,3305.0,44000.0,40695.0,False,4981.0,108000.0,103019.0,False,6776.0,,193224.0,True,0.08968613296747208,0.00027652730932459235,3.3974647521972656e-05,0.0021400954409581006,0.008263366741933849,234.17221069335938,0.020164574941497614,0.0010470382143353376,-0.0006040668371895901,0.12157474458217621,0.9205142259597778,0.008907675743103027,0.24653308079052372,1.525316583431913,353.6004333496094,0.051058033199535446,1.1856353237197894,0.48535339633413455,0,2193.0,20000.0,63000.0
ntk_N800_a0.5_wd3e-05_s4,0.5,800,3e-05,4,46,400.0,7.5e-08,ok,,,200000,200000,307,154.18283009529114,21.403690338134766,2,0c2c9fa139cdb9df0506aa0716a97da613a80d40,True,3.0517719551426126e-07,234.9948272705078,286.7507629394531,1.2202428720244463,0.15429362654685974,0.08272731609231967,0.5342555642127991,0.014356434345245361,1.0,1.0,0.00013227704039309174,0.0022180734667927027,0.09508784115314484,0.02065578513615863,0.1550840586423874,198000,True,124.0,112.0,12000.0,11317.0,11876.0,False,16000.0,15395.0,15876.0,False,16000.0,15395.0,15876.0,False,1069.0,9000.0,7931.0,False,2193.0,20941.0,18748.0,False,3305.0,41000.0,37695.0,False,4981.0,101000.0,96019.0,False,6776.0,,193224.0,True,0.09508122503757477,8.34461570775602e-06,6.914138793945312e-05,7.183011682066023e-06,0.01175309980025102,234.68714904785156,0.02071501278730989,0.001569829309873796,-0.001797005991780153,0.12253192812204361,0.9768772125244141,0.008800327777862549,0.21460595501642976,1.6702029642909308,362.91412353515625,0.048680947189411364,1.2093153627120354,0.5887644949417379,0,1455.0,11317.0,55000.0
ntk_N800_a0.5_wd0.0001_s0,0.5,800,0.0001,0,42,400.0,2.5e-07,ok,,,200000,200000,307,153.48075199127197,21.495018005371094,2,0c2c9fa139cdb9df0506aa0716a97da613a80d40,True,3.247932056638092e-07,234.78900146484375,266.0909118652344,1.1333193216253685,0.15804581344127655,0.0877106452901127,0.40463489294052124,0.013267755508422852,1.0,1.0,0.0008348183473572135,0.003398396074771881,0.09363151341676712,0.020794046840994396,0.15961073338985443,168000,True,82.0,74.0,6776.0,6116.0,6694.0,False,7000.0,6776.0,6918.0,False,7000.0,6776.0,6918.0,False,1313.0,6776.0,5463.0,False,2692.0,9000.0,6308.0,False,4058.0,16000.0,11942.0,False,6776.0,,193224.0,True,16000.0,,184000.0,True,0.09360982477664948,-0.012418469414114952,3.8743019104003906e-05,-0.0020849917657610843,0.015094931103038426,233.16236877441406,0.02081890605268532,-0.011346093927884425,-0.013637155648509479,0.12425684183835983,0.744613528251648,0.008397579193115234,0.2439803038996186,1.1215046771148165,320.74639892578125,0.05224007366585487,0.9996440495891546,0.32396210505629824,0,1612.0,5520.0,16000.0
ntk_N800_a0.5_wd0.0001_s1,0.5,800,0.0001,1,43,400.0,2.5e-07,ok,,,200000,200000,307,159.50998306274414,21.671879053115845,2,0c2c9fa139cdb9df0506aa0716a97da613a80d40,True,3.153763827867806e-07,235.95555114746094,266.05731201171875,1.1275738617628268,0.156875342130661,0.08690110941670082,0.3838290274143219,0.013707876205444336,1.0,1.0,0.0008473296766169369,0.0035043307580053806,0.09284210950136185,0.020338137765431516,0.15832240879535675,178000,True,152.0,137.0,7000.0,6776.0,6848.0,False,7508.0,7000.0,7356.0,False,7508.0,7000.0,7356.0,False,1313.0,6776.0,5463.0,False,2692.0,10000.0,7308.0,False,4496.0,17000.0,12504.0,False,6776.0,,193224.0,True,18000.0,,182000.0,True,0.09280815720558167,-0.021086016669869423,9.083747863769531e-05,-0.001908477181045881,0.024753309471051275,233.10250854492188,0.02041457179244102,-0.018873693992019637,-0.023714263220875862,0.12452022731304169,0.7255051732063293,0.00891268253326416,0.2450806369302517,1.0829101804193233,321.6263122558594,0.05183166508052357,0.9824156447966546,0.3007879394105365,0,1786.0,6000.0,17000.0
ntk_N800_a0.5_wd0.0001_s2,0.5,800,0.0001,2,44,400.0,2.5e-07,ok,,,200000,200000,307,158.91035318374634,21.72278904914856,2,0c2c9fa139cdb9df0506aa0716a97da613a80d40,True,3.17944113703561e-07,234.07850646972656,266.08062744140625,1.13671533304925,0.15958525240421295,0.08810649532604187,0.396928995847702,0.014165997505187988,1.0,1.0,0.0008474145433865488,0.0034034422133117914,0.09342645108699799,0.020478002477207206,0.16023170948028564,196000,True,230.0,207.0,6776.0,6116.0,6546.0,False,7000.0,6776.0,6770.0,False,7000.0,6776.0,6770.0,False,1313.0,6776.0,5463.0,False,2692.0,9218.0,6526.0,False,4496.0,17000.0,12504.0,False,6776.0,,193224.0,True,17000.0,,183000.0,True,0.09356840699911118,-0.031344298273324966,0.0001634359359741211,0.008719961919811578,0.03564060633764905,230.0661163330078,0.020733475682968926,-0.026518047665214,-0.03712444023715285,0.1243421733379364,0.7418254613876343,0.008687615394592285,0.2422802932498935,1.1162279160538313,320.7622375488281,0.05180992881248308,1.005320011379694,0.31335205817463974,0,1612.0,5520.0,16000.0
ntk_N800_a0.5_wd0.0001_s3,0.5,800,0.0001,3,45,400.0,2.5e-07,ok,,,200000,200000,307,153.0127830505371,21.569170236587524,2,0c2c9fa139cdb9df0506aa0716a97da613a80d40,True,3.1520133347839874e-07,234.3752899169922,266.28509521484375,1.1361483341915137,0.15764912962913513,0.08834421190462016,0.37011486291885376,0.014412462711334229,1.0,1.0,0.0008399737998843193,0.0034218819346278906,0.0896715298295021,0.02014054130192231,0.15764912962913513,200000,True,101.0,91.0,6776.0,6116.0,6675.0,False,7508.0,7000.0,7407.0,False,7508.0,7000.0,7407.0,False,1313.0,6776.0,5463.0,False,2692.0,9218.0,6526.0,False,4058.0,17000.0,12942.0,False,6776.0,,193224.0,True,16000.0,,184000.0,True,0.0896967276930809,-0.01348396297544241,4.7206878662109375e-05,0.003053293431107467,0.01647987280341512,232.50802612304688,0.020184935255393246,-0.012287635653079946,-0.014853805592005555,0.12309083342552185,0.7200873494148254,0.009093165397644043,0.25545728117313643,1.0721835151857237,320.0929870605469,0.052891240208541225,0.9857773954692295,0.2843666997908017,0,2193.0,6776.0,18000.0
ntk_N800_a0.5_wd0.0001_s4,0.5,800,0.0001,4,46,400.0,2.5e-07,ok,,,200000,200000,307,151.45218706130981,21.875478506088257,2,0c2c9fa139cdb9df0506aa0716a97da613a80d40,True,3.07940211996538e-07,234.9948272705078,266.4017028808594,1.133649221028165,0.15874896943569183,0.08745367848433078,0.39086034893989563,0.013933420181274414,1.0,1.0,0.0008449565502814949,0.003308642888441682,0.09508784115314484,0.02065578513615863,0.15974660217761993,187000,True,112.0,101.0,6116.0,6000.0,6004.0,False,6116.0,6000.0,6004.0,False,6116.0,6000.0,6004.0,False,1313.0,6000.0,4687.0,False,2692.0,9000.0,6308.0,False,4000.0,15000.0,11000.0,False,6116.0,,193884.0,True,16000.0,,184000.0,True,0.0950644314289093,-0.015123607590794563,6.079673767089844e-05,-0.001590411746552205,0.018590583316181932,232.8880157470703,0.0206933203432804,-0.013559668299313734,-0.016954999911361766,0.12413979321718216,0.7164531946182251,0.008907079696655273,0.22551227110293084,1.0644349022595228,318.884765625,0.050498020943703564,0.9492807316775498,0.32923614838489235,0,1455.0,4981.0,15000.0
ntk_N800_a0.5_wd0.0003_s0,0.5,800,0.0003,0,42,400.0,7.499999999999999e-07,ok,,,200000,200000,307,151.72990608215332,21.6871554851532,2,0c2c9fa139cdb9df0506aa0716a97da613a80d40,True,3.0953745522310783e-07,234.78900146484375,226.68751525878906,0.9654946093917957,0.15795671939849854,0.08859331529586062,0.0801110789179802,0.01347362995147705,1.0,1.0,0.005593918263912201,0.011790350079536438,0.09363151341676712,0.020794046840994396,0.15836502611637115,164000,True,207.0,187.0,6116.0,6000.0,5909.0,False,6776.0,6116.0,6569.0,False,6776.0,6116.0,6569.0,False,2983.0,6776.0,3793.0,False,5000.0,8319.0,3319.0,False,7508.0,,192492.0,True,,,,True,,,,True,0.09368842840194702,-0.10779112577438354,0.00015735626220703125,0.00406438197167726,0.10354906553745667,221.98681640625,0.021002673782804647,-0.1036633737510663,-0.11268074081504367,0.13854822516441345,0.0027921521104872227,0.011800050735473633,0.30179557472754365,0.15385982921634772,217.04344177246094,0.06866073709969679,0.28129566456065386,-0.45850884442102385,0,1786.0,4496.0,7000.0
ntk_N800_a0.5_wd0.0003_s1,0.5,800,0.0003,1,43,400.0,7.499999999999999e-07,ok,,,200000,200000,307,150.45576190948486,21.688720226287842,2,0c2c9fa139cdb9df0506aa0716a97da613a80d40,True,3.165782800351735e-07,235.95555114746094,226.71104431152344,0.960820981786692,0.15596570074558258,0.08678009952391383,0.06903444975614548,0.013971924781799316,1.0,1.0,0.005588753614574671,0.01169472374022007,0.09284210950136185,0.020338137765431516,0.157476007938385,56000,True,346.0,312.0,6116.0,6000.0,5770.0,False,6116.0,6000.0,5770.0,False,6116.0,6000.0,5770.0,False,2983.0,6776.0,3793.0,False,5520.0,8319.0,2799.0,False,8000.0,,192000.0,True,,,,True,,,,True,0.09304244071245193,-0.16855977475643158,0.00033146142959594727,0.009009293290618212,0.15691535777004173,215.81687927246094,0.02077638582764863,-0.1596836672103741,-0.17922890808962808,0.1337480992078781,-0.10878153145313263,0.011559247970581055,0.27808707597917354,0.17709040928000278,208.3369598388672,0.06286097750280337,0.16677418317501397,-0.5637470407480092,0,1979.0,4496.0,7508.0
ntk_N800_a0.5_wd0.0003_s2,0.5,800,0.0003,2,44,400.0,7.499999999999999e-07,ok,,,200000,200000,307,149.01513695716858,20.99372696876526,2,0c2c9fa139cdb9df0506aa0716a97da613a80d40,True,3.073955383570137e-07,234.07850646972656,226.4981689453125,0.9676162598662409,0.15738582611083984,0.08726183993809594,0.09020838141441345,0.01469886302947998,1.0,1.0,0.0056180525571107864,0.011922799982130527,0.09342645108699799,0.020478002477207206,0.1583554446697235,166000,True,522.0,471.0,6000.0,5520.0,5478.0,False,6776.0,6116.0,6254.0,False,6776.0,6116.0,6254.0,False,2983.0,6776.0,3793.0,False,5520.0,8319.0,2799.0,False,7508.0,,192492.0,True,,,,True,,,,True,0.09428168088197708,-0.24009135365486145,0.0006026029586791992,0.026367843768977817,0.21565469092280978,206.0457305908203,0.02157959245403615,-0.21884098993308856,-0.26565498218103095,0.1399695724248886,-0.02049844339489937,0.012630641460418701,0.30253157551656884,0.1586235748019856,216.081298828125,0.06904656259041114,0.2659463749148156,-0.48902290795497305,0,1786.0,4496.0,7000.0
ntk_N800_a0.5_wd0.0003_s3,0.5,800,0.0003,3,45,400.0,7.499999999999999e-07,ok,,,200000,200000,307,157.82455587387085,22.541213274002075,2,0c2c9fa139cdb9df0506aa0716a97da613a80d40,True,3.350895951825805e-07,234.3752899169922,227.0745391845703,0.9688501687400256,0.15549862384796143,0.08687497813760628,0.0696527361869812,0.014278590679168701,1.0,1.0,0.005570555105805397,0.011828327551484108,0.0896715298295021,0.02014054130192231,0.1566200852394104,198000,True,640.0,578.0,6000.0,5520.0,5360.0,False,6000.0,5520.0,5360.0,False,6000.0,5520.0,5360.0,False,2692.0,6776.0,4084.0,False,4981.0,8319.0,3338.0,False,7508.0,,192492.0,True,,,,True,,,,True,0.09123779088258743,-0.2755450904369354,0.0008355975151062012,0.04030105084654677,0.24346251476478437,202.2352294921875,0.021778583659002294,-0.24660988932391623,-0.3102037981903399,0.13205862045288086,-0.09873542934656143,0.011992454528808594,0.28261308948526215,0.17484052432286884,209.17880249023438,0.0632666846965218,0.18289590942857573,-0.5589534497066687,0,2193.0,4981.0,7508.0
ntk_N800_a0.5_wd0.0003_s4,0.5,800,0.0003,4,46,400.0,7.499999999999999e-07,ok,,,200000,200000,307,162.14331793785095,22.30576515197754,2,0c2c9fa139cdb9df0506aa0716a97da613a80d40,True,3.2161005947273225e-07,234.9948272705078,227.0264434814453,0.966091237489709,0.15661580860614777,0.08680654144772339,0.08526333421468735,0.013329625129699707,1.0,1.0,0.005588528700172901,0.011598626151680946,0.09508784115314484,0.02065578513615863,0.15877504646778107,140000,True,640.0,578.0,5520.0,5000.0,4880.0,False,6000.0,5520.0,5360.0,False,6000.0,5520.0,5360.0,False,2692.0,6000.0,3308.0,False,4981.0,8000.0,3019.0,False,7508.0,,192492.0,True,,,,True,,,,True,0.09627531468868256,-0.2739531695842743,0.0008257627487182617,0.03126897994079033,0.24224384836192409,202.59133911132812,0.022190498158704663,-0.24781014978457924,-0.3067284410430115,0.13645733892917633,-0.07015512883663177,0.01177126169204712,0.2789924325705669,0.16290854355084705,210.8291473388672,0.06491056934279849,0.18905675330934943,-0.5049507469876113,0,1455.0,4058.0,6776.0
ntk_N800_a0.5_wd0.001_s0,0.5,800,0.001,0,42,400.0,2.5e-06,ok,,,200000,200000,307,158.18931913375854,21.70304298400879,2,0c2c9fa139cdb9df0506aa0716a97da613a80d40,True,5.262082254375855e-07,234.78900146484375,56.734649658203125,0.24164100236483316,0.10055747628211975,0.0385438898413016,-2.2857859134674072,0.04338967800140381,0.11764705926179886,0.03773584961891174,0.041105709969997406,0.04560604318976402,0.09363151341676712,0.020794046840994396,0.10098720341920853,173000,False,,,,,,True,,,,True,,,,True,,,,True,,,,True,,,,True,,,,True,,,,True,,,,,,,,,,,,,,,,,,,0,126000.0,,
ntk_N800_a0.5_wd0.001_s1,0.5,800,0.001,1,43,400.0,2.5e-06,ok,,,200000,200000,307,159.8294219970703,22.54028582572937,2,0c2c9fa139cdb9df0506aa0716a97da613a80d40,True,4.900542762698024e-07,235.95555114746094,60.72975540161133,0.25737794727134067,0.09942038357257843,0.038068886569708735,-2.1723155975341797,0.044162869453430176,0.14705882966518402,0.01886792480945587,0.04081824794411659,0.04383866488933563,0.09284210950136185,0.020338137765431516,0.09978838264942169,198000,False,,,,,,True,,,,True,,,,True,,,,True,,,,True,,,,True,,,,True,,,,True,,,,,,,,,,,,,,,,,,,0,,,
ntk_N800_a0.5_wd0.001_s2,0.5,800,0.001,2,44,400.0,2.5e-06,ok,,,200000,200000,307,155.5857949256897,21.74662971496582,2,0c2c9fa139cdb9df0506aa0716a97da613a80d40,True,4.686668830800045e-07,234.07850646972656,57.77985763549805,0.2468396543830936,0.10492923110723495,0.041117552688361106,-2.286905288696289,0.048361897468566895,0.14705882966518402,0.0,0.04087194427847862,0.04616399481892586,0.09342645108699799,0.020478002477207206,0.10515158623456955,162906,False,,,,,,True,,,,True,,,,True,,,,True,,,,True,,,,True,,,,True,,,,True,,,,,,,,,,,,,,,,,,,0,45000.0,,
ntk_N800_a0.5_wd0.001_s3,0.5,800,0.001,3,45,400.0,2.5e-06,ok,,,200000,200000,307,148.15858483314514,21.92933416366577,2,0c2c9fa139cdb9df0506aa0716a97da613a80d40,True,4.847747732128482e-07,234.3752899169922,62.26938247680664,0.2656823699241518,0.09523004293441772,0.033362751606578867,-2.086242914199829,0.04107695817947388,0.11764705926179886,0.01886792480945587,0.04087948426604271,0.04498656839132309,0.0896715298295021,0.02014054130192231,0.09544529765844345,197000,False,,,,,,True,,,,True,,,,True,,,,True,,,,True,,,,True,,,,True,,,,True,,,,,,,,,,,,,,,,,,,0,,,
ntk_N800_a0.5_wd0.001_s4,0.5,800,0.001,4,46,400.0,2.5e-06,ok,,,200000,200000,307,135.2685489654541,21.26776146888733,2,0c2c9fa139cdb9df0506aa0716a97da613a80d40,True,5.230932629274321e-07,234.9948272705078,59.248958587646484,0.25212877779409026,0.09857374429702759,0.035851882895568114,-2.186095952987671,0.04636204242706299,0.14075630903244019,0.01886792480945587,0.04105818644165993,0.04512116685509682,0.09508784115314484,0.02065578513615863,0.09876789152622223,185000,False,,,,,,True,,,,True,,,,True,,,,True,,,,True,,,,True,,,,True,,,,True,,,,,,,,,,,,,,,,,,,0,,,
ntk_N800_a0.5_wd0.003_s0,0.5,800,0.003,0,42,400.0,7.5e-06,ok,,,200000,200000,307,102.0730209350586,14.598161220550537,2,0c2c9fa139cdb9df0506aa0716a97da613a80d40,True,4.105059758785501e-07,234.78900146484375,19.6868839263916,0.08384925956312067,0.058637503534555435,3.5209465551466756e-17,-4.1009297370910645,0.02412712574005127,0.05042016878724098,0.03773584961891174,0.04537723585963249,0.04705214872956276,0.09363151341676712,0.020794046840994396,0.09363151341676712,0,False,,,,,,True,,,,True,,,,True,,,,True,,,,True,,,,True,,,,True,,,,True,,,,,,,,,,,,,,,,,,,0,,,
ntk_N800_a0.5_wd0.003_s1,0.5,800,0.003,1,43,400.0,7.5e-06,ok,,,200000,200000,307,94.81550693511963,12.19827675819397,2,0c2c9fa139cdb9df0506aa0716a97da613a80d40,True,4.361524474916223e-07,235.95555114746094,20.453922271728516,0.08668548873828272,0.05846230313181877,4.5333203337050154e-17,-4.048279762268066,0.02805912494659424,0.03781512752175331,0.07547169923782349,0.04588615521788597,0.04445510357618332,0.09284210950136185,0.020338137765431516,0.09284529834985733,4,False,,,,,,True,,,,True,,,,True,,,,True,,,,True,,,,True,,,,True,,,,True,,,,,,,,,,,,,,,,,,,0,,,
ntk_N800_a0.5_wd0.003_s2,0.5,800,0.003,2,44,400.0,7.5e-06,ok,,,200000,200000,307,98.90678715705872,11.987524271011353,2,0c2c9fa139cdb9df0506aa0716a97da613a80d40,True,4.210427846373932e-07,234.07850646972656,18.755098342895508,0.0801231117959184,0.05807548016309738,4.1809546276472265e-17,-4.201574802398682,0.024132847785949707,0.04831932857632637,0.0,0.04542674124240875,0.047621164470911026,0.09342645108699799,0.020478002477207206,0.09343063831329346,3,False,,,,,,True,,,,True,,,,True,,,,True,,,,True,,,,True,,,,True,,,,True,,,,,,,,,,,,,,,,,,,0,,,
ntk_N800_a0.5_wd0.003_s3,0.5,800,0.003,3,45,400.0,7.5e-06,ok,,,200000,200000,307,95.90666699409485,12.021254062652588,2,0c2c9fa139cdb9df0506aa0716a97da613a80d40,True,4.248012714924698e-07,234.3752899169922,25.52558708190918,0.10890903683126954,0.05706024542450905,3.3298559222461055e-17,-3.6266541481018066,0.01985180377960205,0.03781512752175331,0.01886792480945587,0.04584692418575287,0.04584202915430069,0.0896715298295021,0.02014054130192231,0.0896715298295021,0,False,,,,,,True,,,,True,,,,True,,,,True,,,,True,,,,True,,,,True,,,,True,,,,,,,,,,,,,,,,,,,0,,,
ntk_N800_a0.5_wd0.003_s4,0.5,800,0.003,4,46,400.0,7.5e-06,ok,,,200000,200000,307,101.27229595184326,13.48309326171875,2,0c2c9fa139cdb9df0506aa0716a97da613a80d40,True,4.2959496227013005e-07,234.9948272705078,21.318540573120117,0.09071919080405913,0.059939321130514145,4.428288248245482e-17,-3.9648211002349854,0.021370768547058105,0.04831932857632637,0.01886792480945587,0.04576735198497772,0.0461481437087059,0.09508784115314484,0.02065578513615863,0.09508784115314484,0,False,,,,,,True,,,,True,,,,True,,,,True,,,,True,,,,True,,,,True,,,,True,,,,,,,,,,,,,,,,,,,0,,,
ntk_N800_a1_wd0_s0,1.0,800,0.0,0,42,100.0,0.0,ok,,,200000,200000,307,92.74863481521606,12.452284097671509,2,0c2c9fa139cdb9df0506aa0716a97da613a80d40,True,3.1400040256812645e-07,234.78900146484375,338.70416259765625,1.442589561199579,0.10552665591239929,0.03225538819712255,0.798822820186615,0.004974365234375,1.0,0.0,4.2214073903146243e-10,0.052603982388973236,0.09363151341676712,0.020794046840994396,0.10557986050844193,28000,True,74.0,67.0,,,199926.0,True,,,199926.0,True,,,199926.0,True,1069.0,,198931.0,True,2430.0,,197570.0,True,4496.0,,195504.0,True,7508.0,,192492.0,True,10000.0,,190000.0,True,0.0936172679066658,0.0008318539476022124,1.2934207916259766e-05,-0.0026454144439328788,0.005061134500380345,234.84939575195312,0.020799536326752244,0.0011381481691852228,0.0005133669502911046,,,,,,,,,,0,4000.0,,
ntk_N800_a1_wd0_s1,1.0,800,0.0,1,43,100.0,0.0,ok,,,200000,200000,307,99.19389224052429,13.230095148086548,2,0c2c9fa139cdb9df0506aa0716a97da613a80d40,True,3.0766395298087446e-07,235.95555114746094,339.6278991699219,1.439372362795867,0.10474465042352676,0.03148538749096187,0.7852388620376587,0.004955947399139404,1.0,0.01886792480945587,4.199325609466342e-10,0.056556832045316696,0.09284210950136185,0.020338137765431516,0.10478086024522781,25710,True,152.0,137.0,,,199848.0,True,,,199848.0,True,,,199848.0,True,1069.0,,198931.0,True,2692.0,,197308.0,True,4496.0,,195504.0,True,7508.0,,192492.0,True,10214.0,,189786.0,True,0.092805877327919,0.0026047846768051386,3.0100345611572266e-05,-0.004333876705875942,0.008196681451091961,236.11827087402344,0.02034839664549546,0.003412773658415884,0.001617919388876782,,,,,,,,,,0,4496.0,,
ntk_N800_a1_wd0_s2,1.0,800,0.0,2,44,100.0,0.0,ok,,,200000,200000,307,97.28581094741821,12.789017915725708,2,0c2c9fa139cdb9df0506aa0716a97da613a80d40,True,3.119916698324232e-07,234.07850646972656,337.9985656738281,1.4439538715936808,0.10573971271514893,0.03223924360241151,0.7973719835281372,0.004980921745300293,1.0,0.03773584961891174,4.243186912944452e-10,0.05156409367918968,0.09342645108699799,0.020478002477207206,0.10578271746635437,21000,True,169.0,152.0,,,199831.0,True,,,199831.0,True,,,199831.0,True,1069.0,,198931.0,True,2692.0,,197308.0,True,4496.0,,195504.0,True,7508.0,,192492.0,True,10214.0,,189786.0,True,0.09345173090696335,0.0010706413304433227,3.36766242980957e-05,0.0034683931812226265,0.00831842363521431,234.22666931152344,0.020514208294106363,0.0013785996964959693,0.000661484583851574,,,,,,,,,,0,4000.0,,
ntk_N800_a1_wd0_s3,1.0,800,0.0,3,45,100.0,0.0,ok,,,200000,200000,307,95.90240001678467,12.583308935165405,2,0c2c9fa139cdb9df0506aa0716a97da613a80d40,True,3.1533699029751006e-07,234.3752899169922,337.67926025390625,1.4407630615561087,0.10264778137207031,0.03187771524609851,0.7800899744033813,0.004832267761230469,1.0,0.056603774428367615,4.4869402637814915e-10,0.05120823159813881,0.0896715298295021,0.02014054130192231,0.10268393903970718,25000,True,82.0,74.0,,,199918.0,True,,,199918.0,True,,,199918.0,True,1069.0,,198931.0,True,2430.0,,197570.0,True,4496.0,,195504.0,True,7508.0,,192492.0,True,10000.0,,190000.0,True,0.0896737203001976,0.0016107691917568445,1.1682510375976562e-05,0.0006469370999892146,0.005244560139452519,234.4907684326172,0.02014889786883545,0.001736409877979446,0.0014770052489807583,,,,,,,,,,0,6116.0,,
ntk_N800_a1_wd0_s4,1.0,800,0.0,4,46,100.0,0.0,ok,,,200000,200000,307,94.02917909622192,11.847976684570312,2,0c2c9fa139cdb9df0506aa0716a97da613a80d40,True,3.067522698074754e-07,234.9948272705078,337.0797119140625,1.4344133265794932,0.10710785537958145,0.03236878141342646,0.7823965549468994,0.004900038242340088,1.0,0.09433962404727936,4.622105476137506e-10,0.049295417964458466,0.09508784115314484,0.02065578513615863,0.1072000041604042,17057,True,152.0,137.0,,,199848.0,True,,,199848.0,True,,,199848.0,True,1069.0,,198931.0,True,2430.0,,197570.0,True,4496.0,,195504.0,True,7508.0,,192492.0,True,10000.0,,190000.0,True,0.09508871287107468,0.002841128269210458,2.8967857360839844e-05,0.000487564438255091,0.008271318717342931,235.19728088378906,0.020680973301904104,0.0035339024212815563,0.0020540638526506147,,,,,,,,,,0,3000.0,,
ntk_N800_a1_wd3e-06_s0,1.0,800,3e-06,0,42,100.0,3.0000000000000004e-08,ok,,,200000,200000,307,94.39187622070312,12.033090114593506,2,0c2c9fa139cdb9df0506aa0716a97da613a80d40,True,3.038813360944914e-07,234.78900146484375,286.9001770019531,1.221948963588536,0.11438890546560287,0.04107351994444143,0.5084308981895447,0.0069869160652160645,1.0,0.5849056839942932,8.335661732417066e-06,0.034707024693489075,0.09363151341676712,0.020794046840994396,0.11438890546560287,200000,True,74.0,67.0,,,199926.0,True,,,199926.0,True,,,199926.0,True,1069.0,,198931.0,True,2692.0,,197308.0,True,4496.0,,195504.0,True,7508.0,,192492.0,True,11000.0,,189000.0,True,0.09361686557531357,0.0004080893413629383,1.2576580047607422e-05,-0.002737806058550689,0.0050052485539595765,234.79754638671875,0.020799218306341773,0.0007257360200173834,7.497817672793175e-05,,,,,,,,,,0,4000.0,,
ntk_N800_a1_wd3e-06_s1,1.0,800,3e-06,1,43,100.0,3.0000000000000004e-08,ok,,,200000,200000,307,96.24725794792175,11.925488948822021,2,0c2c9fa139cdb9df0506aa0716a97da613a80d40,True,3.031834978628467e-07,235.95555114746094,288.0086975097656,1.220605728956866,0.1135522648692131,0.03998918746671386,0.4947238564491272,0.007030129432678223,1.0,0.37735849618911743,8.311545570904855e-06,0.03910119831562042,0.09284210950136185,0.020338137765431516,0.11363508552312851,199000,True,152.0,137.0,,,199848.0,True,,,199848.0,True,,,199848.0,True,1069.0,,198931.0,True,2692.0,,197308.0,True,4981.0,,195019.0,True,8000.0,,192000.0,True,11000.0,,189000.0,True,0.09280151128768921,0.0017600059509277344,2.9981136322021484e-05,-0.00491110611035944,0.00794713301373979,236.01222229003906,0.020348118216742477,0.002604799138968281,0.0007279374421940721,,,,,,,,,,0,4496.0,,
ntk_N800_a1_wd3e-06_s2,1.0,800,3e-06,2,44,100.0,3.0000000000000004e-08,ok,,,200000,200000,307,97.1009361743927,12.048841714859009,2,0c2c9fa139cdb9df0506aa0716a97da613a80d40,True,3.005276028034132e-07,234.07850646972656,286.73504638671875,1.2249524773168452,0.11454257369041443,0.04105806066451081,0.5083639025688171,0.007131099700927734,1.0,0.6226415038108826,8.303113645524718e-06,0.03440908342599869,0.09342645108699799,0.020478002477207206,0.11454257369041443,200000,True,169.0,152.0,,,199831.0,True,,,199831.0,True,,,199831.0,True,1069.0,,198931.0,True,2692.0,,197308.0,True,4981.0,,195019.0,True,7508.0,,192492.0,True,11000.0,,189000.0,True,0.09345253556966782,2.169585604860913e-05,3.361701965332031e-05,0.0035656136313372243,0.008244078619405204,234.10972595214844,0.020514909270085528,0.00028026020571778,-0.0003288065352798396,,,,,,,,,,0,4000.0,,
ntk_N800_a1_wd3e-06_s3,1.0,800,3e-06,3,45,100.0,3.0000000000000004e-08,ok,,,200000,200000,307,95.88405990600586,11.922353506088257,2,0c2c9fa139cdb9df0506aa0716a97da613a80d40,True,3.005640962783218e-07,234.3752899169922,286.6878662109375,1.223200049427022,0.1111699715256691,0.04034828109737887,0.4932367503643036,0.007146954536437988,1.0,0.5283018946647644,8.320205779455137e-06,0.03572958707809448,0.0896715298295021,0.02014054130192231,0.1111699715256691,200000,True,82.0,74.0,,,199918.0,True,,,199918.0,True,,,199918.0,True,1069.0,,198931.0,True,2430.0,,197570.0,True,4496.0,,195504.0,True,7508.0,,192492.0,True,11000.0,,189000.0,True,0.08967465907335281,0.0011102947173640132,1.2040138244628906e-05,0.0008398872661603138,0.0051116700167853045,234.43365478515625,0.020148445347645955,0.001224284134246702,0.000993006253701492,,,,,,,,,,0,6000.0,,
ntk_N800_a1_wd3e-06_s4,1.0,800,3e-06,4,46,100.0,3.0000000000000004e-08,ok,,,200000,200000,307,99.02322292327881,12.354841709136963,2,0c2c9fa139cdb9df0506aa0716a97da613a80d40,True,3.026306671927159e-07,234.9948272705078,284.96405029296875,1.212639672127507,0.11585881561040878,0.04126325695320274,0.4887338876724243,0.007305622100830078,1.0,0.6415094137191772,8.06334355729632e-06,0.03323500603437424,0.09508784115314484,0.02065578513615863,0.11585881561040878,200000,True,137.0,124.0,,,199863.0,True,,,199863.0,True,,,199863.0,True,1069.0,,198931.0,True,2692.0,,197308.0,True,4496.0,,195504.0,True,7508.0,,192492.0,True,10214.0,,189786.0,True,0.09507804363965988,0.0018914919346570969,2.5510787963867188e-05,-0.0009977320114305255,0.007517499450226536,235.07467651367188,0.020674375140490076,0.0026102485204652645,0.0010494673892088243,,,,,,,,,,0,3000.0,,
ntk_N800_a1_wd1e-05_s0,1.0,800,1e-05,0,42,100.0,1.0000000000000001e-07,ok,,,200000,200000,307,95.19103908538818,11.46648621559143,2,0c2c9fa139cdb9df0506aa0716a97da613a80d40,True,3.3527001619404473e-07,234.78900146484375,236.72662353515625,1.00825261003805,0.131521075963974,0.059374952922965685,0.16278421878814697,0.01018679141998291,1.0,1.0,7.308920612558722e-05,0.01187774445861578,0.09363151341676712,0.020794046840994396,0.1315491795539856,199000,True,74.0,67.0,82000.0,81000.0,81926.0,False,87000.0,86000.0,86926.0,False,87000.0,86000.0,86926.0,False,1069.0,78000.0,76931.0,False,2692.0,125000.0,122308.0,False,4981.0,,195019.0,True,8000.0,,192000.0,True,11317.0,,188683.0,True,0.093617282807827,-0.0006101204198785126,1.2636184692382812e-05,-0.002649529472147138,0.005024809602578488,234.6769256591797,0.020799258441932117,-0.0002871470477660067,-0.0009480747571572104,0.11868178844451904,0.38340866565704346,0.007782042026519775,0.20795090853035483,0.49110810859036547,268.0135192871094,0.04566446601266218,0.6361232921959339,-0.03487159493915044,0,3662.0,96000.0,
ntk_N800_a1_wd1e-05_s1,1.0,800,1e-05,1,43,100.0,1.0000000000000001e-07,ok,,,200000,200000,307,96.96160888671875,12.327521085739136,2,0c2c9fa139cdb9df0506aa0716a97da613a80d40,True,3.3673009625090344e-07,235.95555114746094,238.9008026123047,1.0124822300239213,0.12941057980060577,0.057100263816322494,0.15844449400901794,0.010226190090179443,1.0,1.0,7.409647514577955e-05,0.013517655432224274,0.09284210950136185,0.020338137765431516,0.12949635088443756,199000,True,152.0,137.0,122000.0,121000.0,121848.0,False,129000.0,128000.0,128848.0,False,129000.0,128000.0,128848.0,False,1185.0,94000.0,92815.0,False,2692.0,144000.0,141308.0,False,4981.0,,195019.0,True,8319.0,,191681.0,True,12000.0,,188000.0,True,0.09280502796173096,-0.00039370657759718597,2.9861927032470703e-05,-0.004440602563637962,0.007777708870927015,235.76513671875,0.02034788344017776,0.0003950553218555818,-0.0013486200267799461,0.12284969538450241,0.2708718478679657,0.008911550045013428,0.2324876182054322,0.3466361686454889,254.58511352539062,0.049694443313824915,0.5395246490976074,-0.18278779467617018,0,4496.0,106000.0,
ntk_N800_a1_wd1e-05_s2,1.0,800,1e-05,2,44,100.0,1.0000000000000001e-07,ok,,,200000,200000,307,100.18443298339844,12.438901901245117,2,0c2c9fa139cdb9df0506aa0716a97da613a80d40,True,3.275242193012673e-07,234.07850646972656,237.42079162597656,1.0142784795009885,0.1315409541130066,0.05886228683401555,0.16642935574054718,0.010421156883239746,1.0,1.0,7.413932326016948e-05,0.012443622574210167,0.09342645108699799,0.020478002477207206,0.1315409541130066,200000,True,187.0,169.0,88000.0,87000.0,87813.0,False,108000.0,107000.0,107813.0,False,108000.0,107000.0,107813.0,False,1185.0,78000.0,76815.0,False,2692.0,130000.0,127308.0,False,4981.0,,195019.0,True,8000.0,,192000.0,True,12000.0,,188000.0,True,0.09344866871833801,-0.0021354095079004765,3.838539123535156e-05,0.002913622786897716,0.00915628747412468,233.83143615722656,0.020519820069942688,-0.0016398278936390384,-0.002770043258847766,0.12156432867050171,0.32927191257476807,0.008631229400634766,0.22174750531542867,0.41959283342220416,259.95318603515625,0.04848226145174757,0.5991779059481133,-0.11621442512513695,0,4000.0,97545.0,
ntk_N800_a1_wd1e-05_s3,1.0,800,1e-05,3,45,100.0,1.0000000000000001e-07,ok,,,200000,200000,307,99.56865096092224,11.80111289024353,2,0c2c9fa139cdb9df0506aa0716a97da613a80d40,True,3.328111120026733e-07,234.3752899169922,236.8188934326172,1.0104260287698863,0.12867921590805054,0.058429590178089984,0.14469288289546967,0.010612845420837402,1.0,1.0,7.292733062058687e-05,0.012731892056763172,0.0896715298295021,0.02014054130192231,0.12884581089019775,198000,True,82.0,74.0,92000.0,91000.0,91918.0,False,115000.0,114000.0,114918.0,False,115000.0,114000.0,114918.0,False,1069.0,82000.0,80931.0,False,2692.0,132692.0,130000.0,False,4981.0,,195019.0,True,8000.0,,192000.0,True,11317.0,,188683.0,True,0.08967108279466629,4.8993817472364753e-05,1.1980533599853516e-05,0.00011676459780370847,0.004998571946821659,234.30067443847656,0.020148360512574254,0.00022194120405561997,-0.0001363275146848435,0.11933662742376328,0.2948565185070038,0.00893181562423706,0.22938056456577516,0.3762866380399501,257.1824035644531,0.04874511033413964,0.5661164885957802,-0.15497399018537827,0,6000.0,120000.0,
ntk_N800_a1_wd1e-05_s4,1.0,800,1e-05,4,46,100.0,1.0000000000000001e-07,ok,,,200000,200000,307,96.33444285392761,11.49109935760498,2,0c2c9fa139cdb9df0506aa0716a97da613a80d40,True,3.2544826922276116e-07,234.9948272705078,236.34024047851562,1.0057252886101151,0.13242340087890625,0.05921948025752413,0.14817515015602112,0.010876238346099854,1.0,1.0,7.412621926050633e-05,0.011966943740844727,0.09508784115314484,0.02065578513615863,0.13242340087890625,200000,True,137.0,124.0,88000.0,87000.0,87863.0,False,90000.0,89000.0,89863.0,False,90000.0,89000.0,89863.0,False,1069.0,73000.0,71931.0,False,2692.0,124000.0,121308.0,False,4981.0,,195019.0,True,8000.0,,192000.0,True,11317.0,,188683.0,True,0.0950801745057106,2.145764938177308e-06,2.485513687133789e-05,-0.00071482701908391,0.007261147583008548,234.8524169921875,0.02067413401402155,0.0007184751900072466,-0.0008257081639019964,0.12045846879482269,0.35617148876190186,0.008181214332580566,0.2057569580379435,0.4543398960867144,265.09417724609375,0.04625714003157423,0.5942039800571967,-0.04504670222419638,0,2983.0,88000.0,
ntk_N800_a1_wd3e-05_s0,1.0,800,3e-05,0,42,100.0,3e-07,ok,,,200000,200000,307,96.38876700401306,12.288866758346558,2,0c2c9fa139cdb9df0506aa0716a97da613a80d40,True,3.097161425102968e-07,234.78900146484375,207.03001403808594,0.8817704949824308,0.14664284884929657,0.07569697008016166,-0.08881881088018417,0.01291191577911377,1.0,1.0,0.0005419732769951224,0.006387518718838692,0.09363151341676712,0.020794046840994396,0.14705288410186768,198000,True,82.0,74.0,30000.0,29000.0,29918.0,False,31000.0,30000.0,30918.0,False,31000.0,30000.0,30918.0,False,1185.0,28000.0,26815.0,False,2983.0,42937.0,39954.0,False,5520.0,80000.0,74480.0,False,10000.0,,190000.0,True,18000.0,,182000.0,True,0.09361950308084488,-0.003974218387156725,1.4483928680419922e-05,-0.0020587233463041535,0.006575864279807148,234.28536987304688,0.02080239041618212,-0.0036628265173684177,-0.004298032738436132,0.12033933401107788,0.26909101009368896,0.007957637310028076,0.21900596687596158,0.3408410081172426,253.0023193359375,0.04760135568933453,0.5214022414843894,-0.14728258816855264,0,3662.0,31000.0,95000.0
ntk_N800_a1_wd3e-05_s1,1.0,800,3e-05,1,43,100.0,3e-07,ok,,,200000,200000,307,97.75609707832336,12.200570583343506,2,0c2c9fa139cdb9df0506aa0716a97da613a80d40,True,3.087215247887798e-07,235.95555114746094,208.08680725097656,0.8818898569626458,0.14408250153064728,0.07380493263251406,-0.09983827918767929,0.012885808944702148,1.0,1.0,0.000546824827324599,0.006944321561604738,0.09284210950136185,0.020338137765431516,0.1442437767982483,198000,True,152.0,137.0,40000.0,39000.0,39848.0,False,42937.0,42000.0,42785.0,False,42937.0,42000.0,42785.0,False,1185.0,31564.0,30379.0,False,2983.0,49000.0,46017.0,False,5520.0,91000.0,85480.0,False,10000.0,,190000.0,True,18000.0,,182000.0,True,0.09280624985694885,-0.006312823388725519,3.159046173095703e-05,-0.004253478484746475,0.009993693011765229,235.05999755859375,0.020348135529490004,-0.0055196230110936455,-0.00728164865624633,0.12411036342382431,0.17335352301597595,0.008991777896881104,0.24098605238628934,0.23919601362431553,242.18971252441406,0.051246652569416844,0.4414702990752852,-0.27777062958962756,0,4496.0,34000.0,115000.0
ntk_N800_a1_wd3e-05_s2,1.0,800,3e-05,2,44,100.0,3e-07,ok,,,200000,200000,307,98.53665113449097,11.84022331237793,2,0c2c9fa139cdb9df0506aa0716a97da613a80d40,True,3.011532783148141e-07,234.07850646972656,207.64059448242188,0.8870553628095542,0.14742045104503632,0.07531475491333897,-0.09092181921005249,0.013429701328277588,1.0,1.0,0.0005480566178448498,0.006271570920944214,0.09342645108699799,0.020478002477207206,0.14742045104503632,200000,True,187.0,169.0,30000.0,29000.0,29813.0,False,36000.0,35000.0,35813.0,False,36000.0,35000.0,35813.0,False,1185.0,28000.0,26815.0,False,2983.0,45000.0,42017.0,False,5520.0,82000.0,76480.0,False,10000.0,,190000.0,True,18000.0,,182000.0,True,0.09344572573900223,-0.009384481236338615,3.9458274841308594e-05,0.002607384292454147,0.012849526121635268,232.97256469726562,0.020518749259789176,-0.008854981205623889,-0.010062085163066526,0.12260612845420837,0.23230423033237457,0.008665740489959717,0.2292904473645834,0.3004139474503773,247.51133728027344,0.049719373100318945,0.5005273551401525,-0.20863092712164297,0,4000.0,31000.0,94000.0
ntk_N800_a1_wd3e-05_s3,1.0,800,3e-05,3,45,100.0,3e-07,ok,,,200000,200000,307,97.22568559646606,11.869431018829346,2,0c2c9fa139cdb9df0506aa0716a97da613a80d40,True,3.070236687108263e-07,234.3752899169922,207.54103088378906,0.8855073030834142,0.14476266503334045,0.07496682037172646,-0.11073893308639526,0.0134621262550354,1.0,1.0,0.0005361600196920335,0.006337741855531931,0.0896715298295021,0.02014054130192231,0.1448969841003418,196000,True,82.0,74.0,31564.0,31000.0,31482.0,False,38751.0,38000.0,38669.0,False,38751.0,38000.0,38669.0,False,1185.0,28487.0,27302.0,False,2983.0,45000.0,42017.0,False,5520.0,85000.0,79480.0,False,10000.0,,190000.0,True,18000.0,,182000.0,True,0.08967255800962448,-0.003177978564053774,1.1563301086425781e-05,0.00040995566515539223,0.005896153128207114,233.92044067382812,0.020147893541114004,-0.003002685320970485,-0.0033630835211301458,0.12089698761701584,0.1940363496541977,0.00898057222366333,0.24051342968935172,0.2601176137426827,244.33535766601562,0.05043312080360968,0.4653787389890595,-0.2554328613310091,0,5520.0,37000.0,114000.0
ntk_N800_a1_wd3e-05_s4,1.0,800,3e-05,4,46,100.0,3e-07,ok,,,200000,200000,307,95.61977195739746,12.114375829696655,2,0c2c9fa139cdb9df0506aa0716a97da613a80d40,True,3.16822507784309e-07,234.9948272705078,207.89500427246094,0.8846790658636428,0.1460975706577301,0.07422215685009298,-0.09009913355112076,0.013287365436553955,1.0,1.0,0.0005449154414236546,0.006276427768170834,0.09508784115314484,0.02065578513615863,0.14631341397762299,189000,True,137.0,124.0,30000.0,29000.0,29863.0,False,31000.0,30000.0,30863.0,False,31000.0,30000.0,30863.0,False,1185.0,26000.0,24815.0,False,2983.0,42000.0,39017.0,False,5520.0,80000.0,74480.0,False,10000.0,,190000.0,True,17000.0,,183000.0,True,0.09508063644170761,-0.005423563998192549,2.5153160095214844e-05,-0.0006462232917828654,0.009062682541546177,234.21812438964844,0.020673697997896853,-0.004767809874824485,-0.006183533558798315,0.12176050990819931,0.25291189551353455,0.00840681791305542,0.21326865745785079,0.32321166874332796,251.6014404296875,0.0477045191666715,0.4904190160706862,-0.14625247554049672,0,2983.0,28000.0,95000.0
ntk_N800_a1_wd0.0001_s0,1.0,800,0.0001,0,42,100.0,1e-06,ok,,,200000,200000,307,101.95554184913635,12.280007600784302,2,0c2c9fa139cdb9df0506aa0716a97da613a80d40,True,3.2480494382980396e-07,234.78900146484375,179.21885681152344,0.7633187913121172,0.15303300321102142,0.08267156947579668,-0.3539457321166992,0.013540387153625488,1.0,1.0,0.0033487204927951097,0.009442957118153572,0.09363151341676712,0.020794046840994396,0.15372492372989655,195000,True,124.0,112.0,15000.0,14000.0,14876.0,False,17000.0,16000.0,16876.0,False,17000.0,16000.0,16876.0,False,1455.0,15000.0,13545.0,False,4981.0,20000.0,15019.0,False,11000.0,56000.0,45000.0,False,,,,True,,,,True,0.09363171458244324,-0.02304280363023281,2.4557113647460938e-05,0.00035212612660149087,0.023757273218096616,232.0514373779297,0.020817414997914552,-0.022628119409113318,-0.023495850628161535,0.129845529794693,-0.18327318131923676,0.009740114212036133,0.267830498857481,0.21038062008476122,198.50514221191406,0.05833434169167945,0.08889366101585557,-0.6392810692438807,0,3662.0,12000.0,26000.0
ntk_N800_a1_wd0.0001_s1,1.0,800,0.0001,1,43,100.0,1e-06,ok,,,200000,200000,307,95.57470893859863,12.049571514129639,2,0c2c9fa139cdb9df0506aa0716a97da613a80d40,True,3.2739527000558155e-07,235.95555114746094,179.53472900390625,0.7608836839431068,0.15077845752239227,0.08163495581905097,-0.3712676465511322,0.013537704944610596,1.0,1.0,0.00338321877643466,0.009428075514733791,0.09284210950136185,0.020338137765431516,0.1512831151485443,182000,True,137.0,124.0,16000.0,15395.0,15863.0,False,17000.0,16000.0,16863.0,False,17000.0,16000.0,16863.0,False,1455.0,15000.0,13545.0,False,4981.0,20941.0,15960.0,False,11000.0,60000.0,49000.0,False,,,,True,,,,True,0.09280341118574142,-0.024589771404862404,2.5987625122070312e-05,-0.005017907590191536,0.025329015589306957,232.9226531982422,0.020343459631706792,-0.023933301245747683,-0.025386621834520364,0.12793104350566864,-0.19540144503116608,0.009797215461730957,0.2589163251665431,0.2182238010598903,199.21827697753906,0.05613627457938293,0.07917296041488711,-0.6570780165477379,0,4000.0,12539.0,30000.0
ntk_N800_a1_wd0.0001_s2,1.0,800,0.0001,2,44,100.0,1e-06,ok,,,200000,200000,307,97.28574013710022,12.39643931388855,2,0c2c9fa139cdb9df0506aa0716a97da613a80d40,True,3.097078433711431e-07,234.07850646972656,179.3321533203125,0.7661196921704795,0.15363818407058716,0.0824450644179595,-0.35877755284309387,0.013979911804199219,1.0,1.0,0.0033914102241396904,0.009390505962073803,0.09342645108699799,0.020478002477207206,0.15413975715637207,191000,True,207.0,187.0,15000.0,14000.0,14793.0,False,15000.0,14000.0,14793.0,False,15000.0,14000.0,14793.0,False,1455.0,15000.0,13545.0,False,4981.0,20941.0,15960.0,False,11000.0,62000.0,51000.0,False,,,,True,,,,True,0.09343761205673218,-0.037939075380563736,4.4345855712890625e-05,0.001621250940574227,0.038378676376135734,229.58702087402344,0.020522131753281818,-0.03696478730616398,-0.03914809363713996,0.1264674812555313,-0.17225752770900726,0.009666502475738525,0.24579025489335876,0.20325697543365515,200.0806427001953,0.05431876120620938,0.10535809220727181,-0.6305313517701722,0,3662.0,12000.0,25710.0
ntk_N800_a1_wd0.0001_s3,1.0,800,0.0001,3,45,100.0,1e-06,ok,,,200000,200000,307,93.852863073349,11.759471416473389,2,0c2c9fa139cdb9df0506aa0716a97da613a80d40,True,3.255534011259442e-07,234.3752899169922,179.90185546875,0.7675803005191595,0.15082702040672302,0.08151401593851706,-0.3713206350803375,0.014626502990722656,1.0,1.0,0.0033364398404955864,0.009281599894165993,0.0896715298295021,0.02014054130192231,0.15118107199668884,147025,True,254.0,230.0,15000.0,14000.0,14746.0,False,15000.0,14000.0,14746.0,False,15000.0,14000.0,14746.0,False,1455.0,15000.0,13545.0,False,4981.0,20941.0,15960.0,False,10214.0,57000.0,46786.0,False,,,,True,,,,True,0.08975283801555634,-0.04372057691216469,6.026029586791992e-05,0.007916956187597097,0.04410901091859612,229.08871459960938,0.020232895476099837,-0.0424281784729735,-0.04520440175831216,0.12391526997089386,-0.18822228908538818,0.009807229042053223,0.2524393545914264,0.2137347801259895,200.38302612304688,0.05400048802957398,0.08800519975401715,-0.645404725374093,0,4981.0,13894.0,30000.0
ntk_N800_a1_wd0.0001_s4,1.0,800,0.0001,4,46,100.0,1e-06,ok,,,200000,200000,307,96.47446608543396,12.944786310195923,2,0c2c9fa139cdb9df0506aa0716a97da613a80d40,True,3.0802692663201015e-07,234.9948272705078,179.8149871826172,0.76518700122547,0.1531376987695694,0.08210956899793848,-0.3639502227306366,0.01347804069519043,1.0,1.0,0.003383428556844592,0.00914261769503355,0.09508784115314484,0.02065578513615863,0.15337952971458435,192000,True,230.0,207.0,13894.0,13000.0,13664.0,False,15000.0,14000.0,14770.0,False,15000.0,14000.0,14770.0,False,1455.0,13894.0,12439.0,False,4981.0,19000.0,14019.0,False,10000.0,50000.0,40000.0,False,,,,True,,,,True,0.09509851783514023,-0.03979746624827385,5.6743621826171875e-05,0.0015146802792040273,0.04041245488870781,230.12420654296875,0.020711681843612918,-0.03853341669996054,-0.0412637172349693,0.1282508224248886,-0.17889472842216492,0.009763717651367188,0.24567157253960284,0.20775461549956972,200.07872009277344,0.0553619233955583,0.0726881876539232,-0.6049191295662933,0,2983.0,11000.0,25710.0
ntk_N800_a1_wd0.0003_s0,1.0,800,0.0003,0,42,100.0,2.9999999999999997e-06,ok,,,200000,200000,307,98.42463207244873,12.368674755096436,2,0c2c9fa139cdb9df0506aa0716a97da613a80d40,True,3.5117008678753336e-07,234.78900146484375,122.00077819824219,0.51961879575739,0.14121368527412415,0.07341108584641051,-1.0520610809326172,0.017044544219970703,1.0,0.8679245114326477,0.020157983526587486,0.030730487778782845,0.09363151341676712,0.020794046840994396,0.14160113036632538,153000,True,20000.0,19000.0,,,180000.0,True,,,180000.0,True,,,180000.0,True,16000.0,,184000.0,True,,,,True,,,,True,,,,True,,,,True,0.12827587127685547,-1.2311828136444092,0.01800704002380371,0.19315468515232645,0.7154388344477031,109.12646484375,0.06057943576120925,-0.9679481000158391,-1.612138405094538,,,,,,,,,,0,8000.0,16000.0,78000.0
ntk_N800_a1_wd0.0003_s1,1.0,800,0.0003,1,43,100.0,2.9999999999999997e-06,ok,,,200000,200000,307,91.28591680526733,11.54395604133606,2,0c2c9fa139cdb9df0506aa0716a97da613a80d40,True,3.3616530004110245e-07,235.95555114746094,123.39530944824219,0.5229599763521817,0.1372850239276886,0.070187203085218,-1.0357334613800049,0.01747274398803711,1.0,0.9433962106704712,0.019908638671040535,0.02911256067454815,0.09284210950136185,0.020338137765431516,0.13785575330257416,184000,True,22000.0,21000.0,,,178000.0,True,,,178000.0,True,,,178000.0,True,16000.0,47000.0,31000.0,False,132000.0,,68000.0,True,,,,True,,,,True,,,,True,0.12626118957996368,-1.1599340438842773,0.017230987548828125,0.1902723518407835,0.6943176642474727,113.77566528320312,0.05957184805868383,-0.8906143677816208,-1.555496966582969,,,,,,,,,,0,10000.0,18000.0,
ntk_N800_a1_wd0.0003_s2,1.0,800,0.0003,2,44,100.0,2.9999999999999997e-06,ok,,,200000,200000,307,99.60937786102295,12.402602910995483,2,0c2c9fa139cdb9df0506aa0716a97da613a80d40,True,3.595161217617715e-07,234.07850646972656,121.77500915527344,0.5202314855465922,0.14111042022705078,0.07194314539080171,-1.0476694107055664,0.019016623497009277,1.0,0.9056603908538818,0.020238535478711128,0.0310218408703804,0.09342645108699799,0.020478002477207206,0.14199614524841309,141000,True,22000.0,21000.0,,,178000.0,True,,,178000.0,True,,,178000.0,True,16000.0,,184000.0,True,,,,True,,,,True,,,,True,,,,True,0.13121092319488525,-1.1905624866485596,0.018601059913635254,0.20677033107616416,0.704029619851142,112.06668853759766,0.0625529181680093,-0.9144520822196772,-1.5944661570795082,,,,,,,,,,0,8000.0,16000.0,50000.0
ntk_N800_a1_wd0.0003_s3,1.0,800,0.0003,3,45,100.0,2.9999999999999997e-06,ok,,,200000,200000,307,97.66289591789246,12.383589506149292,2,0c2c9fa139cdb9df0506aa0716a97da613a80d40,True,3.835793336293136e-07,234.3752899169922,123.68527221679688,0.5277231753424263,0.13750186562538147,0.06977117718392736,-1.0292232036590576,0.018107593059539795,1.0,0.9245283007621765,0.019964318722486496,0.03022412583231926,0.0896715298295021,0.02014054130192231,0.1381194144487381,157000,True,20941.0,20000.0,,,179059.0,True,,,179059.0,True,,,179059.0,True,15395.0,,184605.0,True,165000.0,,35000.0,True,,,,True,,,,True,,,,True,0.1264665424823761,-1.1760605573654175,0.018119633197784424,0.2035541708721653,0.6995449970589991,113.04203033447266,0.05914181815689028,-0.9082876722525105,-1.5579503682014553,,,,,,,,,,0,9218.0,17000.0,
ntk_N800_a1_wd0.0003_s4,1.0,800,0.0003,4,46,100.0,2.9999999999999997e-06,ok,,,200000,200000,307,95.4301769733429,12.405449390411377,2,0c2c9fa139cdb9df0506aa0716a97da613a80d40,True,3.4766895851134905e-07,234.9948272705078,122.97213745117188,0.5232972098982243,0.14032933115959167,0.07090872596225245,-1.0363163948059082,0.01619136333465576,1.0,0.9245283007621765,0.020135048776865005,0.030144739896059036,0.09508784115314484,0.02065578513615863,0.14093366265296936,172000,True,23000.0,22000.0,,,177000.0,True,,,177000.0,True,,,177000.0,True,15000.0,,185000.0,True,,,,True,,,,True,,,,True,,,,True,0.13167309761047363,-1.1418684720993042,0.016615986824035645,0.21118067886960107,0.6885260160623248,115.07099914550781,0.062378122784712,-0.892381080145199,-1.515267492248835,,,,,,,,,,0,6776.0,16000.0,95000.0
ntk_N800_a1_wd0.001_s0,1.0,800,0.001,0,42,100.0,1e-05,ok,,,200000,200000,307,94.69548392295837,11.787850618362427,2,0c2c9fa139cdb9df0506aa0716a97da613a80d40,True,3.7469470726136933e-07,234.78900146484375,31.106412887573242,0.13248666970556958,0.06129581481218338,0.004709191558809925,-3.01544189453125,0.11288762092590332,0.04621848836541176,0.03773584961891174,0.051379039883613586,0.05603061616420746,0.09363151341676712,0.020794046840994396,0.09363151341676712,0,False,,,,,,True,,,,True,,,,True,,,,True,,,,True,,,,True,,,,True,,,,True,,,,,,,,,,,,,,,,,,,0,,,
ntk_N800_a1_wd0.001_s1,1.0,800,0.001,1,43,100.0,1e-05,ok,,,200000,200000,307,99.11959409713745,12.338863611221313,2,0c2c9fa139cdb9df0506aa0716a97da613a80d40,True,3.9041788113536313e-07,235.95555114746094,36.11437225341797,0.15305582800570863,0.06046822667121887,0.005217454119383338,-2.760587692260742,0.10938417911529541,0.04411764815449715,0.01886792480945587,0.05159022659063339,0.052032168954610825,0.09284210950136185,0.020338137765431516,0.09284385293722153,9,False,,,,,,True,,,,True,,,,True,,,,True,,,,True,,,,True,,,,True,,,,True,,,,,,,,,,,,,,,,,,,0,,,
ntk_N800_a1_wd0.001_s2,1.0,800,0.001,2,44,100.0,1e-05,ok,,,200000,200000,307,98.77883911132812,11.750470876693726,2,0c2c9fa139cdb9df0506aa0716a97da613a80d40,True,4.012082683857443e-07,234.07850646972656,32.74816131591797,0.13990247037120984,0.06055402755737305,0.004557552673670653,-2.906864881515503,0.13212436437606812,0.04831932857632637,0.0,0.05122660845518112,0.056985143572092056,0.09342645108699799,0.020478002477207206,0.09343072026968002,7,False,,,,,,True,,,,True,,,,True,,,,True,,,,True,,,,True,,,,True,,,,True,,,,,,,,,,,,,,,,,,,0,,,
ntk_N800_a1_wd0.001_s3,1.0,800,0.001,3,45,100.0,1e-05,ok,,,200000,200000,307,97.49626684188843,12.2985200881958,2,0c2c9fa139cdb9df0506aa0716a97da613a80d40,True,3.996069608547259e-07,234.3752899169922,38.20612716674805,0.16301260760159217,0.05922628194093704,0.004006965562136182,-2.637307643890381,0.10252487659454346,0.04621848836541176,0.01886792480945587,0.05131376162171364,0.053268950432538986,0.0896715298295021,0.02014054130192231,0.0896715298295021,0,False,,,,,,True,,,,True,,,,True,,,,True,,,,True,,,,True,,,,True,,,,True,,,,,,,,,,,,,,,,,,,0,,,
ntk_N800_a1_wd0.001_s4,1.0,800,0.001,4,46,100.0,1e-05,ok,,,200000,200000,307,94.18677186965942,11.570509195327759,2,0c2c9fa139cdb9df0506aa0716a97da613a80d40,True,3.8405946156672144e-07,234.9948272705078,33.8870735168457,0.14420348698925842,0.06327877938747406,0.004906586478698938,-2.851743459701538,0.12160646915435791,0.05042016878724098,0.01886792480945587,0.05166855826973915,0.05426856502890587,0.09508784115314484,0.02065578513615863,0.09508820623159409,1,False,,,,,,True,,,,True,,,,True,,,,True,,,,True,,,,True,,,,True,,,,True,,,,,,,,,,,,,,,,,,,0,,,
ntk_N800_a1_wd0.003_s0,1.0,800,0.003,0,42,100.0,3e-05,ok,,,200000,200000,307,95.1733341217041,11.988632678985596,2,0c2c9fa139cdb9df0506aa0716a97da613a80d40,True,4.054376745443733e-07,234.78900146484375,13.720629692077637,0.05843812787854163,0.058091700077056885,3.079811796216636e-17,-4.8039069175720215,0.032909393310546875,0.04411764815449715,0.03773584961891174,0.05691038817167282,0.060323845595121384,0.09363151341676712,0.020794046840994396,0.09363151341676712,0,False,,,,,,True,,,,True,,,,True,,,,True,,,,True,,,,True,,,,True,,,,True,,,,,,,,,,,,,,,,,,,0,,,
ntk_N800_a1_wd0.003_s1,1.0,800,0.003,1,43,100.0,3e-05,ok,,,200000,200000,307,97.27830791473389,11.571261882781982,2,0c2c9fa139cdb9df0506aa0716a97da613a80d40,True,4.2476429484850087e-07,235.95555114746094,17.315196990966797,0.0733832999764673,0.05822097882628441,2.656295322589486e-17,-4.374514102935791,0.031177282333374023,0.03781512752175331,0.07547169923782349,0.05871495231986046,0.056026604026556015,0.09284210950136185,0.020338137765431516,0.09284372627735138,9,False,,,,,,True,,,,True,,,,True,,,,True,,,,True,,,,True,,,,True,,,,True,,,,,,,,,,,,,,,,,,,0,,,
ntk_N800_a1_wd0.003_s2,1.0,800,0.003,2,44,100.0,3e-05,ok,,,200000,200000,307,98.0342538356781,12.181048393249512,2,0c2c9fa139cdb9df0506aa0716a97da613a80d40,True,4.2765739749484055e-07,234.07850646972656,14.645938873291016,0.06256849077762369,0.05811203271150589,2.256495771485456e-17,-4.69326114654541,0.025957703590393066,0.052521008998155594,0.0,0.05742918699979782,0.061848804354667664,0.09342645108699799,0.020478002477207206,0.09343027323484421,7,False,,,,,,True,,,,True,,,,True,,,,True,,,,True,,,,True,,,,True,,,,True,,,,,,,,,,,,,,,,,,,0,,,
ntk_N800_a1_wd0.003_s3,1.0,800,0.003,3,45,100.0,3e-05,ok,,,200000,200000,307,97.89070010185242,11.703827857971191,2,0c2c9fa139cdb9df0506aa0716a97da613a80d40,True,4.2366960428807943e-07,234.3752899169922,20.963159561157227,0.08944270348884334,0.05715854465961456,4.337486316299821e-17,-4.0065741539001465,0.026115775108337402,0.0357142873108387,0.01886792480945587,0.058557067066431046,0.057642579078674316,0.0896715298295021,0.02014054130192231,0.0896715298295021,0,False,,,,,,True,,,,True,,,,True,,,,True,,,,True,,,,True,,,,True,,,,True,,,,,,,,,,,,,,,,,,,0,,,
ntk_N800_a1_wd0.003_s4,1.0,800,0.003,4,46,100.0,3e-05,ok,,,200000,200000,307,98.80394101142883,12.642793893814087,2,0c2c9fa139cdb9df0506aa0716a97da613a80d40,True,4.321457254263805e-07,234.9948272705078,14.704724311828613,0.06257467231353853,0.059307221323251724,4.6397076718801555e-17,-4.686206817626953,0.030528783798217773,0.04621848836541176,0.056603774428367615,0.05830991640686989,0.05909552425146103,0.09508784115314484,0.02065578513615863,0.09508819133043289,1,False,,,,,,True,,,,True,,,,True,,,,True,,,,True,,,,True,,,,True,,,,True,,,,,,,,,,,,,,,,,,,0,,,
ntk_N800_a2_wd0_s0,2.0,800,0.0,0,42,25.0,0.0,ok,,,200000,200000,307,95.17263102531433,12.315537929534912,2,0c2c9fa139cdb9df0506aa0716a97da613a80d40,True,2.9897216791141545e-07,234.78900146484375,281.1537170410156,1.197473967208444,0.1003982350230217,0.027197858129311497,0.3979893624782562,0.0030875205993652344,1.0,0.0,1.5767104288855194e-09,0.060233812779188156,0.09363151341676712,0.020794046840994396,0.10040449351072311,116000,True,74.0,67.0,,,199926.0,True,,,199926.0,True,,,199926.0,True,1069.0,,198931.0,True,2692.0,,197308.0,True,5520.0,,194480.0,True,11000.0,,189000.0,True,15395.0,,184605.0,True,0.09362645447254181,0.00013052565918769687,6.318092346191406e-06,-0.001383010151146974,0.003327568012795199,234.80410766601562,0.020793241018765063,0.0001815549800995808,9.525241968328242e-05,,,,,,,,,,0,18900.0,,
ntk_N800_a2_wd0_s1,2.0,800,0.0,1,43,25.0,0.0,ok,,,200000,200000,307,97.41257214546204,12.79505467414856,2,0c2c9fa139cdb9df0506aa0716a97da613a80d40,True,2.996129069288145e-07,235.95555114746094,281.9072570800781,1.1947472975700393,0.09936065971851349,0.026488334654987254,0.3881920576095581,0.0029675960540771484,1.0,0.0,1.6053652851510947e-09,0.06286286562681198,0.09284210950136185,0.020338137765431516,0.09937632828950882,64000,True,152.0,137.0,,,199848.0,True,,,199848.0,True,,,199848.0,True,1069.0,,198931.0,True,2692.0,,197308.0,True,5520.0,,194480.0,True,11000.0,,189000.0,True,15395.0,,184605.0,True,0.09282439202070236,0.0008222059695981443,1.1920928955078125e-05,-0.003451194670725755,0.004920427043532373,235.9946746826172,0.02033634563858388,0.001126561473631104,0.0004497990210772564,,,,,,,,,,0,,,
ntk_N800_a2_wd0_s2,2.0,800,0.0,2,44,25.0,0.0,ok,,,200000,200000,307,93.30173206329346,12.13002872467041,2,0c2c9fa139cdb9df0506aa0716a97da613a80d40,True,2.9750015073659597e-07,234.07850646972656,280.4281311035156,1.1980088874148018,0.10028208047151566,0.02698310954095031,0.3970302939414978,0.0030615925788879395,1.0,0.0,1.6667384139523733e-09,0.06082041189074516,0.09342645108699799,0.020478002477207206,0.10028895735740662,136000,True,152.0,137.0,,,199848.0,True,,,199848.0,True,,,199848.0,True,1069.0,,198931.0,True,2692.0,,197308.0,True,5520.0,,194480.0,True,11000.0,,189000.0,True,15395.0,,184605.0,True,0.0934256911277771,-8.78611026564613e-05,1.049041748046875e-05,5.526915334866017e-05,0.004664048642472071,234.09466552734375,0.02048079547216898,-9.815560040289077e-05,-8.940290450028784e-05,,,,,,,,,,0,23000.0,,
ntk_N800_a2_wd0_s3,2.0,800,0.0,3,45,25.0,0.0,ok,,,200000,200000,307,93.40711212158203,11.54210090637207,2,0c2c9fa139cdb9df0506aa0716a97da613a80d40,True,3.056722164274106e-07,234.3752899169922,280.1904296875,1.1954776878856725,0.09699942171573639,0.026677712871254436,0.38356611132621765,0.002876758575439453,1.0,0.0,1.615581224356788e-09,0.05951601266860962,0.0896715298295021,0.02014054130192231,0.09701075404882431,60000,True,101.0,91.0,,,199899.0,True,,,199899.0,True,,,199899.0,True,1069.0,,198931.0,True,2692.0,,197308.0,True,5520.0,,194480.0,True,10214.0,,189786.0,True,15000.0,,185000.0,True,0.0896761417388916,0.000523430178873241,5.602836608886719e-06,0.0014755285849330487,0.0034958592583703607,234.4226837158203,0.02014720148368086,0.0004295531588262376,0.0006380967313272278,,,,,,,,,,0,,,
ntk_N800_a2_wd0_s4,2.0,800,0.0,4,46,25.0,0.0,ok,,,200000,200000,307,96.09232997894287,12.185175657272339,2,0c2c9fa139cdb9df0506aa0716a97da613a80d40,True,3.026306671927159e-07,234.9948272705078,280.82183837890625,1.1950128504558355,0.10179097950458527,0.027041688574087053,0.38983672857284546,0.002901315689086914,1.0,0.01886792480945587,1.6660620660857717e-09,0.058153387159109116,0.09508784115314484,0.02065578513615863,0.10179532319307327,172000,True,137.0,124.0,,,199863.0,True,,,199863.0,True,,,199863.0,True,1069.0,,198931.0,True,2692.0,,197308.0,True,5520.0,,194480.0,True,10214.0,,189786.0,True,15395.0,,184605.0,True,0.09507997334003448,0.0009230881696566939,8.58306884765625e-06,-0.0015514810850136525,0.004572223894052667,235.04580688476562,0.02065948850365836,0.0011860480675402474,0.0006204988682360106,,,,,,,,,,0,10000.0,,
ntk_N800_a2_wd3e-06_s0,2.0,800,3e-06,0,42,25.0,1.2000000000000002e-07,ok,,,200000,200000,307,98.95677995681763,12.87283992767334,2,0c2c9fa139cdb9df0506aa0716a97da613a80d40,True,3.1766941788191616e-07,234.78900146484375,227.85011291503906,0.9704462793976162,0.10741878300905228,0.03367658819510265,0.034266397356987,0.0054228901863098145,1.0,0.0,3.9926999306771904e-05,0.05113082751631737,0.09363151341676712,0.020794046840994396,0.10741878300905228,200000,True,74.0,67.0,,,199926.0,True,,,199926.0,True,,,199926.0,True,1069.0,,198931.0,True,2692.0,,197308.0,True,5520.0,,194480.0,True,11000.0,,189000.0,True,17000.0,,183000.0,True,0.09362634271383286,-0.000309276714688167,5.9604644775390625e-06,-0.0014316162915715867,0.0033248596519766618,234.7520751953125,0.020793106315664077,-0.00025842747336414664,-0.00034340377312565995,,,,,,,,,,0,15000.0,,
ntk_N800_a2_wd3e-06_s1,2.0,800,3e-06,1,43,25.0,1.2000000000000002e-07,ok,,,200000,200000,307,99.32812023162842,12.946362257003784,2,0c2c9fa139cdb9df0506aa0716a97da613a80d40,True,3.1450593951376504e-07,235.95555114746094,228.83091735839844,0.9698051868056711,0.10638446360826492,0.03263856936505714,0.026605434715747833,0.005332827568054199,1.0,0.01886792480945587,4.029249612358399e-05,0.05504932999610901,0.09284210950136185,0.020338137765431516,0.10638446360826492,200000,True,152.0,137.0,,,199848.0,True,,,199848.0,True,,,199848.0,True,1069.0,,198931.0,True,2692.0,,197308.0,True,5520.0,,194480.0,True,11000.0,,189000.0,True,17000.0,,183000.0,True,0.09282150864601135,-4.506212644628249e-05,1.1324882507324219e-05,-0.0040711195055250895,0.004835905865291712,235.8883819580078,0.020335821670422746,0.0002801762796136714,-0.0004404742803206005,,,,,,,,,,0,25000.0,,
ntk_N800_a2_wd3e-06_s2,2.0,800,3e-06,2,44,25.0,1.2000000000000002e-07,ok,,,200000,200000,307,97.86420512199402,12.196624279022217,2,0c2c9fa139cdb9df0506aa0716a97da613a80d40,True,3.153996601668041e-07,234.07850646972656,228.010498046875,0.9740770371685692,0.10735729336738586,0.03349499768357515,0.040050555020570755,0.005603790283203125,1.0,0.03773584961891174,3.9834594645071775e-05,0.05113086849451065,0.09342645108699799,0.020478002477207206,0.10735729336738586,200000,True,152.0,137.0,,,199848.0,True,,,199848.0,True,,,199848.0,True,1069.0,,198931.0,True,2692.0,,197308.0,True,6000.0,,194000.0,True,11000.0,,189000.0,True,17000.0,,183000.0,True,0.09342454373836517,-0.0009611097630113363,1.0907649993896484e-05,-0.0001808182099694792,0.00474642202106125,233.98944091796875,0.020480644819806087,-0.0009526723296176109,-0.0009816424667823005,,,,,,,,,,0,16000.0,,
ntk_N800_a2_wd3e-06_s3,2.0,800,3e-06,3,45,25.0,1.2000000000000002e-07,ok,,,200000,200000,307,95.19244003295898,11.839739561080933,2,0c2c9fa139cdb9df0506aa0716a97da613a80d40,True,3.194159603481239e-07,234.3752899169922,227.2992401123047,0.9698088915124389,0.10443652421236038,0.03323639503116183,0.018752314150333405,0.0056171417236328125,1.0,0.01886792480945587,3.951187682105228e-05,0.05133487284183502,0.0896715298295021,0.02014054130192231,0.10443652421236038,200000,True,91.0,82.0,,,199909.0,True,,,199909.0,True,,,199909.0,True,1069.0,,198931.0,True,2692.0,,197308.0,True,5520.0,,194480.0,True,11000.0,,189000.0,True,17000.0,,183000.0,True,0.08967602998018265,-9.64449645834975e-05,4.827976226806641e-06,0.0015396737291325285,0.0031971302843537587,234.3557586669922,0.020146969508833594,-0.00023397702503210013,6.71370322917582e-05,,,,,,,,,,0,78000.0,,
ntk_N800_a2_wd3e-06_s4,2.0,800,3e-06,4,46,25.0,1.2000000000000002e-07,ok,,,200000,200000,307,92.85879611968994,11.3554105758667,2,0c2c9fa139cdb9df0506aa0716a97da613a80d40,True,3.1844484738030587e-07,234.9948272705078,227.20555114746094,0.9668534145473744,0.10867511481046677,0.03356281514561589,0.025251146405935287,0.005439877510070801,1.0,0.07547169923782349,3.8854112062836066e-05,0.05013527348637581,0.09508784115314484,0.02065578513615863,0.10869773477315903,199000,True,124.0,112.0,,,199876.0,True,,,199876.0,True,,,199876.0,True,1069.0,,198931.0,True,2692.0,,197308.0,True,5520.0,,194480.0,True,11000.0,,189000.0,True,17000.0,,183000.0,True,0.0950804352760315,4.446407547220588e-05,8.463859558105469e-06,-0.0015285690955267343,0.004252629410141132,234.9537811279297,0.02065888707043821,0.00021289357310461397,-0.0001569605339088076,,,,,,,,,,0,9218.0,,
ntk_N800_a2_wd1e-05_s0,2.0,800,1e-05,0,42,25.0,4.0000000000000003e-07,ok,,,200000,200000,307,93.3757119178772,11.20346212387085,2,0c2c9fa139cdb9df0506aa0716a97da613a80d40,True,3.010599982644635e-07,234.78900146484375,185.983154296875,0.7921289035539566,0.11914825439453125,0.045919341623870014,-0.3121843934059143,0.008293628692626953,1.0,0.849056601524353,0.0003262217214796692,0.030334582552313805,0.09363151341676712,0.020794046840994396,0.11918249726295471,199000,True,82.0,74.0,,,199918.0,True,,,199918.0,True,,,199918.0,True,1069.0,,198931.0,True,2692.0,,197308.0,True,6000.0,,194000.0,True,13000.0,,187000.0,True,23000.0,,177000.0,True,0.09362576901912689,-0.0014335054438561201,6.854534149169922e-06,-0.001502589967000277,0.003766424200675008,234.61512756347656,0.020793798425586388,-0.0013410068548717572,-0.0015167181245661445,,,,,,,,,,0,12000.0,,
ntk_N800_a2_wd1e-05_s1,2.0,800,1e-05,1,43,25.0,4.0000000000000003e-07,ok,,,200000,200000,307,99.99007487297058,11.944535493850708,2,0c2c9fa139cdb9df0506aa0716a97da613a80d40,True,3.009340900916868e-07,235.95555114746094,187.32545471191406,0.7939014522054817,0.11739008873701096,0.04417134059839689,-0.3160172402858734,0.008420944213867188,1.0,0.7547169923782349,0.0003264445986133069,0.0329773910343647,0.09284210950136185,0.020338137765431516,0.11742179095745087,199000,True,137.0,124.0,,,199863.0,True,,,199863.0,True,,,199863.0,True,1069.0,,198931.0,True,2692.0,,197308.0,True,6000.0,,194000.0,True,13000.0,,187000.0,True,23000.0,,177000.0,True,0.09282983094453812,-0.0019925404340028763,1.1205673217773438e-05,-0.002476354592656914,0.00498813837461624,235.6689910888672,0.020335300342541864,-0.0017454121332564957,-0.002294486753852594,,,,,,,,,,0,16000.0,,
ntk_N800_a2_wd1e-05_s2,2.0,800,1e-05,2,44,25.0,4.0000000000000003e-07,ok,,,200000,200000,307,95.00807499885559,11.326894044876099,2,0c2c9fa139cdb9df0506aa0716a97da613a80d40,True,3.034385827049846e-07,234.07850646972656,186.30096435546875,0.7958909477216914,0.11888520419597626,0.04559771022514699,-0.30840885639190674,0.008912205696105957,1.0,0.849056601524353,0.000326544075505808,0.030752157792448997,0.09342645108699799,0.020478002477207206,0.11888520419597626,200000,True,152.0,137.0,,,199848.0,True,,,199848.0,True,,,199848.0,True,1069.0,,198931.0,True,2983.0,,197017.0,True,6000.0,,194000.0,True,13000.0,,187000.0,True,23000.0,,177000.0,True,0.0934266522526741,-0.0030743603128939867,9.953975677490234e-06,0.0002570113648047865,0.005529587878555437,233.7441864013672,0.020480432300313586,-0.0030935190490473134,-0.0030634617431572115,,,,,,,,,,0,12539.0,,
ntk_N800_a2_wd1e-05_s3,2.0,800,1e-05,3,45,25.0,4.0000000000000003e-07,ok,,,200000,200000,307,97.39893412590027,12.560914516448975,2,0c2c9fa139cdb9df0506aa0716a97da613a80d40,True,3.093024361078278e-07,234.3752899169922,185.944091796875,0.7933604769629516,0.11596059054136276,0.04517839165666143,-0.3262399435043335,0.008930802345275879,1.0,0.7547169923782349,0.00032364355865865946,0.031605180352926254,0.0896715298295021,0.02014054130192231,0.11597149819135666,199000,True,74.0,67.0,,,199926.0,True,,,199926.0,True,,,199926.0,True,1069.0,,198931.0,True,2692.0,,197308.0,True,6000.0,,194000.0,True,12539.0,,187461.0,True,22000.0,,178000.0,True,0.08967254310846329,-0.0009978621965274215,3.993511199951172e-06,0.0004596007818461213,0.0030937294950982392,234.24166870117188,0.020144463521513417,-0.0010713780813454302,-0.0009114577401036158,,,,,,,,,,0,28000.0,,
ntk_N800_a2_wd1e-05_s4,2.0,800,1e-05,4,46,25.0,4.0000000000000003e-07,ok,,,200000,200000,307,95.20427203178406,11.62065863609314,2,0c2c9fa139cdb9df0506aa0716a97da613a80d40,True,3.044290224352153e-07,234.9948272705078,185.64772033691406,0.7900076886509966,0.11990594863891602,0.04563889550013257,-0.31774839758872986,0.008726716041564941,1.0,0.8113207817077637,0.0003244785184506327,0.03034171089529991,0.09508784115314484,0.02065578513615863,0.11990594863891602,200000,True,124.0,112.0,,,199876.0,True,,,199876.0,True,,,199876.0,True,1069.0,,198931.0,True,2692.0,,197308.0,True,6000.0,,194000.0,True,12539.0,,187461.0,True,22000.0,,178000.0,True,0.09507894515991211,-0.0016589207807555795,8.404254913330078e-06,-0.0018628177829213316,0.004600659237929107,234.75254821777344,0.020658734977310196,-0.0014913330966172338,-0.001858444953875522,,,,,,,,,,0,9000.0,,
ntk_N800_a2_wd3e-05_s0,2.0,800,3e-05,0,42,25.0,1.2e-06,ok,,,200000,200000,307,95.16188907623291,12.1769540309906,2,0c2c9fa139cdb9df0506aa0716a97da613a80d40,True,3.323131920751621e-07,234.78900146484375,155.45291137695312,0.6620962242996291,0.13126197457313538,0.05987840652787766,-0.6257856488227844,0.011178433895111084,1.0,1.0,0.0021459090057760477,0.02029346115887165,0.09363151341676712,0.020794046840994396,0.13127049803733826,199000,True,101.0,91.0,94000.0,93000.0,93899.0,False,104000.0,103000.0,103899.0,False,104000.0,103000.0,103899.0,False,1185.0,75000.0,73815.0,False,3305.0,,196695.0,True,8319.0,,191681.0,True,38751.0,,161249.0,True,,,,True,0.09362292289733887,-0.005601688288152218,7.68899917602539e-06,-0.0020762732688513375,0.00678306484096228,234.10801696777344,0.020795690372011125,-0.005368232032595833,-0.005844290364208917,0.12609003484249115,-0.5634106993675232,0.009830594062805176,0.2397004533615368,0.4435364601941856,161.39175415039062,0.05396005976012509,-0.28503334479708925,-1.0335081394273962,0,10000.0,66000.0,
ntk_N800_a2_wd3e-05_s1,2.0,800,3e-05,1,43,25.0,1.2e-06,ok,,,200000,200000,307,98.7471251487732,12.609917640686035,2,0c2c9fa139cdb9df0506aa0716a97da613a80d40,True,3.3604462146286096e-07,235.95555114746094,156.70436096191406,0.6641266128296398,0.1285400539636612,0.05728519604142521,-0.6300961971282959,0.011262357234954834,1.0,0.9811320900917053,0.0021534848492592573,0.02172045037150383,0.09284210950136185,0.020338137765431516,0.1285400539636612,200000,True,137.0,124.0,142000.0,141000.0,141863.0,False,,,199863.0,True,,,199863.0,True,1185.0,81000.0,79815.0,False,3305.0,,196695.0,True,9000.0,,191000.0,True,40000.0,,160000.0,True,,,,True,0.09282802790403366,-0.007324873469769955,1.0132789611816406e-05,-0.002895889154781777,0.008601916360369083,235.03282165527344,0.020334994793200143,-0.007053168239960816,-0.007653040405798371,,,,,,,,,,0,12000.0,77000.0,
ntk_N800_a2_wd3e-05_s2,2.0,800,3e-05,2,44,25.0,1.2e-06,ok,,,200000,200000,307,100.78019285202026,13.677815198898315,2,0c2c9fa139cdb9df0506aa0716a97da613a80d40,True,3.336777467666252e-07,234.07850646972656,155.96534729003906,0.6662950376873243,0.13081961870193481,0.05888092232782281,-0.6212868690490723,0.011797904968261719,1.0,1.0,0.0021627014502882957,0.02082131803035736,0.09342645108699799,0.020478002477207206,0.13086247444152832,197000,True,152.0,137.0,82000.0,81000.0,81848.0,False,91000.0,90000.0,90848.0,False,91000.0,90000.0,90848.0,False,1185.0,76000.0,74815.0,False,3305.0,,196695.0,True,9000.0,,191000.0,True,38751.0,,161249.0,True,,,,True,0.09342893958091736,-0.009100474417209625,1.049041748046875e-05,0.0007588581374198641,0.010176984000928849,233.044189453125,0.020480218733788837,-0.009184300857812938,-0.00901160586471238,0.12431815266609192,-0.5414695739746094,0.010235428810119629,0.22415226980436637,0.43211750378797664,163.6549530029297,0.051933705421431164,-0.2539355423626378,-1.0213519759122718,0,10000.0,67000.0,
ntk_N800_a2_wd3e-05_s3,2.0,800,3e-05,3,45,25.0,1.2e-06,ok,,,200000,200000,307,98.8926248550415,12.537192821502686,2,0c2c9fa139cdb9df0506aa0716a97da613a80d40,True,3.5130170772390557e-07,234.3752899169922,156.1289520263672,0.6661493712996058,0.12809555232524872,0.058518795445341124,-0.636393666267395,0.011858463287353516,1.0,0.9811320900917053,0.002131606452167034,0.02097921632230282,0.0896715298295021,0.02014054130192231,0.12809555232524872,200000,True,101.0,91.0,91000.0,90000.0,90899.0,False,,,199899.0,True,,,199899.0,True,1185.0,78000.0,76815.0,False,3305.0,,196695.0,True,8319.0,,191681.0,True,37000.0,,163000.0,True,,,,True,0.08967355638742447,-0.005416552536189556,4.887580871582031e-06,0.0007136939185825172,0.006396070168029774,233.72132873535156,0.020146961801400458,-0.005498367924807937,-0.005313582365006794,,,,,,,,,,0,15000.0,82000.0,
ntk_N800_a2_wd3e-05_s4,2.0,800,3e-05,4,46,25.0,1.2e-06,ok,,,200000,200000,307,99.39653182029724,11.856869459152222,2,0c2c9fa139cdb9df0506aa0716a97da613a80d40,True,3.445256595568935e-07,234.9948272705078,156.27011108398438,0.6649938336902129,0.13095329701900482,0.05845640624956741,-0.6228674054145813,0.011589288711547852,1.0,1.0,0.0021530757658183575,0.020904412493109703,0.09508784115314484,0.02065578513615863,0.13095329701900482,200000,True,112.0,101.0,99000.0,98000.0,98888.0,False,151000.0,150000.0,150888.0,False,151000.0,150000.0,150888.0,False,1185.0,73000.0,71815.0,False,3305.0,,196695.0,True,8319.0,,191681.0,True,36000.0,,164000.0,True,,,,True,0.09508031606674194,-0.005969844292849302,7.152557373046875e-06,-0.001693821130823223,0.007154979519957603,234.255615234375,0.020658402384707952,-0.005892069437792801,-0.006067458087551823,0.12927857041358948,-0.6015729308128357,0.01106959581375122,0.23859608594913642,0.4652766274892213,157.88958740234375,0.05679482832035617,-0.33719739511475866,-1.0513422983541536,0,7508.0,62000.0,
ntk_N800_a2_wd0.0001_s0,2.0,800,0.0001,0,42,25.0,4e-06,ok,,,200000,200000,307,98.25635886192322,12.397241830825806,2,0c2c9fa139cdb9df0506aa0716a97da613a80d40,True,3.405334609851707e-07,234.78900146484375,119.14873504638672,0.5074715353062546,0.13133646547794342,0.062310688537092304,-1.0640422105789185,0.014995157718658447,1.0,0.9245283007621765,0.012773454189300537,0.02834617905318737,0.09363151341676712,0.020794046840994396,0.1314498633146286,198000,True,640.0,578.0,,,199360.0,True,,,199360.0,True,,,199360.0,True,1455.0,82000.0,80545.0,False,28000.0,,172000.0,True,,,,True,,,,True,,,,True,0.09369992464780807,-0.11587411165237427,8.809566497802734e-05,0.005806743437993465,0.11012310754120473,221.22390747070312,0.020917473094161587,-0.11335639797151173,-0.11887265642057444,,,,,,,,,,0,10000.0,38000.0,
ntk_N800_a2_wd0.0001_s1,2.0,800,0.0001,1,43,25.0,4e-06,ok,,,200000,200000,307,101.27579021453857,13.485677242279053,2,0c2c9fa139cdb9df0506aa0716a97da613a80d40,True,3.2124970061886415e-07,235.95555114746094,120.2298812866211,0.50954461847555,0.12771810591220856,0.05924371152997551,-1.0620803833007812,0.016198337078094482,1.0,0.9056603908538818,0.01285773329436779,0.02759633958339691,0.09284210950136185,0.020338137765431516,0.12776491045951843,169000,True,29000.0,28487.0,,,171000.0,True,,,171000.0,True,,,171000.0,True,1455.0,71000.0,69545.0,False,28000.0,,172000.0,True,,,,True,,,,True,,,,True,0.1116195097565651,-1.0979712009429932,0.011702537536621094,0.13078856102373737,0.6722840773809057,119.20270538330078,0.04120346818261505,-0.8394090112015075,-1.496898642304788,,,,,,,,,,0,13000.0,46000.0,
ntk_N800_a2_wd0.0001_s2,2.0,800,0.0001,2,44,25.0,4e-06,ok,,,200000,200000,307,99.24377799034119,13.005647897720337,2,0c2c9fa139cdb9df0506aa0716a97da613a80d40,True,3.255935894230788e-07,234.07850646972656,119.30602264404297,0.5096837998642684,0.13144464790821075,0.06129202180379978,-1.0656741857528687,0.016913533210754395,1.0,0.9245283007621765,0.012990015558898449,0.028357092291116714,0.09342645108699799,0.020478002477207206,0.1315920650959015,198000,True,786.0,710.0,,,199214.0,True,,,199214.0,True,,,199214.0,True,1612.0,85000.0,83388.0,False,28000.0,,172000.0,True,,,,True,,,,True,,,,True,0.09348756074905396,-0.13962571322917938,0.00011169910430908203,0.004790489367703862,0.13106563361333018,217.7242431640625,0.020616681473208394,-0.13561397621169005,-0.14442214048893592,,,,,,,,,,0,10000.0,38000.0,
ntk_N800_a2_wd0.0001_s3,2.0,800,0.0001,3,45,25.0,4e-06,ok,,,200000,200000,307,96.9789228439331,12.082411050796509,2,0c2c9fa139cdb9df0506aa0716a97da613a80d40,True,3.163143560414028e-07,234.3752899169922,120.39713287353516,0.5136937981652236,0.12830974161624908,0.05962952615386195,-1.0604466199874878,0.016607940196990967,1.0,0.8867924809455872,0.012683543376624584,0.02793191373348236,0.0896715298295021,0.02014054130192231,0.12832792103290558,192000,True,710.0,640.0,,,199290.0,True,,,199290.0,True,,,199290.0,True,1455.0,79000.0,77545.0,False,27000.0,,173000.0,True,,,,True,,,,True,,,,True,0.0898037776350975,-0.12580184638500214,9.775161743164062e-05,0.010138361760851486,0.11893528521350386,219.56687927246094,0.02027834613687151,-0.12249554958315054,-0.12966792150320558,,,,,,,,,,0,13894.0,44000.0,
ntk_N800_a2_wd0.0001_s4,2.0,800,0.0001,4,46,25.0,4e-06,ok,,,200000,200000,307,96.91685104370117,11.430655241012573,2,0c2c9fa139cdb9df0506aa0716a97da613a80d40,True,3.2805962746351724e-07,234.9948272705078,120.08358764648438,0.5110052380355312,0.13092119991779327,0.060448180785167664,-1.0574116706848145,0.01525568962097168,1.0,0.9433962106704712,0.012895973399281502,0.027927564457058907,0.09508784115314484,0.02065578513615863,0.1313064694404602,197000,True,1185.0,1069.0,,,198815.0,True,,,198815.0,True,,,198815.0,True,1455.0,75000.0,73545.0,False,26000.0,,174000.0,True,,,,True,,,,True,,,,True,0.09533833712339401,-0.20164984464645386,0.00022304058074951172,0.012900886030598099,0.1836193278309494,211.42613220214844,0.0209737446113583,-0.19497536621810055,-0.20984587953788927,,,,,,,,,,0,7508.0,36000.0,
ntk_N800_a2_wd0.0003_s0,2.0,800,0.0003,0,42,25.0,1.1999999999999999e-05,ok,,,200000,200000,307,101.066810131073,12.887746572494507,2,0c2c9fa139cdb9df0506aa0716a97da613a80d40,True,3.4075245025633194e-07,234.78900146484375,63.04438400268555,0.2685150650556582,0.0787116289138794,0.0159035293464104,-1.900081992149353,0.06500816345214844,0.09873949736356735,0.0,0.04840429127216339,0.06282311677932739,0.09363151341676712,0.020794046840994396,0.09363151341676712,0,False,,,,,,True,,,,True,,,,True,,,,True,,,,True,,,,True,,,,True,,,,True,,,,,,,,,,,,,,,,,,,0,,,
ntk_N800_a2_wd0.0003_s1,2.0,800,0.0003,1,43,25.0,1.1999999999999999e-05,ok,,,200000,200000,307,100.7239260673523,12.394063711166382,2,0c2c9fa139cdb9df0506aa0716a97da613a80d40,True,3.4661479730857536e-07,235.95555114746094,67.20214080810547,0.28480847550014765,0.07722289860248566,0.015693309213609695,-1.7991571426391602,0.05983465909957886,0.1428571492433548,0.01886792480945587,0.04745345562696457,0.05731222406029701,0.09284210950136185,0.020338137765431516,0.09284333884716034,3,False,,,,,,True,,,,True,,,,True,,,,True,,,,True,,,,True,,,,True,,,,True,,,,,,,,,,,,,,,,,,,0,,,
ntk_N800_a2_wd0.0003_s2,2.0,800,0.0003,2,44,25.0,1.1999999999999999e-05,ok,,,200000,200000,307,95.69375824928284,11.74278712272644,2,0c2c9fa139cdb9df0506aa0716a97da613a80d40,True,3.6462026287154004e-07,234.07850646972656,64.33242797851562,0.27483270014299993,0.07850286364555359,0.015674408496071393,-1.8604053258895874,0.06766629219055176,0.13025210797786713,0.0,0.04803747683763504,0.06330926716327667,0.09342645108699799,0.020478002477207206,0.0934329628944397,30,False,,,,,,True,,,,True,,,,True,,,,True,,,,True,,,,True,,,,True,,,,True,,,,,,,,,,,,,,,,,,,0,,,
ntk_N800_a2_wd0.0003_s3,2.0,800,0.0003,3,45,25.0,1.1999999999999999e-05,ok,,,200000,200000,307,94.84764504432678,12.316813230514526,2,0c2c9fa139cdb9df0506aa0716a97da613a80d40,True,3.4478580346331e-07,234.3752899169922,66.82453918457031,0.285117681169535,0.07746946811676025,0.015411815293189596,-1.807682991027832,0.062332749366760254,0.10294117778539658,0.01886792480945587,0.04759904742240906,0.05904683843255043,0.0896715298295021,0.02014054130192231,0.0897783637046814,1455,False,,,,,,True,,,,True,,,,True,,,,True,,,,True,,,,True,,,,True,,,,True,,,,,,,,,,,,,,,,,,,0,,,
ntk_N800_a2_wd0.0003_s4,2.0,800,0.0003,4,46,25.0,1.1999999999999999e-05,ok,,,200000,200000,307,96.29914999008179,11.789758682250977,2,0c2c9fa139cdb9df0506aa0716a97da613a80d40,True,3.4554051353552495e-07,234.9948272705078,65.2617416381836,0.277715651855857,0.08086930215358734,0.015972137807740774,-1.8443342447280884,0.06408488750457764,0.12815126776695251,0.01886792480945587,0.04814993590116501,0.06042221933603287,0.09508784115314484,0.02065578513615863,0.09508813172578812,3,False,,,,,,True,,,,True,,,,True,,,,True,,,,True,,,,True,,,,True,,,,True,,,,,,,,,,,,,,,,,,,0,,,
ntk_N800_a2_wd0.001_s0,2.0,800,0.001,0,42,25.0,4e-05,ok,,,200000,200000,307,93.65968108177185,11.548875570297241,2,0c2c9fa139cdb9df0506aa0716a97da613a80d40,True,3.8978109273557493e-07,234.78900146484375,28.674169540405273,0.12212739677543548,0.05969719961285591,0.003734120512596825,-3.1317808628082275,0.12157320976257324,0.04411764815449715,0.03773584961891174,0.08294849097728729,0.09219413995742798,0.09363151341676712,0.020794046840994396,0.09363151341676712,0,False,,,,,,True,,,,True,,,,True,,,,True,,,,True,,,,True,,,,True,,,,True,,,,,,,,,,,,,,,,,,,0,,,
ntk_N800_a2_wd0.001_s1,2.0,800,0.001,1,43,25.0,4e-05,ok,,,200000,200000,307,96.85551524162292,11.836883783340454,2,0c2c9fa139cdb9df0506aa0716a97da613a80d40,True,4.0310726490133675e-07,235.95555114746094,34.31231689453125,0.14541856179127438,0.05800532549619675,0.0033889693828933194,-2.805957794189453,0.10976183414459229,0.03781512752175331,0.03773584961891174,0.08410608768463135,0.08504550904035568,0.09284210950136185,0.020338137765431516,0.09284331649541855,3,False,,,,,,True,,,,True,,,,True,,,,True,,,,True,,,,True,,,,True,,,,True,,,,,,,,,,,,,,,,,,,0,,,
ntk_N800_a2_wd0.001_s2,2.0,800,0.001,2,44,25.0,4e-05,ok,,,200000,200000,307,96.43962979316711,11.645111083984375,2,0c2c9fa139cdb9df0506aa0716a97da613a80d40,True,4.097887256193644e-07,234.07850646972656,31.61321258544922,0.13505388880946984,0.05829017981886864,0.003359906924116958,-2.924625873565674,0.13501590490341187,0.04621848836541176,0.0,0.08223316818475723,0.09330766648054123,0.09342645108699799,0.020478002477207206,0.09343171864748001,33,False,,,,,,True,,,,True,,,,True,,,,True,,,,True,,,,True,,,,True,,,,True,,,,,,,,,,,,,,,,,,,0,,,
ntk_N800_a2_wd0.001_s3,2.0,800,0.001,3,45,25.0,4e-05,ok,,,200000,200000,307,95.68736004829407,12.047060251235962,2,0c2c9fa139cdb9df0506aa0716a97da613a80d40,True,4.1231888303627784e-07,234.3752899169922,35.7172966003418,0.1523936103204039,0.05727766826748848,0.0030634952352202567,-2.7263307571411133,0.10975432395935059,0.03781512752175331,0.01886792480945587,0.08264533430337906,0.08400464057922363,0.0896715298295021,0.02014054130192231,0.0896715298295021,0,False,,,,,,True,,,,True,,,,True,,,,True,,,,True,,,,True,,,,True,,,,True,,,,,,,,,,,,,,,,,,,0,,,
ntk_N800_a2_wd0.001_s4,2.0,800,0.001,4,46,25.0,4e-05,ok,,,200000,200000,307,98.13099408149719,12.245526790618896,2,0c2c9fa139cdb9df0506aa0716a97da613a80d40,True,3.887008119818347e-07,234.9948272705078,30.688138961791992,0.13059069988151775,0.06162585690617561,0.0043241370057473475,-3.0068752765655518,0.13364851474761963,0.04621848836541176,0.01886792480945587,0.08455438911914825,0.08915916085243225,0.09508784115314484,0.02065578513615863,0.09508811682462692,3,False,,,,,,True,,,,True,,,,True,,,,True,,,,True,,,,True,,,,True,,,,True,,,,,,,,,,,,,,,,,,,0,,,
ntk_N800_a2_wd0.003_s0,2.0,800,0.003,0,42,25.0,0.00012,ok,,,200000,200000,307,97.82597303390503,11.853923559188843,2,0c2c9fa139cdb9df0506aa0716a97da613a80d40,True,4.162181710398727e-07,234.78900146484375,11.024868965148926,0.046956496668774925,0.057699453085660934,4.301572119336239e-17,-5.23004674911499,0.03870147466659546,0.042016807943582535,0.03773584961891174,0.1031586155295372,0.1103743463754654,0.09363151341676712,0.020794046840994396,0.09363151341676712,0,False,,,,,,True,,,,True,,,,True,,,,True,,,,True,,,,True,,,,True,,,,True,,,,,,,,,,,,,,,,,,,0,,,
ntk_N800_a2_wd0.003_s1,2.0,800,0.003,1,43,25.0,0.00012,ok,,,200000,200000,307,94.00863409042358,11.493355751037598,2,0c2c9fa139cdb9df0506aa0716a97da613a80d40,True,4.3129125515406486e-07,235.95555114746094,16.823644638061523,0.07130005866040232,0.05807879567146301,4.1714678586379783e-17,-4.429660320281982,0.03221029043197632,0.03781512752175331,0.07547169923782349,0.10980179160833359,0.10636745393276215,0.09284210950136185,0.020338137765431516,0.09284256398677826,3,False,,,,,,True,,,,True,,,,True,,,,True,,,,True,,,,True,,,,True,,,,True,,,,,,,,,,,,,,,,,,,0,,,
ntk_N800_a2_wd0.003_s2,2.0,800,0.003,2,44,25.0,0.00012,ok,,,200000,200000,307,92.96450209617615,12.011058568954468,2,0c2c9fa139cdb9df0506aa0716a97da613a80d40,True,4.268491409220587e-07,234.07850646972656,13.870781898498535,0.05925696514255762,0.05832214280962944,2.2944428475224488e-17,-4.802800178527832,0.025936007499694824,0.054621849209070206,0.0,0.1057913675904274,0.11543235182762146,0.09342645108699799,0.020478002477207206,0.09342862665653229,5,False,,,,,,True,,,,True,,,,True,,,,True,,,,True,,,,True,,,,True,,,,True,,,,,,,,,,,,,,,,,,,0,,,
ntk_N800_a2_wd0.003_s3,2.0,800,0.003,3,45,25.0,0.00012,ok,,,200000,200000,307,92.511883020401,11.664990186691284,2,0c2c9fa139cdb9df0506aa0716a97da613a80d40,True,4.204222818771086e-07,234.3752899169922,18.72692108154297,0.07990143111151099,0.05711490660905838,4.132165529885379e-17,-4.219732761383057,0.03243577480316162,0.03361344709992409,0.03773584961891174,0.1092698872089386,0.10457734763622284,0.0896715298295021,0.02014054130192231,0.0896715298295021,0,False,,,,,,True,,,,True,,,,True,,,,True,,,,True,,,,True,,,,True,,,,True,,,,,,,,,,,,,,,,,,,0,,,
ntk_N800_a2_wd0.003_s4,2.0,800,0.003,4,46,25.0,0.00012,ok,,,200000,200000,307,92.61941409111023,14.844833612442017,2,0c2c9fa139cdb9df0506aa0716a97da613a80d40,True,4.2627539187378716e-07,234.9948272705078,10.678789138793945,0.04544265617600745,0.0583249107003212,4.0501727405911625e-17,-5.301175117492676,0.04306948184967041,0.04831932857632637,0.03773584961891174,0.10844094306230545,0.11066810041666031,0.09508784115314484,0.02065578513615863,0.09508801996707916,3,False,,,,,,True,,,,True,,,,True,,,,True,,,,True,,,,True,,,,True,,,,True,,,,,,,,,,,,,,,,,,,0,,,
ntk_N1600_a0.5_wd0_s0,0.5,1600,0.0,0,42,400.0,0.0,ok,,,200000,200000,307,263.9886577129364,32.54839277267456,2,478542c5c3dbb4497d84b2fd1e02cb9cd6ab935b,True,3.9949182450982335e-07,332.86187744140625,527.382080078125,1.5843871461998835,0.10909845679998398,0.03565375916779159,0.9908586740493774,0.0030198097229003906,1.0,0.056603774428367615,4.9711693095311205e-11,0.04360305145382881,0.09359957277774811,0.02083720532399138,0.10914519429206848,11000,True,61.0,55.0,,,199939.0,True,,,199939.0,True,,,199939.0,True,1069.0,,198931.0,True,2193.0,,197807.0,True,3662.0,,196338.0,True,5520.0,,194480.0,True,6776.0,,193224.0,True,0.09359569102525711,0.0014129426563158631,8.821487426757812e-06,-0.0007607052466695761,0.004277651829925926,333.01300048828125,0.020844662639724648,0.0015265461212881203,0.0012645980208749648,,,,,,,,,,0,2430.0,,
ntk_N1600_a0.5_wd0_s1,0.5,1600,0.0,1,43,400.0,0.0,ok,,,200000,200000,307,264.7092659473419,31.791510581970215,2,478542c5c3dbb4497d84b2fd1e02cb9cd6ab935b,True,3.946753110994905e-07,332.9020690917969,526.5035400390625,1.5815568268333007,0.11005979776382446,0.03598330846719794,0.9780808687210083,0.0031371116638183594,1.0,0.15094339847564697,4.9870958057640635e-11,0.041948914527893066,0.09340117871761322,0.020501382185995256,0.11008860915899277,16000,True,67.0,61.0,,,199933.0,True,,,199933.0,True,,,199933.0,True,1069.0,,198931.0,True,2193.0,,197807.0,True,3662.0,,196338.0,True,5520.0,,194480.0,True,6776.0,,193224.0,True,0.09341779351234436,0.001364372787065804,7.987022399902344e-06,0.0040745768429199395,0.0045345215434787825,333.0340576171875,0.020509616793527457,0.0018874373763603709,0.0007450414827535374,,,,,,,,,,0,2430.0,,
ntk_N1600_a0.5_wd0_s2,0.5,1600,0.0,2,44,400.0,0.0,ok,,,200000,200000,307,266.2119460105896,33.099942207336426,2,478542c5c3dbb4497d84b2fd1e02cb9cd6ab935b,True,4.025673945307062e-07,331.5013122558594,525.9049072265625,1.586433862502054,0.11004247516393661,0.036172290182307776,0.9907631278038025,0.0030143260955810547,1.0,0.18867924809455872,4.970985428842667e-11,0.04139402136206627,0.09421469271183014,0.02075771110716952,0.11011778563261032,13894,True,67.0,61.0,,,199933.0,True,,,199933.0,True,,,199933.0,True,1069.0,,198931.0,True,2193.0,,197807.0,True,3662.0,,196338.0,True,5520.0,,194480.0,True,6776.0,,193224.0,True,0.0942191630601883,0.0013565156841650605,8.821487426757812e-06,0.0012367343095718972,0.004452434897137976,331.6721496582031,0.02076388203164297,0.001394860322601289,0.001337363866422928,,,,,,,,,,0,2193.0,,
ntk_N1600_a0.5_wd0_s3,0.5,1600,0.0,3,45,400.0,0.0,ok,,,200000,200000,307,284.04674887657166,33.581769943237305,2,0c2c9fa139cdb9df0506aa0716a97da613a80d40,True,4.00038175030204e-07,331.4903869628906,526.6375732421875,1.588696366332768,0.10667109489440918,0.03529434317311654,0.9830025434494019,0.0031602978706359863,1.0,0.15094339847564697,4.931331731850008e-11,0.042794156819581985,0.09059242904186249,0.020234789322023373,0.10668409615755081,15000,True,67.0,61.0,,,199933.0,True,,,199933.0,True,,,199933.0,True,1069.0,,198931.0,True,2193.0,,197807.0,True,3662.0,,196338.0,True,5520.0,,194480.0,True,6776.0,,193224.0,True,0.0906050056219101,0.0005189026123844087,9.000301361083984e-06,0.0033313583501844253,0.00406886139415857,331.5726318359375,0.020242643169089133,0.0006215849305487012,0.000408510285377164,,,,,,,,,,0,3305.0,,
ntk_N1600_a0.5_wd0_s4,0.5,1600,0.0,4,46,400.0,0.0,ok,,,200000,200000,307,282.21623396873474,34.28310298919678,2,0c2c9fa139cdb9df0506aa0716a97da613a80d40,True,4.01648634351659e-07,331.8200378417969,527.0999145507812,1.5885114050950977,0.11030663549900055,0.03577522051018345,0.9954653978347778,0.0032602548599243164,1.0,0.11320754885673523,5.016070198093914e-11,0.04278356954455376,0.09480827301740646,0.02062907558247193,0.11037786304950714,12000,True,67.0,61.0,,,199933.0,True,,,199933.0,True,,,199933.0,True,1069.0,,198931.0,True,2193.0,,197807.0,True,3662.0,,196338.0,True,5520.0,,194480.0,True,6776.0,,193224.0,True,0.09478964656591415,0.0012680593645200133,7.748603820800781e-06,-0.004178672534709747,0.004466945297485522,331.9769592285156,0.02064165103850138,0.0013555834919144081,0.0011462320703328405,,,,,,,,,,0,1979.0,,
ntk_N1600_a0.5_wd3e-06_s0,0.5,1600,3e-06,0,42,400.0,7.500000000000001e-09,ok,,,200000,200000,307,289.2482168674469,35.11845779418945,2,0c2c9fa139cdb9df0506aa0716a97da613a80d40,True,4.354310760845692e-07,332.86187744140625,448.9488220214844,1.3487541002664474,0.11959529668092728,0.046770239039136505,0.7052376866340637,0.00451284646987915,1.0,1.0,2.7247365324001294e-06,0.025440523400902748,0.09359957277774811,0.02083720532399138,0.11963142454624176,199000,True,61.0,55.0,176000.0,175000.0,175939.0,False,191000.0,190000.0,190939.0,False,191000.0,190000.0,190939.0,False,1069.0,149000.0,147931.0,False,2193.0,,197807.0,True,3662.0,,196338.0,True,5520.0,,194480.0,True,6776.0,,193224.0,True,0.09359602630138397,0.0010440857149660587,7.510185241699219e-06,-0.0007093866280399063,0.004169816787888866,332.9522705078125,0.020844627855511562,0.0011555276311592624,0.0009011413779887509,0.11909594386816025,0.7152976989746094,0.00444948673248291,0.27622595691445434,1.0534655234183552,451.4947814941406,0.046265698114090044,0.9530925515322716,0.3180038727197994,0,2430.0,,
ntk_N1600_a0.5_wd3e-06_s1,0.5,1600,3e-06,1,43,400.0,7.500000000000001e-09,ok,,,200000,200000,307,293.8349370956421,34.84722065925598,2,0c2c9fa139cdb9df0506aa0716a97da613a80d40,True,4.411270140280976e-07,332.9020690917969,447.2543029785156,1.3435011209112864,0.12135958671569824,0.04750589447073675,0.6852642297744751,0.00478440523147583,1.0,1.0,2.6966206405631965e-06,0.024675117805600166,0.09340117871761322,0.020501382185995256,0.12135958671569824,200000,True,67.0,61.0,146000.0,145000.0,145933.0,False,153000.0,152000.0,152933.0,False,153000.0,152000.0,152933.0,False,1069.0,137000.0,135931.0,False,2193.0,,197807.0,True,3662.0,,196338.0,True,5520.0,,194480.0,True,6776.0,,193224.0,True,0.09341782331466675,0.0009725131676532328,8.64267349243164e-06,0.004097029773867073,0.004433393118599839,332.9674987792969,0.020509318048858752,0.00149957763585071,0.00034595542642951594,0.11870947480201721,0.7409045100212097,0.004430592060089111,0.2747275646252869,1.106266134049364,461.2803649902344,0.04476799463894104,0.975678430853003,0.3522378783127794,0,2430.0,175000.0,
ntk_N1600_a0.5_wd3e-06_s2,0.5,1600,3e-06,2,44,400.0,7.500000000000001e-09,ok,,,200000,200000,307,294.3670389652252,34.64061212539673,2,0c2c9fa139cdb9df0506aa0716a97da613a80d40,True,4.434856180068891e-07,331.5013122558594,447.1615295410156,1.348898218526168,0.1211339682340622,0.04770156349586304,0.7018477320671082,0.004604220390319824,1.0,1.0,2.6857148895942373e-06,0.02368508093059063,0.09421469271183014,0.02075771110716952,0.1211339682340622,200000,True,67.0,61.0,138000.0,137000.0,137933.0,False,174000.0,173000.0,173933.0,False,174000.0,173000.0,173933.0,False,1069.0,126000.0,124931.0,False,2193.0,,197807.0,True,3662.0,,196338.0,True,5520.0,,194480.0,True,6776.0,,193224.0,True,0.0942189022898674,0.0009689403814263642,8.165836334228516e-06,0.001160844181353519,0.004345171999558164,331.6056823730469,0.02076390957748762,0.0010174972522617582,0.0009386235218791031,0.11960987746715546,0.7329480051994324,0.004425525665283203,0.27590733968425574,1.0896925987302541,454.7308044433594,0.04610125663484465,0.9640584043148219,0.345655850369218,0,2193.0,179000.0,
ntk_N1600_a0.5_wd3e-06_s3,0.5,1600,3e-06,3,45,400.0,7.500000000000001e-09,ok,,,200000,200000,307,291.1699767112732,33.48591327667236,2,0c2c9fa139cdb9df0506aa0716a97da613a80d40,True,4.437876270912966e-07,331.4903869628906,447.5621337890625,1.3501511699618782,0.11849088221788406,0.047014090240319245,0.6814461350440979,0.004806339740753174,1.0,1.0,2.6991231152351247e-06,0.025204230099916458,0.09059242904186249,0.020234789322023373,0.11849088221788406,200000,True,67.0,61.0,157000.0,156000.0,156933.0,False,200000.0,199000.0,199933.0,False,200000.0,199000.0,199933.0,False,1069.0,145000.0,143931.0,False,2193.0,,197807.0,True,3662.0,,196338.0,True,5520.0,,194480.0,True,6776.0,,193224.0,True,0.09060542285442352,0.00011205045302631333,8.285045623779297e-06,0.0034107849051946285,0.004040823548915253,331.5061950683594,0.02024262371597565,0.0002102985639705863,9.02096020707507e-06,0.11849088221788406,0.6814461350440979,0.004806339740753174,0.29053477487027707,0.9864123817234643,447.5621337890625,0.047014090240319245,0.9271237991185423,0.27460659875283666,0,3305.0,,
ntk_N1600_a0.5_wd3e-06_s4,0.5,1600,3e-06,4,46,400.0,7.500000000000001e-09,ok,,,200000,200000,307,285.4267361164093,33.98522090911865,2,0c2c9fa139cdb9df0506aa0716a97da613a80d40,True,4.433716185303638e-07,331.8200378417969,448.62384033203125,1.352009490595994,0.1213117241859436,0.04707382897060667,0.7080739736557007,0.004956960678100586,1.0,1.0,2.7235726065555355e-06,0.024718938395380974,0.09480827301740646,0.02062907558247193,0.1213117241859436,200000,True,67.0,61.0,160000.0,159000.0,159933.0,False,169000.0,168000.0,168933.0,False,169000.0,168000.0,168933.0,False,1069.0,140000.0,138931.0,False,2193.0,,197807.0,True,3662.0,,196338.0,True,5520.0,,194480.0,True,6776.0,,193224.0,True,0.09479014575481415,0.0008734225411899388,7.68899917602539e-06,-0.004058005599920648,0.004371594153680771,331.9102478027344,0.020641589331023523,0.0009657632258151712,0.0007469983987805678,0.11957895755767822,0.7431682348251343,0.004699110984802246,0.261577399148595,1.1115123822041366,457.6422119140625,0.04530478104318217,0.9775462592290852,0.3539503614447867,0,1979.0,176000.0,
ntk_N1600_a0.5_wd1e-05_s0,0.5,1600,1e-05,0,42,400.0,2.5000000000000002e-08,ok,,,200000,200000,307,287.192923784256,33.50322508811951,2,0c2c9fa139cdb9df0506aa0716a97da613a80d40,True,4.73690789704051e-07,332.86187744140625,370.996337890625,1.114565418973014,0.14130625128746033,0.06987052979810963,0.3455096483230591,0.0073157548904418945,1.0,1.0,2.607243186503183e-05,0.005701054353266954,0.09359957277774811,0.02083720532399138,0.14130625128746033,200000,True,61.0,55.0,54000.0,53000.0,53939.0,False,58000.0,57000.0,57939.0,False,58000.0,57000.0,57939.0,False,1069.0,46000.0,44931.0,False,2193.0,83000.0,80807.0,False,3662.0,142000.0,138338.0,False,5520.0,,194480.0,True,7000.0,,193000.0,True,0.09359674155712128,0.00017975145601667464,8.821487426757812e-06,-0.0004984681600835125,0.004036028399079832,332.8108215332031,0.02084473906347827,0.00027571402428351664,5.300716251994386e-05,0.11930571496486664,0.6926059126853943,0.004444718360900879,0.2785914786208693,1.0077724473675649,446.6109924316406,0.0465444671483366,0.9296619125369759,0.2971310019001068,0,2430.0,62000.0,191000.0
ntk_N1600_a0.5_wd1e-05_s1,0.5,1600,1e-05,1,43,400.0,2.5000000000000002e-08,ok,,,200000,200000,307,278.8162281513214,33.72793459892273,2,0c2c9fa139cdb9df0506aa0716a97da613a80d40,True,4.520863399193331e-07,332.9020690917969,370.9643859863281,1.114334876314739,0.14214320480823517,0.06950604980187094,0.3414142429828644,0.007799625396728516,1.0,1.0,2.65227190539008e-05,0.005861134268343449,0.09340117871761322,0.020501382185995256,0.14220193028450012,199000,True,67.0,61.0,45000.0,44000.0,44933.0,False,47000.0,46000.0,46933.0,False,47000.0,46000.0,46933.0,False,1069.0,42937.0,41868.0,False,2430.0,81000.0,78570.0,False,3662.0,144000.0,140338.0,False,5520.0,,194480.0,True,7000.0,,193000.0,True,0.09341829270124435,2.074220174108632e-05,7.867813110351562e-06,0.004187718206881881,0.004326311297465486,332.8121337890625,0.020509322788322272,0.0005332481509218311,-0.0005852901560574885,0.11902303248643875,0.7164544463157654,0.004429340362548828,0.2781085164894546,1.0557865208988026,455.962158203125,0.04506494671366072,0.9507445144768658,0.32899763324218595,0,2193.0,52714.0,177000.0
ntk_N1600_a0.5_wd1e-05_s2,0.5,1600,1e-05,2,44,400.0,2.5000000000000002e-08,ok,,,200000,200000,307,278.1160361766815,34.696542501449585,2,0c2c9fa139cdb9df0506aa0716a97da613a80d40,True,4.693127664268104e-07,331.5013122558594,370.21728515625,1.1167898028424963,0.14271946251392365,0.07011948779035306,0.3538780212402344,0.0075103044509887695,1.0,1.0,2.6458052161615342e-05,0.005235099233686924,0.09421469271183014,0.02075771110716952,0.14271946251392365,200000,True,67.0,61.0,42000.0,41000.0,41933.0,False,52714.0,52000.0,52647.0,False,52714.0,52000.0,52647.0,False,1069.0,39000.0,37931.0,False,2430.0,77000.0,74570.0,False,3662.0,136000.0,132338.0,False,5520.0,,194480.0,True,7000.0,,193000.0,True,0.09421773254871368,4.589452510117553e-05,9.894371032714844e-06,0.0009193624109995895,0.004232584435715066,331.45111083984375,0.02076373753612882,9.65389494640618e-05,8.280710873725277e-06,0.11981992423534393,0.7108232378959656,0.0044214725494384766,0.27829122795322103,1.044319145184847,450.0203857421875,0.04629656405234217,0.9410143153222609,0.32572278093027385,0,2193.0,54000.0,175000.0
ntk_N1600_a0.5_wd1e-05_s3,0.5,1600,1e-05,3,45,400.0,2.5000000000000002e-08,ok,,,200000,200000,307,267.52330231666565,33.52936625480652,2,0c2c9fa139cdb9df0506aa0716a97da613a80d40,True,4.6924679963922244e-07,331.4903869628906,370.07476806640625,1.116396681837519,0.1403266042470932,0.06977917494660275,0.3274134695529938,0.007761061191558838,1.0,1.0,2.6076057110913098e-05,0.005720941815525293,0.09059242904186249,0.020234789322023373,0.1403679996728897,199000,True,67.0,61.0,49000.0,48000.0,48933.0,False,61000.0,60000.0,60933.0,False,61000.0,60000.0,60933.0,False,1069.0,45000.0,43931.0,False,2430.0,82000.0,79570.0,False,3662.0,143000.0,139338.0,False,5520.0,,194480.0,True,7000.0,,193000.0,True,0.09060510993003845,-0.000815485545899719,7.152557373046875e-06,0.003302313063241695,0.004130752295487918,331.3511657714844,0.02024262002711707,-0.0007107482442258033,-0.0009230569948325152,0.11863448470830917,0.6608105301856995,0.004851281642913818,0.29069713102261674,0.9463390845781651,442.4459228515625,0.04719575102090093,0.9074238356478901,0.25184063654615496,0,3305.0,68000.0,196000.0
ntk_N1600_a0.5_wd1e-05_s4,0.5,1600,1e-05,4,46,400.0,2.5000000000000002e-08,ok,,,200000,200000,307,267.6191120147705,33.56801772117615,2,0c2c9fa139cdb9df0506aa0716a97da613a80d40,True,4.629724514870759e-07,331.8200378417969,370.6444091796875,1.1170043002538654,0.1428043097257614,0.06971052234150078,0.3553970754146576,0.007677674293518066,1.0,1.0,2.6328196327085607e-05,0.0055760107934474945,0.09480827301740646,0.02062907558247193,0.14303332567214966,199000,True,67.0,61.0,48000.0,47575.0,47933.0,False,52000.0,51000.0,51933.0,False,52000.0,51000.0,51933.0,False,1069.0,43000.0,41931.0,False,2430.0,80000.0,77570.0,False,3662.0,140000.0,136338.0,False,5520.0,,194480.0,True,7000.0,,193000.0,True,0.09478963911533356,-5.0963270041393116e-05,8.702278137207031e-06,-0.004149971295312197,0.004285234042461649,331.7554626464844,0.020641240153262245,4.6438008038990384e-05,-0.00018460481404723134,0.11985645443201065,0.7193629741668701,0.004735589027404785,0.2634519692062612,1.0623210773022167,452.14288330078125,0.04561222570830842,0.9540898300358652,0.3294469352638793,0,1979.0,52714.0,173000.0
ntk_N1600_a0.5_wd3e-05_s0,0.5,1600,3e-05,0,42,400.0,7.5e-08,ok,,,200000,200000,307,278.28827381134033,33.15543508529663,2,0c2c9fa139cdb9df0506aa0716a97da613a80d40,True,5.539249059438589e-07,332.86187744140625,334.4020690917969,1.0046271193992822,0.15583285689353943,0.08511265735987829,0.14929290115833282,0.00945746898651123,1.0,1.0,0.00021513705723918974,0.002282622503116727,0.09359957277774811,0.02083720532399138,0.156279519200325,197000,True,61.0,55.0,18900.0,18000.0,18839.0,False,22000.0,21000.0,21939.0,False,22000.0,21000.0,21939.0,False,1185.0,17000.0,15815.0,False,2430.0,30000.0,27570.0,False,4000.0,51000.0,47000.0,False,6000.0,117000.0,111000.0,False,8319.0,,191681.0,True,0.09359528124332428,-0.002220172667875886,8.046627044677734e-06,-0.0008800347659312881,0.004593553432070874,332.40625,0.020844409552842946,-0.002103893199488161,-0.002370231659674729,0.1208210363984108,0.6091023087501526,0.004624426364898682,0.289178191118966,0.8488544321364384,428.0079650878906,0.04826916411108417,0.8486114803572022,0.20852264254368144,0,2430.0,20941.0,60000.0
ntk_N1600_a0.5_wd3e-05_s1,0.5,1600,3e-05,1,43,400.0,7.5e-08,ok,,,200000,200000,307,281.7041049003601,33.48667883872986,2,0c2c9fa139cdb9df0506aa0716a97da613a80d40,True,5.484315579451504e-07,332.9020690917969,334.73785400390625,1.0055144893425194,0.1564646065235138,0.08457442218698458,0.14334607124328613,0.010111451148986816,1.0,1.0,0.00022004175116308033,0.0024446917232125998,0.09340117871761322,0.020501382185995256,0.15724621713161469,195000,True,67.0,61.0,17000.0,16000.0,16933.0,False,18000.0,17057.0,17933.0,False,18000.0,17057.0,17933.0,False,1185.0,16000.0,14815.0,False,2430.0,29000.0,26570.0,False,4000.0,51000.0,47000.0,False,6000.0,124000.0,118000.0,False,8319.0,,191681.0,True,0.09341946244239807,-0.0026418862398713827,7.510185241699219e-06,0.004453647674740338,0.005059201759846054,332.3682556152344,0.020509274879244588,-0.0021293475886961107,-0.0032461957425545074,0.12023980170488358,0.6361252665519714,0.0045931339263916016,0.28606583170775723,0.8988508130748695,437.42547607421875,0.04644992039088264,0.8736986606027486,0.2416547411494202,0,2193.0,18000.0,57000.0
ntk_N1600_a0.5_wd3e-05_s2,0.5,1600,3e-05,2,44,400.0,7.5e-08,ok,,,200000,200000,307,281.796462059021,33.762266635894775,2,0c2c9fa139cdb9df0506aa0716a97da613a80d40,True,5.331401098374045e-07,331.5013122558594,334.7149658203125,1.0096942408540837,0.1568419486284256,0.08505386322124321,0.16100428998470306,0.009417414665222168,1.0,1.0,0.00021838558313902467,0.002169562503695488,0.09421469271183014,0.02075771110716952,0.15726639330387115,195000,True,67.0,61.0,15000.0,14000.0,14933.0,False,18900.0,18000.0,18833.0,False,18900.0,18000.0,18833.0,False,1185.0,15000.0,13815.0,False,2430.0,28000.0,25570.0,False,4000.0,49000.0,45000.0,False,6000.0,109000.0,103000.0,False,8319.0,,191681.0,True,0.0942186638712883,-0.0026201331056654453,1.0967254638671875e-05,0.0011688731593582863,0.004959357436879836,331.009521484375,0.020763301883123884,-0.00257707151040075,-0.0026501921858542742,0.1205061599612236,0.6423314809799194,0.004485785961151123,0.2835808839576754,0.9103292214514178,434.7784729003906,0.047104892420139294,0.8730181830835306,0.2563762580360156,0,2193.0,18900.0,57000.0
ntk_N1600_a0.5_wd3e-05_s3,0.5,1600,3e-05,3,45,400.0,7.5e-08,ok,,,200000,200000,307,285.14546823501587,34.470274209976196,2,0c2c9fa139cdb9df0506aa0716a97da613a80d40,True,5.486900249707105e-07,331.4903869628906,334.0137939453125,1.007612308174428,0.1551295667886734,0.08528110175733145,0.1255468875169754,0.009873390197753906,1.0,1.0,0.0002128988126059994,0.002341654384508729,0.09059242904186249,0.020234789322023373,0.15549522638320923,196000,True,67.0,61.0,17000.0,16000.0,16933.0,False,20941.0,20000.0,20874.0,False,20941.0,20000.0,20874.0,False,1185.0,17000.0,15815.0,False,2430.0,30000.0,27570.0,False,4000.0,50000.0,46000.0,False,6116.0,118000.0,111884.0,False,8319.0,,191681.0,True,0.09060549736022949,-0.003459350671619177,9.119510650634766e-06,0.0034295331840396843,0.0053286899092964265,330.9092102050781,0.020242146025870697,-0.003341282565435051,-0.003586263092492767,0.11902529746294022,0.6012334227561951,0.004865884780883789,0.29425224505982517,0.8350661896409214,429.5652160644531,0.04764336002759835,0.8468965887937415,0.19455970621887558,0,3305.0,23000.0,62000.0
ntk_N1600_a0.5_wd3e-05_s4,0.5,1600,3e-05,4,46,400.0,7.5e-08,ok,,,200000,200000,307,289.51390266418457,33.230313539505005,2,0c2c9fa139cdb9df0506aa0716a97da613a80d40,True,5.424586220215133e-07,331.8200378417969,334.4720153808594,1.0079922163721977,0.15708456933498383,0.08525845512446133,0.15511618554592133,0.009680032730102539,1.0,1.0,0.00021721413941122591,0.002331123687326908,0.09480827301740646,0.02062907558247193,0.15735799074172974,196000,True,67.0,61.0,17000.0,16000.0,16933.0,False,18000.0,17057.0,17933.0,False,18000.0,17057.0,17933.0,False,1185.0,17000.0,15815.0,False,2430.0,28487.0,26057.0,False,4000.0,50000.0,46000.0,False,6116.0,118000.0,111884.0,False,8319.0,,191681.0,True,0.09479106962680817,-0.002749763196334243,6.794929504394531e-06,-0.0038638789719957494,0.005075908083881871,331.3132019042969,0.020641253579266404,-0.002678878031790862,-0.0028463572197198203,0.12027495354413986,0.6568943858146667,0.0047866106033325195,0.26642331000160163,0.9386810275303278,438.5609130859375,0.04600517649747493,0.890350321929308,0.2700032837174538,0,1979.0,18000.0,56000.0
ntk_N1600_a0.5_wd0.0001_s0,0.5,1600,0.0001,0,42,400.0,2.5e-07,ok,,,200000,200000,307,291.80821990966797,34.36451983451843,2,0c2c9fa139cdb9df0506aa0716a97da613a80d40,True,5.396778988142614e-07,332.86187744140625,306.77191162109375,0.9216192433304258,0.1581757813692093,0.08793242000401646,-0.019526099786162376,0.00954735279083252,1.0,1.0,0.0014488471206277609,0.004718517418950796,0.09359957277774811,0.02083720532399138,0.15911056101322174,167000,True,67.0,61.0,8319.0,8000.0,8252.0,False,10214.0,10000.0,10147.0,False,10214.0,10000.0,10147.0,False,1313.0,9000.0,7687.0,False,3305.0,12539.0,9234.0,False,6000.0,20941.0,14941.0,False,10000.0,,190000.0,True,,,,True,0.09359417855739594,-0.011739948764443398,8.881092071533203e-06,-0.0010830458377507528,0.012404964467021717,330.8157653808594,0.0208467772930766,-0.011585781687083237,-0.011936505645342337,0.12630267441272736,0.2868982255458832,0.00529026985168457,0.3245989113536562,0.3528627934148588,362.8858337402344,0.05435026017977203,0.5365635879944619,-0.1348052598455611,0,2193.0,8000.0,18900.0
ntk_N1600_a0.5_wd0.0001_s1,0.5,1600,0.0001,1,43,400.0,2.5e-07,ok,,,200000,200000,307,291.6629297733307,33.422985792160034,2,0c2c9fa139cdb9df0506aa0716a97da613a80d40,True,5.669378424499882e-07,332.9020690917969,306.6153869628906,0.9210377928841957,0.15848027169704437,0.08732007223052166,-0.02160784974694252,0.009930729866027832,1.0,1.0,0.0014597655972465873,0.004940134007483721,0.09340117871761322,0.020501382185995256,0.16011837124824524,155000,True,74.0,67.0,8319.0,8000.0,8245.0,False,9000.0,8319.0,8926.0,False,9000.0,8319.0,8926.0,False,1313.0,9000.0,7687.0,False,3305.0,12539.0,9234.0,False,6000.0,22000.0,16000.0,False,10000.0,,190000.0,True,,,,True,0.09341803193092346,-0.013208635151386261,9.417533874511719e-06,0.003979042232588917,0.013869531773311638,330.6082763671875,0.020512274254866455,-0.012653561955779194,-0.013874265661609354,0.12541994452476501,0.2773694694042206,0.005245208740234375,0.3191901181138326,0.340622084231231,364.4396667480469,0.05205432274242032,0.5258124418954033,-0.13946885027355907,0,2193.0,7508.0,17000.0
ntk_N1600_a0.5_wd0.0001_s2,0.5,1600,0.0001,2,44,400.0,2.5e-07,ok,,,200000,200000,307,291.9034218788147,34.64111137390137,2,0c2c9fa139cdb9df0506aa0716a97da613a80d40,True,5.321807634572906e-07,331.5013122558594,306.8541259765625,0.9256498078044599,0.15957465767860413,0.08820218444738814,-0.01109690498560667,0.009659767150878906,1.0,1.0,0.0014551322674378753,0.004578637890517712,0.09421469271183014,0.02075771110716952,0.1601155549287796,178000,True,74.0,67.0,8319.0,8000.0,8245.0,False,9000.0,8319.0,8926.0,False,9000.0,8319.0,8926.0,False,1313.0,9000.0,7687.0,False,3305.0,12000.0,8695.0,False,6000.0,20941.0,14941.0,False,10000.0,,190000.0,True,,,,True,0.09421876817941666,-0.01309110876172781,1.0013580322265625e-05,0.0011030279856089654,0.013745380903181243,329.260009765625,0.020765064616157895,-0.012964368511430575,-0.013221257608585167,0.12484441697597504,0.2997387945652008,0.005108833312988281,0.30955920945610704,0.368704446028027,364.2840270996094,0.05205152866538067,0.5418045932548287,-0.11019149487791134,0,2193.0,7508.0,17000.0
ntk_N1600_a0.5_wd0.0001_s3,0.5,1600,0.0001,3,45,400.0,2.5e-07,ok,,,200000,200000,307,288.2344148159027,34.6465425491333,2,0c2c9fa139cdb9df0506aa0716a97da613a80d40,True,5.306833941176592e-07,331.4903869628906,306.32220458984375,0.9240756795283346,0.15666799247264862,0.08743715169241288,-0.03383165970444679,0.009708166122436523,1.0,1.0,0.0014443205436691642,0.004849734716117382,0.09059242904186249,0.020234789322023373,0.15847565233707428,117000,True,67.0,61.0,9000.0,8319.0,8933.0,False,10000.0,9218.0,9933.0,False,10000.0,9218.0,9933.0,False,1313.0,9000.0,7687.0,False,3305.0,12539.0,9234.0,False,6000.0,20941.0,14941.0,False,10000.0,,190000.0,True,,,,True,0.09060538560152054,-0.01280973106622696,8.58306884765625e-06,0.003359601315875099,0.013365865905798626,329.3665466308594,0.020242325605022697,-0.012711452819561242,-0.01290830743875086,0.1246379092335701,0.2710200548171997,0.005716562271118164,0.32503727670227806,0.33451588247016834,362.2342224121094,0.05371085507116451,0.528751080840746,-0.16099441979285778,0,2983.0,8319.0,18900.0
ntk_N1600_a0.5_wd0.0001_s4,0.5,1600,0.0001,4,46,400.0,2.5e-07,ok,,,200000,200000,307,286.8804349899292,34.74959206581116,2,0c2c9fa139cdb9df0506aa0716a97da613a80d40,True,5.498328619069071e-07,331.8200378417969,306.7464904785156,0.924436307323804,0.1596277952194214,0.08842799936385565,-0.0160454623401165,0.009679436683654785,1.0,1.0,0.0014503543497994542,0.004723415244370699,0.09480827301740646,0.02062907558247193,0.16034190356731415,152000,True,61.0,55.0,8000.0,7508.0,7939.0,False,8319.0,8000.0,8258.0,False,8319.0,8000.0,8258.0,False,1313.0,9000.0,7687.0,False,3305.0,12539.0,9234.0,False,6000.0,20941.0,14941.0,False,10000.0,,190000.0,True,,,,True,0.09479163587093353,-0.011058574542403221,8.106231689453125e-06,-0.003942517280557912,0.011701545787156393,329.9486389160156,0.020639466164939807,-0.01106061046008342,-0.011066960428851795,0.1233285441994667,0.29892048239707947,0.005245864391326904,0.28494308814668357,0.3681463224770914,364.9228820800781,0.04953567867554807,0.541428301768883,-0.10677978636485416,0,1979.0,7508.0,17000.0
ntk_N1600_a0.5_wd0.0003_s0,0.5,1600,0.0003,0,42,400.0,7.499999999999999e-07,ok,,,200000,200000,307,284.88448691368103,34.058582067489624,2,0c2c9fa139cdb9df0506aa0716a97da613a80d40,True,5.330485350896197e-07,332.86187744140625,238.70858764648438,0.7171400626630915,0.1553872972726822,0.08603523205114275,-0.5017198324203491,0.010511577129364014,1.0,1.0,0.010576707310974598,0.01828848570585251,0.09359957277774811,0.02083720532399138,0.1565171182155609,197000,True,425.0,383.0,10000.0,9218.0,9575.0,False,10214.0,10000.0,9789.0,False,10214.0,10000.0,9789.0,False,6000.0,10214.0,4214.0,False,10000.0,17000.0,7000.0,False,,,,True,,,,True,,,,True,0.09393245726823807,-0.22589561343193054,0.00012439489364624023,0.021934406091333365,0.20268920538692187,296.31048583984375,0.021244143874122563,-0.21905796832830862,-0.23433472400797617,0.1422460526227951,-0.7109139561653137,0.00904017686843872,0.37054191116660523,0.5174587034920143,214.001220703125,0.07331176717140665,-0.43772043334538296,-1.168028166733231,0,2430.0,6776.0,10000.0
ntk_N1600_a0.5_wd0.0003_s1,0.5,1600,0.0003,1,43,400.0,7.499999999999999e-07,ok,,,200000,200000,307,279.2313652038574,34.463162899017334,2,0c2c9fa139cdb9df0506aa0716a97da613a80d40,True,5.095274104860437e-07,332.9020690917969,238.5809326171875,0.716670020309785,0.15598659217357635,0.08604464588781183,-0.5105292797088623,0.01067805290222168,1.0,1.0,0.010574893094599247,0.018938623368740082,0.09340117871761322,0.020501382185995256,0.15710550546646118,86000,True,254.0,230.0,9218.0,9000.0,8964.0,False,11000.0,10214.0,10746.0,False,11000.0,10214.0,10746.0,False,6000.0,11000.0,5000.0,False,10000.0,18000.0,8000.0,False,,,,True,,,,True,,,,True,0.09355152398347855,-0.14139145612716675,5.5849552154541016e-05,0.014503207438336965,0.1322327421880132,309.80670166015625,0.020661210640107626,-0.1384595845029245,-0.14498973217958694,0.14635281264781952,-0.6717617511749268,0.010222971439361572,0.3795992147278746,0.4997545986143681,220.04100036621094,0.0759616002488398,-0.39609693517729716,-1.126306385553145,0,2430.0,6000.0,9218.0
ntk_N1600_a0.5_wd0.0003_s2,0.5,1600,0.0003,2,44,400.0,7.499999999999999e-07,ok,,,200000,200000,307,287.27121090888977,33.895232915878296,2,0c2c9fa139cdb9df0506aa0716a97da613a80d40,True,5.137349035067018e-07,331.5013122558594,238.7249755859375,0.7201328222848323,0.15650252997875214,0.08639885373082577,-0.49459320306777954,0.010634899139404297,1.0,1.0,0.010586670599877834,0.018241437152028084,0.09421469271183014,0.02075771110716952,0.1573886275291443,180503,True,230.0,207.0,9000.0,8319.0,8770.0,False,10000.0,9218.0,9770.0,False,10000.0,9218.0,9770.0,False,6000.0,10000.0,4000.0,False,10000.0,16000.0,6000.0,False,,,,True,,,,True,,,,True,0.09427399933338165,-0.1272289752960205,5.030632019042969e-05,0.00646479379823437,0.11983139629964056,310.6101989746094,0.020881567412339902,-0.12491324389132417,-0.13005224836508744,0.14422975480556488,-0.7236668467521667,0.009503185749053955,0.37181505631962514,0.5239009428065552,212.77975463867188,0.07365695134874914,-0.4589282197894546,-1.16171014718616,0,2193.0,6000.0,9218.0
ntk_N1600_a0.5_wd0.0003_s3,0.5,1600,0.0003,3,45,400.0,7.499999999999999e-07,ok,,,200000,200000,307,293.61740493774414,34.40020418167114,2,0c2c9fa139cdb9df0506aa0716a97da613a80d40,True,5.327432859303372e-07,331.4903869628906,237.9942169189453,0.7179520923651643,0.1548556685447693,0.08667259790305773,-0.5303338170051575,0.010545730590820312,1.0,1.0,0.010592665523290634,0.018651921302080154,0.09059242904186249,0.020234789322023373,0.15570759773254395,86000,True,124.0,112.0,9218.0,9000.0,9094.0,False,10000.0,9218.0,9876.0,False,10000.0,9218.0,9876.0,False,6000.0,11000.0,5000.0,False,10000.0,17000.0,7000.0,False,,,,True,,,,True,,,,True,0.09062226861715317,-0.07174438238143921,1.895427703857422e-05,0.005166284197627316,0.06948388605631882,319.7167053222656,0.020259942154844973,-0.07117257431199943,-0.07241903900256202,0.14194028079509735,-0.7772426605224609,0.009870350360870361,0.37428377019232634,0.5486607688730913,209.5926055908203,0.07301692928964654,-0.5006193219320629,-1.229424330840435,0,2983.0,6776.0,10000.0
ntk_N1600_a0.5_wd0.0003_s4,0.5,1600,0.0003,4,46,400.0,7.499999999999999e-07,ok,,,200000,200000,307,297.3923420906067,34.05931735038757,2,0c2c9fa139cdb9df0506aa0716a97da613a80d40,True,5.320285367815814e-07,331.8200378417969,238.5313262939453,0.7188575103703376,0.15625593066215515,0.08678162267425538,-0.5005095601081848,0.01038450002670288,1.0,1.0,0.010596027597784996,0.01835666038095951,0.09480827301740646,0.02062907558247193,0.15718311071395874,177000,True,282.0,254.0,9000.0,8319.0,8718.0,False,9000.0,8319.0,8718.0,False,9000.0,8319.0,8718.0,False,6000.0,10000.0,4000.0,False,10000.0,16000.0,6000.0,False,,,,True,,,,True,,,,True,0.09488389641046524,-0.15510067343711853,6.854534149169922e-05,0.007017611947223367,0.14408333759420267,306.5594177246094,0.020832528028861045,-0.15175541192691708,-0.15923646222731044,0.13930685818195343,-0.8304333686828613,0.009361863136291504,0.33397474164476587,0.5713273226045432,201.06231689453125,0.06855077969221343,-0.5576829443096142,-1.2867946463053963,0,2193.0,6000.0,9218.0
ntk_N1600_a0.5_wd0.001_s0,0.5,1600,0.001,0,42,400.0,2.5e-06,ok,,,200000,200000,307,295.4240219593048,34.62935256958008,2,0c2c9fa139cdb9df0506aa0716a97da613a80d40,True,5.693527782568708e-07,332.86187744140625,37.05376052856445,0.1113187271951473,0.05990669131278992,0.0031002410343795145,-3.442488431930542,0.0738447904586792,0.05672268941998482,0.01886792480945587,0.04467383772134781,0.04500099644064903,0.09359957277774811,0.02083720532399138,0.09379061311483383,710,False,,,,,,True,,,,True,,,,True,,,,True,,,,True,,,,True,,,,True,,,,True,,,,,,,,,,,,,,,,,,,0,,,
ntk_N1600_a0.5_wd0.001_s1,0.5,1600,0.001,1,43,400.0,2.5e-06,ok,,,200000,200000,307,295.62448477745056,34.642940521240234,2,0c2c9fa139cdb9df0506aa0716a97da613a80d40,True,6.3369031977345e-07,332.9020690917969,35.794776916503906,0.10752344379882359,0.0581861175596714,0.0025777198244356578,-3.4951095581054688,0.07716584205627441,0.052521008998155594,0.01886792480945587,0.04473097249865532,0.045862674713134766,0.09340117871761322,0.020501382185995256,0.09375781565904617,786,False,,,,,,True,,,,True,,,,True,,,,True,,,,True,,,,True,,,,True,,,,True,,,,,,,,,,,,,,,,,,,0,,,
ntk_N1600_a0.5_wd0.001_s2,0.5,1600,0.001,2,44,400.0,2.5e-06,ok,,,200000,200000,307,295.33196806907654,34.29168152809143,2,0c2c9fa139cdb9df0506aa0716a97da613a80d40,True,6.953813453947078e-07,331.5013122558594,36.707763671875,0.11073188043232604,0.058974623680114746,0.0016228445989547341,-3.475977659225464,0.04635435342788696,0.04621848836541176,0.0,0.044776223599910736,0.04532778635621071,0.09421469271183014,0.02075771110716952,0.09425876289606094,578,False,,,,,,True,,,,True,,,,True,,,,True,,,,True,,,,True,,,,True,,,,True,,,,,,,,,,,,,,,,,,,0,,,
ntk_N1600_a0.5_wd0.001_s3,0.5,1600,0.001,3,45,400.0,2.5e-06,ok,,,200000,200000,307,284.6444149017334,33.91871762275696,2,0c2c9fa139cdb9df0506aa0716a97da613a80d40,True,5.898774588786182e-07,331.4903869628906,32.8192138671875,0.09900502445297611,0.058431584388017654,0.005014649546755967,-3.6490261554718018,0.12243998050689697,0.05882352963089943,0.0,0.04438762366771698,0.04623707756400108,0.09059242904186249,0.020234789322023373,0.09105677902698517,871,False,,,,,,True,,,,True,,,,True,,,,True,,,,True,,,,True,,,,True,,,,True,,,,,,,,,,,,,,,,,,,0,,,
ntk_N1600_a0.5_wd0.001_s4,0.5,1600,0.001,4,46,400.0,2.5e-06,ok,,,200000,200000,307,228.3496220111847,29.404932260513306,2,0c2c9fa139cdb9df0506aa0716a97da613a80d40,True,6.350100534291414e-07,331.8200378417969,33.33833312988281,0.10047112689974937,0.058454278856515884,0.0021030869855314886,-3.638329029083252,0.06660860776901245,0.04621848836541176,0.03773584961891174,0.044731393456459045,0.0451575331389904,0.09480827301740646,0.02062907558247193,0.09492471069097519,710,False,,,,,,True,,,,True,,,,True,,,,True,,,,True,,,,True,,,,True,,,,True,,,,,,,,,,,,,,,,,,,0,,,
ntk_N1600_a0.5_wd0.003_s0,0.5,1600,0.003,0,42,400.0,7.5e-06,ok,,,200000,200000,307,175.46331095695496,21.180583000183105,2,0c2c9fa139cdb9df0506aa0716a97da613a80d40,True,5.677827061845164e-07,332.86187744140625,21.789356231689453,0.06546065412830293,0.05866903066635132,7.006656539687572e-17,-4.624985218048096,0.014459550380706787,0.04621848836541176,0.056603774428367615,0.04635953530669212,0.045698318630456924,0.09359957277774811,0.02083720532399138,0.09360304474830627,5,False,,,,,,True,,,,True,,,,True,,,,True,,,,True,,,,True,,,,True,,,,True,,,,,,,,,,,,,,,,,,,0,,,
ntk_N1600_a0.5_wd0.003_s1,0.5,1600,0.003,1,43,400.0,7.5e-06,ok,,,200000,200000,307,175.25934410095215,19.76262855529785,2,0c2c9fa139cdb9df0506aa0716a97da613a80d40,True,5.89269063766551e-07,332.9020690917969,21.2022647857666,0.0636891949743939,0.057942748069763184,1.159554223473247e-16,-4.663689136505127,0.023431241512298584,0.04621848836541176,0.01886792480945587,0.0463215596973896,0.046741630882024765,0.09340117871761322,0.020501382185995256,0.09340732544660568,10,False,,,,,,True,,,,True,,,,True,,,,True,,,,True,,,,True,,,,True,,,,True,,,,,,,,,,,,,,,,,,,0,,,
ntk_N1600_a0.5_wd0.003_s2,0.5,1600,0.003,2,44,400.0,7.5e-06,ok,,,200000,200000,307,171.7759349346161,19.49832510948181,2,0c2c9fa139cdb9df0506aa0716a97da613a80d40,True,5.764794082097069e-07,331.5013122558594,25.59967613220215,0.07722345337940564,0.058571748435497284,7.79202548838176e-17,-4.287647247314453,0.016324758529663086,0.0357142873108387,0.03773584961891174,0.04615955799818039,0.04596910625696182,0.09421469271183014,0.02075771110716952,0.09421508759260178,2,False,,,,,,True,,,,True,,,,True,,,,True,,,,True,,,,True,,,,True,,,,True,,,,,,,,,,,,,,,,,,,0,,,
ntk_N1600_a0.5_wd0.003_s3,0.5,1600,0.003,3,45,400.0,7.5e-06,ok,,,200000,200000,307,166.9854769706726,19.648062705993652,2,0c2c9fa139cdb9df0506aa0716a97da613a80d40,True,5.664026048179949e-07,331.4903869628906,14.325260162353516,0.0432147076529166,0.05633046478033066,7.070353417321096e-17,-5.4622802734375,0.0213392972946167,0.06092436984181404,0.0,0.04604732245206833,0.0469188429415226,0.09059242904186249,0.020234789322023373,0.0906042829155922,5,False,,,,,,True,,,,True,,,,True,,,,True,,,,True,,,,True,,,,True,,,,True,,,,,,,,,,,,,,,,,,,0,,,
ntk_N1600_a0.5_wd0.003_s4,0.5,1600,0.003,4,46,400.0,7.5e-06,ok,,,200000,200000,307,166.56734895706177,20.111449241638184,2,0c2c9fa139cdb9df0506aa0716a97da613a80d40,True,5.806175522593549e-07,331.8200378417969,20.517606735229492,0.0618335374460169,0.05886385962367058,9.585024831129663e-17,-4.720243453979492,0.02176046371459961,0.04411764815449715,0.03773584961891174,0.04612252861261368,0.04621240496635437,0.09480827301740646,0.02062907558247193,0.09481032192707062,1,False,,,,,,True,,,,True,,,,True,,,,True,,,,True,,,,True,,,,True,,,,True,,,,,,,,,,,,,,,,,,,0,,,
ntk_N1600_a1_wd0_s0,1.0,1600,0.0,0,42,100.0,0.0,ok,,,200000,200000,307,170.71168899536133,21.137157917022705,2,0c2c9fa139cdb9df0506aa0716a97da613a80d40,True,4.0263398659590166e-07,332.86187744140625,427.98333740234375,1.2857685616992345,0.10333959758281708,0.029748139443563238,0.5467814207077026,0.0019550323486328125,1.0,0.01886792480945587,1.73968700556415e-10,0.052026908844709396,0.09359957277774811,0.02083720532399138,0.10335183143615723,54000,True,61.0,55.0,,,199939.0,True,,,199939.0,True,,,199939.0,True,1000.0,,199000.0,True,2430.0,,197570.0,True,4496.0,,195504.0,True,8000.0,,192000.0,True,11000.0,,189000.0,True,0.09359972923994064,0.00040046300273388624,3.874301910400391e-06,0.00021419767413551595,0.0025053255512176467,332.9034423828125,0.02083838070899837,0.00044066820592362414,0.0003539163927882038,,,,,,,,,,0,6000.0,,
ntk_N1600_a1_wd0_s1,1.0,1600,0.0,1,43,100.0,0.0,ok,,,200000,200000,307,169.7410819530487,20.96313977241516,2,0c2c9fa139cdb9df0506aa0716a97da613a80d40,True,4.0479943663740414e-07,332.9020690917969,428.0225830078125,1.2857312187200205,0.10373490303754807,0.029807723405438632,0.538615345954895,0.001992344856262207,1.0,0.0,1.775054270236609e-10,0.05065189301967621,0.09340117871761322,0.020501382185995256,0.10374133288860321,39000,True,67.0,61.0,,,199933.0,True,,,199933.0,True,,,199933.0,True,1069.0,,198931.0,True,2430.0,,197570.0,True,4981.0,,195019.0,True,8000.0,,192000.0,True,11000.0,,189000.0,True,0.09340864419937134,0.00048232366680167615,3.6954879760742188e-06,0.0029229773901611007,0.0027880866894053635,332.9306335449219,0.020502279744170283,0.0008129452712616782,7.892583092686401e-05,,,,,,,,,,0,6000.0,,
ntk_N1600_a1_wd0_s2,1.0,1600,0.0,2,44,100.0,0.0,ok,,,200000,200000,307,170.10802936553955,20.624626636505127,2,0c2c9fa139cdb9df0506aa0716a97da613a80d40,True,3.9610418411939463e-07,331.5013122558594,427.1901550292969,1.2886529833691365,0.10389146953821182,0.03002393009761021,0.5485994219779968,0.0019617080688476562,1.0,0.0,1.7298801280318798e-10,0.050498850643634796,0.09421469271183014,0.02075771110716952,0.1039004921913147,38751,True,67.0,61.0,,,199933.0,True,,,199933.0,True,,,199933.0,True,1069.0,,198931.0,True,2430.0,,197570.0,True,4981.0,,195019.0,True,8000.0,,192000.0,True,11000.0,,189000.0,True,0.09421166777610779,0.0004318020073696971,3.337860107421875e-06,-0.0010790006875789928,0.002637549504076852,331.5487976074219,0.020758702838949424,0.000494684338926474,0.0003671396679454947,,,,,,,,,,0,5520.0,,
ntk_N1600_a1_wd0_s3,1.0,1600,0.0,3,45,100.0,0.0,ok,,,200000,200000,307,167.9342770576477,20.546101808547974,2,0c2c9fa139cdb9df0506aa0716a97da613a80d40,True,4.156919715114782e-07,331.4903869628906,427.15863037109375,1.2886003551557377,0.10041126608848572,0.02925631713185666,0.5428817868232727,0.001992940902709961,1.0,0.01886792480945587,1.7267143270771612e-10,0.05108458548784256,0.09059242904186249,0.020234789322023373,0.10042310506105423,42937,True,67.0,61.0,,,199933.0,True,,,199933.0,True,,,199933.0,True,1000.0,,199000.0,True,2430.0,,197570.0,True,4981.0,,195019.0,True,8000.0,,192000.0,True,11000.0,,189000.0,True,0.09060056507587433,-6.646139081567526e-05,4.0531158447265625e-06,0.0032641430890473573,0.0026115231019723556,331.4934387207031,0.02023584810023048,-4.420501538133018e-05,-7.614868865441547e-05,,,,,,,,,,0,13894.0,,
ntk_N1600_a1_wd0_s4,1.0,1600,0.0,4,46,100.0,0.0,ok,,,200000,200000,307,165.24435210227966,18.39400291442871,2,0c2c9fa139cdb9df0506aa0716a97da613a80d40,True,4.030509330732457e-07,331.8200378417969,427.6925964355469,1.2889293823764179,0.10438504815101624,0.029825085899178046,0.550681471824646,0.002086043357849121,1.0,0.01886792480945587,1.7426231291306493e-10,0.05146613344550133,0.09480827301740646,0.02062907558247193,0.10439082235097885,31000,True,67.0,61.0,,,199933.0,True,,,199933.0,True,,,199933.0,True,1069.0,,198931.0,True,2430.0,,197570.0,True,4981.0,,195019.0,True,8000.0,,192000.0,True,11000.0,,189000.0,True,0.09480522572994232,0.00021288513380568475,1.9073486328125e-06,-0.0010594561681347818,0.0026359316792550196,331.86053466796875,0.020634391110298512,0.0001610841961791358,0.0002780015678547889,,,,,,,,,,0,4981.0,,
ntk_N1600_a1_wd3e-06_s0,1.0,1600,3e-06,0,42,100.0,3.0000000000000004e-08,ok,,,200000,200000,307,167.49757528305054,18.96915340423584,2,0c2c9fa139cdb9df0506aa0716a97da613a80d40,True,4.2385789811305585e-07,332.86187744140625,349.6410827636719,1.050408912703496,0.11221126466989517,0.03873452894477265,0.1903231143951416,0.0035473108291625977,1.0,0.43396225571632385,1.3616824617201928e-05,0.038464952260255814,0.09359957277774811,0.02083720532399138,0.11221126466989517,200000,True,61.0,55.0,,,199939.0,True,,,199939.0,True,,,199939.0,True,1069.0,,198931.0,True,2430.0,,197570.0,True,4981.0,,195019.0,True,8000.0,,192000.0,True,11000.0,,189000.0,True,0.09359901398420334,5.113947918289341e-05,3.337860107421875e-06,-9.507776735317238e-05,0.0024776832680592446,332.84228515625,0.020838165209820046,0.00010416701372518453,-9.831959063003101e-06,,,,,,,,,,0,6000.0,,
ntk_N1600_a1_wd3e-06_s1,1.0,1600,3e-06,1,43,100.0,3.0000000000000004e-08,ok,,,200000,200000,307,167.48157000541687,18.53477120399475,2,0c2c9fa139cdb9df0506aa0716a97da613a80d40,True,4.2177271097898483e-07,332.9020690917969,348.782958984375,1.0477043892695033,0.1133720800280571,0.03915783547470046,0.17546707391738892,0.0037707090377807617,1.0,0.4150943458080292,1.3336966731003486e-05,0.03747621923685074,0.09340117871761322,0.020501382185995256,0.1133720800280571,200000,True,67.0,61.0,,,199933.0,True,,,199933.0,True,,,199933.0,True,1069.0,,198931.0,True,2430.0,,197570.0,True,4981.0,,195019.0,True,8000.0,,192000.0,True,11000.0,,189000.0,True,0.09340865910053253,7.998623186722398e-05,2.9802322387695312e-06,0.002896392279793957,0.002753207806245004,332.86395263671875,0.020502336890255796,0.0004094578927289706,-0.0003204887194493783,,,,,,,,,,0,6000.0,,
ntk_N1600_a1_wd3e-06_s2,1.0,1600,3e-06,2,44,100.0,3.0000000000000004e-08,ok,,,200000,200000,307,170.1666660308838,18.66409397125244,2,0c2c9fa139cdb9df0506aa0716a97da613a80d40,True,4.294839470730949e-07,331.5013122558594,348.8389892578125,1.0523004777385965,0.11332334578037262,0.03933847434831836,0.18950560688972473,0.003634214401245117,1.0,0.4150943458080292,1.3475976629706565e-05,0.036625832319259644,0.09421469271183014,0.02075771110716952,0.11332334578037262,200000,True,67.0,61.0,,,199933.0,True,,,199933.0,True,,,199933.0,True,1069.0,,198931.0,True,2430.0,,197570.0,True,4981.0,,195019.0,True,8000.0,,192000.0,True,11000.0,,189000.0,True,0.09421168267726898,2.9205850296420977e-05,4.0531158447265625e-06,-0.001047605971548478,0.0025986938740439206,331.482421875,0.020758824140272924,8.768176845535045e-05,-3.195481497592457e-05,,,,,,,,,,0,5520.0,,
ntk_N1600_a1_wd3e-06_s3,1.0,1600,3e-06,3,45,100.0,3.0000000000000004e-08,ok,,,200000,200000,307,169.83422684669495,18.483136653900146,2,0c2c9fa139cdb9df0506aa0716a97da613a80d40,True,4.160273192610475e-07,331.4903869628906,348.6059265136719,1.0516320841385283,0.11010552942752838,0.03852938271715732,0.17538563907146454,0.0037626028060913086,1.0,0.3207547068595886,1.34797392092878e-05,0.03839346766471863,0.09059242904186249,0.020234789322023373,0.11010552942752838,200000,True,67.0,61.0,,,199933.0,True,,,199933.0,True,,,199933.0,True,1069.0,,198931.0,True,2430.0,,197570.0,True,4981.0,,195019.0,True,8000.0,,192000.0,True,11000.0,,189000.0,True,0.09059986472129822,-0.0004558409855235368,3.814697265625e-06,0.0029959631607140917,0.002648057689079591,331.4273986816406,0.02023580253514383,-0.00042508275041091263,-0.00047578719799720205,,,,,,,,,,0,11317.0,,
ntk_N1600_a1_wd3e-06_s4,1.0,1600,3e-06,4,46,100.0,3.0000000000000004e-08,ok,,,200000,200000,307,171.1525719165802,19.39991593360901,2,0c2c9fa139cdb9df0506aa0716a97da613a80d40,True,4.209992994219647e-07,331.8200378417969,349.3177795410156,1.0527326252297073,0.11369220912456512,0.038992614538620046,0.1926642656326294,0.003847181797027588,1.0,0.3396226465702057,1.3535375728679355e-05,0.03792283311486244,0.09480827301740646,0.02062907558247193,0.11369220912456512,200000,True,67.0,61.0,,,199933.0,True,,,199933.0,True,,,199933.0,True,1069.0,,198931.0,True,2430.0,,197570.0,True,4981.0,,195019.0,True,8000.0,,192000.0,True,11000.0,,189000.0,True,0.09480593353509903,-0.0002003512781811878,2.6226043701171875e-06,-0.0007639399252815274,0.0026201321858903676,331.7939758300781,0.02063445543566008,-0.0002653135698559065,-0.00012155380911248477,,,,,,,,,,0,4981.0,,
ntk_N1600_a1_wd1e-05_s0,1.0,1600,1e-05,0,42,100.0,1.0000000000000001e-07,ok,,,200000,200000,307,171.34576106071472,18.41934561729431,2,0c2c9fa139cdb9df0506aa0716a97da613a80d40,True,4.4819543632002024e-07,332.86187744140625,279.2618713378906,0.8389722292155525,0.13110913336277008,0.058990387445937265,-0.21141576766967773,0.006248891353607178,1.0,1.0,0.00011989430640824139,0.012969017960131168,0.09359957277774811,0.02083720532399138,0.13113561272621155,198000,True,61.0,55.0,105000.0,104000.0,104939.0,False,128000.0,127000.0,127939.0,False,128000.0,127000.0,127939.0,False,1069.0,95000.0,93931.0,False,2692.0,142000.0,139308.0,False,4981.0,,195019.0,True,9000.0,,191000.0,True,12539.0,,187461.0,True,0.09359896183013916,-0.000801825022790581,2.682209014892578e-06,-0.0001468727126616412,0.002599698168953854,332.70111083984375,0.020838192711685577,-0.0007505886486602644,-0.0008586368450169315,0.12251321226358414,-0.07243193686008453,0.005035042762756348,0.2944945518774321,0.11936543085746677,301.90081787109375,0.049729250937985844,0.18025765728231938,-0.5028893852512695,0,6000.0,111000.0,
ntk_N1600_a1_wd1e-05_s1,1.0,1600,1e-05,1,43,100.0,1.0000000000000001e-07,ok,,,200000,200000,307,172.53452587127686,18.16536283493042,2,0c2c9fa139cdb9df0506aa0716a97da613a80d40,True,4.5183222141531587e-07,332.9020690917969,279.0531921386719,0.8382440905217795,0.1327938586473465,0.05937087487608657,-0.22734396159648895,0.006604790687561035,1.0,1.0,0.00012106935173505917,0.013421216048300266,0.09340117871761322,0.020501382185995256,0.1327938586473465,200000,True,67.0,61.0,97000.0,96000.0,96933.0,False,100000.0,99000.0,99933.0,False,100000.0,99000.0,99933.0,False,1069.0,93000.0,91931.0,False,2692.0,143000.0,140308.0,False,4981.0,,195019.0,True,9000.0,,191000.0,True,13000.0,,187000.0,True,0.09340924769639969,-0.0008589737117290497,3.337860107421875e-06,0.0031268824642583706,0.0028788979812976842,332.70843505859375,0.02050227655971444,-0.0005362952073750443,-0.0012524448531785735,0.11989385634660721,-0.010201636701822281,0.004755258560180664,0.277731331689758,0.09756544945638025,314.82110595703125,0.04584816160339636,0.23641504959802032,-0.42497711594108917,0,5520.0,101000.0,
ntk_N1600_a1_wd1e-05_s2,1.0,1600,1e-05,2,44,100.0,1.0000000000000001e-07,ok,,,200000,200000,307,173.5853259563446,18.647822856903076,2,0c2c9fa139cdb9df0506aa0716a97da613a80d40,True,4.4038930013812205e-07,331.5013122558594,278.5057373046875,0.8401346450469891,0.13291317224502563,0.05975383369486538,-0.21027512848377228,0.006331443786621094,1.0,1.0,0.00012018811685265973,0.012141300365328789,0.09421469271183014,0.02075771110716952,0.13291317224502563,200000,True,67.0,61.0,97545.0,97000.0,97478.0,False,109000.0,108081.0,108933.0,False,109000.0,108081.0,108933.0,False,1069.0,89000.0,87931.0,False,2692.0,135000.0,132308.0,False,4981.0,,195019.0,True,9000.0,,191000.0,True,12539.0,,187461.0,True,0.09421073645353317,-0.0008892196929082274,4.5299530029296875e-06,-0.0013964658908460139,0.0027422638781743084,331.3268737792969,0.020758813300981095,-0.0008207685927120134,-0.0009632417195526768,0.12118562310934067,-0.02188860811293125,0.004732251167297363,0.2834303411179114,0.09862558218890957,309.92559814453125,0.04756032207127015,0.2203749231442247,-0.43406144026615534,0,5520.0,103000.0,
ntk_N1600_a1_wd1e-05_s3,1.0,1600,1e-05,3,45,100.0,1.0000000000000001e-07,ok,,,200000,200000,307,169.80881571769714,19.3435161113739,2,0c2c9fa139cdb9df0506aa0716a97da613a80d40,True,4.505183142100577e-07,331.4903869628906,277.8170166015625,0.8380846851907754,0.13048067688941956,0.05950898803210644,-0.24119219183921814,0.006739199161529541,1.0,1.0,0.00011871563037857413,0.013166651129722595,0.09059242904186249,0.020234789322023373,0.13048067688941956,200000,True,67.0,61.0,99000.0,98000.0,98933.0,False,122000.0,121000.0,121933.0,False,122000.0,121000.0,121933.0,False,1069.0,96000.0,94931.0,False,2692.0,144000.0,141308.0,False,4981.0,,195019.0,True,9000.0,,191000.0,True,13000.0,,187000.0,True,0.09060034900903702,-0.0013971547596156597,4.351139068603516e-06,0.0031677100644044356,0.002980001299065215,331.272216796875,0.020235864825587743,-0.0013736029261461927,-0.0014082719714925403,0.12028933316469193,-0.0800618827342987,0.005230545997619629,0.2965651807927266,0.12480812644203387,303.0218811035156,0.048925980420811144,0.17915648395087416,-0.5167798430001305,0,10000.0,121000.0,
ntk_N1600_a1_wd1e-05_s4,1.0,1600,1e-05,4,46,100.0,1.0000000000000001e-07,ok,,,200000,200000,307,166.10084104537964,18.68352723121643,2,0c2c9fa139cdb9df0506aa0716a97da613a80d40,True,4.516709850577172e-07,331.8200378417969,278.64044189453125,0.8397336209918093,0.1334327757358551,0.05977243121436944,-0.21435600519180298,0.0067362189292907715,1.0,1.0,0.00011992325744358823,0.012807623483240604,0.09480827301740646,0.02062907558247193,0.1334327757358551,200000,True,61.0,55.0,99000.0,98000.0,98939.0,False,107000.0,106000.0,106939.0,False,107000.0,106000.0,106939.0,False,1069.0,93000.0,91931.0,False,2692.0,140000.0,137308.0,False,4981.0,,195019.0,True,9000.0,,191000.0,True,13000.0,,187000.0,True,0.09480687975883484,-0.001048876321874559,2.5033950805664062e-06,-0.0004166063924722077,0.0027567835609288707,331.6540222167969,0.02063377410939731,-0.0011189292004361844,-0.0009599180481462747,0.12103787064552307,-0.01181165874004364,0.005021035671234131,0.2680093793003249,0.10032163750054528,311.37701416015625,0.04676824017647907,0.2357749438296047,-0.43042800781218316,0,4981.0,100000.0,
ntk_N1600_a1_wd3e-05_s0,1.0,1600,3e-05,0,42,100.0,3e-07,ok,,,200000,200000,307,167.80278301239014,17.844433307647705,2,0c2c9fa139cdb9df0506aa0716a97da613a80d40,True,5.304414685269876e-07,332.86187744140625,238.97389221191406,0.7179371036684148,0.14877714216709137,0.07773599043244485,-0.5082083940505981,0.009083271026611328,1.0,1.0,0.0009135283762589097,0.0066769844852387905,0.09359957277774811,0.02083720532399138,0.14877714216709137,200000,True,67.0,61.0,38000.0,37000.0,37933.0,False,51000.0,50000.0,50933.0,False,51000.0,50000.0,50933.0,False,1069.0,36000.0,34931.0,False,2983.0,52000.0,49017.0,False,6000.0,93000.0,87000.0,False,12539.0,,187461.0,True,41000.0,,159000.0,True,0.09359665215015411,-0.0035064828116446733,2.7418136596679688e-06,-0.0010285647886305036,0.004356244297985713,332.2419128417969,0.02083801135216822,-0.003417859435214621,-0.0036110632485303086,0.12633848190307617,-0.2389403134584427,0.005554139614105225,0.31737905399627897,0.23220796925131412,276.2125244140625,0.05413465639695599,0.020240356832314964,-0.6827104228541128,0,5520.0,38000.0,95000.0
ntk_N1600_a1_wd3e-05_s1,1.0,1600,3e-05,1,43,100.0,3e-07,ok,,,200000,200000,307,170.5072021484375,20.09723472595215,2,0c2c9fa139cdb9df0506aa0716a97da613a80d40,True,5.206630930842948e-07,332.9020690917969,239.35009765625,0.7189805047148861,0.14918099343776703,0.07704910451601421,-0.511761486530304,0.009593725204467773,1.0,1.0,0.0009216254693455994,0.006869588978588581,0.09340117871761322,0.020501382185995256,0.14918410778045654,189000,True,67.0,61.0,37000.0,36000.0,36933.0,False,37000.0,36000.0,36933.0,False,37000.0,36000.0,36933.0,False,1185.0,34974.0,33789.0,False,2983.0,52714.0,49731.0,False,6116.0,96000.0,89884.0,False,13000.0,,187000.0,True,40000.0,,160000.0,True,0.0934094488620758,-0.0035499685909599066,1.7881393432617188e-06,0.003144858587215735,0.004481692522644972,332.2647705078125,0.020502354163776368,-0.003247126055467442,-0.003915373521940528,0.12159489095211029,-0.15342453122138977,0.004918098449707031,0.29050511951817914,0.1693217474632742,292.66326904296875,0.04775439870755457,0.09504156748438272,-0.5716071654995174,0,5520.0,34974.0,89000.0
ntk_N1600_a1_wd3e-05_s2,1.0,1600,3e-05,2,44,100.0,3e-07,ok,,,200000,200000,307,171.0143699645996,18.551472902297974,2,0c2c9fa139cdb9df0506aa0716a97da613a80d40,True,5.464513037622964e-07,331.5013122558594,239.1720428466797,0.7214814361340504,0.14957167208194733,0.07739156477911205,-0.49157196283340454,0.008836507797241211,1.0,1.0,0.0009142052149400115,0.006212648935616016,0.09421469271183014,0.02075771110716952,0.14980487525463104,189000,True,74.0,67.0,36000.0,35000.0,35926.0,False,38751.0,38000.0,38677.0,False,38751.0,38000.0,38677.0,False,1185.0,34000.0,32815.0,False,2983.0,50000.0,47017.0,False,6116.0,87000.0,80884.0,False,12539.0,,187461.0,True,39000.0,,161000.0,True,0.09421423077583313,-0.003970089368522167,4.172325134277344e-06,-5.4159094894440776e-05,0.004815497884822443,330.8223571777344,0.02076089822201684,-0.003926359693463589,-0.004007872871305001,0.12210061401128769,-0.1485576182603836,0.004852294921875,0.2893485224642237,0.16559673604954522,289.8855285644531,0.048844894428415095,0.09567653621743546,-0.5645676910500786,0,4981.0,34974.0,87000.0
ntk_N1600_a1_wd3e-05_s3,1.0,1600,3e-05,3,45,100.0,3e-07,ok,,,200000,200000,307,168.82048988342285,17.935943603515625,2,0c2c9fa139cdb9df0506aa0716a97da613a80d40,True,5.370588382902497e-07,331.4903869628906,238.21853637695312,0.7186287921031659,0.1478338986635208,0.07770719810615602,-0.5307635068893433,0.009520173072814941,1.0,1.0,0.0009002359583973885,0.006804604083299637,0.09059242904186249,0.020234789322023373,0.14804191887378693,195000,True,67.0,61.0,37000.0,36000.0,36933.0,False,42937.0,42000.0,42870.0,False,42937.0,42000.0,42870.0,False,1069.0,36000.0,34931.0,False,2983.0,52714.0,49731.0,False,6116.0,94000.0,87884.0,False,13000.0,,187000.0,True,40000.0,,160000.0,True,0.0906003788113594,-0.0040459115989506245,3.3974647521972656e-06,0.0031620261830258172,0.004812596190887098,330.83013916015625,0.020235558489338022,-0.004007575141402726,-0.004072461605018539,0.12186378240585327,-0.2107558399438858,0.005439341068267822,0.3062240892138692,0.21194670595851323,283.8265075683594,0.05064231413150795,0.04821127463068371,-0.6459698406172136,0,8000.0,40000.0,97000.0
ntk_N1600_a1_wd3e-05_s4,1.0,1600,3e-05,4,46,100.0,3e-07,ok,,,200000,200000,307,173.8834629058838,19.739288806915283,2,0c2c9fa139cdb9df0506aa0716a97da613a80d40,True,5.387291821534745e-07,331.8200378417969,238.71307373046875,0.7194052393070997,0.14966967701911926,0.07780003536253241,-0.4971904158592224,0.009138047695159912,1.0,1.0,0.0009140116162598133,0.0066352481953799725,0.09480827301740646,0.02062907558247193,0.14992846548557281,196000,True,61.0,55.0,37000.0,36000.0,36939.0,False,38000.0,37000.0,37939.0,False,38000.0,37000.0,37939.0,False,1185.0,34974.0,33789.0,False,2983.0,51000.0,48017.0,False,6116.0,92000.0,85884.0,False,13000.0,,187000.0,True,40000.0,,160000.0,True,0.09480538219213486,-0.003475080942735076,2.1457672119140625e-06,-0.0010238432097733066,0.004297678764789051,331.2510681152344,0.020633635933757156,-0.0035453459326356867,-0.0033861541026169602,0.12224722653627396,-0.14307944476604462,0.005191922187805176,0.2756794224963044,0.16362730621525542,291.3509521484375,0.04817116836264717,0.10427286430822456,-0.5603389180690755,0,4496.0,34000.0,86000.0
ntk_N1600_a1_wd0.0001_s0,1.0,1600,0.0001,0,42,100.0,1e-06,ok,,,200000,200000,307,170.55982279777527,18.4603431224823,2,0c2c9fa139cdb9df0506aa0716a97da613a80d40,True,5.357065333555511e-07,332.86187744140625,200.05833435058594,0.6010250734880334,0.1515822410583496,0.08160328130866068,-0.8320899605751038,0.01052480936050415,1.0,1.0,0.005654162261635065,0.012565849348902702,0.09359957277774811,0.02083720532399138,0.15185412764549255,193000,True,124.0,112.0,20941.0,20000.0,20817.0,False,25000.0,24000.0,24876.0,False,25000.0,24000.0,24876.0,False,1455.0,20000.0,18545.0,False,7508.0,28487.0,20979.0,False,20000.0,,180000.0,True,,,,True,,,,True,0.09360206872224808,-0.023736730217933655,7.987022399902344e-06,0.0008465691514572588,0.023765192251101616,328.88873291015625,0.020848915832378884,-0.02366280458163063,-0.023836812306647324,0.13521121442317963,-0.7506175637245178,0.0072269439697265625,0.353909763849154,0.5343489028422954,210.207275390625,0.06436942346591704,-0.48145191466824133,-1.2083827241850014,0,4981.0,16000.0,31000.0
ntk_N1600_a1_wd0.0001_s1,1.0,1600,0.0001,1,43,100.0,1e-06,ok,,,200000,200000,307,169.06335186958313,19.636871576309204,2,0c2c9fa139cdb9df0506aa0716a97da613a80d40,True,5.354926884137967e-07,332.9020690917969,200.21168518066406,0.6014131595122535,0.1522604078054428,0.08118236428509984,-0.8374168872833252,0.010648190975189209,1.0,1.0,0.005664542317390442,0.013082972727715969,0.09340117871761322,0.020501382185995256,0.1526993215084076,194000,True,101.0,91.0,20000.0,19000.0,19899.0,False,23000.0,22000.0,22899.0,False,23000.0,22000.0,22899.0,False,1455.0,20941.0,19486.0,False,7508.0,29000.0,21492.0,False,20000.0,,180000.0,True,,,,True,,,,True,0.09341751784086227,-0.01947152055799961,4.947185516357422e-06,0.0049507826033317855,0.01958347934858904,329.6285705566406,0.020508482287286404,-0.01912495603981634,-0.01988561274327729,0.13414818048477173,-0.7575603127479553,0.007523298263549805,0.34001855586935403,0.5377912989666321,211.08404541015625,0.06167813911185724,-0.4847373654589871,-1.22111236575296,0,4981.0,15000.0,29000.0
ntk_N1600_a1_wd0.0001_s2,1.0,1600,0.0001,2,44,100.0,1e-06,ok,,,200000,200000,307,169.62505197525024,19.06039547920227,2,0c2c9fa139cdb9df0506aa0716a97da613a80d40,True,5.295848382047552e-07,331.5013122558594,200.15077209472656,0.6037706781089487,0.15249527990818024,0.08161860036606051,-0.8203935027122498,0.010219395160675049,1.0,1.0,0.005671394057571888,0.01215420477092266,0.09421469271183014,0.02075771110716952,0.1531256139278412,180503,True,82.0,74.0,20000.0,19000.0,19918.0,False,23000.0,22000.0,22918.0,False,23000.0,22000.0,22918.0,False,1455.0,20000.0,18545.0,False,7508.0,28000.0,20492.0,False,18900.0,,181100.0,True,,,,True,,,,True,0.09421271085739136,-0.01576543226838112,5.245208740234375e-06,-0.0005367500542546339,0.015908164416868223,328.8660583496094,0.02076122382483333,-0.015701454585177545,-0.015829913842232982,0.13442865014076233,-0.7409937977790833,0.0071794986724853516,0.34340838054269157,0.5298572878781297,210.84127807617188,0.06273002475141322,-0.4770188094903983,-1.1921539329818502,0,4981.0,15000.0,28487.0
ntk_N1600_a1_wd0.0001_s3,1.0,1600,0.0001,3,45,100.0,1e-06,ok,,,200000,200000,307,168.81835079193115,18.844788789749146,2,0c2c9fa139cdb9df0506aa0716a97da613a80d40,True,5.296283234201837e-07,331.4903869628906,199.41188049316406,0.6015615786634791,0.15038706362247467,0.08141622468750168,-0.8521925210952759,0.010436773300170898,1.0,1.0,0.0056295269168913364,0.012933904305100441,0.09059242904186249,0.020234789322023373,0.1513957679271698,196000,True,91.0,82.0,20941.0,20000.0,20850.0,False,22000.0,21000.0,21909.0,False,22000.0,21000.0,21909.0,False,1455.0,20000.0,18545.0,False,8000.0,28487.0,20487.0,False,20000.0,,180000.0,True,,,,True,,,,True,0.09060382097959518,-0.018039556220173836,3.933906555175781e-06,0.003837887250937614,0.018134312338266463,328.5186767578125,0.020236965882552804,-0.017991885821148138,-0.018078289133658335,0.13076035678386688,-0.7762540578842163,0.007351577281951904,0.33875199953618335,0.54610338243313,210.13717651367188,0.06051814348521213,-0.5032087586071168,-1.2348377048079355,0,6776.0,17000.0,31564.0
ntk_N1600_a1_wd0.0001_s4,1.0,1600,0.0001,4,46,100.0,1e-06,ok,,,200000,200000,307,173.2827548980713,18.624657154083252,2,0c2c9fa139cdb9df0506aa0716a97da613a80d40,True,5.797502353743766e-07,331.8200378417969,199.85592651367188,0.6023021629843763,0.15212973952293396,0.08199249124113159,-0.8238359689712524,0.010312080383300781,1.0,1.0,0.005649097263813019,0.012483352795243263,0.09480827301740646,0.02062907558247193,0.15281929075717926,174000,True,67.0,61.0,20000.0,19000.0,19933.0,False,20000.0,19000.0,19933.0,False,20000.0,19000.0,19933.0,False,1455.0,20000.0,18545.0,False,8000.0,28000.0,20000.0,False,20000.0,,180000.0,True,,,,True,,,,True,0.09480582177639008,-0.013133685104548931,2.384185791015625e-06,-0.0008155704995824779,0.013308207305546575,329.6522521972656,0.020633652500763926,-0.01320803162846381,-0.013041185227472277,0.13046754896640778,-0.7474392652511597,0.006982684135437012,0.309256406425401,0.5326680048811464,211.3723602294922,0.05771064680004259,-0.4823622660972712,-1.1983576185793354,0,4496.0,15000.0,28000.0
ntk_N1600_a1_wd0.0003_s0,1.0,1600,0.0003,0,42,100.0,2.9999999999999997e-06,ok,,,200000,200000,307,172.11805319786072,19.138307094573975,2,0c2c9fa139cdb9df0506aa0716a97da613a80d40,True,6.446781526392442e-07,332.86187744140625,103.03726196289062,0.3095496028409811,0.11781159043312073,0.05061791335468985,-1.9432755708694458,0.0229952335357666,0.7184873819351196,0.07547169923782349,0.033665645867586136,0.04214649647474289,0.09359957277774811,0.02083720532399138,0.11804156750440598,199000,False,,,,,,True,,,,True,,,,True,,,,True,,,,True,,,,True,,,,True,,,,True,,,,,,,,,,,,,,,,,,,0,28487.0,,
ntk_N1600_a1_wd0.0003_s1,1.0,1600,0.0003,1,43,100.0,2.9999999999999997e-06,ok,,,200000,200000,307,170.62407517433167,19.619559049606323,2,0c2c9fa139cdb9df0506aa0716a97da613a80d40,True,5.739980792895949e-07,332.9020690917969,102.74224090576172,0.3086260208176442,0.1165347695350647,0.04900541146211593,-1.9449996948242188,0.02729165554046631,0.6785714030265808,0.09433962404727936,0.033850520849227905,0.04305841401219368,0.09340117871761322,0.020501382185995256,0.11697324365377426,199000,False,,,,,,True,,,,True,,,,True,,,,True,,,,True,,,,True,,,,True,,,,True,,,,,,,,,,,,,,,,,,,0,28487.0,,
ntk_N1600_a1_wd0.0003_s2,1.0,1600,0.0003,2,44,100.0,2.9999999999999997e-06,ok,,,200000,200000,307,174.52122497558594,19.655190229415894,2,0c2c9fa139cdb9df0506aa0716a97da613a80d40,True,6.339435003610561e-07,331.5013122558594,103.4177474975586,0.3119678374538038,0.1177898645401001,0.05017384019737215,-1.9227889776229858,0.023659586906433105,0.7289915680885315,0.11320754885673523,0.033607374876737595,0.04173503443598747,0.09421469271183014,0.02075771110716952,0.11817627400159836,194000,False,,,,,,True,,,,True,,,,True,,,,True,,,,True,,,,True,,,,True,,,,True,,,,,,,,,,,,,,,,,,,0,28000.0,,
ntk_N1600_a1_wd0.0003_s3,1.0,1600,0.0003,3,45,100.0,2.9999999999999997e-06,ok,,,200000,200000,307,174.44153904914856,18.13483452796936,2,0c2c9fa139cdb9df0506aa0716a97da613a80d40,True,6.359810527101217e-07,331.4903869628906,100.37279510498047,0.3027924761999717,0.11702752858400345,0.05116815073228563,-2.013827323913574,0.026451170444488525,0.7142857313156128,0.11320754885673523,0.03392672911286354,0.04346122592687607,0.09059242904186249,0.020234789322023373,0.1174863800406456,199000,False,,,,,,True,,,,True,,,,True,,,,True,,,,True,,,,True,,,,True,,,,True,,,,,,,,,,,,,,,,,,,0,31000.0,,
ntk_N1600_a1_wd0.0003_s4,1.0,1600,0.0003,4,46,100.0,2.9999999999999997e-06,ok,,,200000,200000,307,173.28456497192383,19.05435609817505,2,0c2c9fa139cdb9df0506aa0716a97da613a80d40,True,7.001996777944441e-07,331.8200378417969,101.47602844238281,0.3058164573254733,0.11729700863361359,0.051166229707728605,-1.965402364730835,0.023319602012634277,0.6932772994041443,0.16981132328510284,0.03397368639707565,0.04221075028181076,0.09480827301740646,0.02062907558247193,0.11764094233512878,198000,False,,,,,,True,,,,True,,,,True,,,,True,,,,True,,,,True,,,,True,,,,True,,,,,,,,,,,,,,,,,,,0,30000.0,,
ntk_N1600_a1_wd0.001_s0,1.0,1600,0.001,0,42,100.0,1e-05,ok,,,200000,200000,307,167.34817099571228,17.94046401977539,2,0c2c9fa139cdb9df0506aa0716a97da613a80d40,True,5.617116585199255e-07,332.86187744140625,30.39341926574707,0.09130940286514856,0.055807001888751984,0.0007189426549403533,-3.777817726135254,0.07858556509017944,0.04621848836541176,0.01886792480945587,0.0550096333026886,0.05506649240851402,0.09359957277774811,0.02083720532399138,0.09360194951295853,11,False,,,,,,True,,,,True,,,,True,,,,True,,,,True,,,,True,,,,True,,,,True,,,,,,,,,,,,,,,,,,,0,,,
ntk_N1600_a1_wd0.001_s1,1.0,1600,0.001,1,43,100.0,1e-05,ok,,,200000,200000,307,173.30228304862976,19.34443950653076,2,0c2c9fa139cdb9df0506aa0716a97da613a80d40,True,5.792169304186245e-07,332.9020690917969,29.45436668395996,0.08847757169042406,0.05451256036758423,0.0008270287673020865,-3.831045389175415,0.09291219711303711,0.04621848836541176,0.01886792480945587,0.05536539852619171,0.056569863110780716,0.09340117871761322,0.020501382185995256,0.09340798109769821,24,False,,,,,,True,,,,True,,,,True,,,,True,,,,True,,,,True,,,,True,,,,True,,,,,,,,,,,,,,,,,,,0,,,
ntk_N1600_a1_wd0.001_s2,1.0,1600,0.001,2,44,100.0,1e-05,ok,,,200000,200000,307,169.799898147583,18.009522199630737,2,0c2c9fa139cdb9df0506aa0716a97da613a80d40,True,5.675700549545581e-07,331.5013122558594,30.830894470214844,0.09300383838727896,0.05776550620794296,0.0002351684109082324,-3.838716983795166,0.03665250539779663,0.04411764815449715,0.01886792480945587,0.05526122450828552,0.05529299005866051,0.09421469271183014,0.02075771110716952,0.09421703964471817,5,False,,,,,,True,,,,True,,,,True,,,,True,,,,True,,,,True,,,,True,,,,True,,,,,,,,,,,,,,,,,,,0,,,
ntk_N1600_a1_wd0.001_s3,1.0,1600,0.001,3,45,100.0,1e-05,ok,,,200000,200000,307,170.01433897018433,18.476859092712402,2,0c2c9fa139cdb9df0506aa0716a97da613a80d40,True,5.639850542138447e-07,331.4903869628906,26.254812240600586,0.0792023336819711,0.051633477210998535,0.00148379624488937,-3.997443437576294,0.15292131900787354,0.05672268941998482,0.0,0.054444484412670135,0.05733150243759155,0.09059242904186249,0.020234789322023373,0.09060250967741013,12,False,,,,,,True,,,,True,,,,True,,,,True,,,,True,,,,True,,,,True,,,,True,,,,,,,,,,,,,,,,,,,0,,,
ntk_N1600_a1_wd0.001_s4,1.0,1600,0.001,4,46,100.0,1e-05,ok,,,200000,200000,307,167.6667938232422,18.65662407875061,2,0c2c9fa139cdb9df0506aa0716a97da613a80d40,True,5.696622906725679e-07,331.8200378417969,27.551620483398438,0.08303181647075314,0.05541757494211197,0.0006405829863453257,-3.984126329421997,0.07483822107315063,0.05042016878724098,0.03773584961891174,0.054750364273786545,0.05484742298722267,0.09480827301740646,0.02062907558247193,0.09481029957532883,2,False,,,,,,True,,,,True,,,,True,,,,True,,,,True,,,,True,,,,True,,,,True,,,,,,,,,,,,,,,,,,,0,,,
ntk_N1600_a1_wd0.003_s0,1.0,1600,0.003,0,42,100.0,3e-05,ok,,,200000,200000,307,172.69304084777832,18.65150022506714,2,0c2c9fa139cdb9df0506aa0716a97da613a80d40,True,5.738514801123529e-07,332.86187744140625,15.911584854125977,0.04780236468180979,0.05849015712738037,7.487771253728015e-17,-5.249845504760742,0.015581846237182617,0.042016807943582535,0.09433962404727936,0.06047677621245384,0.059562619775533676,0.09359957277774811,0.02083720532399138,0.09360199421644211,12,False,,,,,,True,,,,True,,,,True,,,,True,,,,True,,,,True,,,,True,,,,True,,,,,,,,,,,,,,,,,,,0,,,
ntk_N1600_a1_wd0.003_s1,1.0,1600,0.003,1,43,100.0,3e-05,ok,,,200000,200000,307,168.6162350177765,18.68842577934265,2,0c2c9fa139cdb9df0506aa0716a97da613a80d40,True,5.90621596074925e-07,332.9020690917969,15.669075965881348,0.04706812429441717,0.057183947414159775,7.449146551333219e-17,-5.2443718910217285,0.03633129596710205,0.03991596773266792,0.01886792480945587,0.0605987012386322,0.061020299792289734,0.09340117871761322,0.020501382185995256,0.09340597689151764,6,False,,,,,,True,,,,True,,,,True,,,,True,,,,True,,,,True,,,,True,,,,True,,,,,,,,,,,,,,,,,,,0,,,
ntk_N1600_a1_wd0.003_s2,1.0,1600,0.003,2,44,100.0,3e-05,ok,,,200000,200000,307,173.37884497642517,18.65565800666809,2,0c2c9fa139cdb9df0506aa0716a97da613a80d40,True,5.7214560911234e-07,331.5013122558594,21.287261962890625,0.06421471401736319,0.05863801762461662,1.1627390673549232e-16,-4.651885986328125,0.01831763982772827,0.03991596773266792,0.03773584961891174,0.0597451850771904,0.058955706655979156,0.09421469271183014,0.02075771110716952,0.09421686083078384,5,False,,,,,,True,,,,True,,,,True,,,,True,,,,True,,,,True,,,,True,,,,True,,,,,,,,,,,,,,,,,,,0,,,
ntk_N1600_a1_wd0.003_s3,1.0,1600,0.003,3,45,100.0,3e-05,ok,,,200000,200000,307,172.8630509376526,19.57575035095215,2,0c2c9fa139cdb9df0506aa0716a97da613a80d40,True,5.697658025383134e-07,331.4903869628906,7.206371784210205,0.0217393084916726,0.05581424757838249,7.154379085688722e-17,-6.827322959899902,0.024698257446289062,0.05672268941998482,0.0,0.05979301035404205,0.0613272562623024,0.09059242904186249,0.020234789322023373,0.09060166776180267,11,False,,,,,,True,,,,True,,,,True,,,,True,,,,True,,,,True,,,,True,,,,True,,,,,,,,,,,,,,,,,,,0,,,
ntk_N1600_a1_wd0.003_s4,1.0,1600,0.003,4,46,100.0,3e-05,ok,,,200000,200000,307,166.38329005241394,18.52930974960327,2,0c2c9fa139cdb9df0506aa0716a97da613a80d40,True,5.806617195958097e-07,331.8200378417969,14.55420970916748,0.04386175652269242,0.05854460224509239,5.479286729198618e-17,-5.399051666259766,0.02586299180984497,0.05042016878724098,0.056603774428367615,0.05954194813966751,0.05979802459478378,0.09480827301740646,0.02062907558247193,0.09481016546487808,2,False,,,,,,True,,,,True,,,,True,,,,True,,,,True,,,,True,,,,True,,,,True,,,,,,,,,,,,,,,,,,,0,,,
ntk_N1600_a2_wd0_s0,2.0,1600,0.0,0,42,25.0,0.0,ok,,,200000,200000,307,164.66376328468323,18.71693706512451,2,0c2c9fa139cdb9df0506aa0716a97da613a80d40,True,3.9102073401409143e-07,332.86187744140625,369.16802978515625,1.1090727259691702,0.09836842864751816,0.025073703960012236,0.22749513387680054,0.0009668469429016113,1.0,0.0,6.819504960731138e-10,0.055475398898124695,0.09359957277774811,0.02083720532399138,0.09837259352207184,82000,True,61.0,55.0,,,199939.0,True,,,199939.0,True,,,199939.0,True,1000.0,,199000.0,True,2430.0,,197570.0,True,4981.0,,195019.0,True,10000.0,,190000.0,True,13894.0,,186106.0,True,0.09360061585903168,5.2689116273541003e-05,1.1920928955078125e-06,0.0007100218737388332,0.0016194411815839058,332.8739318847656,0.020837261590542125,1.148778824743615e-05,0.00010658716645952036,,,,,,,,,,0,,,
ntk_N1600_a2_wd0_s1,2.0,1600,0.0,1,43,25.0,0.0,ok,,,200000,200000,307,166.04384088516235,19.6871235370636,2,0c2c9fa139cdb9df0506aa0716a97da613a80d40,True,3.921068696399743e-07,332.9020690917969,369.1846008300781,1.108988603877606,0.09838089346885681,0.024937531603681416,0.22299209237098694,0.0009655952453613281,1.0,0.0,7.203493912477654e-10,0.05445058271288872,0.09340117871761322,0.020501382185995256,0.09838586300611496,70000,True,67.0,61.0,,,199933.0,True,,,199933.0,True,,,199933.0,True,1000.0,,199000.0,True,2430.0,,197570.0,True,4981.0,,195019.0,True,10000.0,,190000.0,True,13894.0,,186106.0,True,0.09341072291135788,6.842378934379667e-05,8.344650268554688e-07,0.005620635381637568,0.0017511913709915153,332.9071044921875,0.020502813664659447,0.0001570688924074313,-3.465229168118484e-05,,,,,,,,,,0,,,
ntk_N1600_a2_wd0_s2,2.0,1600,0.0,2,44,25.0,0.0,ok,,,200000,200000,307,165.53115105628967,19.545955181121826,2,0c2c9fa139cdb9df0506aa0716a97da613a80d40,True,3.9214785374497296e-07,331.5013122558594,368.372314453125,1.1112243023907182,0.09889812022447586,0.02520123504995734,0.22939220070838928,0.000957489013671875,1.0,0.0,7.112812006049296e-10,0.053693342953920364,0.09421469271183014,0.02075771110716952,0.09890080243349075,132000,True,67.0,61.0,,,199933.0,True,,,199933.0,True,,,199933.0,True,1000.0,,199000.0,True,2430.0,,197570.0,True,4981.0,,195019.0,True,10000.0,,190000.0,True,13894.0,,186106.0,True,0.09421586990356445,0.00010442188795423135,1.7285346984863281e-06,0.0007209997274560473,0.0017479068421377359,331.51544189453125,0.020757676596722154,0.00010833139062576199,0.0001092658612100304,,,,,,,,,,0,,,
ntk_N1600_a2_wd0_s3,2.0,1600,0.0,3,45,25.0,0.0,ok,,,200000,200000,307,170.7955939769745,20.18551993370056,2,0c2c9fa139cdb9df0506aa0716a97da613a80d40,True,3.9646670302317943e-07,331.4903869628906,367.65533447265625,1.1090980279733245,0.0953051894903183,0.02446364489863692,0.22359435260295868,0.0009576082229614258,1.0,0.0,7.100809384930074e-10,0.054416391998529434,0.09059242904186249,0.020234789322023373,0.0953173115849495,66000,True,67.0,61.0,,,199933.0,True,,,199933.0,True,,,199933.0,True,1000.0,,199000.0,True,2430.0,,197570.0,True,4981.0,,195019.0,True,10000.0,,190000.0,True,13894.0,,186106.0,True,0.090597003698349,-0.00016178008809220046,1.7881393432617188e-06,0.0027460852282188805,0.0017398607412827027,331.4822082519531,0.020233720093925205,-0.00020425623844919563,-0.00010794363620468359,,,,,,,,,,0,,,
ntk_N1600_a2_wd0_s4,2.0,1600,0.0,4,46,25.0,0.0,ok,,,200000,200000,307,167.21798396110535,18.861528635025024,2,0c2c9fa139cdb9df0506aa0716a97da613a80d40,True,3.9256897821360326e-07,331.8200378417969,368.80047607421875,1.1114472726630606,0.09938443452119827,0.025081681858204613,0.22965165972709656,0.0010031461715698242,1.0,0.0,7.315129613161275e-10,0.05454377457499504,0.09480827301740646,0.02062907558247193,0.09938991814851761,57000,True,61.0,55.0,,,199939.0,True,,,199939.0,True,,,199939.0,True,1000.0,,199000.0,True,2430.0,,197570.0,True,4981.0,,195019.0,True,10000.0,,190000.0,True,13894.0,,186106.0,True,0.09481295198202133,-0.00010789022780954838,-4.76837158203125e-07,0.002752480855254939,0.0017273778839539547,331.82989501953125,0.020632803295400487,-0.00024388185628815672,5.812199776459212e-05,,,,,,,,,,0,,,
ntk_N1600_a2_wd3e-06_s0,2.0,1600,3e-06,0,42,25.0,1.2000000000000002e-07,ok,,,200000,200000,307,169.6132218837738,19.209810733795166,2,0c2c9fa139cdb9df0506aa0716a97da613a80d40,True,3.9409223973052576e-07,332.86187744140625,280.1404113769531,0.8416115823484962,0.10574420541524887,0.031822660640783415,-0.2678127586841583,0.002652764320373535,1.0,0.01886792480945587,6.431340443668887e-05,0.05073794350028038,0.09359957277774811,0.02083720532399138,0.10574420541524887,200000,True,61.0,55.0,,,199939.0,True,,,199939.0,True,,,199939.0,True,1000.0,,199000.0,True,2430.0,,197570.0,True,5520.0,,194480.0,True,10214.0,,189786.0,True,15395.0,,184605.0,True,0.0936005637049675,-0.0003111250407528132,1.3709068298339844e-06,0.0006999973922119457,0.0016479891007468177,332.8133850097656,0.020837151186267538,-0.0003524970341994966,-0.0002572635115779836,,,,,,,,,,0,50000.0,,
ntk_N1600_a2_wd3e-06_s1,2.0,1600,3e-06,1,43,25.0,1.2000000000000002e-07,ok,,,200000,200000,307,171.25952196121216,18.774046897888184,2,0c2c9fa139cdb9df0506aa0716a97da613a80d40,True,3.921068696399743e-07,332.9020690917969,280.1258239746094,0.8414661547128006,0.10627811402082443,0.031894388383471875,-0.27592918276786804,0.0027088522911071777,1.0,0.01886792480945587,6.377445970429108e-05,0.05015379190444946,0.09340117871761322,0.020501382185995256,0.10627811402082443,200000,True,67.0,61.0,,,199933.0,True,,,199933.0,True,,,199933.0,True,1000.0,,199000.0,True,2430.0,,197570.0,True,5520.0,,194480.0,True,10214.0,,189786.0,True,15395.0,,184605.0,True,0.09341070801019669,-0.00034415684058330953,7.152557373046875e-07,0.005617802789808091,0.001779189344376,332.8404235839844,0.020502953154214767,-0.00026641342912689603,-0.00043411410893398557,,,,,,,,,,0,47000.0,,
ntk_N1600_a2_wd3e-06_s2,2.0,1600,3e-06,2,44,25.0,1.2000000000000002e-07,ok,,,200000,200000,307,175.0303440093994,20.241554498672485,2,0c2c9fa139cdb9df0506aa0716a97da613a80d40,True,3.9214785374497296e-07,331.5013122558594,279.913818359375,0.8443822332242591,0.10646843165159225,0.0321485063859378,-0.2644106447696686,0.002615213394165039,1.0,0.03773584961891174,6.444146856665611e-05,0.049283597618341446,0.09421469271183014,0.02075771110716952,0.10646843165159225,200000,True,67.0,61.0,,,199933.0,True,,,199933.0,True,,,199933.0,True,1000.0,,199000.0,True,2430.0,,197570.0,True,5520.0,,194480.0,True,10214.0,,189786.0,True,15395.0,,184605.0,True,0.09421566128730774,-0.00028167161508463323,1.5497207641601562e-06,0.0005837910604039321,0.001773231310100601,331.4488830566406,0.02075766511660824,-0.00026657632960941445,-0.0002899573557187156,,,,,,,,,,0,38000.0,,
ntk_N1600_a2_wd3e-06_s3,2.0,1600,3e-06,3,45,25.0,1.2000000000000002e-07,ok,,,200000,200000,307,176.77504897117615,20.09954071044922,2,0c2c9fa139cdb9df0506aa0716a97da613a80d40,True,3.9646670302317943e-07,331.4903869628906,279.07196044921875,0.8418704476050464,0.10296802222728729,0.03141823461232357,-0.2798882722854614,0.0026960372924804688,1.0,0.01886792480945587,6.436779221985489e-05,0.05142340064048767,0.09059242904186249,0.020234789322023373,0.10296802222728729,200000,True,67.0,61.0,,,199933.0,True,,,199933.0,True,,,199933.0,True,1000.0,,199000.0,True,2430.0,,197570.0,True,5520.0,,194480.0,True,10214.0,,189786.0,True,15395.0,,184605.0,True,0.0905967429280281,-0.0005596057744696736,1.5497207641601562e-06,0.002573214971303461,0.0018245274812653846,331.4156799316406,0.0202338018423784,-0.0005995613998752569,-0.0005075677892677615,,,,,,,,,,0,125000.0,,
ntk_N1600_a2_wd3e-06_s4,2.0,1600,3e-06,4,46,25.0,1.2000000000000002e-07,ok,,,200000,200000,307,170.94647097587585,18.59705352783203,2,0c2c9fa139cdb9df0506aa0716a97da613a80d40,True,3.961179118050495e-07,331.8200378417969,279.916748046875,0.8435800015800492,0.10690087080001831,0.03198709882969313,-0.26412636041641235,0.0027770400047302246,1.0,0.01886792480945587,6.41669612377882e-05,0.050877057015895844,0.09480827301740646,0.02062907558247193,0.10690087080001831,200000,True,61.0,55.0,,,199939.0,True,,,199939.0,True,,,199939.0,True,1000.0,,199000.0,True,2430.0,,197570.0,True,5520.0,,194480.0,True,10214.0,,189786.0,True,15395.0,,184605.0,True,0.09481272846460342,-0.0004688408225774765,-4.76837158203125e-07,0.002627660473838846,0.0017852247721767205,331.76910400390625,0.020632775936846526,-0.0006030982078117755,-0.0003058773354282733,,,,,,,,,,0,27000.0,,
ntk_N1600_a2_wd1e-05_s0,2.0,1600,1e-05,0,42,25.0,4.0000000000000003e-07,ok,,,200000,200000,307,171.70685410499573,18.02700972557068,2,0c2c9fa139cdb9df0506aa0716a97da613a80d40,True,4.7298397021222627e-07,332.86187744140625,218.1454315185547,0.6553632191086673,0.11857816576957703,0.04538435955460181,-0.6920742988586426,0.005204498767852783,1.0,0.849056601524353,0.0005487452144734561,0.03167083114385605,0.09359957277774811,0.02083720532399138,0.11864224076271057,198000,True,61.0,55.0,,,199939.0,True,,,199939.0,True,,,199939.0,True,1000.0,,199000.0,True,2692.0,,197308.0,True,5520.0,,194480.0,True,12539.0,,187461.0,True,25000.0,,175000.0,True,0.09360077977180481,-0.0011611166410148144,2.384185791015625e-07,0.000762470982709631,0.0019918406214054734,332.6714172363281,0.020837170627852668,-0.0012016888300832548,-0.0011062301198342941,,,,,,,,,,0,22000.0,,
ntk_N1600_a2_wd1e-05_s1,2.0,1600,1e-05,1,43,25.0,4.0000000000000003e-07,ok,,,200000,200000,307,167.79675316810608,17.905462741851807,2,0c2c9fa139cdb9df0506aa0716a97da613a80d40,True,4.6788872509750945e-07,332.9020690917969,218.19737243652344,0.6554401209694978,0.11961694806814194,0.045364604803254646,-0.7021884322166443,0.005606412887573242,1.0,0.8113207817077637,0.0005495958030223846,0.03255710005760193,0.09340117871761322,0.020501382185995256,0.1196608692407608,199000,True,67.0,61.0,,,199933.0,True,,,199933.0,True,,,199933.0,True,1069.0,,198931.0,True,2692.0,,197308.0,True,6000.0,,194000.0,True,12539.0,,187461.0,True,25000.0,,175000.0,True,0.09341017156839371,-0.0012569575337693095,9.5367431640625e-07,0.005293482498526227,0.0021602147106903895,332.68487548828125,0.02050288842135614,-0.001163956247903848,-0.001366214970671141,,,,,,,,,,0,20941.0,,
ntk_N1600_a2_wd1e-05_s2,2.0,1600,1e-05,2,44,25.0,4.0000000000000003e-07,ok,,,200000,200000,307,168.6076033115387,18.977937936782837,2,0c2c9fa139cdb9df0506aa0716a97da613a80d40,True,4.8032677568699e-07,331.5013122558594,217.8853759765625,0.6572685172612354,0.11988891661167145,0.04588335293113674,-0.6878881454467773,0.005200982093811035,1.0,0.849056601524353,0.0005482146516442299,0.030120570212602615,0.09421469271183014,0.02075771110716952,0.11988891661167145,200000,True,67.0,61.0,,,199933.0,True,,,199933.0,True,,,199933.0,True,1069.0,,198931.0,True,2692.0,,197308.0,True,6000.0,,194000.0,True,12539.0,,187461.0,True,25000.0,,175000.0,True,0.09421610832214355,-0.0012245520483702421,1.9073486328125e-06,0.0008543937695228812,0.0021340172435645173,331.2940673828125,0.02075736552367234,-0.0012196968702033613,-0.0012214814268544788,,,,,,,,,,0,20000.0,,
ntk_N1600_a2_wd1e-05_s3,2.0,1600,1e-05,3,45,25.0,4.0000000000000003e-07,ok,,,200000,200000,307,169.53660011291504,18.308300971984863,2,0c2c9fa139cdb9df0506aa0716a97da613a80d40,True,4.546041338926443e-07,331.4903869628906,216.5948486328125,0.6533970731919284,0.11706333607435226,0.04552718435563367,-0.7215108871459961,0.005590558052062988,1.0,0.698113203048706,0.000542979862075299,0.032796140760183334,0.09059242904186249,0.020234789322023373,0.11706333607435226,200000,True,67.0,61.0,,,199933.0,True,,,199933.0,True,,,199933.0,True,1000.0,,199000.0,True,2692.0,,197308.0,True,5520.0,,194480.0,True,12539.0,,187461.0,True,25000.0,,175000.0,True,0.09059685468673706,-0.0015081209130585194,1.430511474609375e-06,0.0026596293136789393,0.0022788771015976425,331.2609558105469,0.020233882547940472,-0.0015612301589582114,-0.0014400197736010656,,,,,,,,,,0,42000.0,,
ntk_N1600_a2_wd1e-05_s4,2.0,1600,1e-05,4,46,25.0,4.0000000000000003e-07,ok,,,200000,200000,307,165.83349895477295,17.913515090942383,2,0c2c9fa139cdb9df0506aa0716a97da613a80d40,True,4.709285690296383e-07,331.8200378417969,217.55026245117188,0.6556272606866923,0.12030135095119476,0.04585860999291276,-0.691500723361969,0.005528509616851807,1.0,0.8113207817077637,0.0005493313656188548,0.0313793309032917,0.09480827301740646,0.02062907558247193,0.12030135095119476,200000,True,61.0,55.0,,,199939.0,True,,,199939.0,True,,,199939.0,True,1069.0,,198931.0,True,2692.0,,197308.0,True,6000.0,,194000.0,True,12539.0,,187461.0,True,25000.0,,175000.0,True,0.09481261670589447,-0.0013113270979374647,0.0,0.002575072665799517,0.002173982210262885,331.6276550292969,0.02063282495284545,-0.0014402890843460425,-0.0011551958129094012,,,,,,,,,,0,17000.0,196000.0,
ntk_N1600_a2_wd3e-05_s0,2.0,1600,3e-05,0,42,25.0,1.2e-06,ok,,,200000,200000,307,172.1971960067749,19.29669952392578,2,0c2c9fa139cdb9df0506aa0716a97da613a80d40,True,4.939435029882588e-07,332.86187744140625,176.23638916015625,0.5294580157836765,0.13147270679473877,0.060278583290448016,-1.0604864358901978,0.008190035820007324,1.0,0.9811320900917053,0.003635992296040058,0.02164865843951702,0.09359957277774811,0.02083720532399138,0.13174830377101898,199000,True,74.0,67.0,104000.0,103000.0,103926.0,False,,,199926.0,True,,,199926.0,True,1069.0,87000.0,85931.0,False,2983.0,,197017.0,True,9000.0,,191000.0,True,,,,True,,,,True,0.09360212832689285,-0.004330880474299192,4.76837158203125e-07,0.0014763489531487953,0.00466532027254085,332.14190673828125,0.020838051015240527,-0.004367618358238595,-0.004283523915654562,,,,,,,,,,0,14000.0,75000.0,
ntk_N1600_a2_wd3e-05_s1,2.0,1600,3e-05,1,43,25.0,1.2e-06,ok,,,200000,200000,307,173.30157589912415,19.05746078491211,2,0c2c9fa139cdb9df0506aa0716a97da613a80d40,True,4.936733262184134e-07,332.9020690917969,176.71719360351562,0.5308383756388919,0.1327408105134964,0.05987999978217027,-1.0717216730117798,0.009040415287017822,1.0,0.9811320900917053,0.003657046938315034,0.022326635196805,0.09340117871761322,0.020501382185995256,0.1327408105134964,200000,True,74.0,67.0,98000.0,97545.0,97926.0,False,,,199926.0,True,,,199926.0,True,1069.0,92000.0,90931.0,False,2983.0,,197017.0,True,9000.0,,191000.0,True,,,,True,,,,True,0.09340808540582657,-0.00431609433144331,2.384185791015625e-07,0.00380557621563346,0.004695027656612619,332.17303466796875,0.020502923221138725,-0.004205256273952498,-0.004446517199251945,,,,,,,,,,0,13894.0,71000.0,
ntk_N1600_a2_wd3e-05_s2,2.0,1600,3e-05,2,44,25.0,1.2e-06,ok,,,200000,200000,307,173.3159520626068,20.25252866744995,2,0c2c9fa139cdb9df0506aa0716a97da613a80d40,True,4.883832502855512e-07,331.5013122558594,176.3842315673828,0.5320770236687508,0.133374884724617,0.06075553443101733,-1.0573228597640991,0.008170783519744873,1.0,1.0,0.0036516657564789057,0.02028266154229641,0.09421469271183014,0.02075771110716952,0.13341689109802246,196000,True,74.0,67.0,98000.0,97545.0,97926.0,False,173000.0,172000.0,172926.0,False,173000.0,172000.0,172926.0,False,1069.0,82000.0,80931.0,False,2983.0,,197017.0,True,9000.0,,191000.0,True,,,,True,,,,True,0.09421493113040924,-0.004255934152752161,3.0994415283203125e-06,0.00024832097814476734,0.004607455771106615,330.7849426269531,0.02075709420226579,-0.004224373209606975,-0.004288512528771078,0.13251368701457977,-1.049196481704712,0.007943570613861084,0.3118081327807837,0.6540478620028997,177.36245727539062,0.05985436963234235,-0.7836073957667051,-1.497077750162309,0,13000.0,70000.0,
ntk_N1600_a2_wd3e-05_s3,2.0,1600,3e-05,3,45,25.0,1.2e-06,ok,,,200000,200000,307,173.8716459274292,19.87588858604431,2,0c2c9fa139cdb9df0506aa0716a97da613a80d40,True,5.09884614530165e-07,331.4903869628906,175.19117736816406,0.5284954986877981,0.13082492351531982,0.060576829753148716,-1.096307635307312,0.008900761604309082,1.0,0.9811320900917053,0.003628064878284931,0.022197403013706207,0.09059242904186249,0.020234789322023373,0.130888432264328,196000,True,67.0,61.0,147000.0,146000.0,146933.0,False,,,199933.0,True,,,199933.0,True,1069.0,92000.0,90931.0,False,2983.0,,197017.0,True,9000.0,,191000.0,True,,,,True,,,,True,0.09059767425060272,-0.004195718094706535,5.960464477539062e-07,0.003114764066075392,0.004518055962854344,330.81878662109375,0.020234212425666014,-0.004266567715192164,-0.004104247003087354,,,,,,,,,,0,20941.0,79453.0,
ntk_N1600_a2_wd3e-05_s4,2.0,1600,3e-05,4,46,25.0,1.2e-06,ok,,,200000,200000,307,173.2244529724121,19.19232201576233,2,0c2c9fa139cdb9df0506aa0716a97da613a80d40,True,5.191735112930473e-07,331.8200378417969,175.72369384765625,0.5295752932541004,0.13333876430988312,0.06097742085484614,-1.0616881847381592,0.008272171020507812,1.0,1.0,0.003646839177235961,0.0212247371673584,0.09480827301740646,0.02062907558247193,0.13333876430988312,200000,True,61.0,55.0,94000.0,93000.0,93939.0,False,126000.0,125000.0,125939.0,False,126000.0,125000.0,125939.0,False,1069.0,86000.0,84931.0,False,2983.0,,197017.0,True,9000.0,,191000.0,True,,,,True,,,,True,0.09481088072061539,-0.0037069397512823343,2.980232238769531e-07,0.0015770679408908359,0.0040875112737069974,331.2247314453125,0.02063230144268108,-0.00380980351232941,-0.003581812255366776,0.12959331274032593,-1.0202800035476685,0.007507443428039551,0.29154513231497886,0.6437244947265112,180.07150268554688,0.0567597323217025,-0.7468175714500824,-1.4850755299010785,0,12000.0,68000.0,
ntk_N1600_a2_wd0.0001_s0,2.0,1600,0.0001,0,42,25.0,4e-06,ok,,,200000,200000,307,175.46369695663452,20.16397738456726,2,0c2c9fa139cdb9df0506aa0716a97da613a80d40,True,4.979593768439372e-07,332.86187744140625,125.1759262084961,0.3760596652601974,0.12242032587528229,0.053474108459687315,-1.6086384057998657,0.01573491096496582,0.993697464466095,0.6792452931404114,0.020660098642110825,0.03578072041273117,0.09359957277774811,0.02083720532399138,0.12242032587528229,200000,True,786.0,710.0,,,199214.0,True,,,199214.0,True,,,199214.0,True,1455.0,,198545.0,True,,,,True,,,,True,,,,True,,,,True,0.09366759657859802,-0.14749747514724731,3.3020973205566406e-05,0.00866023243841752,0.13734859764621762,308.7475280761719,0.02091221826332588,-0.14565785026762515,-0.1497775022939114,,,,,,,,,,0,28000.0,95000.0,
ntk_N1600_a2_wd0.0001_s1,2.0,1600,0.0001,1,43,25.0,4e-06,ok,,,200000,200000,307,173.96777081489563,19.841617107391357,2,0c2c9fa139cdb9df0506aa0716a97da613a80d40,True,4.80499522836908e-07,332.9020690917969,125.44817352294922,0.3768320631505514,0.12220383435487747,0.05212768704994991,-1.6043190956115723,0.017784833908081055,1.0,0.5283018946647644,0.020821793004870415,0.036662522703409195,0.09340117871761322,0.020501382185995256,0.12240443378686905,198000,True,383.0,346.0,,,199617.0,True,,,199617.0,True,,,199617.0,True,1455.0,,198545.0,True,,,,True,,,,True,,,,True,,,,True,0.09342021495103836,-0.07363034784793854,1.1444091796875e-05,0.0040425401790817215,0.07115150683993084,320.70220947265625,0.02052076188879907,-0.07271308477877989,-0.07474207466417385,,,,,,,,,,0,25710.0,95000.0,
ntk_N1600_a2_wd0.0001_s2,2.0,1600,0.0001,2,44,25.0,4e-06,ok,,,200000,200000,307,176.51137709617615,19.580677270889282,2,0c2c9fa139cdb9df0506aa0716a97da613a80d40,True,5.028583700550371e-07,331.5013122558594,125.27723693847656,0.3779087210423622,0.12343593686819077,0.053510933596068004,-1.5964199304580688,0.015688419342041016,1.0,0.698113203048706,0.020785458385944366,0.034041792154312134,0.09421469271183014,0.02075771110716952,0.1236819475889206,197000,True,425.0,383.0,,,199575.0,True,,,199575.0,True,,,199575.0,True,1455.0,,198545.0,True,,,,True,,,,True,,,,True,,,,True,0.0942276194691658,-0.08163637667894363,1.4483928680419922e-05,0.0026980260337809616,0.07855634180328182,318.1065979003906,0.020782116278330032,-0.08127885247391732,-0.08205132279761819,,,,,,,,,,0,25000.0,84000.0,
ntk_N1600_a2_wd0.0001_s3,2.0,1600,0.0001,3,45,25.0,4e-06,ok,,,200000,200000,307,180.70703673362732,21.155181884765625,2,0c2c9fa139cdb9df0506aa0716a97da613a80d40,True,4.8059672508316e-07,331.4903869628906,123.9981689453125,0.3740626389844413,0.12144176661968231,0.053686319111090855,-1.6427619457244873,0.01703774929046631,1.0,0.5849056839942932,0.02058553136885166,0.036408066749572754,0.09059242904186249,0.020234789322023373,0.12144176661968231,200000,True,383.0,346.0,,,199617.0,True,,,199617.0,True,,,199617.0,True,1455.0,,198545.0,True,,,,True,,,,True,,,,True,,,,True,0.09061341732740402,-0.07442585378885269,1.0728836059570312e-05,0.0047563979474685315,0.07186264190536122,319.305419921875,0.02024766520939284,-0.07422038484416928,-0.0746594752228844,,,,,,,,,,0,31564.0,126000.0,
ntk_N1600_a2_wd0.0001_s4,2.0,1600,0.0001,4,46,25.0,4e-06,ok,,,200000,200000,307,179.9263129234314,19.84472346305847,2,0c2c9fa139cdb9df0506aa0716a97da613a80d40,True,4.993553375243209e-07,331.8200378417969,124.7657241821289,0.37600418887786985,0.12341466546058655,0.05445352495034146,-1.6085567474365234,0.015484154224395752,1.0,0.6226415038108826,0.020609676837921143,0.03509150445461273,0.09480827301740646,0.02062907558247193,0.12357157468795776,195000,True,522.0,471.0,,,199478.0,True,,,199478.0,True,,,199478.0,True,1455.0,,198545.0,True,,,,True,,,,True,,,,True,,,,True,0.09480500221252441,-0.09952673316001892,1.901388168334961e-05,-0.00022534160716834907,0.09491401879611552,315.4836120605469,0.020671127393472547,-0.0985729170814401,-0.10070359661388248,,,,,,,,,,0,23204.0,84000.0,
ntk_N1600_a2_wd0.0003_s0,2.0,1600,0.0003,0,42,25.0,1.1999999999999999e-05,ok,,,200000,200000,307,172.96061301231384,19.504305362701416,2,0c2c9fa139cdb9df0506aa0716a97da613a80d40,True,5.279458719087415e-07,332.86187744140625,66.76277923583984,0.2005720202896834,0.06979881227016449,0.009195970642663795,-2.3548531532287598,0.07766151428222656,0.04621848836541176,0.03773584961891174,0.05629386007785797,0.06488320231437683,0.09359957277774811,0.02083720532399138,0.0936027467250824,30,False,,,,,,True,,,,True,,,,True,,,,True,,,,True,,,,True,,,,True,,,,True,,,,,,,,,,,,,,,,,,,0,,,
ntk_N1600_a2_wd0.0003_s1,2.0,1600,0.0003,1,43,25.0,1.1999999999999999e-05,ok,,,200000,200000,307,170.15364027023315,19.387845039367676,2,0c2c9fa139cdb9df0506aa0716a97da613a80d40,True,5.433682872535428e-07,332.9020690917969,67.7591323852539,0.20354073668004,0.07065068185329437,0.009514293739648804,-2.34126353263855,0.08320951461791992,0.06302521377801895,0.01886792480945587,0.05622544139623642,0.06571418792009354,0.09340117871761322,0.020501382185995256,0.0934075266122818,44,False,,,,,,True,,,,True,,,,True,,,,True,,,,True,,,,True,,,,True,,,,True,,,,,,,,,,,,,,,,,,,0,,,
ntk_N1600_a2_wd0.0003_s2,2.0,1600,0.0003,2,44,25.0,1.1999999999999999e-05,ok,,,200000,200000,307,170.65328288078308,18.734076738357544,2,0c2c9fa139cdb9df0506aa0716a97da613a80d40,True,5.535966351999377e-07,331.5013122558594,67.28982543945312,0.2029850952370212,0.07000473141670227,0.008784243155445182,-2.322373867034912,0.07625377178192139,0.052521008998155594,0.01886792480945587,0.05618616193532944,0.06246013939380646,0.09421469271183014,0.02075771110716952,0.09421851485967636,13,False,,,,,,True,,,,True,,,,True,,,,True,,,,True,,,,True,,,,True,,,,True,,,,,,,,,,,,,,,,,,,0,,,
ntk_N1600_a2_wd0.0003_s3,2.0,1600,0.0003,3,45,25.0,1.1999999999999999e-05,ok,,,200000,200000,307,171.25074577331543,18.878170251846313,2,0c2c9fa139cdb9df0506aa0716a97da613a80d40,True,5.334020443115151e-07,331.4903869628906,65.0111312866211,0.1961176970537577,0.06815695017576218,0.009596700366103328,-2.415287733078003,0.09069973230361938,0.07563025504350662,0.0,0.055966947227716446,0.06714550405740738,0.09059242904186249,0.020234789322023373,0.09060095250606537,30,False,,,,,,True,,,,True,,,,True,,,,True,,,,True,,,,True,,,,True,,,,True,,,,,,,,,,,,,,,,,,,0,,,
ntk_N1600_a2_wd0.0003_s4,2.0,1600,0.0003,4,46,25.0,1.1999999999999999e-05,ok,,,200000,200000,307,171.67085528373718,18.591556072235107,2,0c2c9fa139cdb9df0506aa0716a97da613a80d40,True,5.531633178179618e-07,331.8200378417969,64.80400085449219,0.19529863620047275,0.06964423507452011,0.009379890554052209,-2.405155897140503,0.08269554376602173,0.05672268941998482,0.01886792480945587,0.056647270917892456,0.06244547292590141,0.09480827301740646,0.02062907558247193,0.09481118619441986,49,False,,,,,,True,,,,True,,,,True,,,,True,,,,True,,,,True,,,,True,,,,True,,,,,,,,,,,,,,,,,,,0,,,
ntk_N1600_a2_wd0.001_s0,2.0,1600,0.001,0,42,25.0,4e-05,ok,,,200000,200000,307,166.94907116889954,19.145387649536133,2,0c2c9fa139cdb9df0506aa0716a97da613a80d40,True,5.635150728267035e-07,332.86187744140625,28.684829711914062,0.08617637421384627,0.054976098239421844,0.00037537252471319765,-3.887249708175659,0.07874166965484619,0.042016807943582535,0.03773584961891174,0.0955999419093132,0.09773058444261551,0.09359957277774811,0.02083720532399138,0.09360190480947495,27,False,,,,,,True,,,,True,,,,True,,,,True,,,,True,,,,True,,,,True,,,,True,,,,,,,,,,,,,,,,,,,0,,,
ntk_N1600_a2_wd0.001_s1,2.0,1600,0.001,1,43,25.0,4e-05,ok,,,200000,200000,307,167.0832760334015,17.703881978988647,2,0c2c9fa139cdb9df0506aa0716a97da613a80d40,True,5.810183552057424e-07,332.9020690917969,28.074331283569336,0.08433210211087007,0.05363662168383598,0.0005895763390881395,-3.9096505641937256,0.10268598794937134,0.04621848836541176,0.01886792480945587,0.09744617342948914,0.0994100347161293,0.09340117871761322,0.020501382185995256,0.09340573847293854,9,False,,,,,,True,,,,True,,,,True,,,,True,,,,True,,,,True,,,,True,,,,True,,,,,,,,,,,,,,,,,,,0,,,
ntk_N1600_a2_wd0.001_s2,2.0,1600,0.001,2,44,25.0,4e-05,ok,,,200000,200000,307,167.73430824279785,18.209417819976807,2,0c2c9fa139cdb9df0506aa0716a97da613a80d40,True,5.652036065839638e-07,331.5013122558594,29.241432189941406,0.0882090993575684,0.05773871764540672,1.919052219111212e-05,-3.9539308547973633,0.034581542015075684,0.042016807943582535,0.01886792480945587,0.0966995358467102,0.09617484360933304,0.09421469271183014,0.02075771110716952,0.09421776980161667,12,False,,,,,,True,,,,True,,,,True,,,,True,,,,True,,,,True,,,,True,,,,True,,,,,,,,,,,,,,,,,,,0,,,
ntk_N1600_a2_wd0.001_s3,2.0,1600,0.001,3,45,25.0,4e-05,ok,,,200000,200000,307,170.37009596824646,19.342249393463135,2,0c2c9fa139cdb9df0506aa0716a97da613a80d40,True,5.692915578947577e-07,331.4903869628906,25.88827896118164,0.07809662053361371,0.05078387260437012,0.0009194328037756933,-4.016501426696777,0.1497119665145874,0.06092436984181404,0.0,0.09413368254899979,0.10088926553726196,0.09059242904186249,0.020234789322023373,0.09059946984052658,27,False,,,,,,True,,,,True,,,,True,,,,True,,,,True,,,,True,,,,True,,,,True,,,,,,,,,,,,,,,,,,,0,,,
ntk_N1600_a2_wd0.001_s4,2.0,1600,0.001,4,46,25.0,4e-05,ok,,,200000,200000,307,169.17241668701172,19.20608615875244,2,0c2c9fa139cdb9df0506aa0716a97da613a80d40,True,5.808734044876473e-07,331.8200378417969,26.295347213745117,0.07924580861594034,0.054960545152425766,0.00027358664906316094,-4.0685601234436035,0.07687664031982422,0.052521008998155594,0.03773584961891174,0.09419343620538712,0.09423425793647766,0.09480827301740646,0.02062907558247193,0.0948103740811348,44,False,,,,,,True,,,,True,,,,True,,,,True,,,,True,,,,True,,,,True,,,,True,,,,,,,,,,,,,,,,,,,0,,,
ntk_N1600_a2_wd0.003_s0,2.0,1600,0.003,0,42,25.0,0.00012,ok,,,200000,200000,307,168.22351503372192,18.834649562835693,2,0c2c9fa139cdb9df0506aa0716a97da613a80d40,True,5.615331701847026e-07,332.86187744140625,13.93096923828125,0.041852101975040745,0.05825430899858475,5.397971566262205e-17,-5.509284973144531,0.01759326457977295,0.03991596773266792,0.09433962404727936,0.11655009537935257,0.11701516062021255,0.09359957277774811,0.02083720532399138,0.09360064566135406,6,False,,,,,,True,,,,True,,,,True,,,,True,,,,True,,,,True,,,,True,,,,True,,,,,,,,,,,,,,,,,,,0,,,
ntk_N1600_a2_wd0.003_s1,2.0,1600,0.003,1,43,25.0,0.00012,ok,,,200000,200000,307,166.1957187652588,17.166056632995605,2,0c2c9fa139cdb9df0506aa0716a97da613a80d40,True,5.817911414851551e-07,332.9020690917969,14.021841049194336,0.04212001772006965,0.05698417127132416,5.631075033346589e-17,-5.457576274871826,0.04176926612854004,0.03991596773266792,0.01886792480945587,0.11775123327970505,0.1171593964099884,0.09340117871761322,0.020501382185995256,0.09340540319681168,9,False,,,,,,True,,,,True,,,,True,,,,True,,,,True,,,,True,,,,True,,,,True,,,,,,,,,,,,,,,,,,,0,,,
ntk_N1600_a2_wd0.003_s2,2.0,1600,0.003,2,44,25.0,0.00012,ok,,,200000,200000,307,165.77953910827637,18.671740770339966,2,0c2c9fa139cdb9df0506aa0716a97da613a80d40,True,5.661265731760068e-07,331.5013122558594,19.866802215576172,0.059929784532021926,0.058694735169410706,8.629571666626812e-17,-4.7876081466674805,0.01930069923400879,0.03991596773266792,0.03773584961891174,0.11387037485837936,0.11143065243959427,0.09421469271183014,0.02075771110716952,0.09421621263027191,12,False,,,,,,True,,,,True,,,,True,,,,True,,,,True,,,,True,,,,True,,,,True,,,,,,,,,,,,,,,,,,,0,,,
ntk_N1600_a2_wd0.003_s3,2.0,1600,0.003,3,45,25.0,0.00012,ok,,,200000,200000,307,157.8638298511505,19.170806407928467,2,0c2c9fa139cdb9df0506aa0716a97da613a80d40,True,5.740944857279828e-07,331.4903869628906,7.402304172515869,0.02233037356025813,0.05572420358657837,6.52554182564713e-17,-6.7736945152282715,0.02404618263244629,0.05882352963089943,0.0,0.11502757668495178,0.11849870532751083,0.09059242904186249,0.020234789322023373,0.09059804677963257,24,False,,,,,,True,,,,True,,,,True,,,,True,,,,True,,,,True,,,,True,,,,True,,,,,,,,,,,,,,,,,,,0,,,
ntk_N1600_a2_wd0.003_s4,2.0,1600,0.003,4,46,25.0,0.00012,ok,,,200000,200000,307,130.4883189201355,16.670976161956787,2,0c2c9fa139cdb9df0506aa0716a97da613a80d40,True,5.767580546489626e-07,331.8200378417969,12.7389497756958,0.03839114074771277,0.05863295868039131,1.113272343235272e-16,-5.664821147918701,0.02636808156967163,0.05042016878724098,0.056603774428367615,0.11297645419836044,0.11382706463336945,0.09480827301740646,0.02062907558247193,0.09480970352888107,5,False,,,,,,True,,,,True,,,,True,,,,True,,,,True,,,,True,,,,True,,,,True,,,,,,,,,,,,,,,,,,,0,,,
