run_id,alpha,width,eta_kappa,seed,lr,weight_decay,status,error,diverged_step,steps,last_step,n_checkpoints,seconds,callback_seconds,feature_version,git_commit,git_dirty,closed_form_check,init_weight_norm,final_weight_norm,weight_norm_growth,A_t_final,A_full_final,S_c_final,R_c_final,train_acc_final,test_acc_final,train_loss_final,test_loss_final,A_0,A_full_0,A_peak,A_peak_step,memorised,t_mem,t_mem_prev,t_gen_acc95,t_gen_acc95_prev,t_grok_acc95,censored_acc95,t_gen_acc99,t_gen_acc99_prev,t_grok_acc99,censored_acc99,t_gen_acc100,t_gen_acc100_prev,t_grok_acc100,censored_acc100,t_train_loss3e-2,t_test_loss3e-2,t_grok_loss3e-2,censored_loss3e-2,t_train_loss2e-2,t_test_loss2e-2,t_grok_loss2e-2,censored_loss2e-2,t_train_loss1e-2,t_test_loss1e-2,t_grok_loss1e-2,censored_loss1e-2,t_train_loss3e-3,t_test_loss3e-3,t_grok_loss3e-3,censored_loss3e-3,t_train_loss1e-3,t_test_loss1e-3,t_grok_loss1e-3,censored_loss1e-3,A_t_at_mem,S_c_at_mem,R_c_at_mem,gamma_at_mem,D_at_mem,weight_norm_at_mem,A_full_at_mem,S_W1_at_mem,S_W2_at_mem,A_t_at_gen,S_c_at_gen,R_c_at_gen,gamma_at_gen,D_at_gen,weight_norm_at_gen,A_full_at_gen,S_W1_at_gen,S_W2_at_gen,t_A08,t_A10,t_A12,t_A14
ntk_N50_a0.5_wd0_s0,0.5,50,0.0,0,400.0,0.0,ok,,,200000,200000,307,40.795674085617065,9.500781297683716,1,2b612a1ab9bb21bf10567b9e9db087f1d9233985,False,9.173736543743871e-07,58.59480285644531,250.8449249267578,4.281009794355258,0.0879225954413414,0.02111407762541703,3.4512901306152344,0.16590535640716553,1.0,1.0,0.0033479982521384954,0.010668777860701084,0.08188313245773315,0.01730807447749534,0.11582760512828827,3305,True,3662.0,3305.0,4981.0,4496.0,1319.0,False,7508.0,7000.0,3846.0,False,7508.0,7000.0,3846.0,False,1313.0,4981.0,3668.0,False,2983.0,7508.0,4525.0,False,6776.0,,193224.0,True,,,,True,,,,True,0.11534875631332397,1.7806204557418823,0.15204006433486938,0.08691458846940708,5.113128481810664,137.0504913330078,0.047955279879682254,2.0519437398155693,1.5254544714390805,0.10639643669128418,2.351022958755493,0.16901075839996338,0.06917583018253734,9.681317134036439,167.03469848632812,0.03976922045382891,2.608167132388213,2.124695119707894,0.0,871.0,,
ntk_N50_a0.5_wd0_s1,0.5,50,0.0,1,400.0,0.0,ok,,,200000,200000,307,40.67458415031433,9.697666883468628,1,2b612a1ab9bb21bf10567b9e9db087f1d9233985,False,9.219510843649914e-07,59.26971435546875,277.217041015625,4.677212367736787,0.08830398321151733,0.020175727136617777,3.672783613204956,0.1561884880065918,1.0,1.0,0.00302328635007143,0.009850979782640934,0.07832860201597214,0.016434781873278494,0.10686713457107544,2193,True,4981.0,4496.0,8319.0,8000.0,3338.0,False,12000.0,11317.0,7019.0,False,12000.0,11317.0,7019.0,False,1455.0,7508.0,6053.0,False,4000.0,12000.0,8000.0,False,10214.0,42000.0,31786.0,False,102000.0,,98000.0,True,,,,True,0.10634738206863403,1.97227144241333,0.14877545833587646,0.0758280211130244,6.357450456384294,145.6224365234375,0.040620729258191025,2.267862985727005,1.6980921858171942,0.09726274013519287,2.585888147354126,0.18061280250549316,0.057887436209651304,12.46886748227186,180.58425903320312,0.032178498813082115,2.847457463880203,2.364485963518039,152.0,1185.0,,
ntk_N50_a0.5_wd0_s2,0.5,50,0.0,2,400.0,0.0,ok,,,200000,200000,307,41.88598704338074,10.59565544128418,1,2b612a1ab9bb21bf10567b9e9db087f1d9233985,False,8.636466759526229e-07,58.163665771484375,244.03103637695312,4.195592439715054,0.07812965661287308,0.019886936591362606,3.468590259552002,0.1881847381591797,1.0,1.0,0.0052814907394349575,0.01460755243897438,0.0818062275648117,0.01703236922027293,0.11169157177209854,3000,True,4000.0,3662.0,6776.0,6116.0,2776.0,False,11000.0,10214.0,7000.0,False,11000.0,10214.0,7000.0,False,1455.0,6776.0,5321.0,False,3662.0,12000.0,8338.0,False,9000.0,,191000.0,True,,,,True,,,,True,0.11140357702970505,1.8247313499450684,0.12673163414001465,0.08229887308533534,5.350096599345623,136.3285675048828,0.04494516662172921,2.0808617271434975,1.5789711864633977,0.1018969938158989,2.487644672393799,0.14107656478881836,0.06197620728008363,11.185704249659981,174.059326171875,0.03656298183726294,2.711521476729382,2.3075007250468493,0.0,1000.0,,
ntk_N50_a0.5_wd0_s3,0.5,50,0.0,3,400.0,0.0,ok,,,200000,200000,307,41.43863081932068,10.245777130126953,1,2b612a1ab9bb21bf10567b9e9db087f1d9233985,False,8.513833904544299e-07,59.65932083129883,245.96177673339844,4.122771987782343,0.07833348959684372,0.01968401108623656,3.514244794845581,0.2185959815979004,1.0,1.0,0.004806118551641703,0.012559771537780762,0.0822109803557396,0.018695695793098585,0.11415700614452362,3305,True,4000.0,3662.0,8000.0,7508.0,4000.0,False,11317.0,11000.0,7317.0,False,11317.0,11000.0,7317.0,False,1455.0,7508.0,6053.0,False,3662.0,12000.0,8338.0,False,12000.0,,188000.0,True,,,,True,,,,True,0.11323873698711395,1.7850043773651123,0.14809471368789673,0.08277656491380013,5.134474649932779,136.8660125732422,0.04601254654819031,2.0979759556970374,1.4839939168581047,0.10528286546468735,2.360198736190796,0.1794927716255188,0.06640032762801781,9.789252285613117,166.54263305664062,0.04035522202601345,2.636026449272207,2.1162400202963245,0.0,786.0,,
ntk_N50_a0.5_wd0_s4,0.5,50,0.0,4,400.0,0.0,ok,,,200000,200000,307,40.592698097229004,10.09883451461792,1,a32604fecc91de55d340ab4799441a26f2677242,False,9.1956752612532e-07,58.240745544433594,262.40252685546875,4.505480216685655,0.08690019696950912,0.019573512834431206,3.7121551036834717,0.13903772830963135,1.0,1.0,0.002004193840548396,0.005908151622861624,0.08643396198749542,0.019544955861235343,0.11390749365091324,1786,True,3305.0,3000.0,6776.0,6116.0,3471.0,False,8000.0,7508.0,4695.0,False,8000.0,7508.0,4695.0,False,1455.0,6000.0,4545.0,False,3662.0,8319.0,4657.0,False,7508.0,17000.0,9492.0,False,37000.0,,163000.0,True,,,,True,0.11081520467996597,1.8207762241363525,0.13685202598571777,0.0719790046673263,5.337452857780098,132.99778747558594,0.04383448456530823,2.021109209593904,1.600266258306637,0.10416742414236069,2.5300824642181396,0.16064715385437012,0.05838587879309374,11.72779122282105,169.51414489746094,0.03821595476939219,2.672326966499022,2.395885130624836,0.0,710.0,,
ntk_N50_a0.5_wd3e-06_s0,0.5,50,3e-06,0,400.0,7.500000000000001e-09,ok,,,200000,200000,307,41.360705852508545,10.047006607055664,1,a32604fecc91de55d340ab4799441a26f2677242,False,8.880467703420436e-07,58.59480285644531,243.61965942382812,4.1577008121468655,0.08837618678808212,0.021951753405232113,3.3821451663970947,0.16652512550354004,1.0,1.0,0.0018031594809144735,0.0053109764121472836,0.08188313245773315,0.01730807447749534,0.1161646619439125,3305,True,3662.0,3305.0,4981.0,4496.0,1319.0,False,6776.0,6116.0,3114.0,False,6776.0,6116.0,3114.0,False,1313.0,4981.0,3668.0,False,2983.0,7508.0,4525.0,False,6776.0,29000.0,22224.0,False,69000.0,,131000.0,True,,,,True,0.11577270179986954,1.7820872068405151,0.15086102485656738,0.08784774171913254,5.120421967371249,136.88235473632812,0.04800728638205702,2.0603579970487327,1.5166302324808683,0.10764079540967941,2.277944803237915,0.16885864734649658,0.07142714535915157,8.942773257120063,162.41897583007812,0.041626383278731714,2.532086354818062,2.052013917658519,0.0,871.0,,
ntk_N50_a0.5_wd3e-06_s1,0.5,50,3e-06,1,400.0,7.500000000000001e-09,ok,,,200000,200000,307,40.926777839660645,9.756582498550415,1,a32604fecc91de55d340ab4799441a26f2677242,False,9.059536978384131e-07,59.26971435546875,263.9559631347656,4.45347115310352,0.08667206019163132,0.019541021949585177,3.5572314262390137,0.16356199979782104,1.0,1.0,0.0030960324220359325,0.008564738556742668,0.07832860201597214,0.016434781873278494,0.10699522495269775,3000,True,4981.0,4496.0,8000.0,7508.0,3019.0,False,11000.0,10214.0,6019.0,False,11000.0,10214.0,6019.0,False,1455.0,7508.0,6053.0,False,4000.0,12539.0,8539.0,False,11000.0,40000.0,29000.0,False,,,,True,,,,True,0.1058749258518219,1.9628299474716187,0.14752566814422607,0.07502830550903537,6.288737161426253,145.0258026123047,0.040899972816471585,2.2519041156637947,1.6952107778493808,0.09814519435167313,2.500241994857788,0.179149329662323,0.05944851900889156,11.378934634978517,175.12705993652344,0.03371447636919238,2.7627695679958015,2.2717965418521877,152.0,1185.0,,
ntk_N50_a0.5_wd3e-06_s2,0.5,50,3e-06,2,400.0,7.500000000000001e-09,ok,,,200000,200000,307,40.81404685974121,9.952126264572144,1,a32604fecc91de55d340ab4799441a26f2677242,False,9.009659152070526e-07,58.163665771484375,245.0848846435547,4.2137111097236115,0.08137819170951843,0.01942885955248049,3.455695152282715,0.1633549928665161,1.0,1.0,0.004654298070818186,0.010721217840909958,0.0818062275648117,0.01703236922027293,0.11187993735074997,4000,True,4000.0,3662.0,6776.0,6116.0,2776.0,False,17057.0,17000.0,13057.0,False,17057.0,17000.0,13057.0,False,1455.0,6776.0,5321.0,False,3662.0,11000.0,7338.0,False,9000.0,,191000.0,True,,,,True,,,,True,0.11187993735074997,1.8289130926132202,0.1270209550857544,0.08324007369706589,5.376308979272223,136.6855010986328,0.04525184731707317,2.0886716253815036,1.5772889893004338,0.09217024594545364,2.787090301513672,0.15022796392440796,0.04311839987460607,15.392987315643577,191.484375,0.028937282242012145,2.9722086810358617,2.660642793252878,0.0,965.0,,
ntk_N50_a0.5_wd3e-06_s3,0.5,50,3e-06,3,400.0,7.500000000000001e-09,ok,,,200000,200000,307,40.51123833656311,9.737142086029053,1,a32604fecc91de55d340ab4799441a26f2677242,False,8.790502192823624e-07,59.65932083129883,242.09109497070312,4.057892238754683,0.08243806660175323,0.021409893818813645,3.4718689918518066,0.17916548252105713,1.0,1.0,0.0035337212029844522,0.008710963651537895,0.0822109803557396,0.018695695793098585,0.1142786517739296,3305,True,4000.0,3662.0,8319.0,8000.0,4319.0,False,11317.0,11000.0,7317.0,False,11317.0,11000.0,7317.0,False,1455.0,7508.0,6053.0,False,3662.0,12539.0,8877.0,False,12000.0,46000.0,34000.0,False,,,,True,,,,True,0.1135726049542427,1.780056118965149,0.14776813983917236,0.08344951323716177,5.104832095977337,136.6323699951172,0.04625016660229041,2.094606051424451,1.4765146042473714,0.10622259229421616,2.342195510864258,0.17458570003509521,0.06818954517401385,9.595267455036003,164.9588623046875,0.04089864938425204,2.626185543748668,2.0799947484399683,0.0,786.0,,
ntk_N50_a0.5_wd3e-06_s4,0.5,50,3e-06,4,400.0,7.500000000000001e-09,ok,,,200000,200000,307,40.42946672439575,9.942999362945557,1,a32604fecc91de55d340ab4799441a26f2677242,False,9.20034324281005e-07,58.240745544433594,244.12843322753906,4.191712021290768,0.08860976994037628,0.021881447039338357,3.5198898315429688,0.1438753604888916,1.0,1.0,0.0017431490123271942,0.004620142746716738,0.08643396198749542,0.019544955861235343,0.11425146460533142,1786,True,3305.0,3000.0,6776.0,6116.0,3471.0,False,7508.0,7000.0,4203.0,False,7508.0,7000.0,4203.0,False,1455.0,6000.0,4545.0,False,3662.0,8000.0,4338.0,False,7508.0,17000.0,9492.0,False,27000.0,,173000.0,True,,,,True,0.111083023250103,1.8155200481414795,0.13722741603851318,0.07248385348848939,5.305653304307305,132.76211547851562,0.04395895966236089,2.0164401058454278,1.594004143565875,0.1044793576002121,2.4902923107147217,0.16061532497406006,0.05896232090269426,11.238553400925278,166.8778533935547,0.03885948188319237,2.636257593467357,2.350938697679865,0.0,710.0,,
ntk_N50_a0.5_wd1e-05_s0,0.5,50,1e-05,0,400.0,2.5000000000000002e-08,ok,,,200000,200000,307,40.2220139503479,10.290055274963379,1,a32604fecc91de55d340ab4799441a26f2677242,False,8.866136909091438e-07,58.59480285644531,228.7466583251953,3.903872821035247,0.09013574570417404,0.0249841864937212,3.210432767868042,0.1697034239768982,1.0,1.0,0.002124255755916238,0.007666766177862883,0.08188313245773315,0.01730807447749534,0.11623015999794006,3305,True,4000.0,3662.0,4981.0,4496.0,981.0,False,5520.0,5000.0,1520.0,False,5520.0,5000.0,1520.0,False,1313.0,4981.0,3668.0,False,2983.0,7000.0,4017.0,False,6776.0,23000.0,16224.0,False,80000.0,,120000.0,True,,,,True,0.11496633291244507,1.8467386960983276,0.1519792675971985,0.08619721971486806,5.516606009863464,139.68211364746094,0.04751497954220375,2.127989221488913,1.5784490578929198,0.11187297105789185,2.0954973697662354,0.16269534826278687,0.07948588798685621,7.312653189858353,152.5131072998047,0.04481068166064957,2.369596583369164,1.8392753166706288,0.0,871.0,,
ntk_N50_a0.5_wd1e-05_s1,0.5,50,1e-05,1,400.0,2.5000000000000002e-08,ok,,,200000,200000,307,40.73191499710083,10.070493936538696,1,a32604fecc91de55d340ab4799441a26f2677242,False,8.7508294654981e-07,59.26971435546875,240.32066345214844,4.054695826789898,0.0839490219950676,0.020858449333993542,3.3567593097686768,0.17255562543869019,1.0,1.0,0.0028476559091359377,0.006619833875447512,0.07832860201597214,0.016434781873278494,0.10734040290117264,2692,True,4496.0,4058.0,7508.0,7000.0,3012.0,False,9000.0,8319.0,4504.0,False,9000.0,8319.0,4504.0,False,1455.0,7508.0,6053.0,False,4000.0,13894.0,9894.0,False,11000.0,34000.0,23000.0,False,149000.0,,51000.0,True,,,,True,0.10682982951402664,1.8952159881591797,0.14472657442092896,0.07711688342366284,5.82182750840057,141.46290588378906,0.04145715407261695,2.1918694083227384,1.6164482934843212,0.10162443667650223,2.3312206268310547,0.17374074459075928,0.06571847190503036,9.480987216377038,164.8793487548828,0.03755457942016635,2.6140201731208426,2.0778810182389607,152.0,1185.0,,
ntk_N50_a0.5_wd1e-05_s2,0.5,50,1e-05,2,400.0,2.5000000000000002e-08,ok,,,200000,200000,307,41.28014397621155,10.13961911201477,1,a32604fecc91de55d340ab4799441a26f2677242,False,8.915098419493006e-07,58.163665771484375,235.99305725097656,4.05739655712477,0.08442026376724243,0.020491103185857493,3.3590171337127686,0.15990960597991943,1.0,1.0,0.003702640999108553,0.009242808446288109,0.0818062275648117,0.01703236922027293,0.11174135655164719,3662,True,4000.0,3662.0,7000.0,6776.0,3000.0,False,11317.0,11000.0,7317.0,False,11317.0,11000.0,7317.0,False,1455.0,6776.0,5321.0,False,3305.0,11000.0,7695.0,False,9000.0,147025.0,138025.0,False,,,,True,,,,True,0.11166610568761826,1.8293733596801758,0.12636375427246094,0.08288984117786126,5.378402095573843,136.33584594726562,0.04523275429656837,2.0907936437810783,1.5740186471310074,0.09967905282974243,2.4981560707092285,0.14155298471450806,0.05761704121764613,11.313240954148851,173.49588012695312,0.03597201616650651,2.710943875658047,2.319038153743805,0.0,965.0,,
ntk_N50_a0.5_wd1e-05_s3,0.5,50,1e-05,3,400.0,2.5000000000000002e-08,ok,,,200000,200000,307,40.121837854385376,9.686298847198486,1,a32604fecc91de55d340ab4799441a26f2677242,False,8.431546234533016e-07,59.65932083129883,214.38392639160156,3.593469107665909,0.08493923395872116,0.026411869359507095,3.140852689743042,0.19420719146728516,1.0,1.0,0.0017400608630850911,0.0044321627356112,0.0822109803557396,0.018695695793098585,0.11457716673612595,3662,True,4000.0,3662.0,8000.0,7508.0,4000.0,False,10214.0,10000.0,6214.0,False,10214.0,10000.0,6214.0,False,1455.0,7508.0,6053.0,False,3662.0,13000.0,9338.0,False,12539.0,37000.0,24461.0,False,64000.0,,136000.0,True,,,,True,0.11377275735139847,1.776350498199463,0.147610604763031,0.0838496332790436,5.082833053125264,136.2327880859375,0.04674081127905929,2.0956736963290634,1.4641373421187898,0.10691777616739273,2.241678476333618,0.16885137557983398,0.06963317066160754,8.595958846964018,158.5109405517578,0.043579660651941604,2.529552888836917,1.9718821658946373,0.0,786.0,,
ntk_N50_a0.5_wd1e-05_s4,0.5,50,1e-05,4,400.0,2.5000000000000002e-08,ok,,,200000,200000,307,42.38632011413574,9.926459550857544,1,a32604fecc91de55d340ab4799441a26f2677242,False,9.044106263900176e-07,58.240745544433594,232.52239990234375,3.9924351539240774,0.08845707774162292,0.022863907029097373,3.4287314414978027,0.14782500267028809,1.0,1.0,0.0024532342795282602,0.005806982517242432,0.08643396198749542,0.019544955861235343,0.11413487792015076,1786,True,3305.0,3000.0,8000.0,7508.0,4695.0,False,8319.0,8000.0,5014.0,False,8319.0,8000.0,5014.0,False,1455.0,5520.0,4065.0,False,3662.0,8000.0,4338.0,False,7000.0,18000.0,11000.0,False,61000.0,,139000.0,True,,,,True,0.11155276000499725,1.8076202869415283,0.13637185096740723,0.07348257271515238,5.25652778064617,132.2581329345703,0.04441599632637609,2.0115122735888877,1.5819960365476364,0.10382208228111267,2.553889274597168,0.15866541862487793,0.057758180066990475,12.027836616172626,170.22216796875,0.03782273609934465,2.706607581088839,2.4094818143503876,0.0,710.0,,
ntk_N50_a0.5_wd3e-05_s0,0.5,50,3e-05,0,400.0,7.5e-08,ok,,,200000,200000,307,42.52473592758179,10.161382675170898,1,a32604fecc91de55d340ab4799441a26f2677242,False,8.624825227343536e-07,58.59480285644531,191.92428588867188,3.275448956776558,0.0963013544678688,0.03237454751738779,2.7599310874938965,0.1761520504951477,1.0,1.0,0.001956711756065488,0.00545693701133132,0.08188313245773315,0.01730807447749534,0.11670137196779251,4000,True,3662.0,3305.0,4981.0,4496.0,1319.0,False,7508.0,7000.0,3846.0,False,7508.0,7000.0,3846.0,False,1313.0,4981.0,3668.0,False,2983.0,6776.0,3793.0,False,6000.0,33000.0,27000.0,False,55000.0,,145000.0,True,,,,True,0.11644966155290604,1.75894296169281,0.14898627996444702,0.08935410397384115,4.983031800013238,135.09994506835938,0.04874340384421365,2.0451947359773177,1.4815767259972656,0.10721348971128464,2.324016571044922,0.16551119089126587,0.07080295938316149,9.39830008228457,163.1802215576172,0.040965786350257445,2.595197434799689,2.072357418969559,0.0,871.0,,
ntk_N50_a0.5_wd3e-05_s1,0.5,50,3e-05,1,400.0,7.5e-08,ok,,,200000,200000,307,42.10846400260925,9.653727531433105,1,a32604fecc91de55d340ab4799441a26f2677242,False,8.508667974638229e-07,59.26971435546875,206.31065368652344,3.480878150503308,0.09088396281003952,0.028283629736260214,2.9327962398529053,0.19112491607666016,1.0,1.0,0.002222914481535554,0.0072683910839259624,0.07832860201597214,0.016434781873278494,0.10811856389045715,2983,True,4496.0,4058.0,8000.0,7508.0,3504.0,False,10000.0,9218.0,5504.0,False,10000.0,9218.0,5504.0,False,1455.0,6776.0,5321.0,False,4000.0,11000.0,7000.0,False,9218.0,45000.0,35782.0,False,61000.0,,139000.0,True,,,,True,0.10736534744501114,1.8833401203155518,0.14631128311157227,0.07800179637685155,5.745394365212136,140.10687255859375,0.04204245633967988,2.1888513514523553,1.5906897026195435,0.1011483371257782,2.4006295204162598,0.17710763216018677,0.06477626662284876,10.22301687728899,167.60585021972656,0.0361651992233009,2.7028233748222252,2.1215119745827886,152.0,1185.0,,
ntk_N50_a0.5_wd3e-05_s2,0.5,50,3e-05,2,400.0,7.5e-08,ok,,,200000,200000,307,41.83023285865784,9.549045324325562,1,a32604fecc91de55d340ab4799441a26f2677242,False,8.50092476412101e-07,58.163665771484375,197.7646942138672,3.400141507429271,0.09038567543029785,0.028038056538847042,2.8940298557281494,0.1534838080406189,1.0,1.0,0.0034430078230798244,0.008340486325323582,0.0818062275648117,0.01703236922027293,0.11271578073501587,4058,True,3305.0,3000.0,6776.0,6116.0,3471.0,False,8000.0,7508.0,4695.0,False,8000.0,7508.0,4695.0,False,1455.0,6000.0,4545.0,False,3305.0,9000.0,5695.0,False,8000.0,56000.0,48000.0,False,,,,True,,,,True,0.11170085519552231,1.6859580278396606,0.12120336294174194,0.0837051094000161,4.543951906952298,128.78103637695312,0.04494357704493286,1.9603957351348043,1.4140571227983334,0.1083250567317009,2.2279880046844482,0.13376927375793457,0.0752295828031494,8.429769416573164,158.04486083984375,0.04175674784700423,2.492326404862311,1.963202617867929,0.0,965.0,,
ntk_N50_a0.5_wd3e-05_s3,0.5,50,3e-05,3,400.0,7.5e-08,ok,,,200000,200000,307,41.41008520126343,9.42145586013794,1,a32604fecc91de55d340ab4799441a26f2677242,False,8.118323080452683e-07,59.65932083129883,194.26361083984375,3.2562155943607056,0.09760250896215439,0.032508099352443795,2.823819875717163,0.16878235340118408,1.0,1.0,0.0022961485665291548,0.006256988272070885,0.0822109803557396,0.018695695793098585,0.11454980820417404,2983,True,4058.0,4000.0,6116.0,6000.0,2058.0,False,9218.0,9000.0,5160.0,False,9218.0,9000.0,5160.0,False,1455.0,6776.0,5321.0,False,3662.0,11000.0,7338.0,False,10000.0,28000.0,18000.0,False,41000.0,,159000.0,True,,,,True,0.11390753090381622,1.7690409421920776,0.1475805640220642,0.08411127110022677,5.040000836127659,135.30313110351562,0.04670680318301378,2.0943505403130582,1.447086078519621,0.10793206095695496,2.292766571044922,0.16664719581604004,0.07156215039115327,9.085772472535577,159.91909790039062,0.041813657726277875,2.5939746401482524,2.0072978920776574,0.0,786.0,,
ntk_N50_a0.5_wd3e-05_s4,0.5,50,3e-05,4,400.0,7.5e-08,ok,,,200000,200000,307,41.757405042648315,9.304647445678711,1,a32604fecc91de55d340ab4799441a26f2677242,False,8.540695262126974e-07,58.240745544433594,201.26670837402344,3.4557714962709585,0.0974714532494545,0.031282932469738095,2.995943307876587,0.1553952693939209,1.0,1.0,0.0018895891262218356,0.004696566611528397,0.08643396198749542,0.019544955861235343,0.11457771062850952,1786,True,3305.0,3000.0,6776.0,6116.0,3471.0,False,8319.0,8000.0,5014.0,False,8319.0,8000.0,5014.0,False,1455.0,6000.0,4545.0,False,3305.0,8319.0,5014.0,False,7508.0,25000.0,17492.0,False,38751.0,,161249.0,True,,,,True,0.11319909244775772,1.7996693849563599,0.13561487197875977,0.07682855188766248,5.2075897612757895,131.18650817871094,0.04537927590130076,2.008703812597958,1.5665225254099318,0.10549122095108032,2.496582508087158,0.15598899126052856,0.060900227601324276,11.309651621748655,166.4972381591797,0.03910230057479594,2.6748717759484006,2.3132268143021117,0.0,710.0,,
ntk_N50_a0.5_wd0.0001_s0,0.5,50,0.0001,0,400.0,2.5e-07,ok,,,200000,200000,307,42.429935932159424,9.650842189788818,1,a32604fecc91de55d340ab4799441a26f2677242,False,8.584611350670457e-07,58.59480285644531,170.3448028564453,2.907165730615778,0.10709311068058014,0.04125279631404425,2.417311668395996,0.16075408458709717,1.0,1.0,0.0017862148815765977,0.0040993341244757175,0.08188313245773315,0.01730807447749534,0.11850951611995697,3305,True,3662.0,3305.0,4981.0,4496.0,1319.0,False,5520.0,5000.0,1858.0,False,5520.0,5000.0,1858.0,False,1455.0,4496.0,3041.0,False,2983.0,6776.0,3793.0,False,6000.0,17000.0,11000.0,False,25000.0,,175000.0,True,,,,True,0.11779424548149109,1.7045178413391113,0.1482391357421875,0.09201874010597022,4.676417178901158,130.85585021972656,0.05084258006984524,2.0086882072397088,1.4001328231548076,0.11324623227119446,2.032853603363037,0.16045153141021729,0.08218790689329532,6.817980857761045,146.97479248046875,0.04694946438063479,2.3284116543681637,1.7432436390045385,0.0,871.0,,
ntk_N50_a0.5_wd0.0001_s1,0.5,50,0.0001,1,400.0,2.5e-07,ok,,,200000,200000,307,41.28993487358093,9.276520729064941,1,a32604fecc91de55d340ab4799441a26f2677242,False,8.829288162814919e-07,59.26971435546875,171.70172119140625,2.896955435985892,0.10612519830465317,0.040743969387483155,2.4450855255126953,0.16251200437545776,1.0,1.0,0.0018755942583084106,0.0054256124421954155,0.07832860201597214,0.016434781873278494,0.11063312739133835,4000,True,3662.0,3305.0,6776.0,6116.0,3114.0,False,15000.0,14000.0,11338.0,False,15000.0,14000.0,11338.0,False,1455.0,6116.0,4661.0,False,3662.0,15000.0,11338.0,False,10214.0,38751.0,28537.0,False,50000.0,,150000.0,True,,,,True,0.1105056181550026,1.709221601486206,0.1406385898590088,0.08472606594769812,4.6932415809168,129.87046813964844,0.04369705969950906,2.047219287998805,1.3688105695912511,0.10448560863733292,2.318694829940796,0.16319537162780762,0.07134255622041541,9.341644190497979,161.2723388671875,0.03946341932748167,2.650933579543413,1.9931836665625258,152.0,1185.0,,
ntk_N50_a0.5_wd0.0001_s2,0.5,50,0.0001,2,400.0,2.5e-07,ok,,,200000,200000,307,42.35735297203064,9.435174465179443,1,a32604fecc91de55d340ab4799441a26f2677242,False,8.036765848373761e-07,58.163665771484375,165.71803283691406,2.8491676141595574,0.105964295566082,0.04063080364354851,2.4024384021759033,0.15311408042907715,1.0,1.0,0.004410910420119762,0.0090088015422225,0.0818062275648117,0.01703236922027293,0.11889874190092087,4058,True,3305.0,3000.0,4981.0,4496.0,1676.0,False,4981.0,4496.0,1676.0,False,4981.0,4496.0,1676.0,False,1455.0,4496.0,3041.0,False,3305.0,6116.0,2811.0,False,6116.0,25000.0,18884.0,False,,,,True,,,,True,0.11675836890935898,1.6206773519515991,0.12432658672332764,0.09375530888211626,4.208634699424374,125.07495880126953,0.049084689645479435,1.9228484944300774,1.3036051545728793,0.11846589297056198,1.8944711685180664,0.13784092664718628,0.09493443990592057,5.80900496759087,138.90223693847656,0.051164822634312275,2.189227957143034,1.587253634956741,0.0,965.0,,
ntk_N50_a0.5_wd0.0001_s3,0.5,50,0.0001,3,400.0,2.5e-07,ok,,,200000,200000,307,42.48222899436951,9.77690577507019,1,a32604fecc91de55d340ab4799441a26f2677242,False,9.092796631193778e-07,59.65932083129883,172.70530700683594,2.894858751329101,0.10608091950416565,0.04096823451724576,2.5141913890838623,0.17195212841033936,1.0,1.0,0.0020048965234309435,0.004412461072206497,0.0822109803557396,0.018695695793098585,0.11603641510009766,3662,True,4000.0,3662.0,7000.0,6776.0,3000.0,False,8319.0,8000.0,4319.0,False,8319.0,8000.0,4319.0,False,1455.0,6776.0,5321.0,False,3662.0,10000.0,6338.0,False,10000.0,18000.0,8000.0,False,36000.0,,164000.0,True,,,,True,0.11550863087177277,1.6969960927963257,0.14875006675720215,0.08705190602887727,4.636071297529752,130.38609313964844,0.04908609975906451,2.0381595181243175,1.348818420941073,0.11075781285762787,2.0781948566436768,0.16070342063903809,0.07706893573476718,7.171377148682364,147.49993896484375,0.04565416967044488,2.4077242835409343,1.7466767537465713,0.0,786.0,,
ntk_N50_a0.5_wd0.0001_s4,0.5,50,0.0001,4,400.0,2.5e-07,ok,,,200000,200000,307,44.098639249801636,9.90786862373352,1,a32604fecc91de55d340ab4799441a26f2677242,False,8.606024266555323e-07,58.240745544433594,175.92633056640625,3.02067442512711,0.10594179481267929,0.03830824154967623,2.6343860626220703,0.15325653553009033,1.0,1.0,0.003338973969221115,0.0071912347339093685,0.08643396198749542,0.019544955861235343,0.11604418605566025,1786,True,3305.0,3000.0,6776.0,6116.0,3471.0,False,8319.0,8000.0,5014.0,False,8319.0,8000.0,5014.0,False,1455.0,5520.0,4065.0,False,3305.0,9000.0,5695.0,False,8000.0,33000.0,25000.0,False,,,,True,,,,True,0.11480507999658585,1.7504706382751465,0.13537991046905518,0.08005798167038874,4.918421558154586,127.59688568115234,0.04665950156320541,1.9739751836545356,1.4953639351655224,0.10586489737033844,2.384772539138794,0.15782511234283447,0.06156641247532158,10.028914720579925,158.2908477783203,0.03997646594193116,2.572518042159837,2.188357127391782,0.0,710.0,,
ntk_N50_a0.5_wd0.0003_s0,0.5,50,0.0003,0,400.0,7.499999999999999e-07,ok,,,200000,200000,307,43.2216579914093,9.852303504943848,1,a32604fecc91de55d340ab4799441a26f2677242,False,7.806772259755235e-07,58.59480285644531,150.57815551757812,2.569821011028708,0.11732403934001923,0.050023587781140584,2.097693920135498,0.15562576055526733,1.0,1.0,0.003453131066635251,0.007338291499763727,0.08188313245773315,0.01730807447749534,0.12516146898269653,3000,True,3662.0,3305.0,4496.0,4058.0,834.0,False,5520.0,5000.0,1858.0,False,5520.0,5000.0,1858.0,False,1455.0,3662.0,2207.0,False,2983.0,5520.0,2537.0,False,5520.0,15395.0,9875.0,False,,,,True,,,,True,0.12472403794527054,1.579233169555664,0.148487389087677,0.10524797852607388,4.033941751807424,123.2389907836914,0.05653163194784403,1.9170494695020066,1.2176483486754643,0.12065451592206955,1.8763295412063599,0.15658944845199585,0.09635267820638818,5.711414211956726,137.38653564453125,0.05322586563564946,2.217572384620215,1.5111095621506498,0.0,871.0,2193.0,
ntk_N50_a0.5_wd0.0003_s1,0.5,50,0.0003,1,400.0,7.499999999999999e-07,ok,,,200000,200000,307,42.79345393180847,9.85796308517456,1,a32604fecc91de55d340ab4799441a26f2677242,False,8.598394742875826e-07,59.26971435546875,151.269775390625,2.552227170918827,0.11766868084669113,0.0517400608618562,2.100343704223633,0.16239964962005615,1.0,1.0,0.002534219529479742,0.005354757886379957,0.07832860201597214,0.016434781873278494,0.1186932921409607,5000,True,3305.0,3000.0,6000.0,5520.0,2695.0,False,6000.0,5520.0,2695.0,False,6000.0,5520.0,2695.0,False,1612.0,4981.0,3369.0,False,3305.0,6776.0,3471.0,False,7508.0,17000.0,9492.0,False,28000.0,,172000.0,True,,,,True,0.1169179230928421,1.462489128112793,0.1433790922164917,0.09685905903251033,3.4983153273731866,115.94312286376953,0.049238063312434376,1.8285973525140105,1.084513681300213,0.11799690127372742,1.8547967672348022,0.15908998250961304,0.09662358593627447,5.57582089133166,135.28988647460938,0.0498846065149817,2.2234715588994733,1.4701848572465428,152.0,1069.0,,
ntk_N50_a0.5_wd0.0003_s2,0.5,50,0.0003,2,400.0,7.499999999999999e-07,ok,,,200000,200000,307,42.26206588745117,9.880989789962769,1,a32604fecc91de55d340ab4799441a26f2677242,False,7.916104323157924e-07,58.163665771484375,144.93370056152344,2.491825414356524,0.12129929661750793,0.054657539325523405,2.0128462314605713,0.14728474617004395,1.0,1.0,0.005034187808632851,0.009556197561323643,0.0818062275648117,0.01703236922027293,0.12745977938175201,4981,True,3305.0,3000.0,4496.0,4058.0,1191.0,False,4496.0,4058.0,1191.0,False,4496.0,4058.0,1191.0,False,1612.0,4000.0,2388.0,False,2983.0,4981.0,1998.0,False,5520.0,23000.0,17480.0,False,,,,True,,,,True,0.12354771792888641,1.4712048768997192,0.12766844034194946,0.10709653151726546,3.5163073032372028,116.46565246582031,0.0561666201656397,1.7986291122482077,1.1045085964752313,0.12699998915195465,1.675888180732727,0.1360374093055725,0.1122257139816145,4.50779428111725,126.96870422363281,0.059226838833563625,2.0047105263604683,1.3049714546306304,0.0,965.0,2983.0,
ntk_N50_a0.5_wd0.0003_s3,0.5,50,0.0003,3,400.0,7.499999999999999e-07,ok,,,200000,200000,307,43.03926181793213,9.821451902389526,1,a32604fecc91de55d340ab4799441a26f2677242,False,8.010463830032677e-07,59.65932083129883,145.65289306640625,2.441410512839646,0.12188563495874405,0.054055367817846846,2.0527663230895996,0.16942071914672852,1.0,1.0,0.004953938536345959,0.010557916015386581,0.0822109803557396,0.018695695793098585,0.12216094136238098,125000,True,3662.0,3305.0,4981.0,4496.0,1319.0,False,5520.0,5000.0,1858.0,False,5520.0,5000.0,1858.0,False,1612.0,4981.0,3369.0,False,3305.0,7508.0,4203.0,False,8000.0,,192000.0,True,,,,True,,,,True,0.12147834151983261,1.506230354309082,0.1537022590637207,0.09776376590025572,3.7019326179445624,118.46621704101562,0.05430327827661917,1.8778567922733134,1.1121167861544126,0.12173163890838623,1.7431930303573608,0.16832149028778076,0.09642366129390972,4.915348424974408,129.3466033935547,0.054820508616923586,2.111949604622209,1.3514475876800425,0.0,786.0,2983.0,
ntk_N50_a0.5_wd0.0003_s4,0.5,50,0.0003,4,400.0,7.499999999999999e-07,ok,,,200000,200000,307,42.82813215255737,9.805050373077393,1,a32604fecc91de55d340ab4799441a26f2677242,False,8.36343872379075e-07,58.240745544433594,150.24383544921875,2.579703162188974,0.1170889139175415,0.050432452014103527,2.229318857192993,0.15680468082427979,1.0,1.0,0.0034279117826372385,0.0068520898930728436,0.08643396198749542,0.019544955861235343,0.12161173671483994,4496,True,3305.0,3000.0,5520.0,5000.0,2215.0,False,6000.0,5520.0,2695.0,False,6000.0,5520.0,2695.0,False,1455.0,4981.0,3526.0,False,3305.0,7508.0,4203.0,False,7508.0,30000.0,22492.0,False,,,,True,,,,True,0.12063085287809372,1.5810003280639648,0.13310974836349487,0.09202420595959468,4.023921295744344,116.76908111572266,0.05192398291801932,1.8353021310304571,1.2711770542527512,0.1198117807507515,1.9564985036849976,0.1456936001777649,0.08877695387840477,6.241884802528758,134.6168975830078,0.04998320756440472,2.203582241129103,1.66073309313894,0.0,710.0,2692.0,
ntk_N50_a0.5_wd0.001_s0,0.5,50,0.001,0,400.0,2.5e-06,ok,,,200000,200000,307,41.398144006729126,9.711714506149292,1,a32604fecc91de55d340ab4799441a26f2677242,False,7.982674787854194e-07,58.59480285644531,109.33425903320312,1.865937825596363,0.13870234787464142,0.07235085070056735,1.3198390007019043,0.15359723567962646,1.0,0.9811320900917053,0.01210158970206976,0.02100936695933342,0.08188313245773315,0.01730807447749534,0.1396041214466095,7000,True,3662.0,3305.0,6000.0,5520.0,2338.0,False,,,196338.0,True,,,196338.0,True,1979.0,4000.0,2021.0,False,3662.0,,196338.0,True,,,,True,,,,True,,,,True,0.13490374386310577,1.0373713970184326,0.14598119258880615,0.12531257539017887,2.0353859968438455,95.40217590332031,0.06880455792782098,1.4061612505858991,0.6025278885950381,,,,,,,,,,0.0,871.0,1786.0,
ntk_N50_a0.5_wd0.001_s1,0.5,50,0.001,1,400.0,2.5e-06,ok,,,200000,200000,307,41.2978789806366,9.28740930557251,1,a32604fecc91de55d340ab4799441a26f2677242,False,8.045436743486789e-07,59.26971435546875,107.01396942138672,1.8055421826326494,0.138627290725708,0.07158250050740066,1.2936517000198364,0.1555752158164978,1.0,0.9811320900917053,0.013624975457787514,0.02127452753484249,0.07832860201597214,0.016434781873278494,0.13935239613056183,167000,True,4981.0,4496.0,11000.0,10214.0,6019.0,False,,,195019.0,True,,,195019.0,True,2193.0,6776.0,4583.0,False,5520.0,,194480.0,True,,,,True,,,,True,,,,True,0.12786772847175598,1.0927143096923828,0.1501908302307129,0.11666369956513434,2.196726278559805,95.7657699584961,0.060569282013649216,1.481979060252613,0.6658107706192355,,,,,,,,,,152.0,1185.0,2193.0,
ntk_N50_a0.5_wd0.001_s2,0.5,50,0.001,2,400.0,2.5e-06,ok,,,200000,200000,307,41.88162040710449,9.51967167854309,1,a32604fecc91de55d340ab4799441a26f2677242,False,8.119370704662288e-07,58.163665771484375,113.24878692626953,1.9470710008410694,0.1339339166879654,0.06806446871192082,1.442927598953247,0.13901829719543457,1.0,1.0,0.010956020094454288,0.017869602888822556,0.0818062275648117,0.01703236922027293,0.13870641589164734,6776,True,3662.0,3305.0,4496.0,4058.0,834.0,False,6776.0,6116.0,3114.0,False,6776.0,6116.0,3114.0,False,2193.0,4000.0,1807.0,False,4000.0,15000.0,11000.0,False,,,,True,,,,True,,,,True,0.1330779641866684,1.0515977144241333,0.13810372352600098,0.12380527266278764,2.0636033756386936,94.12406921386719,0.06683944199832961,1.3961593075041003,0.6630668495857094,0.13870641589164734,1.2702380418777466,0.1397237777709961,0.13447730239737518,2.749114930581837,106.00238800048828,0.07195907476547132,1.6172924665822097,0.8664399223879258,0.0,1185.0,2193.0,
ntk_N50_a0.5_wd0.001_s3,0.5,50,0.001,3,400.0,2.5e-06,ok,,,200000,200000,307,41.46554923057556,9.432560682296753,1,a32604fecc91de55d340ab4799441a26f2677242,False,7.718658139310719e-07,59.65932083129883,110.45306396484375,1.8513966036786862,0.14105810225009918,0.07234343466643497,1.3866376876831055,0.15784549713134766,1.0,1.0,0.011666074395179749,0.018705589696764946,0.0822109803557396,0.018695695793098585,0.1422654092311859,33000,True,3662.0,3305.0,6000.0,5520.0,2338.0,False,8000.0,7508.0,4338.0,False,8000.0,7508.0,4338.0,False,2430.0,4981.0,2551.0,False,4981.0,11000.0,6019.0,False,,,,True,,,,True,,,,True,0.1303103119134903,0.9626559615135193,0.15553832054138184,0.1140617281704883,1.8532686085584564,89.60169219970703,0.06193163051319714,1.3610970809228307,0.5211892646311171,0.13814374804496765,1.3010231256484985,0.16187459230422974,0.1273673959219718,2.886928312691964,105.98213958740234,0.06970449051689213,1.7004682777990663,0.8454822325179207,0.0,965.0,2430.0,10000.0
ntk_N50_a0.5_wd0.001_s4,0.5,50,0.001,4,400.0,2.5e-06,ok,,,200000,200000,307,42.69199895858765,9.870284795761108,1,a32604fecc91de55d340ab4799441a26f2677242,False,7.462244298039877e-07,58.240745544433594,110.87712097167969,1.9037723493269543,0.1367781013250351,0.06896057401916356,1.4943584203720093,0.15160024166107178,1.0,1.0,0.01188171561807394,0.019551759585738182,0.08643396198749542,0.019544955861235343,0.1402607262134552,11000,True,3305.0,3000.0,8000.0,7508.0,4695.0,False,8000.0,7508.0,4695.0,False,8000.0,7508.0,4695.0,False,2193.0,4496.0,2303.0,False,4058.0,14000.0,9942.0,False,,,,True,,,,True,,,,True,0.13492333889007568,1.0459619760513306,0.13609182834625244,0.12008161859599542,2.0452092028961193,90.05854797363281,0.0652415311349786,1.3360957261998894,0.682842340813421,0.13905543088912964,1.350250482559204,0.14785712957382202,0.12544606636647576,3.051460439920482,104.35594940185547,0.06910302724772653,1.6380066154616069,0.9841771942883695,0.0,871.0,1786.0,10214.0
ntk_N50_a0.5_wd0.003_s0,0.5,50,0.003,0,400.0,7.5e-06,ok,,,200000,200000,307,42.649152994155884,9.827417850494385,1,a32604fecc91de55d340ab4799441a26f2677242,False,7.990898893694975e-07,58.59480285644531,46.306087493896484,0.7902763596174964,0.1284043788909912,0.06510971056380416,-0.31133773922920227,0.13365817070007324,0.720588207244873,0.056603774428367615,0.035221993923187256,0.0418652705848217,0.08188313245773315,0.01730807447749534,0.1284043788909912,200000,False,,,,,,True,,,,True,,,,True,,,,True,,,,True,,,,True,,,,True,,,,True,,,,,,,,,,,,,,,,,,,0.0,4000.0,15395.0,
ntk_N50_a0.5_wd0.003_s1,0.5,50,0.003,1,400.0,7.5e-06,ok,,,200000,200000,307,42.11905026435852,9.59785795211792,1,a32604fecc91de55d340ab4799441a26f2677242,False,8.297509452859231e-07,59.26971435546875,42.36446762084961,0.7147742836547125,0.11765673011541367,0.05260262183957341,-0.4012242257595062,0.12496250867843628,0.5168067216873169,0.03773584961891174,0.0369887501001358,0.042947765439748764,0.07832860201597214,0.016434781873278494,0.11888611316680908,170000,False,,,,,,True,,,,True,,,,True,,,,True,,,,True,,,,True,,,,True,,,,True,,,,,,,,,,,,,,,,,,,1786.0,5520.0,,
ntk_N50_a0.5_wd0.003_s2,0.5,50,0.003,2,400.0,7.5e-06,ok,,,200000,200000,307,42.485499143600464,9.888900995254517,1,a32604fecc91de55d340ab4799441a26f2677242,False,8.718066055735108e-07,58.163665771484375,42.5466423034668,0.7314986381811914,0.11701355874538422,0.054169665490026546,-0.3847193121910095,0.12167525291442871,0.5105041861534119,0.056603774428367615,0.03695952892303467,0.042767174541950226,0.0818062275648117,0.01703236922027293,0.11819034069776535,192000,False,,,,,,True,,,,True,,,,True,,,,True,,,,True,,,,True,,,,True,,,,True,,,,,,,,,,,,,,,,,,,0.0,5520.0,,
ntk_N50_a0.5_wd0.003_s3,0.5,50,0.003,3,400.0,7.5e-06,ok,,,200000,200000,307,42.70332193374634,9.704011678695679,1,a32604fecc91de55d340ab4799441a26f2677242,False,8.68840857037867e-07,59.65932083129883,45.94723129272461,0.7701601468553678,0.12109578400850296,0.055708251998219036,-0.20066072046756744,0.12457782030105591,0.6470588445663452,0.056603774428367615,0.03593612462282181,0.041997652500867844,0.0822109803557396,0.018695695793098585,0.12188556790351868,196000,False,,,,,,True,,,,True,,,,True,,,,True,,,,True,,,,True,,,,True,,,,True,,,,,,,,,,,,,,,,,,,0.0,4000.0,18900.0,
ntk_N50_a0.5_wd0.003_s4,0.5,50,0.003,4,400.0,7.5e-06,ok,,,200000,200000,307,42.88649606704712,10.211555242538452,1,a32604fecc91de55d340ab4799441a26f2677242,False,8.178753887477797e-07,58.240745544433594,44.467124938964844,0.763505420874799,0.12304303795099258,0.05883111866330615,-0.21574179828166962,0.12036335468292236,0.6659663915634155,0.03773584961891174,0.03602984920144081,0.04270574450492859,0.08643396198749542,0.019544955861235343,0.12361408025026321,195000,False,,,,,,True,,,,True,,,,True,,,,True,,,,True,,,,True,,,,True,,,,True,,,,,,,,,,,,,,,,,,,0.0,4981.0,18900.0,
ntk_N50_a1_wd0_s0,1.0,50,0.0,0,100.0,0.0,ok,,,200000,200000,307,43.35491895675659,10.34736680984497,1,a32604fecc91de55d340ab4799441a26f2677242,False,8.265396900242195e-07,58.59480285644531,183.4722900390625,3.131204152842045,0.07561486214399338,0.01740073757186233,2.8374011516571045,0.2415338158607483,1.0,1.0,0.004801888018846512,0.01532074250280857,0.08188313245773315,0.01730807447749534,0.1068248450756073,11317,True,16000.0,15395.0,23204.0,23000.0,7204.0,False,28000.0,27000.0,12000.0,False,28000.0,27000.0,12000.0,False,2692.0,22000.0,19308.0,False,10000.0,50000.0,40000.0,False,34000.0,,166000.0,True,,,,True,,,,True,0.1059379056096077,1.3608568906784058,0.1430632472038269,0.06963227624654773,3.0859436002475125,109.04882049560547,0.04105661314919552,1.5838646706782686,1.1711742253964392,0.09966488927602768,1.713247299194336,0.1653226613998413,0.05705896698208954,4.744341228753391,122.4939956665039,0.037738295938555655,1.9184092873922118,1.5462517022039626,0.0,2983.0,,
ntk_N50_a1_wd0_s1,1.0,50,0.0,1,100.0,0.0,ok,,,200000,200000,307,42.71988010406494,10.127044677734375,1,a32604fecc91de55d340ab4799441a26f2677242,False,8.241719910984102e-07,59.26971435546875,189.29144287109375,3.193729629534279,0.0766155868768692,0.017985957449764636,2.9399375915527344,0.23502933979034424,1.0,0.9811320900917053,0.006462129298597574,0.02181280218064785,0.07832860201597214,0.016434781873278494,0.10044457018375397,11317,True,17000.0,16000.0,47575.0,47000.0,30575.0,False,,,183000.0,True,,,183000.0,True,2983.0,49000.0,46017.0,False,16000.0,,184000.0,True,47000.0,,153000.0,True,,,,True,,,,True,0.09924717992544174,1.3706421852111816,0.1497488021850586,0.06221567659601859,3.132177214991533,107.90204620361328,0.03473693271667037,1.599641902481288,1.1788210912451245,,,,,,,,,,282.0,10214.0,,
ntk_N50_a1_wd0_s2,1.0,50,0.0,2,100.0,0.0,ok,,,200000,200000,307,42.91887712478638,9.815769910812378,1,a32604fecc91de55d340ab4799441a26f2677242,False,8.280275665129011e-07,58.163665771484375,197.4664764404297,3.395014289784339,0.07408438622951508,0.015676044554766184,3.064401865005493,0.19790369272232056,1.0,1.0,0.005332977045327425,0.01787690445780754,0.0818062275648117,0.01703236922027293,0.10277310013771057,12000,True,11317.0,11000.0,28000.0,27000.0,16683.0,False,78000.0,77000.0,66683.0,False,78000.0,77000.0,66683.0,False,2983.0,29000.0,26017.0,False,12539.0,62000.0,49461.0,False,33000.0,,167000.0,True,,,,True,,,,True,0.10255060344934464,1.2293559312820435,0.1181328296661377,0.06471035390708003,2.5805991296720503,102.2403793334961,0.03632849270505069,1.450034932923161,1.0386800845363715,0.08065032958984375,2.6193606853485107,0.18692755699157715,0.02436364761530394,12.92699852351956,166.73080444335938,0.02164010331872264,2.6887092368278807,2.603871853116292,0.0,5520.0,,
ntk_N50_a1_wd0_s3,1.0,50,0.0,3,100.0,0.0,ok,,,200000,200000,307,43.612173080444336,10.140091180801392,1,a32604fecc91de55d340ab4799441a26f2677242,False,8.033749168134818e-07,59.65932083129883,179.7942352294922,3.0136822331233692,0.07752096652984619,0.019131368362884024,2.838355541229248,0.23696917295455933,1.0,1.0,0.004781834315508604,0.015511690638959408,0.0822109803557396,0.018695695793098585,0.10535012930631638,6776,True,15395.0,15000.0,38000.0,37000.0,22605.0,False,46000.0,45000.0,30605.0,False,46000.0,45000.0,30605.0,False,2983.0,34974.0,31991.0,False,13894.0,62000.0,48106.0,False,40000.0,,160000.0,True,,,,True,,,,True,0.1025947853922844,1.3499444723129272,0.1419130563735962,0.06262744506089633,3.04277410414837,107.61190032958984,0.040019583730474026,1.5864600598639003,1.1470247504570033,0.09358599036931992,2.0439038276672363,0.1844509243965149,0.04601665597649888,6.929340704634718,135.32752990722656,0.03437320940523393,2.191088891612265,1.9582867285834917,0.0,2430.0,,
ntk_N50_a1_wd0_s4,1.0,50,0.0,4,100.0,0.0,ok,,,200000,200000,307,42.47885704040527,9.891255617141724,1,a32604fecc91de55d340ab4799441a26f2677242,False,8.58699081618397e-07,58.240745544433594,190.3096923828125,3.2676383278373313,0.07717179507017136,0.015266675681931319,3.0658466815948486,0.213905930519104,1.0,1.0,0.006728707812726498,0.01805626042187214,0.08643396198749542,0.019544955861235343,0.10581374168395996,5000,True,20000.0,19000.0,31564.0,31000.0,11564.0,False,38751.0,38000.0,18751.0,False,38751.0,38000.0,18751.0,False,2692.0,28487.0,25795.0,False,10000.0,69000.0,59000.0,False,31564.0,,168436.0,True,,,,True,,,,True,0.09861966222524643,1.8542137145996094,0.16608315706253052,0.04827183864101055,5.580121646347903,121.43486022949219,0.03350237505239656,1.9429930566786315,1.7788582219880709,0.09155061841011047,2.2943532466888428,0.1829192042350769,0.036435422720605556,9.11918022953423,142.4020233154297,0.026304996936700256,2.35737044961317,2.2578341354626525,0.0,2193.0,,
ntk_N50_a1_wd3e-06_s0,1.0,50,3e-06,0,100.0,3.0000000000000004e-08,ok,,,200000,200000,307,42.72244095802307,10.000080585479736,1,a32604fecc91de55d340ab4799441a26f2677242,False,8.525272505721659e-07,58.59480285644531,177.06471252441406,3.021850128213842,0.077608123421669,0.01877846732466462,2.7730789184570312,0.21434015035629272,1.0,1.0,0.0035938413348048925,0.010399415157735348,0.08188313245773315,0.01730807447749534,0.10726795345544815,11317,True,17000.0,16000.0,28000.0,27000.0,11000.0,False,30000.0,29000.0,13000.0,False,30000.0,29000.0,13000.0,False,2692.0,23000.0,20308.0,False,10000.0,49000.0,39000.0,False,30000.0,,170000.0,True,,,,True,,,,True,0.10508266091346741,1.3895195722579956,0.14678680896759033,0.06775349052810462,3.2024686786570133,109.63670349121094,0.040693830438886844,1.6115861650273697,1.1997037908886714,0.09913530200719833,1.7718098163604736,0.17355096340179443,0.056071967900018484,5.086302782606671,124.31331634521484,0.03686197271098153,1.986161681217155,1.5965342212802074,0.0,2983.0,,
ntk_N50_a1_wd3e-06_s1,1.0,50,3e-06,1,100.0,3.0000000000000004e-08,ok,,,200000,200000,307,43.090418338775635,9.518649339675903,1,a32604fecc91de55d340ab4799441a26f2677242,False,8.873951742316422e-07,59.26971435546875,188.04173278808594,3.1726444919290477,0.0803852453827858,0.017827055709353414,2.8898632526397705,0.2237696647644043,1.0,1.0,0.0034122795332223177,0.009862012229859829,0.07832860201597214,0.016434781873278494,0.10082616657018661,13000,True,25000.0,24000.0,38000.0,37000.0,13000.0,False,42937.0,42000.0,17937.0,False,42937.0,42000.0,17937.0,False,2983.0,38751.0,35768.0,False,15395.0,52000.0,36605.0,False,42000.0,166000.0,124000.0,False,,,,True,,,,True,0.09737591445446014,1.5908818244934082,0.16079610586166382,0.058365201558810455,4.105049652448817,115.5765151977539,0.034504349738619364,1.8067844165810174,1.4138910751193454,0.09444070607423782,2.0470666885375977,0.1820162534713745,0.052956740800099836,6.951012748769425,136.3599090576172,0.031049693658593627,2.2463631419176817,1.8963294442585659,282.0,9218.0,,
ntk_N50_a1_wd3e-06_s2,1.0,50,3e-06,2,100.0,3.0000000000000004e-08,ok,,,200000,200000,307,42.08850407600403,9.643408298492432,1,a32604fecc91de55d340ab4799441a26f2677242,False,8.584841566516843e-07,58.163665771484375,179.4746551513672,3.085683351810975,0.07604813575744629,0.016763660292280668,2.8784677982330322,0.19973450899124146,1.0,1.0,0.004594506695866585,0.013474349863827229,0.0818062275648117,0.01703236922027293,0.10359926521778107,12000,True,11000.0,10214.0,29000.0,28487.0,18000.0,False,42000.0,41000.0,31000.0,False,42000.0,41000.0,31000.0,False,2983.0,30000.0,27017.0,False,12000.0,54000.0,42000.0,False,37000.0,,163000.0,True,,,,True,,,,True,0.10336669534444809,1.207825779914856,0.11718612909317017,0.06653218836149168,2.5077785362235803,101.36805725097656,0.03655288010980765,1.4320792114304504,1.012326224494777,0.09077906608581543,2.1196794509887695,0.16564148664474487,0.040998414734415504,7.514354311625727,137.0511932373047,0.0273411908308841,2.271531366912967,2.019351686205808,0.0,5000.0,,
ntk_N50_a1_wd3e-06_s3,1.0,50,3e-06,3,100.0,3.0000000000000004e-08,ok,,,200000,200000,307,42.511924028396606,9.749401807785034,1,a32604fecc91de55d340ab4799441a26f2677242,False,9.2382083494158e-07,59.65932083129883,167.90707397460938,2.814431536178685,0.07998107373714447,0.023099272872787638,2.6801581382751465,0.20029199123382568,1.0,1.0,0.0035990404430776834,0.009577340446412563,0.0822109803557396,0.018695695793098585,0.10550263524055481,6776,True,16000.0,15395.0,30000.0,29000.0,14000.0,False,37000.0,36000.0,21000.0,False,37000.0,36000.0,21000.0,False,2983.0,32000.0,29017.0,False,13000.0,49000.0,36000.0,False,38751.0,162000.0,123249.0,False,,,,True,,,,True,0.10192779451608658,1.3719009160995483,0.14306128025054932,0.06128039309149472,3.12865048682158,107.85707092285156,0.03974787202855047,1.6116174275681199,1.1646608739617978,0.09335698187351227,1.9196364879608154,0.16904205083847046,0.04516764694650325,6.013311431956659,127.47901153564453,0.03525374366708857,2.080742043667263,1.803599213919557,0.0,2430.0,,
ntk_N50_a1_wd3e-06_s4,1.0,50,3e-06,4,100.0,3.0000000000000004e-08,ok,,,200000,200000,307,41.23979377746582,9.506503343582153,1,a32604fecc91de55d340ab4799441a26f2677242,False,8.525760222255485e-07,58.240745544433594,173.92965698242188,2.9863913203124395,0.081532783806324,0.01971665428000453,2.844886064529419,0.18805956840515137,1.0,1.0,0.005905861500650644,0.0166010782122612,0.08643396198749542,0.019544955861235343,0.10609342902898788,4981,True,18000.0,17057.0,30000.0,29000.0,12000.0,False,46000.0,45000.0,28000.0,False,46000.0,45000.0,28000.0,False,2692.0,25000.0,22308.0,False,10000.0,95000.0,85000.0,False,29000.0,,171000.0,True,,,,True,,,,True,0.09925921261310577,1.7878621816635132,0.1577775478363037,0.0492684242988346,5.162672862153482,118.04346466064453,0.03410268359204275,1.906983192350824,1.681445398096282,0.0878307968378067,2.382754325866699,0.18224072456359863,0.02990681561589195,10.033471402642283,144.8977508544922,0.025010726988509317,2.4760883160588505,2.32438664510507,0.0,2193.0,,
ntk_N50_a1_wd1e-05_s0,1.0,50,1e-05,0,100.0,1.0000000000000001e-07,ok,,,200000,200000,307,42.73835802078247,9.927924156188965,1,a32604fecc91de55d340ab4799441a26f2677242,False,8.836876190798648e-07,58.59480285644531,154.7866973876953,2.6416455016823917,0.08495423197746277,0.02323943340717447,2.432976722717285,0.17818087339401245,1.0,1.0,0.003520258003845811,0.009745508432388306,0.08188313245773315,0.01730807447749534,0.10766680538654327,10000,True,15395.0,15000.0,20000.0,19000.0,4605.0,False,23000.0,22000.0,7605.0,False,23000.0,22000.0,7605.0,False,2692.0,20000.0,17308.0,False,10000.0,28487.0,18487.0,False,25000.0,162906.0,137906.0,False,,,,True,,,,True,0.1055142879486084,1.3637644052505493,0.14465105533599854,0.06870991385704478,3.099144989307504,107.46307373046875,0.041199573169352466,1.5955584448048157,1.1662120990878895,0.1007545068860054,1.6684587001800537,0.16588729619979858,0.05903677204007658,4.503776410763111,118.2522201538086,0.038873894892361024,1.8676043494668209,1.5136913293947558,0.0,2692.0,,
ntk_N50_a1_wd1e-05_s1,1.0,50,1e-05,1,100.0,1.0000000000000001e-07,ok,,,200000,200000,307,42.19855308532715,10.022187232971191,1,a32604fecc91de55d340ab4799441a26f2677242,False,8.615045317128533e-07,59.26971435546875,155.0901336669922,2.6166843446695673,0.08440346270799637,0.02456036542941805,2.4382638931274414,0.18956995010375977,1.0,1.0,0.004981236532330513,0.014875341206789017,0.07832860201597214,0.016434781873278494,0.10129613429307938,13000,True,19000.0,18900.0,42937.0,42000.0,23937.0,False,71708.0,71000.0,52708.0,False,71708.0,71000.0,52708.0,False,2983.0,34000.0,31017.0,False,15000.0,59000.0,44000.0,False,36000.0,,164000.0,True,,,,True,,,,True,0.10086021572351456,1.4192814826965332,0.1574649214744568,0.06492835596440005,3.335401084530817,109.06194305419922,0.03533250043861144,1.674306452768458,1.2036462619424286,0.08821447938680649,2.2718865871429443,0.18086040019989014,0.04206228656977969,8.897049580039798,146.35623168945312,0.0278739745278635,2.489597649697071,2.1106000390479234,282.0,6776.0,,
ntk_N50_a1_wd1e-05_s2,1.0,50,1e-05,2,100.0,1.0000000000000001e-07,ok,,,200000,200000,307,42.3147189617157,10.030937671661377,1,a32604fecc91de55d340ab4799441a26f2677242,False,8.367885016014043e-07,58.163665771484375,154.76856994628906,2.6609149869327307,0.0803363174200058,0.023258456055218014,2.480822801589966,0.17602157592773438,1.0,1.0,0.005025730933994055,0.01417888980358839,0.0818062275648117,0.01703236922027293,0.10473340004682541,11000,True,11000.0,10214.0,31564.0,31000.0,20564.0,False,41000.0,40000.0,30000.0,False,41000.0,40000.0,30000.0,False,2983.0,25000.0,22017.0,False,12000.0,42000.0,30000.0,False,29000.0,,171000.0,True,,,,True,,,,True,0.10473340004682541,1.187856674194336,0.11787712574005127,0.06938106375047948,2.4437477502250537,100.27896118164062,0.03746447736878502,1.4289944328995672,0.9682806369048227,0.09027694910764694,2.139052152633667,0.16561228036880493,0.04008328259899285,7.676811634197107,138.04852294921875,0.02908215381120137,2.292603646080297,2.0349560306818546,0.0,4496.0,,
ntk_N50_a1_wd1e-05_s3,1.0,50,1e-05,3,100.0,1.0000000000000001e-07,ok,,,200000,200000,307,41.93412923812866,10.009819030761719,1,a32604fecc91de55d340ab4799441a26f2677242,False,8.25369454560132e-07,59.65932083129883,150.7746124267578,2.527259954116969,0.08294342458248138,0.023482958281799523,2.4372074604034424,0.2101307511329651,1.0,1.0,0.0044998773373663425,0.012448614463210106,0.0822109803557396,0.018695695793098585,0.1059957817196846,8319,True,13000.0,12539.0,27000.0,26000.0,14000.0,False,31564.0,31000.0,18564.0,False,31564.0,31000.0,18564.0,False,2983.0,27000.0,24017.0,False,12539.0,38751.0,26212.0,False,33000.0,,167000.0,True,,,,True,,,,True,0.10420611500740051,1.2596617937088013,0.13298290967941284,0.0663078078040113,2.7035283713095355,103.36737060546875,0.040652958616115425,1.526459032264581,1.0155260272256517,0.09582962840795517,1.8086217641830444,0.1617271900177002,0.049529432183716554,5.291923391514819,121.76358795166016,0.03658737019022684,2.0104403014394636,1.6497292745020333,0.0,2430.0,,
ntk_N50_a1_wd1e-05_s4,1.0,50,1e-05,4,100.0,1.0000000000000001e-07,ok,,,200000,200000,307,41.52863907814026,9.329355955123901,1,a32604fecc91de55d340ab4799441a26f2677242,False,8.332780225828174e-07,58.240745544433594,160.61868286132812,2.7578404321556524,0.08370216190814972,0.021127833793076096,2.650379180908203,0.17778152227401733,1.0,1.0,0.004674303811043501,0.013824798166751862,0.08643396198749542,0.019544955861235343,0.10633045434951782,9000,True,13894.0,13000.0,24000.0,23204.0,10106.0,False,27000.0,26000.0,13106.0,False,27000.0,26000.0,13106.0,False,2692.0,22000.0,19308.0,False,10000.0,31000.0,21000.0,False,25710.0,,174290.0,True,,,,True,,,,True,0.1027306541800499,1.584769606590271,0.14047318696975708,0.05585190567375918,4.051008510943176,109.99761962890625,0.037084928709235465,1.7238051400553003,1.4453693516655737,0.0952996239066124,2.0770046710968018,0.15614855289459229,0.0418324425370098,7.156825274063313,129.50718688964844,0.030684394172269827,2.217358512734228,1.9475844479012505,0.0,2193.0,,
ntk_N50_a1_wd3e-05_s0,1.0,50,3e-05,0,100.0,3e-07,ok,,,200000,200000,307,40.936407804489136,9.711315870285034,1,a32604fecc91de55d340ab4799441a26f2677242,False,8.862900244821503e-07,58.59480285644531,132.0829315185547,2.25417485987882,0.09740906208753586,0.03172280923532339,1.9816261529922485,0.16760337352752686,1.0,1.0,0.003688695840537548,0.009654831141233444,0.08188313245773315,0.01730807447749534,0.1093246266245842,11317,True,12539.0,12000.0,20000.0,19000.0,7461.0,False,20941.0,20000.0,8402.0,False,20941.0,20000.0,8402.0,False,2692.0,17000.0,14308.0,False,9000.0,28000.0,19000.0,False,22000.0,157000.0,135000.0,False,,,,True,,,,True,0.10907217860221863,1.2306969165802002,0.13426190614700317,0.07654695573308726,2.606386046537989,101.83097839355469,0.04383398038936502,1.502044567178407,0.968838801831188,0.10602071136236191,1.5565284490585327,0.14854979515075684,0.06945327098137993,3.9260642783536226,113.48721313476562,0.04129398933774892,1.8266671311662497,1.295354104170921,0.0,2692.0,,
ntk_N50_a1_wd3e-05_s1,1.0,50,3e-05,1,100.0,3e-07,ok,,,200000,200000,307,41.75456690788269,9.707592725753784,1,a32604fecc91de55d340ab4799441a26f2677242,False,8.461639140477928e-07,59.26971435546875,137.40896606445312,2.3183672733825915,0.0952959731221199,0.030245568525004943,2.100436210632324,0.16248852014541626,1.0,1.0,0.004466759040951729,0.011769968084990978,0.07832860201597214,0.016434781873278494,0.10259084403514862,10214,True,18000.0,17057.0,44000.0,43000.0,26000.0,False,54000.0,53000.0,36000.0,False,54000.0,53000.0,36000.0,False,2983.0,31564.0,28581.0,False,15000.0,53000.0,38000.0,False,40000.0,,160000.0,True,,,,True,,,,True,0.1011582538485527,1.35739266872406,0.1505531668663025,0.06581559051295328,3.0821058796982705,105.00767517089844,0.03497029023193914,1.6407656413571736,1.094518477890613,0.09694258868694305,1.966591238975525,0.16212689876556396,0.05754138800390968,6.331974399227148,130.5005340576172,0.032676835674774786,2.260499261609668,1.6850706819027825,282.0,4496.0,,
ntk_N50_a1_wd3e-05_s2,1.0,50,3e-05,2,100.0,3e-07,ok,,,200000,200000,307,41.82216715812683,9.975099563598633,1,a32604fecc91de55d340ab4799441a26f2677242,False,8.533785944564443e-07,58.163665771484375,132.7920379638672,2.2830754596105685,0.0955231785774231,0.030767957048498155,2.0264365673065186,0.15180891752243042,1.0,1.0,0.004648715257644653,0.011809919960796833,0.0818062275648117,0.01703236922027293,0.10682854056358337,11317,True,12000.0,11317.0,20941.0,20000.0,8941.0,False,23000.0,22000.0,11000.0,False,23000.0,22000.0,11000.0,False,2983.0,18900.0,15917.0,False,11000.0,30000.0,19000.0,False,24000.0,,176000.0,True,,,,True,,,,True,0.10659901052713394,1.216790795326233,0.11518263816833496,0.07368063613136425,2.534712296885457,99.35790252685547,0.03907592319470652,1.4858572728409314,0.9545965408741885,0.10289069265127182,1.6700690984725952,0.14433395862579346,0.06376954107599135,4.486821318365442,116.30144500732422,0.03691445712846013,1.8974102646893052,1.4678090342968713,0.0,4000.0,,
ntk_N50_a1_wd3e-05_s3,1.0,50,3e-05,3,100.0,3e-07,ok,,,200000,200000,307,41.51311206817627,9.904797792434692,1,a32604fecc91de55d340ab4799441a26f2677242,False,8.407804443777422e-07,59.65932083129883,128.91819763183594,2.1609062227909592,0.09815015643835068,0.03427774765973449,1.9769238233566284,0.18214184045791626,1.0,1.0,0.004194645676761866,0.01069609820842743,0.0822109803557396,0.018695695793098585,0.10786216706037521,19000,True,12000.0,11317.0,27000.0,26000.0,15000.0,False,41000.0,40000.0,29000.0,False,41000.0,40000.0,29000.0,False,2983.0,23000.0,20017.0,False,12000.0,41000.0,29000.0,False,31000.0,,169000.0,True,,,,True,,,,True,0.10709569603204727,1.2052017450332642,0.12965476512908936,0.07242375284862353,2.5157584123045234,99.87532043457031,0.04110882659218186,1.5063547945576334,0.9129186189878385,0.10054127871990204,1.797529935836792,0.16679221391677856,0.058144361206852437,5.230821138827343,120.45068359375,0.036715166638109406,2.080088125451464,1.5328572345875209,0.0,2430.0,,
ntk_N50_a1_wd3e-05_s4,1.0,50,3e-05,4,100.0,3e-07,ok,,,200000,200000,307,41.35948920249939,9.803205728530884,1,a32604fecc91de55d340ab4799441a26f2677242,False,8.294729241242749e-07,58.240745544433594,136.63504028320312,2.346038653968813,0.09301257133483887,0.029018763065786206,2.238919496536255,0.1664714813232422,1.0,1.0,0.005092647857964039,0.014822541736066341,0.08643396198749542,0.019544955861235343,0.10884159803390503,8000,True,13000.0,12539.0,23204.0,23000.0,10204.0,False,28487.0,28000.0,15487.0,False,28487.0,28000.0,15487.0,False,2983.0,22000.0,19017.0,False,9218.0,34974.0,25756.0,False,27000.0,,173000.0,True,,,,True,,,,True,0.1073312908411026,1.4441752433776855,0.13717031478881836,0.06503870831183432,3.4131650828701297,104.79507446289062,0.0394281136359934,1.6241236396875116,1.2569233782682374,0.09841901808977127,1.947163462638855,0.14174890518188477,0.04740226435246458,6.171897819718123,122.78703308105469,0.03260196861832669,2.13508297226006,1.741722756563283,0.0,2000.0,,
ntk_N50_a1_wd0.0001_s0,1.0,50,0.0001,0,100.0,1e-06,ok,,,200000,200000,307,41.25237822532654,9.763694763183594,1,a32604fecc91de55d340ab4799441a26f2677242,False,7.975451126185362e-07,58.59480285644531,113.59185028076172,1.9385994105835078,0.11156783998012543,0.04314777568760435,1.578142523765564,0.15653890371322632,1.0,1.0,0.005305863451212645,0.011932292021811008,0.08188313245773315,0.01730807447749534,0.11435816437005997,14000,True,11000.0,10214.0,13894.0,13000.0,2894.0,False,16000.0,15395.0,5000.0,False,16000.0,15395.0,5000.0,False,2692.0,12539.0,9847.0,False,8000.0,20000.0,12000.0,False,18000.0,,182000.0,True,,,,True,,,,True,0.11291485279798508,1.0977660417556763,0.1326233148574829,0.08446181643971325,2.187447966390644,94.86322021484375,0.046200099897775834,1.4177277688626604,0.7607998241125985,0.11315693706274033,1.3412638902664185,0.1448420286178589,0.0834915332399416,3.0136368090756145,103.2368392944336,0.045500296210034305,1.6501576850751158,1.0208448333732487,0.0,2430.0,,
ntk_N50_a1_wd0.0001_s1,1.0,50,0.0001,1,100.0,1e-06,ok,,,200000,200000,307,40.49617099761963,9.635623693466187,1,a32604fecc91de55d340ab4799441a26f2677242,False,8.284505952360632e-07,59.26971435546875,112.29219818115234,1.8945965811085652,0.1075916662812233,0.0423559010238853,1.5748149156570435,0.16122758388519287,1.0,0.9811320900917053,0.00626481743529439,0.014234819449484348,0.07832860201597214,0.016434781873278494,0.10966645181179047,22000,True,13894.0,13000.0,32000.0,31564.0,18106.0,False,116000.0,115000.0,102106.0,False,116000.0,115000.0,102106.0,False,3305.0,23000.0,19695.0,False,12539.0,60000.0,47461.0,False,42000.0,,158000.0,True,,,,True,,,,True,0.10853379219770432,1.1178264617919922,0.14057230949401855,0.08086568650057614,2.2574296233342204,94.60913848876953,0.03963523343115813,1.4670438767602019,0.7633483786490383,0.10699315369129181,1.5832414627075195,0.16367530822753906,0.07590369978064838,4.071474241851846,112.60794830322266,0.04162386942000136,1.9286437288960843,1.2275039205249254,282.0,3662.0,,
ntk_N50_a1_wd0.0001_s2,1.0,50,0.0001,2,100.0,1e-06,ok,,,200000,200000,307,41.538490772247314,9.54407525062561,1,a32604fecc91de55d340ab4799441a26f2677242,False,8.281298846668506e-07,58.163665771484375,113.03874969482422,1.943459859269104,0.11341171711683273,0.04417474719947853,1.589943766593933,0.1394789218902588,1.0,1.0,0.004408014472573996,0.0096976887434721,0.0818062275648117,0.01703236922027293,0.11388079822063446,34974,True,11000.0,10214.0,17000.0,16000.0,6000.0,False,18000.0,17057.0,7000.0,False,18000.0,17057.0,7000.0,False,3305.0,15000.0,11695.0,False,9218.0,25710.0,16492.0,False,24000.0,111000.0,87000.0,False,,,,True,,,,True,0.11312221735715866,1.0869258642196655,0.12003284692764282,0.08688617211954826,2.1386035204669707,92.6035385131836,0.04466301598537331,1.393436631647811,0.7628390562270263,0.11231562495231628,1.3627686500549316,0.13579672574996948,0.08299488318283493,3.084119068654337,102.31378936767578,0.04416954409340309,1.664433398014399,1.0498415812970152,0.0,3305.0,,
ntk_N50_a1_wd0.0001_s3,1.0,50,0.0001,3,100.0,1e-06,ok,,,200000,200000,307,42.06746578216553,9.673978328704834,1,a32604fecc91de55d340ab4799441a26f2677242,False,7.939938768686261e-07,59.65932083129883,112.04380798339844,1.878060400657752,0.11204147338867188,0.04569665060776747,1.5872608423233032,0.1571984887123108,1.0,1.0,0.00483158603310585,0.010648991912603378,0.0822109803557396,0.018695695793098585,0.11459926515817642,20000,True,8319.0,8000.0,18900.0,18000.0,10581.0,False,26000.0,25710.0,17681.0,False,26000.0,25710.0,17681.0,False,3305.0,16000.0,12695.0,False,10000.0,34974.0,24974.0,False,23000.0,,177000.0,True,,,,True,,,,True,0.11316817253828049,0.9127758741378784,0.11686056852340698,0.08676440881249595,1.6751214842988509,88.09959411621094,0.04499866217720063,1.2610317493491945,0.5461118485649267,0.11350604891777039,1.4348739385604858,0.1578967571258545,0.08237534997744832,3.40006157319699,105.97224426269531,0.04673450064034626,1.7739599637956274,1.0897274023051,0.0,2193.0,,
ntk_N50_a1_wd0.0001_s4,1.0,50,0.0001,4,100.0,1e-06,ok,,,200000,200000,307,40.92149305343628,9.746507406234741,1,a32604fecc91de55d340ab4799441a26f2677242,False,8.058015055212309e-07,58.240745544433594,113.97185516357422,1.9569092754250839,0.10962379723787308,0.042567047541745846,1.7166786193847656,0.14876222610473633,1.0,1.0,0.005107770673930645,0.011129303835332394,0.08643396198749542,0.019544955861235343,0.1127639189362526,9218,True,11000.0,10214.0,20941.0,20000.0,9941.0,False,33000.0,32000.0,22000.0,False,33000.0,32000.0,22000.0,False,2983.0,17000.0,14017.0,False,9000.0,27000.0,18000.0,False,23000.0,,177000.0,True,,,,True,,,,True,0.1118699386715889,1.2246906757354736,0.12862920761108398,0.07478478651404892,2.5788470831686756,94.82194519042969,0.04419440064502739,1.4428846292514843,0.9754352105995429,0.10836672782897949,1.6952288150787354,0.14485454559326172,0.06671188579715044,4.621913990140109,112.42664337158203,0.040717515167805904,1.924903567802027,1.4223667831479219,0.0,1979.0,,
ntk_N50_a1_wd0.0003_s0,1.0,50,0.0003,0,100.0,2.9999999999999997e-06,ok,,,200000,200000,307,41.33904314041138,9.94690752029419,1,a32604fecc91de55d340ab4799441a26f2677242,False,8.031958032006514e-07,58.59480285644531,93.80615997314453,1.6009296968361766,0.1246478483080864,0.05683031682539404,1.0911848545074463,0.14989125728607178,1.0,1.0,0.007733946666121483,0.015194130130112171,0.08188313245773315,0.01730807447749534,0.12549404799938202,46000,True,8000.0,7508.0,13894.0,13000.0,5894.0,False,15000.0,14000.0,7000.0,False,15000.0,14000.0,7000.0,False,3305.0,10214.0,6909.0,False,8000.0,23000.0,15000.0,False,25000.0,,175000.0,True,,,,True,,,,True,0.12107396870851517,0.6857139468193054,0.1225464940071106,0.10297090243806735,1.207129360574372,78.84886169433594,0.053474748734792486,1.0408951048946753,0.2783846437658559,0.1230793371796608,0.9836034178733826,0.14081841707229614,0.10339596239285047,1.8856428104453657,89.20558166503906,0.05610099911645557,1.335863468613161,0.5771492469729507,0.0,2193.0,7000.0,
ntk_N50_a1_wd0.0003_s1,1.0,50,0.0003,1,100.0,2.9999999999999997e-06,ok,,,200000,200000,307,40.90584087371826,9.626898527145386,1,a32604fecc91de55d340ab4799441a26f2677242,False,8.036471967898251e-07,59.26971435546875,94.0404052734375,1.5866519063924003,0.1282152384519577,0.058098752608456136,1.0737487077713013,0.1672450304031372,1.0,1.0,0.007821924984455109,0.015345538035035133,0.07832860201597214,0.016434781873278494,0.12833447754383087,186000,True,19000.0,18900.0,28000.0,27000.0,9000.0,False,37000.0,36000.0,18000.0,False,37000.0,36000.0,18000.0,False,4496.0,18900.0,14404.0,False,12539.0,38751.0,26212.0,False,44000.0,,156000.0,True,,,,True,,,,True,0.12007895112037659,0.9283921122550964,0.15119671821594238,0.10167887872380815,1.762794227022079,85.63748931884766,0.05076169897665298,1.3032981305483462,0.5190961693802851,0.1228225901722908,1.054416298866272,0.15767168998718262,0.1057947602526705,2.0983674781419146,91.36609649658203,0.05403340190306809,1.4375554547217628,0.630258005918942,282.0,3305.0,18900.0,
ntk_N50_a1_wd0.0003_s2,1.0,50,0.0003,2,100.0,2.9999999999999997e-06,ok,,,200000,200000,307,40.8587429523468,9.881633520126343,1,a32604fecc91de55d340ab4799441a26f2677242,False,7.948380016387091e-07,58.163665771484375,92.5009994506836,1.5903571108139065,0.12317752093076706,0.057316949289527394,1.104899525642395,0.13587546348571777,1.0,1.0,0.009044308215379715,0.016267690807580948,0.0818062275648117,0.01703236922027293,0.12424261122941971,28487,True,10214.0,10000.0,13894.0,13000.0,3680.0,False,18900.0,18000.0,8686.0,False,18900.0,18000.0,8686.0,False,4000.0,12539.0,8539.0,False,10000.0,24000.0,14000.0,False,30000.0,,170000.0,True,,,,True,,,,True,0.11967987567186356,0.7769811749458313,0.12238132953643799,0.10023010043048314,1.3830135820816585,80.04537200927734,0.05267580590944121,1.1081894509871055,0.4016166897810797,0.12198741734027863,1.009537935256958,0.13453876972198486,0.1025191392261638,1.9445150555974726,89.01310729980469,0.056480489522450064,1.339269901058488,0.6354902839934933,0.0,2983.0,11000.0,
ntk_N50_a1_wd0.0003_s3,1.0,50,0.0003,3,100.0,2.9999999999999997e-06,ok,,,200000,200000,307,41.93484425544739,9.67536449432373,1,a32604fecc91de55d340ab4799441a26f2677242,False,8.195326586246665e-07,59.65932083129883,95.61933898925781,1.6027560766178455,0.12548856437206268,0.058040711062794154,1.1787121295928955,0.15568256378173828,1.0,1.0,0.006959633436053991,0.01399042084813118,0.0822109803557396,0.018695695793098585,0.1266169399023056,74000,True,8000.0,7508.0,23204.0,23000.0,15204.0,False,25710.0,25000.0,17710.0,False,25710.0,25000.0,17710.0,False,4000.0,13894.0,9894.0,False,9218.0,28000.0,18782.0,False,30000.0,,170000.0,True,,,,True,,,,True,0.1188606545329094,0.681763231754303,0.1291312575340271,0.0964900381032729,1.210750956150775,76.93206024169922,0.04950034198082488,1.0491254641491643,0.2827852245411991,0.12581337988376617,1.039467453956604,0.15401482582092285,0.10587928464088694,2.052203782386387,90.34352111816406,0.05644375581775575,1.4104888200602508,0.6298437593267963,0.0,2193.0,9000.0,
ntk_N50_a1_wd0.0003_s4,1.0,50,0.0003,4,100.0,2.9999999999999997e-06,ok,,,200000,200000,307,42.51596999168396,10.12574553489685,1,a32604fecc91de55d340ab4799441a26f2677242,False,8.272492095784401e-07,58.240745544433594,94.74502563476562,1.6267824999335188,0.12266567349433899,0.05649824440250672,1.2492320537567139,0.14670288562774658,1.0,1.0,0.007458113599568605,0.014328043907880783,0.08643396198749542,0.019544955861235343,0.12437381595373154,14000,True,8319.0,8000.0,13894.0,13000.0,5575.0,False,17000.0,16000.0,8681.0,False,17000.0,16000.0,8681.0,False,3662.0,12539.0,8877.0,False,8319.0,33000.0,24681.0,False,37000.0,,163000.0,True,,,,True,,,,True,0.12241688370704651,0.8143571615219116,0.12439805269241333,0.09711728430448469,1.4640985302518348,79.13191986083984,0.05325853229405648,1.0823652138619224,0.4763849721571867,0.12343243509531021,1.0902804136276245,0.14217376708984375,0.09626138328556802,2.1787639388738307,88.62342071533203,0.05492490838903229,1.361621603309253,0.7544821037196319,0.0,1979.0,6000.0,
ntk_N50_a1_wd0.001_s0,1.0,50,0.001,0,100.0,1e-05,ok,,,200000,200000,307,42.019951820373535,9.625969886779785,1,a32604fecc91de55d340ab4799441a26f2677242,False,8.924998269321804e-07,58.59480285644531,57.501163482666016,0.9813355567308817,0.12847328186035156,0.06134000083815106,0.12389833480119705,0.12816494703292847,0.9915966391563416,0.5849056839942932,0.025083910673856735,0.03645341470837593,0.08188313245773315,0.01730807447749534,0.12954114377498627,138000,False,,,,,,True,,,,True,,,,True,12000.0,,188000.0,True,,,,True,,,,True,,,,True,,,,True,,,,,,,,,,,,,,,,,,,0.0,4496.0,13894.0,
ntk_N50_a1_wd0.001_s1,1.0,50,0.001,1,100.0,1e-05,ok,,,200000,200000,307,42.09285926818848,9.296018362045288,1,a32604fecc91de55d340ab4799441a26f2677242,False,7.768996397317096e-07,59.26971435546875,56.32466125488281,0.950310995546173,0.1258326768875122,0.05876460691184459,0.09022276103496552,0.1322801113128662,0.9873949289321899,0.43396225571632385,0.026432175189256668,0.03740856796503067,0.07832860201597214,0.016434781873278494,0.12668323516845703,149000,False,,,,,,True,,,,True,,,,True,17000.0,,183000.0,True,,,,True,,,,True,,,,True,,,,True,,,,,,,,,,,,,,,,,,,312.0,6776.0,22000.0,
ntk_N50_a1_wd0.001_s2,1.0,50,0.001,2,100.0,1e-05,ok,,,200000,200000,307,43.217792987823486,9.947916984558105,1,a32604fecc91de55d340ab4799441a26f2677242,False,8.342533419636311e-07,58.163665771484375,57.316890716552734,0.9854415115742793,0.127349853515625,0.060539328033332424,0.12884581089019775,0.11682325601577759,0.9810924530029297,0.5283018946647644,0.025721155107021332,0.03594229742884636,0.0818062275648117,0.01703236922027293,0.12754778563976288,172000,False,,,,,,True,,,,True,,,,True,18900.0,,181100.0,True,,,,True,,,,True,,,,True,,,,True,,,,,,,,,,,,,,,,,,,0.0,6116.0,28000.0,
ntk_N50_a1_wd0.001_s3,1.0,50,0.001,3,100.0,1e-05,ok,,,200000,200000,307,42.62350106239319,9.737428426742554,1,a32604fecc91de55d340ab4799441a26f2677242,False,8.106846962618874e-07,59.65932083129883,57.16637420654297,0.9582136271412598,0.12448818981647491,0.05744870741602667,0.17343220114707947,0.12031877040863037,0.9810924530029297,0.5471698045730591,0.026401571929454803,0.0360037162899971,0.0822109803557396,0.018695695793098585,0.12480486184358597,105000,False,,,,,,True,,,,True,,,,True,12539.0,,187461.0,True,,,,True,,,,True,,,,True,,,,True,,,,,,,,,,,,,,,,,,,0.0,5520.0,17057.0,
ntk_N50_a1_wd0.001_s4,1.0,50,0.001,4,100.0,1e-05,ok,,,200000,200000,307,43.48729681968689,9.445129871368408,1,a32604fecc91de55d340ab4799441a26f2677242,False,8.025365900721226e-07,58.240745544433594,57.663516998291016,0.9900889224417261,0.13019956648349762,0.062401346689366796,0.235799640417099,0.1185295581817627,0.993697464466095,0.5283018946647644,0.024882109835743904,0.035511262714862823,0.08643396198749542,0.019544955861235343,0.13109159469604492,169000,False,,,,,,True,,,,True,,,,True,13894.0,,186106.0,True,,,,True,,,,True,,,,True,,,,True,,,,,,,,,,,,,,,,,,,0.0,4496.0,13894.0,
ntk_N50_a1_wd0.003_s0,1.0,50,0.003,0,100.0,3e-05,ok,,,200000,200000,307,42.82217812538147,10.069336891174316,1,a32604fecc91de55d340ab4799441a26f2677242,False,1.0040297411251231e-06,58.59480285644531,21.351642608642578,0.36439481946808766,0.06616193056106567,0.007677121094525175,-1.2315876483917236,0.12567627429962158,0.05882352963089943,0.03773584961891174,0.04734452813863754,0.05146181955933571,0.08188313245773315,0.01730807447749534,0.08195731788873672,74,False,,,,,,True,,,,True,,,,True,,,,True,,,,True,,,,True,,,,True,,,,True,,,,,,,,,,,,,,,,,,,0.0,,,
ntk_N50_a1_wd0.003_s1,1.0,50,0.003,1,100.0,3e-05,ok,,,200000,200000,307,42.51673197746277,9.90202260017395,1,a32604fecc91de55d340ab4799441a26f2677242,False,1.0438729987072293e-06,59.26971435546875,21.92640495300293,0.36994281466416085,0.06414534151554108,0.007615155915177213,-1.1832937002182007,0.12302029132843018,0.06092436984181404,0.01886792480945587,0.04736756905913353,0.05067448318004608,0.07832860201597214,0.016434781873278494,0.0785442367196083,169,False,,,,,,True,,,,True,,,,True,,,,True,,,,True,,,,True,,,,True,,,,True,,,,,,,,,,,,,,,,,,,,,,
ntk_N50_a1_wd0.003_s2,1.0,50,0.003,2,100.0,3e-05,ok,,,200000,200000,307,41.25386309623718,10.04261064529419,1,a32604fecc91de55d340ab4799441a26f2677242,False,1.0123744687007274e-06,58.163665771484375,21.291839599609375,0.36606770424789875,0.06541792303323746,0.008418411872863466,-1.247196078300476,0.11259984970092773,0.054621849209070206,0.01886792480945587,0.047737568616867065,0.050743699073791504,0.0818062275648117,0.01703236922027293,0.0818062275648117,0,False,,,,,,True,,,,True,,,,True,,,,True,,,,True,,,,True,,,,True,,,,True,,,,,,,,,,,,,,,,,,,0.0,,,
ntk_N50_a1_wd0.003_s3,1.0,50,0.003,3,100.0,3e-05,ok,,,200000,200000,307,40.55812883377075,10.043668985366821,1,a32604fecc91de55d340ab4799441a26f2677242,False,1.0105179626407335e-06,59.65932083129883,23.193557739257812,0.38876670763388693,0.06106097251176834,0.007739394255495365,-1.0104714632034302,0.10674065351486206,0.06302521377801895,0.01886792480945587,0.047759197652339935,0.05082428455352783,0.0822109803557396,0.018695695793098585,0.08222516626119614,8,False,,,,,,True,,,,True,,,,True,,,,True,,,,True,,,,True,,,,True,,,,True,,,,,,,,,,,,,,,,,,,0.0,,,
ntk_N50_a1_wd0.003_s4,1.0,50,0.003,4,100.0,3e-05,ok,,,200000,200000,307,41.424819231033325,9.949490547180176,1,a32604fecc91de55d340ab4799441a26f2677242,False,1.0106731451742235e-06,58.240745544433594,20.614294052124023,0.35394969379979463,0.06580039113759995,0.007231873874458795,-1.1674035787582397,0.121071457862854,0.054621849209070206,0.01886792480945587,0.047237832099199295,0.05104128271341324,0.08643396198749542,0.019544955861235343,0.08643396198749542,0,False,,,,,,True,,,,True,,,,True,,,,True,,,,True,,,,True,,,,True,,,,True,,,,,,,,,,,,,,,,,,,0.0,,,
ntk_N50_a2_wd0_s0,2.0,50,0.0,0,25.0,0.0,ok,,,200000,200000,307,40.32675623893738,9.679623365402222,1,a32604fecc91de55d340ab4799441a26f2677242,False,7.978450753398647e-07,58.59480285644531,97.99492645263672,1.6724166935542044,0.0872446671128273,0.027980991531539046,1.3391938209533691,0.1910766363143921,1.0,0.7169811129570007,0.015633011236786842,0.045579586178064346,0.08188313245773315,0.01730807447749534,0.09708208590745926,26000,True,70000.0,69000.0,,,130000.0,True,,,130000.0,True,,,130000.0,True,5520.0,,194480.0,True,71708.0,,128292.0,True,,,,True,,,,True,,,,True,0.09510250389575958,0.8815428614616394,0.1395716667175293,0.04853307113033657,1.635602495127583,85.48881530761719,0.03113482534651264,1.0154414213848222,0.7938779283496942,,,,,,,,,,0.0,,,
ntk_N50_a2_wd0_s1,2.0,50,0.0,1,25.0,0.0,ok,,,200000,200000,307,41.895596981048584,10.462133646011353,1,a32604fecc91de55d340ab4799441a26f2677242,False,7.890963615864166e-07,59.26971435546875,98.52721405029297,1.6623534484977989,0.08759094029664993,0.03140465112556383,1.3614660501480103,0.18719375133514404,1.0,0.6792452931404114,0.014463044703006744,0.04710701107978821,0.07832860201597214,0.016434781873278494,0.09418147802352905,91000,True,66000.0,65000.0,,,134000.0,True,,,134000.0,True,,,134000.0,True,6000.0,,194000.0,True,85000.0,,115000.0,True,,,,True,,,,True,,,,True,0.09274338185787201,0.8257330060005188,0.1316310167312622,0.050011368602220635,1.4995639956691098,83.67720794677734,0.032225996130279065,0.9816373485048994,0.7184898707730369,,,,,,,,,,640.0,,,
ntk_N50_a2_wd0_s2,2.0,50,0.0,2,25.0,0.0,ok,,,200000,200000,307,41.92827391624451,10.36984896659851,1,a32604fecc91de55d340ab4799441a26f2677242,False,7.701626714151644e-07,58.163665771484375,89.14076232910156,1.5325850107061887,0.0884312093257904,0.02639897676356976,1.1211938858032227,0.1545478105545044,0.9957982897758484,0.3207547068595886,0.01991404965519905,0.05638229474425316,0.0818062275648117,0.01703236922027293,0.09405136108398438,59000,False,,,,,,True,,,,True,,,,True,6776.0,,193224.0,True,196000.0,,4000.0,True,,,,True,,,,True,,,,True,,,,,,,,,,,,,,,,,,,0.0,,,
ntk_N50_a2_wd0_s3,2.0,50,0.0,3,25.0,0.0,ok,,,200000,200000,307,40.82435989379883,10.048341512680054,1,a32604fecc91de55d340ab4799441a26f2677242,False,8.038809369281807e-07,59.65932083129883,90.4366226196289,1.515884213220602,0.09491145610809326,0.03115135382548543,1.051061987876892,0.17392653226852417,0.9978991746902466,0.2641509473323822,0.019777758046984673,0.058399103581905365,0.0822109803557396,0.018695695793098585,0.09996531903743744,76000,False,,,,,,True,,,,True,,,,True,6776.0,,193224.0,True,182000.0,,18000.0,True,,,,True,,,,True,,,,True,,,,,,,,,,,,,,,,,,,0.0,,,
ntk_N50_a2_wd0_s4,2.0,50,0.0,4,25.0,0.0,ok,,,200000,200000,307,40.6404230594635,9.937023639678955,1,a32604fecc91de55d340ab4799441a26f2677242,False,8.247649816439662e-07,58.240745544433594,101.06192779541016,1.735244404079735,0.08321256190538406,0.025930195095372123,1.5896674394607544,0.19936394691467285,0.9978991746902466,0.5849056839942932,0.01747387833893299,0.05281287059187889,0.08643396198749542,0.019544955861235343,0.09808731079101562,17057,False,,,,,,True,,,,True,,,,True,6776.0,,193224.0,True,87000.0,,113000.0,True,,,,True,,,,True,,,,True,,,,,,,,,,,,,,,,,,,0.0,,,
ntk_N50_a2_wd3e-06_s0,2.0,50,3e-06,0,25.0,1.2000000000000002e-07,ok,,,200000,200000,307,42.10585927963257,10.092671871185303,1,a32604fecc91de55d340ab4799441a26f2677242,False,8.387953016608662e-07,58.59480285644531,103.01991271972656,1.758174918211105,0.08630601316690445,0.024437197775989187,1.5650416612625122,0.18448001146316528,1.0,0.9245283007621765,0.012204594910144806,0.032921746373176575,0.08188313245773315,0.01730807447749534,0.09807640314102173,37000,True,80000.0,79453.0,,,120000.0,True,,,120000.0,True,,,120000.0,True,5520.0,,194480.0,True,71000.0,,129000.0,True,,,,True,,,,True,,,,True,0.09767908602952957,0.9596308469772339,0.13933885097503662,0.053610624928467916,1.822637658425506,86.1240234375,0.03197589686136944,1.1396474701760488,0.8277044240373633,,,,,,,,,,0.0,,,
ntk_N50_a2_wd3e-06_s1,2.0,50,3e-06,1,25.0,1.2000000000000002e-07,ok,,,200000,200000,307,42.25302982330322,10.248040914535522,1,a32604fecc91de55d340ab4799441a26f2677242,False,8.786837497609667e-07,59.26971435546875,101.58155059814453,1.7138862858172643,0.08455973118543625,0.02585529749183188,1.5314191579818726,0.19271636009216309,1.0,0.698113203048706,0.013940740376710892,0.04237603396177292,0.07832860201597214,0.016434781873278494,0.09397173672914505,88036,True,132692.0,132000.0,,,67308.0,True,,,67308.0,True,,,67308.0,True,6000.0,,194000.0,True,84000.0,,116000.0,True,,,,True,,,,True,,,,True,0.08924379199743271,1.251359224319458,0.16960841417312622,0.04356772135652939,2.7223322460326354,92.77820587158203,0.028998888761232702,1.415346212138409,1.135178205367129,,,,,,,,,,640.0,,,
ntk_N50_a2_wd3e-06_s2,2.0,50,3e-06,2,25.0,1.2000000000000002e-07,ok,,,200000,200000,307,41.63323402404785,10.325415134429932,1,a32604fecc91de55d340ab4799441a26f2677242,False,7.845295044717204e-07,58.163665771484375,91.30369567871094,1.569772029799985,0.08939791470766068,0.02456043765537234,1.2416386604309082,0.1511988639831543,1.0,0.698113203048706,0.01804846152663231,0.04719371721148491,0.0818062275648117,0.01703236922027293,0.09515441209077835,71000,True,162000.0,161000.0,,,38000.0,True,,,38000.0,True,,,38000.0,True,6776.0,,193224.0,True,153000.0,,47000.0,True,,,,True,,,,True,,,,True,0.09205623716115952,1.082435965538025,0.14577466249465942,0.04279655053463474,2.1611045189301312,87.29106903076172,0.02635061959158307,1.2535818774284548,0.9633577922976311,,,,,,,,,,0.0,,,
ntk_N50_a2_wd3e-06_s3,2.0,50,3e-06,3,25.0,1.2000000000000002e-07,ok,,,200000,200000,307,41.16399097442627,9.66463851928711,1,a32604fecc91de55d340ab4799441a26f2677242,False,8.189237519218295e-07,59.65932083129883,92.44071197509766,1.5494764386690916,0.09575579315423965,0.030405966606940466,1.226121425628662,0.15645068883895874,1.0,0.6226415038108826,0.017128467559814453,0.04617336019873619,0.0822109803557396,0.018695695793098585,0.09822679311037064,67000,True,136000.0,135000.0,,,64000.0,True,,,64000.0,True,,,64000.0,True,6776.0,,193224.0,True,112000.0,,88000.0,True,,,,True,,,,True,,,,True,0.09593202918767929,1.0885096788406372,0.1492735743522644,0.04962120421874372,2.1833337822536345,88.46969604492188,0.030049407727332316,1.2892840786085282,0.9384168348264443,,,,,,,,,,0.0,,,
ntk_N50_a2_wd3e-06_s4,2.0,50,3e-06,4,25.0,1.2000000000000002e-07,ok,,,200000,200000,307,41.183887243270874,10.090503931045532,1,a32604fecc91de55d340ab4799441a26f2677242,False,8.703233902451757e-07,58.240745544433594,96.6913833618164,1.6602016759563574,0.08673813194036484,0.026299990039650605,1.4903703927993774,0.17024171352386475,1.0,0.5660377144813538,0.016489647328853607,0.052114877849817276,0.08643396198749542,0.019544955861235343,0.09834875166416168,17000,True,105000.0,104000.0,,,95000.0,True,,,95000.0,True,,,95000.0,True,6776.0,,193224.0,True,70000.0,,130000.0,True,,,,True,,,,True,,,,True,0.09194351732730865,1.2360811233520508,0.15743190050125122,0.035628191720829164,2.654739652246023,88.69538116455078,0.030199024636278625,1.30076414802852,1.1883621850762995,,,,,,,,,,0.0,,,
ntk_N50_a2_wd1e-05_s0,2.0,50,1e-05,0,25.0,4.0000000000000003e-07,ok,,,200000,200000,307,42.13966679573059,10.211427688598633,1,a32604fecc91de55d340ab4799441a26f2677242,False,8.201639616345346e-07,58.59480285644531,99.78357696533203,1.702942447127903,0.0885043740272522,0.025318767774717685,1.5084092617034912,0.17003244161605835,1.0,0.9622641801834106,0.010321964509785175,0.02834004908800125,0.08188313245773315,0.01730807447749534,0.10140184313058853,42000,True,50000.0,49000.0,197000.0,196000.0,147000.0,False,,,150000.0,True,,,150000.0,True,5520.0,179000.0,173480.0,False,55000.0,,145000.0,True,,,,True,,,,True,,,,True,0.10048376768827438,0.7453029751777649,0.11586976051330566,0.06031870002225351,1.3091650932956538,79.29176330566406,0.03443213085331204,0.9850504216060666,0.5371531528758715,,,,,,,,,,0.0,31000.0,,
ntk_N50_a2_wd1e-05_s1,2.0,50,1e-05,1,25.0,4.0000000000000003e-07,ok,,,200000,200000,307,42.074957847595215,10.171338558197021,1,a32604fecc91de55d340ab4799441a26f2677242,False,8.502359492013056e-07,59.26971435546875,98.4524154663086,1.6610914450480139,0.08884402364492416,0.027319047984413848,1.4260456562042236,0.15534567832946777,1.0,0.8113207817077637,0.012990414164960384,0.03945740684866905,0.07832860201597214,0.016434781873278494,0.095746248960495,104000,True,91000.0,90000.0,,,109000.0,True,,,109000.0,True,,,109000.0,True,6116.0,,193884.0,True,82000.0,,118000.0,True,,,,True,,,,True,,,,True,0.09430233389139175,0.9671242237091064,0.11981189250946045,0.05359333670222321,1.813395517161097,83.54467010498047,0.03048651394250263,1.243523683155394,0.7244683522381159,,,,,,,,,,640.0,,,
ntk_N50_a2_wd1e-05_s2,2.0,50,1e-05,2,25.0,4.0000000000000003e-07,ok,,,200000,200000,307,43.00770306587219,10.56199312210083,1,a32604fecc91de55d340ab4799441a26f2677242,False,8.344305797436391e-07,58.163665771484375,94.25523376464844,1.620517422938265,0.08862602710723877,0.026343251560028414,1.397676706314087,0.1477338671684265,1.0,0.9433962106704712,0.012722568586468697,0.033903952687978745,0.0818062275648117,0.01703236922027293,0.09801443666219711,91000,True,95000.0,94000.0,,,105000.0,True,,,105000.0,True,,,105000.0,True,6776.0,,193224.0,True,99000.0,,101000.0,True,,,,True,,,,True,,,,True,0.097781702876091,0.8871457576751709,0.1087183952331543,0.05502927676283891,1.6024075113675778,80.51002502441406,0.030673357406592175,1.117861728502315,0.6650102908948632,,,,,,,,,,0.0,,,
ntk_N50_a2_wd1e-05_s3,2.0,50,1e-05,3,25.0,4.0000000000000003e-07,ok,,,200000,200000,307,41.485397815704346,9.926605939865112,1,a32604fecc91de55d340ab4799441a26f2677242,False,7.967362307681469e-07,59.65932083129883,88.79341125488281,1.488340966970906,0.09415307641029358,0.03263737918179885,1.1781747341156006,0.1475420594215393,1.0,0.6226415038108826,0.016552895307540894,0.04561101645231247,0.0822109803557396,0.018695695793098585,0.1012154147028923,72000,True,113000.0,112000.0,,,87000.0,True,,,87000.0,True,,,87000.0,True,6776.0,,193224.0,True,103000.0,,97000.0,True,,,,True,,,,True,,,,True,0.0992308035492897,0.9563874006271362,0.12360274791717529,0.056632954837674214,1.7918139985725516,83.79425048828125,0.03422797316622246,1.222048315507871,0.7244534269263936,,,,,,,,,,0.0,56000.0,,
ntk_N50_a2_wd1e-05_s4,2.0,50,1e-05,4,25.0,4.0000000000000003e-07,ok,,,200000,200000,307,40.895890951156616,9.787842750549316,1,a32604fecc91de55d340ab4799441a26f2677242,False,9.048656011145795e-07,58.240745544433594,87.39114379882812,1.5005155408279385,0.09543822705745697,0.030400532205859386,1.1945621967315674,0.1389661431312561,0.993697464466095,0.5094339847564697,0.01725052297115326,0.05071312189102173,0.08643396198749542,0.019544955861235343,0.09909353405237198,17000,False,,,,,,True,,,,True,,,,True,6776.0,,193224.0,True,61000.0,,139000.0,True,,,,True,,,,True,,,,True,,,,,,,,,,,,,,,,,,,0.0,,,
ntk_N50_a2_wd3e-05_s0,2.0,50,3e-05,0,25.0,1.2e-06,ok,,,200000,200000,307,42.091302156448364,9.963670253753662,1,a32604fecc91de55d340ab4799441a26f2677242,False,8.452450970253267e-07,58.59480285644531,87.92635345458984,1.500582802027776,0.09568630903959274,0.03244127329628112,1.1695775985717773,0.16054171323776245,1.0,0.9811320900917053,0.010317208245396614,0.02512442320585251,0.08188313245773315,0.01730807447749534,0.10262961685657501,34000,True,63000.0,62000.0,177000.0,176000.0,114000.0,False,,,137000.0,True,,,137000.0,True,5520.0,159000.0,153480.0,False,46000.0,,154000.0,True,,,,True,,,,True,,,,True,0.10206127166748047,0.8013270497322083,0.11796844005584717,0.06353783496715175,1.4265318985946076,78.59781646728516,0.03478063001308679,1.0898700772804608,0.5182862808035941,,,,,,,,,,0.0,18000.0,,
ntk_N50_a2_wd3e-05_s1,2.0,50,3e-05,1,25.0,1.2e-06,ok,,,200000,200000,307,41.624370098114014,9.782551288604736,1,a32604fecc91de55d340ab4799441a26f2677242,False,8.055647526816756e-07,59.26971435546875,85.95155334472656,1.4501766083979095,0.09696414321660995,0.03344905131676448,1.0826518535614014,0.14395570755004883,1.0,0.8867924809455872,0.013943002559244633,0.034736063331365585,0.07832860201597214,0.016434781873278494,0.09770921617746353,169000,True,58000.0,57000.0,,,142000.0,True,,,142000.0,True,,,142000.0,True,6776.0,,193224.0,True,90000.0,,110000.0,True,,,,True,,,,True,,,,True,0.09666678309440613,0.7097158432006836,0.10779207944869995,0.059483186380509735,1.227320564354161,75.42249298095703,0.03093942192959263,1.0262727008060228,0.4040949849017247,,,,,,,,,,640.0,,,
ntk_N50_a2_wd3e-05_s2,2.0,50,3e-05,2,25.0,1.2e-06,ok,,,200000,200000,307,41.02753686904907,9.784878730773926,1,a32604fecc91de55d340ab4799441a26f2677242,False,8.420319090873818e-07,58.163665771484375,87.22393798828125,1.4996293103493508,0.09560713917016983,0.030432816798699622,1.207687258720398,0.1442219614982605,1.0,0.9433962106704712,0.011946558952331543,0.03043469972908497,0.0818062275648117,0.01703236922027293,0.10238102823495865,92000,True,99000.0,98000.0,,,101000.0,True,,,101000.0,True,,,101000.0,True,7000.0,,193000.0,True,83000.0,,117000.0,True,,,,True,,,,True,,,,True,0.10179711878299713,0.8398497104644775,0.1132422685623169,0.0635029808021501,1.5021506450815107,77.92643737792969,0.03333439058673547,1.1031279406882315,0.5694016203979779,,,,,,,,,,0.0,70000.0,,
ntk_N50_a2_wd3e-05_s3,2.0,50,3e-05,3,25.0,1.2e-06,ok,,,200000,200000,307,41.7625470161438,10.062256336212158,1,a32604fecc91de55d340ab4799441a26f2677242,False,8.093900873973325e-07,59.65932083129883,82.14423370361328,1.3768885156419395,0.10260840505361557,0.03603720282554289,0.9353078603744507,0.12834864854812622,0.9957982897758484,0.5660377144813538,0.01633608527481556,0.046392567455768585,0.0822109803557396,0.018695695793098585,0.10456793010234833,97000,False,,,,,,True,,,,True,,,,True,7000.0,,193000.0,True,77000.0,,123000.0,True,,,,True,,,,True,,,,True,,,,,,,,,,,,,,,,,,,0.0,21000.0,,
ntk_N50_a2_wd3e-05_s4,2.0,50,3e-05,4,25.0,1.2e-06,ok,,,200000,200000,307,41.35540318489075,9.824550867080688,1,a32604fecc91de55d340ab4799441a26f2677242,False,8.207226755985175e-07,58.240745544433594,86.4246597290039,1.4839209031599359,0.09647578001022339,0.032833133052213206,1.215817928314209,0.14816099405288696,1.0,0.8679245114326477,0.013225126080214977,0.03665794059634209,0.08643396198749542,0.019544955861235343,0.10213524103164673,35000,True,73000.0,72000.0,,,127000.0,True,,,127000.0,True,,,127000.0,True,7000.0,,193000.0,True,57000.0,,143000.0,True,,,,True,,,,True,,,,True,0.09964646399021149,0.9165725111961365,0.12003719806671143,0.04984086451143667,1.6889269416942994,78.28702545166016,0.0341597344922296,1.102493944644457,0.7121046297042479,,,,,,,,,,0.0,13894.0,,
ntk_N50_a2_wd0.0001_s0,2.0,50,0.0001,0,25.0,4e-06,ok,,,200000,200000,307,42.298725843429565,9.927222967147827,1,a32604fecc91de55d340ab4799441a26f2677242,False,7.907322583378118e-07,58.59480285644531,73.69278717041016,1.2576676356596717,0.1103048175573349,0.04257346012912201,0.6876193284988403,0.12462610006332397,1.0,0.9433962106704712,0.013749765232205391,0.02954724058508873,0.08188313245773315,0.01730807447749534,0.11129619926214218,77000,True,44000.0,43000.0,,,156000.0,True,,,156000.0,True,,,156000.0,True,6776.0,86000.0,79224.0,False,38751.0,,161249.0,True,,,,True,,,,True,,,,True,0.10943771153688431,0.5019192695617676,0.10760319232940674,0.08085975023892024,0.8834366196501235,68.9542007446289,0.041518877783498005,0.8294058680040468,0.13841544584165888,,,,,,,,,,0.0,12000.0,,
ntk_N50_a2_wd0.0001_s1,2.0,50,0.0001,1,25.0,4e-06,ok,,,200000,200000,307,41.92409324645996,9.719840049743652,1,a32604fecc91de55d340ab4799441a26f2677242,False,8.155653290486953e-07,59.26971435546875,74.51485443115234,1.2572163581597713,0.11046388000249863,0.04117282256456498,0.7237979173660278,0.13498032093048096,1.0,0.849056601524353,0.013838881626725197,0.031226441264152527,0.07832860201597214,0.016434781873278494,0.11114892363548279,166000,True,97000.0,96000.0,,,103000.0,True,,,103000.0,True,,,103000.0,True,9000.0,,191000.0,True,88000.0,,112000.0,True,,,,True,,,,True,,,,True,0.10642904788255692,0.540195107460022,0.11016625165939331,0.08074514031897392,0.9440973112922203,69.29039764404297,0.039062647977991194,0.9085732638884105,0.13358297398540497,,,,,,,,,,578.0,28000.0,,
ntk_N50_a2_wd0.0001_s2,2.0,50,0.0001,2,25.0,4e-06,ok,,,200000,200000,307,40.84210205078125,9.657121658325195,1,a32604fecc91de55d340ab4799441a26f2677242,False,8.120453003357397e-07,58.163665771484375,71.93956756591797,1.2368472071302534,0.11101437360048294,0.04206330480223157,0.641821563243866,0.11894947290420532,0.9978991746902466,0.8113207817077637,0.015353221446275711,0.03341059759259224,0.0818062275648117,0.01703236922027293,0.11102338880300522,151000,True,93000.0,92000.0,,,107000.0,True,,,107000.0,True,,,107000.0,True,9000.0,,191000.0,True,96000.0,,104000.0,True,,,,True,,,,True,,,,True,0.1069382056593895,0.4993090033531189,0.10137563943862915,0.07644419981385299,0.8679978034020258,67.75103759765625,0.039251700041506424,0.8025913449952687,0.15858709421199424,,,,,,,,,,0.0,24000.0,,
ntk_N50_a2_wd0.0001_s3,2.0,50,0.0001,3,25.0,4e-06,ok,,,200000,200000,307,41.166666984558105,9.833948135375977,1,a32604fecc91de55d340ab4799441a26f2677242,False,7.750542749818123e-07,59.65932083129883,71.21521759033203,1.1936980944136173,0.1095976009964943,0.04079835912341962,0.6198716759681702,0.11530381441116333,0.9978991746902466,0.6415094137191772,0.017764395102858543,0.03939727321267128,0.0822109803557396,0.018695695793098585,0.10997191071510315,143000,True,81000.0,80000.0,,,119000.0,True,,,119000.0,True,,,119000.0,True,10000.0,,190000.0,True,78000.0,,122000.0,True,,,,True,,,,True,,,,True,0.10838788747787476,0.5456894636154175,0.10574442148208618,0.07817726426645147,0.9443384890002894,69.16372680664062,0.03965345578235144,0.8787188339715601,0.20476536446494586,,,,,,,,,,0.0,13000.0,,
ntk_N50_a2_wd0.0001_s4,2.0,50,0.0001,4,25.0,4e-06,ok,,,200000,200000,307,41.33696508407593,9.714804410934448,1,a32604fecc91de55d340ab4799441a26f2677242,False,8.449846404801065e-07,58.240745544433594,74.1202392578125,1.2726526517636003,0.10794562101364136,0.04395976879597442,0.8280216455459595,0.12990128993988037,1.0,0.9622641801834106,0.013189106248319149,0.03106820024549961,0.08643396198749542,0.019544955861235343,0.10826320946216583,79453,True,61000.0,60000.0,168000.0,167000.0,107000.0,False,,,139000.0,True,,,139000.0,True,8319.0,,191681.0,True,49000.0,,151000.0,True,,,,True,,,,True,,,,True,0.1075851172208786,0.6462142467498779,0.11194896697998047,0.06730521205859774,1.1190556080471605,68.94247436523438,0.04175869190934815,0.8826077488127798,0.3496339176673603,,,,,,,,,,0.0,9000.0,,
ntk_N50_a2_wd0.0003_s0,2.0,50,0.0003,0,25.0,1.1999999999999999e-05,ok,,,200000,200000,307,40.07380199432373,9.732186079025269,1,a32604fecc91de55d340ab4799441a26f2677242,False,8.079190365606337e-07,58.59480285644531,56.341922760009766,0.9615515372249821,0.11445261538028717,0.046836638116950324,0.13605999946594238,0.10482382774353027,0.9915966391563416,0.5094339847564697,0.021995780989527702,0.03951012343168259,0.08188313245773315,0.01730807447749534,0.1147259846329689,168000,False,,,,,,True,,,,True,,,,True,18900.0,,181100.0,True,,,,True,,,,True,,,,True,,,,True,,,,,,,,,,,,,,,,,,,0.0,13894.0,,
ntk_N50_a2_wd0.0003_s1,2.0,50,0.0003,1,25.0,1.1999999999999999e-05,ok,,,200000,200000,307,41.39598798751831,9.851332187652588,1,a32604fecc91de55d340ab4799441a26f2677242,False,7.820149789949937e-07,59.26971435546875,56.17670822143555,0.9478147285225137,0.11539696902036667,0.04523871112211538,0.12499818950891495,0.11430901288986206,0.9915966391563416,0.4150943458080292,0.022709179669618607,0.040783099830150604,0.07832860201597214,0.016434781873278494,0.11539696902036667,200000,False,,,,,,True,,,,True,,,,True,34974.0,,165026.0,True,,,,True,,,,True,,,,True,,,,True,,,,,,,,,,,,,,,,,,,578.0,32000.0,,
ntk_N50_a2_wd0.0003_s2,2.0,50,0.0003,2,25.0,1.1999999999999999e-05,ok,,,200000,200000,307,41.02214694023132,9.545669317245483,1,a32604fecc91de55d340ab4799441a26f2677242,False,7.880107659730129e-07,58.163665771484375,54.057003021240234,0.9293947055129133,0.10748685896396637,0.04115107150486744,0.08019579946994781,0.09159934520721436,0.9663865566253662,0.16981132328510284,0.025467878207564354,0.04603763669729233,0.0818062275648117,0.01703236922027293,0.10778842121362686,158000,False,,,,,,True,,,,True,,,,True,26000.0,,174000.0,True,,,,True,,,,True,,,,True,,,,True,,,,,,,,,,,,,,,,,,,0.0,27000.0,,
ntk_N50_a2_wd0.0003_s3,2.0,50,0.0003,3,25.0,1.1999999999999999e-05,ok,,,200000,200000,307,40.847947120666504,9.902680397033691,1,a32604fecc91de55d340ab4799441a26f2677242,False,9.072384159480862e-07,59.65932083129883,56.344844818115234,0.9444432828433285,0.10829225927591324,0.04385704824202771,0.1837579309940338,0.10391879081726074,0.993697464466095,0.4150943458080292,0.023566588759422302,0.04170684888958931,0.0822109803557396,0.018695695793098585,0.10829225927591324,200000,False,,,,,,True,,,,True,,,,True,27000.0,,173000.0,True,,,,True,,,,True,,,,True,,,,True,,,,,,,,,,,,,,,,,,,0.0,23000.0,,
ntk_N50_a2_wd0.0003_s4,2.0,50,0.0003,4,25.0,1.1999999999999999e-05,ok,,,200000,200000,307,41.17615628242493,9.589957475662231,1,a32604fecc91de55d340ab4799441a26f2677242,False,7.883994612711831e-07,58.240745544433594,56.474552154541016,0.969674265441106,0.11592309176921844,0.048119772404238134,0.24105039238929749,0.10270291566848755,0.9915966391563416,0.49056604504585266,0.021646957844495773,0.03900032863020897,0.08643396198749542,0.019544955861235343,0.11592309176921844,200000,False,,,,,,True,,,,True,,,,True,20941.0,,179059.0,True,,,,True,,,,True,,,,True,,,,True,,,,,,,,,,,,,,,,,,,0.0,11000.0,,
ntk_N50_a2_wd0.001_s0,2.0,50,0.001,0,25.0,4e-05,ok,,,200000,200000,307,41.8151969909668,10.024005651473999,1,a32604fecc91de55d340ab4799441a26f2677242,False,9.818321586863021e-07,58.59480285644531,32.50971603393555,0.5548225175120551,0.07845664024353027,0.014805326385602823,-0.6163153648376465,0.08492922782897949,0.14915966987609863,0.01886792480945587,0.04585998132824898,0.0589725524187088,0.08188313245773315,0.01730807447749534,0.08253875374794006,522,False,,,,,,True,,,,True,,,,True,,,,True,,,,True,,,,True,,,,True,,,,True,,,,,,,,,,,,,,,,,,,0.0,,,
ntk_N50_a2_wd0.001_s1,2.0,50,0.001,1,25.0,4e-05,ok,,,200000,200000,307,41.87315511703491,9.678716897964478,1,a32604fecc91de55d340ab4799441a26f2677242,False,8.781503311183769e-07,59.26971435546875,32.73224639892578,0.5522592230260278,0.07701541483402252,0.014662596307022253,-0.6094083189964294,0.08852863311767578,0.1260504275560379,0.0,0.04598016291856766,0.05876665934920311,0.07832860201597214,0.016434781873278494,0.07948417961597443,640,False,,,,,,True,,,,True,,,,True,,,,True,,,,True,,,,True,,,,True,,,,True,,,,,,,,,,,,,,,,,,,,,,
ntk_N50_a2_wd0.001_s2,2.0,50,0.001,2,25.0,4e-05,ok,,,200000,200000,307,42.13906693458557,9.787193775177002,1,a32604fecc91de55d340ab4799441a26f2677242,False,8.780512530393025e-07,58.163665771484375,32.82109451293945,0.5642886169157257,0.07633964717388153,0.014510475751581736,-0.5814756751060486,0.08043873310089111,0.11134453862905502,0.0,0.04622942954301834,0.05767461284995079,0.0818062275648117,0.01703236922027293,0.0818062275648117,0,False,,,,,,True,,,,True,,,,True,,,,True,,,,True,,,,True,,,,True,,,,True,,,,,,,,,,,,,,,,,,,0.0,,,
ntk_N50_a2_wd0.001_s3,2.0,50,0.001,3,25.0,4e-05,ok,,,200000,200000,307,41.28387713432312,9.701480627059937,1,a32604fecc91de55d340ab4799441a26f2677242,False,9.007243306768942e-07,59.65932083129883,33.91883087158203,0.5685420215810993,0.07348430901765823,0.014205843393265178,-0.4709857404232025,0.07450437545776367,0.12184873968362808,0.0,0.04660084843635559,0.057551946491003036,0.0822109803557396,0.018695695793098585,0.08222014456987381,3,False,,,,,,True,,,,True,,,,True,,,,True,,,,True,,,,True,,,,True,,,,True,,,,,,,,,,,,,,,,,,,0.0,,,
ntk_N50_a2_wd0.001_s4,2.0,50,0.001,4,25.0,4e-05,ok,,,200000,200000,307,41.938477993011475,10.009994506835938,1,a32604fecc91de55d340ab4799441a26f2677242,False,8.950293590714864e-07,58.240745544433594,31.43695640563965,0.5397759955125482,0.07926575839519501,0.015167302796322498,-0.5766526460647583,0.0817076563835144,0.11764705926179886,0.01886792480945587,0.04650796949863434,0.06011892855167389,0.08643396198749542,0.019544955861235343,0.08643396198749542,0,False,,,,,,True,,,,True,,,,True,,,,True,,,,True,,,,True,,,,True,,,,True,,,,,,,,,,,,,,,,,,,0.0,,,
ntk_N50_a2_wd0.003_s0,2.0,50,0.003,0,25.0,0.00012,ok,,,200000,200000,307,42.507912158966064,9.771581172943115,1,a32604fecc91de55d340ab4799441a26f2677242,False,1.2190121196908876e-06,58.59480285644531,20.084693908691406,0.3427726168462077,0.062081873416900635,0.005118081673648467,-1.2517246007919312,0.1300094723701477,0.04831932857632637,0.03773584961891174,0.06869224458932877,0.0758533850312233,0.08188313245773315,0.01730807447749534,0.08191888779401779,6,False,,,,,,True,,,,True,,,,True,,,,True,,,,True,,,,True,,,,True,,,,True,,,,,,,,,,,,,,,,,,,0.0,,,
ntk_N50_a2_wd0.003_s1,2.0,50,0.003,1,25.0,0.00012,ok,,,200000,200000,307,41.1936469078064,9.820981979370117,1,a32604fecc91de55d340ab4799441a26f2677242,False,1.0733717772382079e-06,59.26971435546875,20.600149154663086,0.34756619596838556,0.06087651476264,0.0053234184247601835,-1.224743127822876,0.1283394694328308,0.052521008998155594,0.01886792480945587,0.06842967122793198,0.07227178663015366,0.07832860201597214,0.016434781873278494,0.07833585888147354,40,False,,,,,,True,,,,True,,,,True,,,,True,,,,True,,,,True,,,,True,,,,True,,,,,,,,,,,,,,,,,,,,,,
ntk_N50_a2_wd0.003_s2,2.0,50,0.003,2,25.0,0.00012,ok,,,200000,200000,307,40.804991245269775,9.695765495300293,1,a32604fecc91de55d340ab4799441a26f2677242,False,1.0249668775941245e-06,58.163665771484375,19.86859130859375,0.3415979898284649,0.0627593845129013,0.006224892034952903,-1.311482310295105,0.11761629581451416,0.03781512752175331,0.01886792480945587,0.07021814584732056,0.07269755005836487,0.0818062275648117,0.01703236922027293,0.08181128650903702,14,False,,,,,,True,,,,True,,,,True,,,,True,,,,True,,,,True,,,,True,,,,True,,,,,,,,,,,,,,,,,,,0.0,,,
ntk_N50_a2_wd0.003_s3,2.0,50,0.003,3,25.0,0.00012,ok,,,200000,200000,307,40.21678709983826,9.375597953796387,1,a32604fecc91de55d340ab4799441a26f2677242,False,1.097043536901765e-06,59.65932083129883,21.905807495117188,0.36718164387189656,0.058436885476112366,0.005712263976357931,-1.044092059135437,0.11251407861709595,0.06092436984181404,0.01886792480945587,0.06992055475711823,0.07245747745037079,0.0822109803557396,0.018695695793098585,0.08222120255231857,3,False,,,,,,True,,,,True,,,,True,,,,True,,,,True,,,,True,,,,True,,,,True,,,,,,,,,,,,,,,,,,,0.0,,,
ntk_N50_a2_wd0.003_s4,2.0,50,0.003,4,25.0,0.00012,ok,,,200000,200000,307,41.58784103393555,9.60417652130127,1,a32604fecc91de55d340ab4799441a26f2677242,False,1.1024236528101028e-06,58.240745544433594,18.877933502197266,0.32413619238089475,0.06085392087697983,0.004989173415393261,-1.2492516040802002,0.12966930866241455,0.04621848836541176,0.03773584961891174,0.06824574619531631,0.07310957461595535,0.08643396198749542,0.019544955861235343,0.08643396198749542,0,False,,,,,,True,,,,True,,,,True,,,,True,,,,True,,,,True,,,,True,,,,True,,,,,,,,,,,,,,,,,,,0.0,,,
ntk_N100_a0.5_wd0_s0,0.5,100,0.0,0,400.0,0.0,ok,,,200000,200000,307,46.80893301963806,10.098655462265015,1,2b612a1ab9bb21bf10567b9e9db087f1d9233985,False,1.1348853377057821e-06,82.54420471191406,262.3709411621094,3.1785507181007455,0.09602228552103043,0.030006218538142837,2.743450164794922,0.09301674365997314,1.0,1.0,0.0003514823329169303,0.006315743084996939,0.08880666643381119,0.019600675303417615,0.11979058384895325,3662,True,1979.0,1786.0,3662.0,3305.0,1683.0,False,5520.0,5000.0,3541.0,False,5520.0,5000.0,3541.0,False,1000.0,3662.0,2662.0,False,1786.0,6000.0,4214.0,False,2983.0,17000.0,14017.0,False,6116.0,,193884.0,True,17000.0,,183000.0,True,0.11541235446929932,1.3885935544967651,0.05395245552062988,0.09728006469860845,3.0802511861396984,160.37110900878906,0.04474220671789432,1.6194073052473374,1.0886525503241904,0.11855631321668625,2.034395694732666,0.06861358880996704,0.09885133206665825,6.7261030176255945,211.21031188964844,0.04735832455715191,2.258830596396032,1.7347107680824958,0.0,786.0,,
ntk_N100_a0.5_wd0_s1,0.5,100,0.0,1,400.0,0.0,ok,,,200000,200000,307,46.271414041519165,9.955976009368896,1,2b612a1ab9bb21bf10567b9e9db087f1d9233985,False,1.1388523262212402e-06,83.58335876464844,254.11886596679688,3.0403045501238743,0.09883806854486465,0.03256662578915567,2.5917129516601562,0.08448880910873413,1.0,1.0,0.0003069212252739817,0.007239228114485741,0.08710455894470215,0.018787551778893838,0.11522098630666733,6116,True,2000.0,1979.0,5520.0,5000.0,3520.0,False,5520.0,5000.0,3520.0,False,5520.0,5000.0,3520.0,False,1069.0,5520.0,4451.0,False,1979.0,7508.0,5529.0,False,3305.0,31564.0,28259.0,False,6776.0,,193224.0,True,17000.0,,183000.0,True,0.10950981825590134,1.3467212915420532,0.04966592788696289,0.08621618978368832,2.911152246150984,160.15420532226562,0.03909437303993221,1.5653667871827435,1.0474994028714355,0.11487095803022385,1.996912956237793,0.06864869594573975,0.09303149440745104,6.445221362332122,211.86988830566406,0.04445009606458755,2.215332736305205,1.690751566252596,0.0,1069.0,,
ntk_N100_a0.5_wd0_s2,0.5,100,0.0,2,400.0,0.0,ok,,,200000,200000,307,49.473488092422485,11.577948093414307,1,2b612a1ab9bb21bf10567b9e9db087f1d9233985,False,1.2164434792794054e-06,81.79679870605469,260.3731689453125,3.183170650491966,0.09778819978237152,0.030293465844668535,2.6997146606445312,0.08035463094711304,1.0,1.0,0.0003194818855263293,0.006024369038641453,0.08701982349157333,0.018265509232184382,0.11689164489507675,3305,True,1979.0,1786.0,4496.0,4058.0,2517.0,False,4981.0,4496.0,3002.0,False,4981.0,4496.0,3002.0,False,1069.0,4000.0,2931.0,False,1786.0,6000.0,4214.0,False,2983.0,15000.0,12017.0,False,6116.0,,193884.0,True,17000.0,,183000.0,True,0.11198347061872482,1.3665965795516968,0.05553734302520752,0.09101773744870352,2.995594306567815,158.7812957763672,0.043633140004882845,1.605388003877877,1.0648401328564168,0.11627641320228577,1.9788033962249756,0.06998246908187866,0.09654314569393972,6.314769250374375,206.58656311035156,0.047191110300870566,2.2072574324539582,1.686492548333494,0.0,965.0,,
ntk_N100_a0.5_wd0_s3,0.5,100,0.0,3,400.0,0.0,ok,,,200000,200000,307,47.86882925033569,11.299190282821655,1,2b612a1ab9bb21bf10567b9e9db087f1d9233985,False,1.1170469633725588e-06,83.16825866699219,259.2068786621094,3.1166563159628033,0.09888824075460434,0.030865804385227354,2.661450147628784,0.08352649211883545,1.0,1.0,0.00031821790616959333,0.006598541513085365,0.08680330216884613,0.019212851189241414,0.12006117403507233,3662,True,1979.0,1786.0,3662.0,3305.0,1683.0,False,4000.0,3662.0,2021.0,False,4000.0,3662.0,2021.0,False,1069.0,3662.0,2593.0,False,1786.0,5520.0,3734.0,False,2983.0,17000.0,14017.0,False,6000.0,,194000.0,True,17000.0,,183000.0,True,0.11566263437271118,1.3610752820968628,0.049536824226379395,0.10708037417669752,2.966261093376506,160.40655517578125,0.044704333283000164,1.6162269691287616,1.0408976791554712,0.1197977364063263,1.886613368988037,0.06157398223876953,0.11139389151855066,5.669108048400357,200.7617950439453,0.04807267039039455,2.142079371498109,1.5556671648227969,0.0,965.0,3662.0,
ntk_N100_a0.5_wd0_s4,0.5,100,0.0,4,400.0,0.0,ok,,,200000,200000,307,48.57958984375,11.361639022827148,1,2b612a1ab9bb21bf10567b9e9db087f1d9233985,False,1.143921281254734e-06,82.50251770019531,254.6935272216797,3.087100058536477,0.0985395535826683,0.0314930593980748,2.676774740219116,0.08351832628250122,1.0,1.0,0.0003167868126183748,0.005535552278161049,0.08855646103620529,0.01948231391395663,0.11588092893362045,4058,True,1786.0,1612.0,5520.0,5000.0,3734.0,False,6000.0,5520.0,4214.0,False,6000.0,5520.0,4214.0,False,1069.0,4981.0,3912.0,False,1979.0,7000.0,5021.0,False,3305.0,16000.0,12695.0,False,6776.0,,193224.0,True,16000.0,,184000.0,True,0.11146853864192963,1.2578471899032593,0.04887878894805908,0.08855600153360806,2.585238099388567,150.64956665039062,0.040645196317885025,1.5099815038831987,0.9523780412977045,0.1145327165722847,2.1038060188293457,0.07075154781341553,0.08761270861253491,7.277449511804677,214.0240020751953,0.0444800844522146,2.3522027832917316,1.7851737629258655,0.0,871.0,,
ntk_N100_a0.5_wd3e-06_s0,0.5,100,3e-06,0,400.0,7.500000000000001e-09,ok,,,200000,200000,307,47.77235674858093,10.745113611221313,1,a32604fecc91de55d340ab4799441a26f2677242,False,1.1527974947966868e-06,82.54420471191406,236.522705078125,2.8654065528114097,0.10745087265968323,0.03785271884416198,2.4495818614959717,0.07875406742095947,1.0,1.0,0.0002973439695779234,0.004478313960134983,0.08880666643381119,0.019600675303417615,0.12021403759717941,3662,True,1979.0,1786.0,3662.0,3305.0,1683.0,False,5520.0,5000.0,3541.0,False,5520.0,5000.0,3541.0,False,1000.0,3662.0,2662.0,False,1786.0,5520.0,3734.0,False,2983.0,12000.0,9017.0,False,6000.0,,194000.0,True,15000.0,,185000.0,True,0.11545256525278091,1.384507179260254,0.05402934551239014,0.09735827789308395,3.0640932890599304,160.01348876953125,0.04493255807759537,1.6169861695792058,1.0812271891410261,0.11899115145206451,2.02225923538208,0.068764328956604,0.09998134625048802,6.634160415549814,210.29327392578125,0.04793394728181756,2.251024522489589,1.715067393470845,0.0,786.0,3662.0,
ntk_N100_a0.5_wd3e-06_s1,0.5,100,3e-06,1,400.0,7.500000000000001e-09,ok,,,200000,200000,307,47.82901215553284,10.929955244064331,1,a32604fecc91de55d340ab4799441a26f2677242,False,1.1093316061305813e-06,83.58335876464844,234.12643432617188,2.8011130180281243,0.10672182589769363,0.03853490867005712,2.372915506362915,0.08665406703948975,1.0,1.0,0.0002981951110996306,0.005116461310535669,0.08710455894470215,0.018787551778893838,0.11596202105283737,6776,True,1979.0,1786.0,5520.0,5000.0,3541.0,False,5520.0,5000.0,3541.0,False,5520.0,5000.0,3541.0,False,1069.0,4981.0,3912.0,False,1979.0,7508.0,5529.0,False,3305.0,22000.0,18695.0,False,6776.0,,193224.0,True,16000.0,,184000.0,True,0.1094357818365097,1.3314826488494873,0.04974621534347534,0.08593183847831816,2.8534559325033477,158.96939086914062,0.039032426505322,1.5501594845554638,1.0321756554304908,0.11556011438369751,1.989231824874878,0.06892871856689453,0.09481231159847331,6.389268386566616,211.22972106933594,0.04470389877330587,2.2111995667171587,1.6765850849690482,0.0,1069.0,,
ntk_N100_a0.5_wd3e-06_s2,0.5,100,3e-06,2,400.0,7.500000000000001e-09,ok,,,200000,200000,307,48.00415301322937,11.041478872299194,1,a32604fecc91de55d340ab4799441a26f2677242,False,1.1431765187808196e-06,81.79679870605469,236.85623168945312,2.895666278342025,0.10540467500686646,0.036737439012160276,2.4639902114868164,0.08242321014404297,1.0,1.0,0.00027347716968506575,0.003549381857737899,0.08701982349157333,0.018265509232184382,0.11696963012218475,3662,True,1979.0,1786.0,4496.0,4058.0,2517.0,False,4981.0,4496.0,3002.0,False,4981.0,4496.0,3002.0,False,1069.0,4000.0,2931.0,False,1786.0,5520.0,3734.0,False,2983.0,13894.0,10911.0,False,6116.0,,193884.0,True,16000.0,,184000.0,True,0.11195528507232666,1.3629447221755981,0.055644869804382324,0.09087406650581278,2.9815301152597313,158.41429138183594,0.043622572464530315,1.6020753871649887,1.0606472737555936,0.11659172922372818,1.975463628768921,0.06959235668182373,0.09757328805904893,6.290252913127892,206.04367065429688,0.047365542400465435,2.2075996694575175,1.6773073824833926,0.0,965.0,,
ntk_N100_a0.5_wd3e-06_s3,0.5,100,3e-06,3,400.0,7.500000000000001e-09,ok,,,200000,200000,307,47.40056085586548,10.74150037765503,1,a32604fecc91de55d340ab4799441a26f2677242,False,1.118689851864474e-06,83.16825866699219,237.55078125,2.8562673435446007,0.10587101429700851,0.036208691989967304,2.4508280754089355,0.07631629705429077,1.0,1.0,0.000298674131045118,0.0040939003229141235,0.08680330216884613,0.019212851189241414,0.12010788917541504,3305,True,1979.0,1786.0,4000.0,3662.0,2021.0,False,4000.0,3662.0,2021.0,False,4000.0,3662.0,2021.0,False,1069.0,3662.0,2593.0,False,1786.0,5520.0,3734.0,False,2983.0,15395.0,12412.0,False,6000.0,,194000.0,True,17000.0,,183000.0,True,0.11575620621442795,1.3568462133407593,0.049640655517578125,0.10730322088052707,2.9500242041466205,160.04061889648438,0.04476649739645984,1.612592627754988,1.0356767183212616,0.12002170830965042,1.880183219909668,0.06178051233291626,0.11191605347320228,5.627137098992536,200.25489807128906,0.04820975588307199,2.1360932688319014,1.5484017586082228,0.0,965.0,3305.0,
ntk_N100_a0.5_wd3e-06_s4,0.5,100,3e-06,4,400.0,7.500000000000001e-09,ok,,,200000,200000,307,47.21827697753906,10.663296937942505,1,a32604fecc91de55d340ab4799441a26f2677242,False,1.0700282473408151e-06,82.50251770019531,235.1480712890625,2.8501926710111274,0.10423838347196579,0.03707410915511257,2.488037347793579,0.08556556701660156,1.0,1.0,0.00029464243561960757,0.004024141933768988,0.08855646103620529,0.01948231391395663,0.11621204763650894,3662,True,1786.0,1612.0,6000.0,5520.0,4214.0,False,6000.0,5520.0,4214.0,False,6000.0,5520.0,4214.0,False,1069.0,4981.0,3912.0,False,1979.0,7000.0,5021.0,False,3305.0,15000.0,11695.0,False,6776.0,,193224.0,True,16000.0,,184000.0,True,0.11143270134925842,1.2541126012802124,0.04911398887634277,0.08830147722697512,2.572534681934061,150.27935791015625,0.040624296559489965,1.507024017062702,0.947401726030431,0.11494480073451996,2.0963125228881836,0.07108193635940552,0.08861274900308187,7.2167088309438565,213.15774536132812,0.04468278699118224,2.3481640251079883,1.7717494395259126,0.0,871.0,,
ntk_N100_a0.5_wd1e-05_s0,0.5,100,1e-05,0,400.0,2.5000000000000002e-08,ok,,,200000,200000,307,46.615742206573486,10.692859649658203,1,a32604fecc91de55d340ab4799441a26f2677242,False,1.1130924804092501e-06,82.54420471191406,218.5266571044922,2.647389454743284,0.1141362413764,0.04440989089229376,2.247575283050537,0.0807727575302124,1.0,1.0,0.0002934279036708176,0.0036928358022123575,0.08880666643381119,0.019600675303417615,0.12058302760124207,3662,True,1979.0,1786.0,3662.0,3305.0,1683.0,False,5520.0,5000.0,3541.0,False,5520.0,5000.0,3541.0,False,1000.0,3662.0,2662.0,False,1786.0,5520.0,3734.0,False,2983.0,11317.0,8334.0,False,6000.0,,194000.0,True,13894.0,,186106.0,True,0.11555274575948715,1.3742831945419312,0.05417323112487793,0.09758141770858678,3.023900123603109,159.1621551513672,0.04507774507664723,1.6082052052979634,1.0689944741565136,0.1195577085018158,2.008857011795044,0.0691903829574585,0.1013438924950901,6.5342205425534985,208.61276245117188,0.048468977288648823,2.238014009207006,1.6991309346082313,0.0,786.0,3305.0,
ntk_N100_a0.5_wd1e-05_s1,0.5,100,1e-05,1,400.0,2.5000000000000002e-08,ok,,,200000,200000,307,47.19542717933655,10.714937448501587,1,a32604fecc91de55d340ab4799441a26f2677242,False,1.0939851335933781e-06,83.58335876464844,216.3732147216797,2.5887116516929765,0.11520446091890335,0.045208617334098714,2.168894052505493,0.08121371269226074,1.0,1.0,0.0002829133009072393,0.0035026310943067074,0.08710455894470215,0.018787551778893838,0.11646123230457306,6776,True,1979.0,1786.0,4981.0,4496.0,3002.0,False,5520.0,5000.0,3541.0,False,5520.0,5000.0,3541.0,False,1069.0,4981.0,3912.0,False,1979.0,7000.0,5021.0,False,3305.0,16000.0,12695.0,False,6776.0,,193224.0,True,15000.0,,185000.0,True,0.10957217961549759,1.3212876319885254,0.04972881078720093,0.08638145691673588,2.815255620198544,158.0618438720703,0.03914355584727955,1.541409471264015,1.019484282435022,0.11622122675180435,1.9719874858856201,0.06932854652404785,0.09645695001957325,6.264970495630805,209.5288543701172,0.04526517297315155,2.194556657756982,1.6575930748995777,0.0,1069.0,,
ntk_N100_a0.5_wd1e-05_s2,0.5,100,1e-05,2,400.0,2.5000000000000002e-08,ok,,,200000,200000,307,46.43625497817993,10.648191452026367,1,a32604fecc91de55d340ab4799441a26f2677242,False,1.148422029473295e-06,81.79679870605469,213.8265838623047,2.6141192228159538,0.1150287538766861,0.04584561606134312,2.1758034229278564,0.07521557807922363,1.0,1.0,0.0002455826324876398,0.0024296806659549475,0.08701982349157333,0.018265509232184382,0.11747339367866516,4058,True,1979.0,1786.0,4496.0,4058.0,2517.0,False,4981.0,4496.0,3002.0,False,4981.0,4496.0,3002.0,False,1069.0,3662.0,2593.0,False,1979.0,5520.0,3541.0,False,2983.0,11317.0,8334.0,False,6000.0,106000.0,100000.0,False,15000.0,,185000.0,True,0.1121944710612297,1.353021264076233,0.05574679374694824,0.09154931372006356,2.9433190069578923,157.54763793945312,0.04384431209717703,1.5945905542092755,1.046363408221018,0.11715900152921677,1.961700677871704,0.06930768489837646,0.09925534101067124,6.191540241358272,204.5001220703125,0.04792468142349526,2.196377972752146,1.6587839047846045,0.0,871.0,,
ntk_N100_a0.5_wd1e-05_s3,0.5,100,1e-05,3,400.0,2.5000000000000002e-08,ok,,,200000,200000,307,46.40549087524414,10.524183750152588,1,a32604fecc91de55d340ab4799441a26f2677242,False,1.1341003300913144e-06,83.16825866699219,217.4949493408203,2.6151196721777668,0.11522822827100754,0.04373829356796716,2.2126617431640625,0.0766226053237915,1.0,1.0,0.0002981733705382794,0.0031424982007592916,0.08680330216884613,0.019212851189241414,0.12063506990671158,3662,True,1979.0,1786.0,3662.0,3305.0,1683.0,False,4496.0,4058.0,2517.0,False,4496.0,4058.0,2517.0,False,1069.0,3662.0,2593.0,False,1786.0,4981.0,3195.0,False,2983.0,12000.0,9017.0,False,6000.0,,194000.0,True,15000.0,,185000.0,True,0.11600383371114731,1.3474699258804321,0.04977071285247803,0.10799958953423489,2.91415893376391,159.19003295898438,0.04497094395023622,1.6048135926545548,1.0231616647431208,0.12052925676107407,1.9156930446624756,0.06336778402328491,0.11239947610775032,5.865486684582315,202.7071533203125,0.04849896773504975,2.1706830871722578,1.5856646015042652,0.0,965.0,2983.0,
ntk_N100_a0.5_wd1e-05_s4,0.5,100,1e-05,4,400.0,2.5000000000000002e-08,ok,,,200000,200000,307,48.83502197265625,10.744829654693604,1,a32604fecc91de55d340ab4799441a26f2677242,False,1.092346337827621e-06,82.50251770019531,214.8079071044922,2.6036527501509648,0.11393754929304123,0.04596082659590328,2.237088680267334,0.07995730638504028,1.0,1.0,0.00027776591014117,0.0031793746165931225,0.08855646103620529,0.01948231391395663,0.11682108789682388,4496,True,1786.0,1612.0,5520.0,5000.0,3734.0,False,6000.0,5520.0,4214.0,False,6000.0,5520.0,4214.0,False,1069.0,4981.0,3912.0,False,1979.0,6776.0,4797.0,False,3305.0,13000.0,9695.0,False,6776.0,,193224.0,True,15000.0,,185000.0,True,0.11166556179523468,1.242836833000183,0.04897260665893555,0.08914075663364002,2.5333368537973473,149.42942810058594,0.04079744864278622,1.4963209177962753,0.9349206702127296,0.11590100079774857,2.078240394592285,0.07096540927886963,0.09124886627716888,7.071061713645055,211.2179412841797,0.045391339669094075,2.3328553258236293,1.7481161513742784,0.0,871.0,,
ntk_N100_a0.5_wd3e-05_s0,0.5,100,3e-05,0,400.0,7.5e-08,ok,,,200000,200000,307,49.40096402168274,11.22286081314087,1,a32604fecc91de55d340ab4799441a26f2677242,False,1.1408804994061938e-06,82.54420471191406,194.42282104492188,2.355378208845469,0.12731878459453583,0.05775051186057405,1.9318616390228271,0.07574498653411865,1.0,1.0,0.0002897334052249789,0.002278385916724801,0.08880666643381119,0.019600675303417615,0.12733988463878632,199000,True,1979.0,1786.0,4000.0,3662.0,2021.0,False,6000.0,5520.0,4021.0,False,6000.0,5520.0,4021.0,False,1000.0,3662.0,2662.0,False,1786.0,4981.0,3195.0,False,2983.0,9218.0,6235.0,False,6000.0,57000.0,51000.0,False,12539.0,,187461.0,True,0.11576686799526215,1.3484752178192139,0.0543171763420105,0.09815653856135645,2.9239962508094925,156.6991424560547,0.04534749196693276,1.5864295610999417,1.0360500551270968,0.12066784501075745,1.9929513931274414,0.06992912292480469,0.10404048108935583,6.417606151177182,205.69662475585938,0.04971754586762417,2.227235615919217,1.672486068138455,0.0,786.0,2983.0,
ntk_N100_a0.5_wd3e-05_s1,0.5,100,3e-05,1,400.0,7.5e-08,ok,,,200000,200000,307,49.461530923843384,10.82415771484375,1,a32604fecc91de55d340ab4799441a26f2677242,False,1.2108282589906594e-06,83.58335876464844,193.41680908203125,2.3140588263107325,0.1279487907886505,0.0580765123329456,1.862638235092163,0.0802609920501709,1.0,1.0,0.0003064160409849137,0.0024008078034967184,0.08710455894470215,0.018787551778893838,0.1279487907886505,200000,True,1979.0,1786.0,4496.0,4058.0,2517.0,False,4981.0,4496.0,3002.0,False,4981.0,4496.0,3002.0,False,1069.0,4981.0,3912.0,False,1979.0,6776.0,4797.0,False,3305.0,11317.0,8012.0,False,6776.0,88000.0,81224.0,False,13894.0,,186106.0,True,0.10992005467414856,1.2903831005096436,0.049837708473205566,0.08743992362961077,2.7020659762810757,155.52243041992188,0.03952009768873457,1.513555291652325,0.9833150068394528,0.11739025264978409,1.9026600122451782,0.06829798221588135,0.10013963974757524,5.783415670772818,203.1219482421875,0.0465484264285599,2.134031807140371,1.5730516871551432,0.0,1069.0,38751.0,
ntk_N100_a0.5_wd3e-05_s2,0.5,100,3e-05,2,400.0,7.5e-08,ok,,,200000,200000,307,49.92718005180359,10.953964233398438,1,a32604fecc91de55d340ab4799441a26f2677242,False,1.106639729187009e-06,81.79679870605469,189.90005493164062,2.3216074215088325,0.1332038938999176,0.061991292870275834,1.8231385946273804,0.07032811641693115,1.0,1.0,0.0002616851998027414,0.001965822884812951,0.08701982349157333,0.018265509232184382,0.1332038938999176,200000,True,1979.0,1786.0,4000.0,3662.0,2021.0,False,4496.0,4058.0,2517.0,False,4496.0,4058.0,2517.0,False,1069.0,3662.0,2593.0,False,1979.0,4981.0,3002.0,False,2983.0,9000.0,6017.0,False,6000.0,38751.0,32751.0,False,12539.0,,187461.0,True,0.11294852942228317,1.3207794427871704,0.05580580234527588,0.09381621113642563,2.8214420084839187,155.1350860595703,0.044398205377431874,1.5650807940225233,1.0094613499212366,0.11925637722015381,1.8842321634292603,0.06834584474563599,0.10548971795862198,5.661321572320302,198.04051208496094,0.04958732411891327,2.1271365201964914,1.567844634259581,0.0,871.0,25000.0,
ntk_N100_a0.5_wd3e-05_s3,0.5,100,3e-05,3,400.0,7.5e-08,ok,,,200000,200000,307,48.5512011051178,10.135182857513428,1,a32604fecc91de55d340ab4799441a26f2677242,False,1.1150716545671457e-06,83.16825866699219,193.1724090576172,2.322669876149318,0.13102343678474426,0.05979987046864426,1.8668203353881836,0.0783621072769165,1.0,1.0,0.00029942620312795043,0.0025320108979940414,0.08680330216884613,0.019212851189241414,0.13102343678474426,200000,True,1979.0,1786.0,3662.0,3305.0,1683.0,False,4496.0,4058.0,2517.0,False,4496.0,4058.0,2517.0,False,1069.0,3662.0,2593.0,False,1786.0,4981.0,3195.0,False,2983.0,9000.0,6017.0,False,5520.0,76000.0,70480.0,False,12539.0,,187461.0,True,0.11658728867769241,1.318345069885254,0.04985010623931885,0.10981629271001508,2.8044750267905543,156.8061065673828,0.045491910640701586,1.579023543941184,0.9880997508368119,0.12187591940164566,1.8835780620574951,0.06444895267486572,0.11557788467680984,5.652492910389512,199.08763122558594,0.0500474712777964,2.1480841834108206,1.5366068376183526,0.0,965.0,2692.0,
ntk_N100_a0.5_wd3e-05_s4,0.5,100,3e-05,4,400.0,7.5e-08,ok,,,200000,200000,307,49.24920916557312,10.40119481086731,1,a32604fecc91de55d340ab4799441a26f2677242,False,1.1343073538228055e-06,82.50251770019531,195.1300811767578,2.365140926799812,0.126578226685524,0.057353232586296606,1.9630182981491089,0.08101367950439453,1.0,1.0,0.00028239257517270744,0.0025356824044138193,0.08855646103620529,0.01948231391395663,0.12659695744514465,198000,True,1786.0,1612.0,4981.0,4496.0,3195.0,False,6000.0,5520.0,4214.0,False,6000.0,5520.0,4214.0,False,1185.0,4496.0,3311.0,False,1979.0,6000.0,4021.0,False,3305.0,11000.0,7695.0,False,6000.0,47575.0,41575.0,False,13000.0,,187000.0,True,0.11205374449491501,1.2129746675491333,0.049350202083587646,0.09017213774227587,2.4326962207900444,147.04766845703125,0.04120329255773594,1.468830530132068,0.9003869880466436,0.11748804897069931,2.0348992347717285,0.07228928804397583,0.09502478659481182,6.734127397682308,206.5522003173828,0.04720358233419336,2.2986587715333187,1.688577318984305,0.0,871.0,37000.0,
ntk_N100_a0.5_wd0.0001_s0,0.5,100,0.0001,0,400.0,2.5e-07,ok,,,200000,200000,307,48.707505226135254,10.417463541030884,1,a32604fecc91de55d340ab4799441a26f2677242,False,1.032833779390785e-06,82.54420471191406,172.40272521972656,2.088610894264788,0.148034006357193,0.07754804180882396,1.6006520986557007,0.0722498893737793,1.0,1.0,0.00046002023736946285,0.0019945965614169836,0.08880666643381119,0.019600675303417615,0.14815622568130493,188000,True,1979.0,1786.0,3662.0,3305.0,1683.0,False,4496.0,4058.0,2517.0,False,4496.0,4058.0,2517.0,False,1069.0,3305.0,2236.0,False,1979.0,4496.0,2517.0,False,2983.0,6776.0,3793.0,False,5520.0,27000.0,21480.0,False,12000.0,,188000.0,True,0.11686674505472183,1.2550958395004272,0.05538743734359741,0.1008861565454306,2.5844845167631743,148.5594940185547,0.046537276329187874,1.5056809594748775,0.9205024148607072,0.12399972230195999,1.8187934160232544,0.06699728965759277,0.11478082360309336,5.243773426001893,190.027099609375,0.05330114632925667,2.07800567970963,1.4555380302758887,0.0,786.0,2692.0,38751.0
ntk_N100_a0.5_wd0.0001_s1,0.5,100,0.0001,1,400.0,2.5e-07,ok,,,200000,200000,307,49.73405694961548,10.440342903137207,1,a32604fecc91de55d340ab4799441a26f2677242,False,1.1213504649276729e-06,83.58335876464844,174.33067321777344,2.085710311171493,0.1455276608467102,0.07493708978781731,1.5605096817016602,0.07955300807952881,1.0,1.0,0.00047004898078739643,0.0022360009606927633,0.08710455894470215,0.018787551778893838,0.14567211270332336,162000,True,2193.0,2000.0,4058.0,4000.0,1865.0,False,4496.0,4058.0,2303.0,False,4496.0,4058.0,2303.0,False,1185.0,4000.0,2815.0,False,2000.0,5520.0,3520.0,False,3305.0,7508.0,4203.0,False,6000.0,25710.0,19710.0,False,13000.0,,187000.0,True,0.11228134483098984,1.288709282875061,0.05297309160232544,0.09311489677256347,2.700247013529881,154.02554321289062,0.04208053224522996,1.52841462469544,0.950918040568962,0.12141922116279602,1.7635499238967896,0.06776309013366699,0.11156698292311024,4.914215390236581,189.58375549316406,0.0503604621884758,2.013982665734644,1.3965643583668483,0.0,1069.0,4000.0,42000.0
ntk_N100_a0.5_wd0.0001_s2,0.5,100,0.0001,2,400.0,2.5e-07,ok,,,200000,200000,307,49.58760976791382,10.363877773284912,1,a32604fecc91de55d340ab4799441a26f2677242,False,1.047711862156575e-06,81.79679870605469,172.79898071289062,2.1125396524852,0.1471678763628006,0.07732403308764965,1.5777300596237183,0.07026076316833496,1.0,1.0,0.00044430975685827434,0.0018882809672504663,0.08701982349157333,0.018265509232184382,0.14735616743564606,177000,True,1979.0,1786.0,3662.0,3305.0,1683.0,False,4000.0,3662.0,2021.0,False,4000.0,3662.0,2021.0,False,1185.0,3305.0,2120.0,False,1979.0,4496.0,2517.0,False,2983.0,7000.0,4017.0,False,5520.0,20000.0,14480.0,False,11317.0,,188683.0,True,0.11491416394710541,1.2164369821548462,0.05684632062911987,0.09918882528471529,2.4545941139305776,147.06211853027344,0.046035750668343825,1.4708904594555952,0.8878202982012562,0.12349967658519745,1.7377943992614746,0.06859469413757324,0.1170665211672079,4.767309073261504,184.91387939453125,0.05358784443077956,2.0040945043153457,1.379828911268434,0.0,871.0,2983.0,36000.0
ntk_N100_a0.5_wd0.0001_s3,0.5,100,0.0001,3,400.0,2.5e-07,ok,,,200000,200000,307,48.939889907836914,10.55589485168457,1,a32604fecc91de55d340ab4799441a26f2677242,False,1.1129022823297419e-06,83.16825866699219,173.20945739746094,2.082638979986295,0.14900988340377808,0.07622571755193235,1.576918363571167,0.08015185594558716,1.0,1.0,0.00046119707985781133,0.002024515997618437,0.08680330216884613,0.019212851189241414,0.14917917549610138,178000,True,1979.0,1786.0,3305.0,3000.0,1326.0,False,3662.0,3305.0,1683.0,False,3662.0,3305.0,1683.0,False,1185.0,3305.0,2120.0,False,1979.0,4000.0,2021.0,False,2983.0,6776.0,3793.0,False,5520.0,25710.0,20190.0,False,11317.0,,188683.0,True,0.11823954433202744,1.2181941270828247,0.05106288194656372,0.11413184280520959,2.452514535436178,148.6178741455078,0.04703280535809144,1.4912007361747022,0.865842339092317,0.1257467120885849,1.69680917263031,0.0637165904045105,0.12709852025844837,4.533855849493549,183.1884002685547,0.053535082669575414,1.983606015257361,1.307927362734152,0.0,965.0,2193.0,25710.0
ntk_N100_a0.5_wd0.0001_s4,0.5,100,0.0001,4,400.0,2.5e-07,ok,,,200000,200000,307,50.12768006324768,10.643173217773438,1,a32604fecc91de55d340ab4799441a26f2677242,False,1.2297634839342209e-06,82.50251770019531,171.99252319335938,2.084694237069958,0.14745654165744781,0.0783236006674187,1.618841290473938,0.07936233282089233,1.0,1.0,0.0004565376148093492,0.0018299410585314035,0.08855646103620529,0.01948231391395663,0.14752307534217834,199000,True,1786.0,1612.0,4981.0,4496.0,3195.0,False,4981.0,4496.0,3195.0,False,4981.0,4496.0,3195.0,False,1185.0,4000.0,2815.0,False,1979.0,4981.0,3002.0,False,3305.0,7508.0,4203.0,False,6000.0,27000.0,21000.0,False,12000.0,,188000.0,True,0.11301826685667038,1.1097794771194458,0.04988431930541992,0.09295671157262501,2.106795484635728,138.90164184570312,0.04227792941625374,1.376143913114193,0.7779420678259029,0.12230778485536575,1.8689932823181152,0.07072615623474121,0.1087528300607294,5.564773406957982,191.4242706298828,0.051543862043160533,2.157415136590303,1.476685476498566,0.0,871.0,3305.0,57000.0
ntk_N100_a0.5_wd0.0003_s0,0.5,100,0.0003,0,400.0,7.499999999999999e-07,ok,,,200000,200000,307,50.621525287628174,10.80294132232666,1,a32604fecc91de55d340ab4799441a26f2677242,False,1.154337383013626e-06,82.54420471191406,159.141357421875,1.927953124962451,0.1548587828874588,0.08476727610323095,1.4243555068969727,0.07248681783676147,1.0,1.0,0.0013147322461009026,0.0034218733198940754,0.08880666643381119,0.019600675303417615,0.1551123410463333,117000,True,1786.0,1612.0,3000.0,2983.0,1214.0,False,3305.0,3000.0,1519.0,False,3305.0,3000.0,1519.0,False,1313.0,2983.0,1670.0,False,2193.0,4000.0,1807.0,False,3305.0,5520.0,2215.0,False,5520.0,,194480.0,True,,,,True,0.11817486584186554,0.8619645833969116,0.05564475059509277,0.10472189421968807,1.4609628804576666,121.3841323852539,0.04811215254284225,1.1252206013765234,0.5029246908227941,0.12995582818984985,1.4280939102172852,0.06785839796066284,0.1308011724156991,3.2587820372649277,158.10165405273438,0.060144430395834635,1.7104237491456589,1.024742407821066,0.0,786.0,1979.0,7508.0
ntk_N100_a0.5_wd0.0003_s1,0.5,100,0.0003,1,400.0,7.499999999999999e-07,ok,,,200000,200000,307,48.990331172943115,10.55522871017456,1,a32604fecc91de55d340ab4799441a26f2677242,False,1.1148625844725757e-06,83.58335876464844,159.82296752929688,1.9121386109802274,0.15193384885787964,0.08236562739325234,1.377252459526062,0.07510048151016235,1.0,1.0,0.0013632213231176138,0.003540629055351019,0.08710455894470215,0.018787551778893838,0.15229415893554688,199000,True,2193.0,2000.0,3662.0,3305.0,1469.0,False,4000.0,3662.0,1807.0,False,4000.0,3662.0,1807.0,False,1455.0,3305.0,1850.0,False,2430.0,4496.0,2066.0,False,3662.0,6000.0,2338.0,False,6116.0,,193884.0,True,,,,True,0.1157393753528595,0.9875139594078064,0.05600154399871826,0.10195790114502463,1.771547354010246,131.43052673339844,0.04595350478943377,1.244910591000966,0.6155192087736097,0.12850727140903473,1.4736162424087524,0.06970727443695068,0.12991608314582592,3.4542331410022395,163.98126220703125,0.058648218079206296,1.7446919080962742,1.0691056474694733,0.0,1069.0,2692.0,9000.0
ntk_N100_a0.5_wd0.0003_s2,0.5,100,0.0003,2,400.0,7.499999999999999e-07,ok,,,200000,200000,307,48.82233381271362,10.357012033462524,1,a32604fecc91de55d340ab4799441a26f2677242,False,1.1679611588988337e-06,81.79679870605469,159.46937561035156,1.9495796673341872,0.15435855090618134,0.08463827573011898,1.398221492767334,0.0703284740447998,1.0,1.0,0.0013149367878213525,0.0031876368448138237,0.08701982349157333,0.018265509232184382,0.1545659452676773,179000,True,1979.0,1786.0,2983.0,2692.0,1004.0,False,3662.0,3305.0,1683.0,False,3662.0,3305.0,1683.0,False,1313.0,2983.0,1670.0,False,2193.0,3662.0,1469.0,False,3305.0,5520.0,2215.0,False,6000.0,,194000.0,True,,,,True,0.11950192600488663,0.9260321259498596,0.06064516305923462,0.11052276205387496,1.621791159008797,126.42881774902344,0.05003670173451499,1.2006107392465353,0.5618382045077285,0.13250771164894104,1.448373556137085,0.06937503814697266,0.14132495175686186,3.3456371341446984,161.16738891601562,0.06210868491828476,1.7431218002798736,1.0341007705508876,0.0,871.0,2193.0,7000.0
ntk_N100_a0.5_wd0.0003_s3,0.5,100,0.0003,3,400.0,7.499999999999999e-07,ok,,,200000,200000,307,49.29187893867493,10.771495819091797,1,a32604fecc91de55d340ab4799441a26f2677242,False,1.1361424867573078e-06,83.16825866699219,159.29254150390625,1.915304517096091,0.1549985557794571,0.08400730191036589,1.3961007595062256,0.07802784442901611,1.0,1.0,0.0013355899136513472,0.0034184008836746216,0.08680330216884613,0.019212851189241414,0.1555953025817871,199000,True,1979.0,1786.0,3305.0,3000.0,1326.0,False,3662.0,3305.0,1683.0,False,3662.0,3305.0,1683.0,False,1313.0,2983.0,1670.0,False,2193.0,3662.0,1469.0,False,3305.0,5520.0,2215.0,False,5520.0,,194480.0,True,,,,True,0.12180006504058838,0.9283066391944885,0.054736435413360596,0.12227302102981619,1.618201188610769,127.53360748291016,0.05078365831726765,1.2262186477768333,0.5280940229314928,0.1349688172340393,1.4507006406784058,0.07021194696426392,0.1479659466441869,3.3565647886151115,162.3453826904297,0.062240691756248086,1.7672031611171013,1.002967226143382,0.0,965.0,1979.0,6000.0
ntk_N100_a0.5_wd0.0003_s4,0.5,100,0.0003,4,400.0,7.499999999999999e-07,ok,,,200000,200000,307,49.66197991371155,10.496832132339478,1,a32604fecc91de55d340ab4799441a26f2677242,False,1.1696042747644242e-06,82.50251770019531,159.23916625976562,1.930112809871118,0.15384718775749207,0.08348335417297295,1.453376054763794,0.0752449631690979,1.0,1.0,0.0013410437386482954,0.003581059630960226,0.08855646103620529,0.01948231391395663,0.15502512454986572,192000,True,1979.0,1786.0,4000.0,3662.0,2021.0,False,4496.0,4058.0,2517.0,False,4496.0,4058.0,2517.0,False,1455.0,3662.0,2207.0,False,2430.0,4496.0,2066.0,False,3662.0,6116.0,2454.0,False,6000.0,,194000.0,True,,,,True,0.11773844063282013,0.9209160208702087,0.05574798583984375,0.1040421696846211,1.6015474941813175,124.30640411376953,0.04702864474468649,1.219299008074238,0.5268693158889068,0.13228309154510498,1.5603755712509155,0.0738033652305603,0.1338336522998271,3.852907068780445,165.9312744140625,0.06124025375440359,1.877799460699919,1.109508881146977,0.0,871.0,2193.0,9000.0
ntk_N100_a0.5_wd0.001_s0,0.5,100,0.001,0,400.0,2.5e-06,ok,,,200000,200000,307,49.639572858810425,10.602529525756836,1,a32604fecc91de55d340ab4799441a26f2677242,False,1.0255267852699035e-06,82.54420471191406,126.85093688964844,1.536763693252221,0.15334804356098175,0.08469882883342948,0.9781395196914673,0.07660996913909912,1.0,1.0,0.009012716822326183,0.015359250828623772,0.08880666643381119,0.019600675303417615,0.15398715436458588,148000,True,2692.0,2430.0,3662.0,3305.0,970.0,False,4000.0,3662.0,1308.0,False,4000.0,3662.0,1308.0,False,2430.0,3662.0,1232.0,False,3662.0,6000.0,2338.0,False,9000.0,,191000.0,True,,,,True,,,,True,0.13165445625782013,0.3624228239059448,0.07312750816345215,0.13196814943473004,0.633200728689311,90.89104461669922,0.06414561268430476,0.6621872495962443,-0.05961689449668426,0.1438986361026764,0.7676869034767151,0.07846438884735107,0.1604608592395418,1.2929289591251614,113.1495590209961,0.07608985540107335,1.0753300087000224,0.3234702723018295,0.0,965.0,1979.0,3662.0
ntk_N100_a0.5_wd0.001_s1,0.5,100,0.001,1,400.0,2.5e-06,ok,,,200000,200000,307,48.669086933135986,10.28752589225769,1,a32604fecc91de55d340ab4799441a26f2677242,False,1.0778848036352429e-06,83.58335876464844,126.89083862304688,1.5181351945946844,0.15509799122810364,0.08484465640549237,0.9076902270317078,0.07743501663208008,1.0,1.0,0.00889796856790781,0.014688050374388695,0.08710455894470215,0.018787551778893838,0.15575924515724182,71708,True,3305.0,3000.0,4981.0,4496.0,1676.0,False,4981.0,4496.0,1676.0,False,4981.0,4496.0,1676.0,False,2692.0,4496.0,1804.0,False,4496.0,6776.0,2280.0,False,9000.0,,191000.0,True,,,,True,,,,True,0.13268068432807922,0.3976599872112274,0.07491862773895264,0.1377167246747213,0.6793285810828862,95.26141357421875,0.06496642682106296,0.6779054788752299,0.00801462634490384,0.14290446043014526,0.7373422980308533,0.07670652866363525,0.16329273768735333,1.228658678979411,114.0962142944336,0.07394858511387525,1.0251030649038164,0.30949746421538077,0.0,1455.0,2692.0,4496.0
ntk_N100_a0.5_wd0.001_s2,0.5,100,0.001,2,400.0,2.5e-06,ok,,,200000,200000,307,48.1038978099823,10.221769094467163,1,a32604fecc91de55d340ab4799441a26f2677242,False,1.0829464827111224e-06,81.79679870605469,127.19084167480469,1.554961119345003,0.1542806327342987,0.08481573775990137,0.9577045440673828,0.06830346584320068,1.0,1.0,0.008755122311413288,0.014715534634888172,0.08701982349157333,0.018265509232184382,0.15549063682556152,137000,True,2983.0,2692.0,3662.0,3305.0,679.0,False,4496.0,4058.0,1513.0,False,4496.0,4058.0,1513.0,False,2430.0,3662.0,1232.0,False,3662.0,5520.0,1858.0,False,8000.0,,192000.0,True,,,,True,,,,True,0.13645456731319427,0.4201299548149109,0.07248914241790771,0.1496937035308032,0.7023776007455361,95.54177856445312,0.06858169909013587,0.7247651784610857,0.009718627484162887,0.14646196365356445,0.7896072268486023,0.07367515563964844,0.17546932520035438,1.3306522394500226,116.30806732177734,0.07783881610685468,1.1020846986575512,0.34215012978782583,0.0,1069.0,1979.0,3305.0
ntk_N100_a0.5_wd0.001_s3,0.5,100,0.001,3,400.0,2.5e-06,ok,,,200000,200000,307,48.57920503616333,10.499512910842896,1,a32604fecc91de55d340ab4799441a26f2677242,False,1.0459008308316697e-06,83.16825866699219,126.87713623046875,1.525547585870326,0.15473444759845734,0.08462762395621085,0.9429495334625244,0.07880759239196777,1.0,1.0,0.008950671181082726,0.015691986307501793,0.08680330216884613,0.019212851189241414,0.15587608516216278,163000,True,2692.0,2430.0,4496.0,4058.0,1804.0,False,4981.0,4496.0,2289.0,False,4981.0,4496.0,2289.0,False,2430.0,4000.0,1570.0,False,3662.0,6776.0,3114.0,False,9218.0,,190782.0,True,,,,True,,,,True,0.13355015218257904,0.25841113924980164,0.07421159744262695,0.14122857127722493,0.5283363860049978,88.56423950195312,0.06426240693269777,0.5838650890011134,-0.1826090357701146,0.148246169090271,0.7966299653053284,0.08087193965911865,0.17443981123778668,1.3573581567316138,117.686279296875,0.07757693470025333,1.130631590858425,0.323443742491869,0.0,1185.0,2000.0,3305.0
ntk_N100_a0.5_wd0.001_s4,0.5,100,0.001,4,400.0,2.5e-06,ok,,,200000,200000,307,48.76707196235657,10.4086434841156,1,a32604fecc91de55d340ab4799441a26f2677242,False,1.056301812241145e-06,82.50251770019531,126.44677734375,1.5326414377224593,0.15504509210586548,0.0852436877390198,0.9879522323608398,0.08120954036712646,1.0,1.0,0.00898753758519888,0.015945233404636383,0.08855646103620529,0.01948231391395663,0.15615728497505188,164000,True,2983.0,2692.0,4058.0,4000.0,1075.0,False,4496.0,4058.0,1513.0,False,4496.0,4058.0,1513.0,False,2692.0,4496.0,1804.0,False,4000.0,6776.0,2776.0,False,9000.0,,191000.0,True,,,,True,,,,True,0.1311911940574646,0.32705846428871155,0.07501083612442017,0.1301913158699793,0.5981164966678458,88.81558990478516,0.06355605474266457,0.6482454878020267,-0.10394693868406546,0.14238445460796356,0.7995114326477051,0.08186054229736328,0.15474206520128733,1.365100073617706,112.90000915527344,0.07480793121661027,1.1386339634215015,0.3163566288181002,0.0,1185.0,2193.0,4058.0
ntk_N100_a0.5_wd0.003_s0,0.5,100,0.003,0,400.0,7.5e-06,ok,,,200000,200000,307,49.66316890716553,10.630653858184814,1,a32604fecc91de55d340ab4799441a26f2677242,False,1.2812796512662317e-06,82.54420471191406,27.887582778930664,0.33785028126760175,0.078157439827919,0.019617910774937977,-1.458864688873291,0.09257388114929199,0.07352941483259201,0.01886792480945587,0.042630814015865326,0.04524112120270729,0.08880666643381119,0.019600675303417615,0.08886239677667618,2,False,,,,,,True,,,,True,,,,True,,,,True,,,,True,,,,True,,,,True,,,,True,,,,,,,,,,,,,,,,,,,0.0,,,
ntk_N100_a0.5_wd0.003_s1,0.5,100,0.003,1,400.0,7.5e-06,ok,,,200000,200000,307,48.774271965026855,10.339224576950073,1,a32604fecc91de55d340ab4799441a26f2677242,False,1.3746952163273818e-06,83.58335876464844,28.49617576599121,0.3409312115134055,0.07510696351528168,0.019397432958957135,-1.4618686437606812,0.09224724769592285,0.07773109525442123,0.01886792480945587,0.042524710297584534,0.044605012983083725,0.08710455894470215,0.018787551778893838,0.08711109310388565,2,False,,,,,,True,,,,True,,,,True,,,,True,,,,True,,,,True,,,,True,,,,True,,,,,,,,,,,,,,,,,,,0.0,,,
ntk_N100_a0.5_wd0.003_s2,0.5,100,0.003,2,400.0,7.5e-06,ok,,,200000,200000,307,48.713512897491455,10.182482957839966,1,a32604fecc91de55d340ab4799441a26f2677242,False,1.3890164609620115e-06,81.79679870605469,25.6916561126709,0.31409121773819704,0.07260995358228683,0.01472706193686742,-1.6070421934127808,0.09513187408447266,0.06932773441076279,0.01886792480945587,0.04298544302582741,0.045497506856918335,0.08701982349157333,0.018265509232184382,0.08711518347263336,40,False,,,,,,True,,,,True,,,,True,,,,True,,,,True,,,,True,,,,True,,,,True,,,,,,,,,,,,,,,,,,,0.0,,,
ntk_N100_a0.5_wd0.003_s3,0.5,100,0.003,3,400.0,7.5e-06,ok,,,200000,200000,307,48.813748836517334,10.146822214126587,1,a32604fecc91de55d340ab4799441a26f2677242,False,1.3484730061463779e-06,83.16825866699219,27.1422119140625,0.3263530143481854,0.08081687986850739,0.020468619221974016,-1.551015019416809,0.10233402252197266,0.07773109525442123,0.01886792480945587,0.04259227216243744,0.046458229422569275,0.08680330216884613,0.019212851189241414,0.08681994676589966,2,False,,,,,,True,,,,True,,,,True,,,,True,,,,True,,,,True,,,,True,,,,True,,,,,,,,,,,,,,,,,,,0.0,,,
ntk_N100_a0.5_wd0.003_s4,0.5,100,0.003,4,400.0,7.5e-06,ok,,,200000,200000,307,50.51753902435303,10.774734735488892,1,a32604fecc91de55d340ab4799441a26f2677242,False,1.277106662200822e-06,82.50251770019531,24.84206771850586,0.30110678329574236,0.07475311309099197,0.016085887827745098,-1.6270562410354614,0.09802770614624023,0.06092436984181404,0.01886792480945587,0.04276589676737785,0.046421997249126434,0.08855646103620529,0.01948231391395663,0.0885787084698677,2,False,,,,,,True,,,,True,,,,True,,,,True,,,,True,,,,True,,,,True,,,,True,,,,,,,,,,,,,,,,,,,0.0,,,
ntk_N100_a1_wd0_s0,1.0,100,0.0,0,100.0,0.0,ok,,,200000,200000,307,50.72298002243042,11.281682968139648,1,a32604fecc91de55d340ab4799441a26f2677242,False,1.1899230685230577e-06,82.54420471191406,184.72763061523438,2.2379236829520464,0.09859584271907806,0.032428334488623825,1.9620366096496582,0.08727341890335083,1.0,1.0,0.000948518980294466,0.013715198263525963,0.08880666643381119,0.019600675303417615,0.11146567761898041,8000,True,4496.0,4058.0,15395.0,15000.0,10899.0,False,17000.0,16000.0,12504.0,False,17000.0,16000.0,12504.0,False,1455.0,15000.0,13545.0,False,3662.0,30000.0,26338.0,False,7508.0,,192492.0,True,20000.0,,180000.0,True,155000.0,,45000.0,True,0.10860629379749298,0.9797050952911377,0.045009732246398926,0.0805390177729907,1.7342428868873885,130.96714782714844,0.038742669795196465,1.174765681826638,0.7347154342639154,0.11072040349245071,1.5063388347625732,0.06464755535125732,0.07849310090170808,3.592298545147553,161.83689880371094,0.042185620773851115,1.6870889449620947,1.274900295161424,0.0,1979.0,,
ntk_N100_a1_wd0_s1,1.0,100,0.0,1,100.0,0.0,ok,,,200000,200000,307,48.62888813018799,10.814607381820679,1,a32604fecc91de55d340ab4799441a26f2677242,False,1.0825061735886266e-06,83.58335876464844,191.1506805419922,2.2869466286970908,0.09757817536592484,0.030536004173851095,1.9715874195098877,0.08756250143051147,1.0,1.0,0.001130816643126309,0.020500823855400085,0.08710455894470215,0.018787551778893838,0.10812591016292572,13894,True,4496.0,4058.0,36000.0,35000.0,31504.0,False,52000.0,51000.0,47504.0,False,52000.0,51000.0,47504.0,False,1612.0,37000.0,35388.0,False,4000.0,,196000.0,True,9000.0,,191000.0,True,30000.0,,170000.0,True,,,,True,0.10335303097963333,0.9366455674171448,0.0420723557472229,0.06964558503259852,1.6191253191423585,131.46798706054688,0.033592088734182776,1.1190416379688788,0.6986290408321172,0.10505791753530502,1.7239314317703247,0.07620763778686523,0.06447008400875034,4.698365074512549,178.24227905273438,0.03548048089607865,1.8445770423720629,1.575182725998744,0.0,2983.0,,
ntk_N100_a1_wd0_s2,1.0,100,0.0,2,100.0,0.0,ok,,,200000,200000,307,50.649698972702026,10.949631929397583,1,a32604fecc91de55d340ab4799441a26f2677242,False,1.1577112672966905e-06,81.79679870605469,189.32086181640625,2.3145265439635416,0.09755725413560867,0.03019570325710212,2.0009071826934814,0.0801234245300293,1.0,1.0,0.000896439072676003,0.014973786659538746,0.08701982349157333,0.018265509232184382,0.1104123443365097,10000,True,4000.0,3662.0,24000.0,23204.0,20000.0,False,34000.0,33000.0,30000.0,False,34000.0,33000.0,30000.0,False,1612.0,16000.0,14388.0,False,3662.0,42000.0,38338.0,False,7508.0,,192492.0,True,18900.0,,181100.0,True,143000.0,,57000.0,True,0.10441706329584122,0.8998634815216064,0.04395574331283569,0.07265148475589989,1.5315558374911198,125.8785171508789,0.03593588079444418,1.1004342406534708,0.658341327733957,0.10737892985343933,1.6299406290054321,0.07069617509841919,0.07205769623212718,4.19057524820107,167.35546875,0.03906781115312825,1.7814563546732545,1.445845165032037,0.0,2430.0,,
ntk_N100_a1_wd0_s3,1.0,100,0.0,3,100.0,0.0,ok,,,200000,200000,307,50.04463315010071,10.955511569976807,1,a32604fecc91de55d340ab4799441a26f2677242,False,1.1106783404102316e-06,83.16825866699219,186.79586791992188,2.245999506468655,0.0971771776676178,0.03019912784501791,1.9798762798309326,0.08319216966629028,1.0,1.0,0.0010524881072342396,0.01823856122791767,0.08680330216884613,0.019212851189241414,0.1112518236041069,9218,True,4496.0,4058.0,16000.0,15395.0,11504.0,False,23000.0,22000.0,18504.0,False,23000.0,22000.0,18504.0,False,1612.0,13894.0,12282.0,False,3662.0,47575.0,43913.0,False,7000.0,,193000.0,True,20000.0,,180000.0,True,,,,True,0.10814919322729111,0.9603502154350281,0.04204154014587402,0.08744943404781841,1.6793454715563145,131.64271545410156,0.037598534204017695,1.1781441973124096,0.6980297544620133,0.10826761275529861,1.5901496410369873,0.06365001201629639,0.07716895566839901,3.983637457521743,165.9234619140625,0.03897140179528921,1.764697002166088,1.3860071699730323,0.0,2430.0,,
ntk_N100_a1_wd0_s4,1.0,100,0.0,4,100.0,0.0,ok,,,200000,200000,307,49.754143953323364,11.093318462371826,1,a32604fecc91de55d340ab4799441a26f2677242,False,1.126024358200084e-06,82.50251770019531,190.3563232421875,2.3072789600666557,0.09283403307199478,0.02891378866705125,2.088327407836914,0.09140002727508545,1.0,1.0,0.0011557784164324403,0.021703040227293968,0.08855646103620529,0.01948231391395663,0.10841575264930725,7000,True,4000.0,3662.0,33000.0,32000.0,29000.0,False,56000.0,55000.0,52000.0,False,56000.0,55000.0,52000.0,False,1612.0,34000.0,32388.0,False,3662.0,,196338.0,True,8000.0,,192000.0,True,27000.0,,173000.0,True,,,,True,0.10578195005655289,0.893125057220459,0.04111123085021973,0.07381886964734737,1.5107562746906742,126.51612091064453,0.035450371433453975,1.1076771034384048,0.650977250031371,0.09912047535181046,1.8529950380325317,0.08120942115783691,0.04515740502370785,5.474361591511608,177.2254180908203,0.03351632918662355,1.9926616364225394,1.7021368354653534,0.0,2193.0,,
ntk_N100_a1_wd3e-06_s0,1.0,100,3e-06,0,100.0,3.0000000000000004e-08,ok,,,200000,200000,307,50.65915083885193,10.896244764328003,1,a32604fecc91de55d340ab4799441a26f2677242,False,1.0787729252115241e-06,82.54420471191406,174.14744567871094,2.109747695631687,0.10340771824121475,0.03505177004702212,1.8315356969833374,0.07873570919036865,1.0,1.0,0.0008959390688687563,0.011568449437618256,0.08880666643381119,0.019600675303417615,0.11212795972824097,10000,True,4496.0,4058.0,15395.0,15000.0,10899.0,False,16000.0,15395.0,11504.0,False,16000.0,15395.0,11504.0,False,1455.0,15000.0,13545.0,False,3662.0,25710.0,22048.0,False,7508.0,,192492.0,True,19000.0,,181000.0,True,134000.0,,66000.0,True,0.10865501314401627,0.9723768830299377,0.04503285884857178,0.08069135858143746,1.7151165954958194,130.333740234375,0.03884187568516575,1.1698132320468497,0.7237368872932042,0.11142300069332123,1.4769601821899414,0.06440621614456177,0.08057210635044673,3.462074714791458,159.69039916992188,0.04264535943349888,1.6657383489120536,1.2335671373197596,0.0,1979.0,,
ntk_N100_a1_wd3e-06_s1,1.0,100,3e-06,1,100.0,3.0000000000000004e-08,ok,,,200000,200000,307,49.81360983848572,10.6179838180542,1,a32604fecc91de55d340ab4799441a26f2677242,False,1.1334821010677842e-06,83.58335876464844,180.21937561035156,2.156163359237668,0.10157782584428787,0.03409702312089133,1.837707757949829,0.07968699932098389,1.0,1.0,0.0010580094531178474,0.017060117796063423,0.08710455894470215,0.018787551778893838,0.10787790268659592,12539,True,4496.0,4058.0,28487.0,28000.0,23991.0,False,38000.0,37000.0,33504.0,False,38000.0,37000.0,33504.0,False,1612.0,31564.0,29952.0,False,4000.0,102000.0,98000.0,False,9000.0,,191000.0,True,28000.0,,172000.0,True,,,,True,0.10341598093509674,0.9281345009803772,0.042107343673706055,0.0698480265475206,1.5979039565618616,130.7766571044922,0.033658213350593796,1.1120712697913595,0.6876527042352835,0.10504163056612015,1.6504014730453491,0.07213950157165527,0.06519538347722509,4.297424943809751,172.62933349609375,0.036550609133110215,1.8033597531611127,1.4547367452852347,0.0,2983.0,,
ntk_N100_a1_wd3e-06_s2,1.0,100,3e-06,2,100.0,3.0000000000000004e-08,ok,,,200000,200000,307,49.11656618118286,10.68977975845337,1,a32604fecc91de55d340ab4799441a26f2677242,False,1.0968935839628102e-06,81.79679870605469,173.5297393798828,2.1214734821527674,0.10428523272275925,0.03549207536772478,1.7971731424331665,0.07439231872558594,1.0,1.0,0.0007994471816346049,0.011286011897027493,0.08701982349157333,0.018265509232184382,0.11055348813533783,10214,True,4000.0,3662.0,18000.0,17057.0,14000.0,False,18900.0,18000.0,14900.0,False,18900.0,18000.0,14900.0,False,1612.0,15000.0,13388.0,False,3662.0,29000.0,25338.0,False,7508.0,,192492.0,True,18000.0,,182000.0,True,100000.0,,100000.0,True,0.1045989990234375,0.8897058367729187,0.04429161548614502,0.07310200372697549,1.5077113247479197,125.29402923583984,0.03609231222845417,1.0908399431966342,0.6472036614230174,0.10974384844303131,1.5111618041992188,0.06735849380493164,0.07952899883263068,3.6173916755272093,160.4249725341797,0.04149296795905291,1.6912859191822764,1.287784454772751,0.0,2430.0,,
ntk_N100_a1_wd3e-06_s3,1.0,100,3e-06,3,100.0,3.0000000000000004e-08,ok,,,200000,200000,307,48.52374505996704,10.59966254234314,1,a32604fecc91de55d340ab4799441a26f2677242,False,1.0979985063386266e-06,83.16825866699219,174.47763061523438,2.097887263864057,0.10202810913324356,0.03371480398391437,1.8167662620544434,0.07517129182815552,1.0,1.0,0.000927383138332516,0.013561262749135494,0.08680330216884613,0.019212851189241414,0.11180686205625534,12000,True,4496.0,4058.0,15395.0,15000.0,10899.0,False,20000.0,19000.0,15504.0,False,20000.0,19000.0,15504.0,False,1612.0,13000.0,11388.0,False,3662.0,31564.0,27902.0,False,7000.0,,193000.0,True,19000.0,,181000.0,True,149000.0,,51000.0,True,0.10846880823373795,0.9491903185844421,0.042294859886169434,0.08838382701188736,1.651183699074061,131.001220703125,0.03789308011536866,1.168044017654421,0.684997127014926,0.10955600440502167,1.541037917137146,0.06319129467010498,0.08102170699937562,3.748990391951306,162.8923797607422,0.03994051315722675,1.7310336609354084,1.3112535487050425,0.0,2430.0,,
ntk_N100_a1_wd3e-06_s4,1.0,100,3e-06,4,100.0,3.0000000000000004e-08,ok,,,200000,200000,307,47.51881790161133,10.054896831512451,1,a32604fecc91de55d340ab4799441a26f2677242,False,1.0752198704722105e-06,82.50251770019531,177.7220916748047,2.1541414326363517,0.09871237725019455,0.03280813370123556,1.9284814596176147,0.08126509189605713,1.0,1.0,0.0010292584775015712,0.014714154414832592,0.08855646103620529,0.01948231391395663,0.10851052403450012,8000,True,4000.0,3662.0,34000.0,33000.0,30000.0,False,79000.0,78000.0,75000.0,False,79000.0,78000.0,75000.0,False,1612.0,29000.0,27388.0,False,3662.0,76000.0,72338.0,False,8000.0,,192000.0,True,25710.0,,174290.0,True,,,,True,0.10582637041807175,0.8854833841323853,0.041089415550231934,0.07398788097278468,1.492462503971707,125.91085815429688,0.035518336597906736,1.1014028802983706,0.6405836624434065,0.1011924222111702,1.8354136943817139,0.07924574613571167,0.05057414250802282,5.361196745949874,174.19529724121094,0.03456569828434719,1.9980817972852751,1.6530276336877427,0.0,2193.0,,
ntk_N100_a1_wd1e-05_s0,1.0,100,1e-05,0,100.0,1.0000000000000001e-07,ok,,,200000,200000,307,49.06846475601196,10.791778564453125,1,a32604fecc91de55d340ab4799441a26f2677242,False,1.0823645197888254e-06,82.54420471191406,159.58937072753906,1.9333806811092171,0.11113206297159195,0.04188295578035461,1.6067830324172974,0.0756995677947998,1.0,1.0,0.000814843166153878,0.009120467118918896,0.08880666643381119,0.019600675303417615,0.11353563517332077,15000,True,4496.0,4058.0,13000.0,12539.0,8504.0,False,16000.0,15395.0,11504.0,False,16000.0,15395.0,11504.0,False,1612.0,13894.0,12282.0,False,3662.0,23000.0,19338.0,False,7508.0,83000.0,75492.0,False,18900.0,,181100.0,True,97545.0,,102455.0,True,0.10907230526208878,0.9521625638008118,0.0455896258354187,0.08177889189618105,1.6638900541625345,128.93739318847656,0.039151058031994576,1.153419139439882,0.6967714695834787,0.11345101147890091,1.4264615774154663,0.06496131420135498,0.08612075154865771,3.2483130836628633,156.14012145996094,0.04387600629586752,1.6281781417043812,1.1629538938337458,0.0,1979.0,,
ntk_N100_a1_wd1e-05_s1,1.0,100,1e-05,1,100.0,1.0000000000000001e-07,ok,,,200000,200000,307,48.07224917411804,10.483742237091064,1,a32604fecc91de55d340ab4799441a26f2677242,False,1.0778848036352429e-06,83.58335876464844,159.84738159179688,1.9124307033639367,0.10963847488164902,0.04126903343430908,1.5499595403671265,0.07324862480163574,1.0,1.0,0.000930565467569977,0.010967465117573738,0.08710455894470215,0.018787551778893838,0.10963953286409378,199000,True,4000.0,3662.0,25000.0,24000.0,21000.0,False,28487.0,28000.0,24487.0,False,28487.0,28000.0,24487.0,False,1612.0,25710.0,24098.0,False,4000.0,48000.0,44000.0,False,9000.0,,191000.0,True,26000.0,,174000.0,True,144000.0,,56000.0,True,0.10284151881933212,0.8352141380310059,0.03995966911315918,0.06892892886071963,1.3740757041703404,125.14405059814453,0.032960374424849295,1.0158712734005093,0.5994236334837604,0.10803144425153732,1.5191298723220825,0.06798887252807617,0.07436260321558248,3.654262695452406,162.76507568359375,0.039379317286068846,1.696261526624665,1.2812909358875728,0.0,2983.0,,
ntk_N100_a1_wd1e-05_s2,1.0,100,1e-05,2,100.0,1.0000000000000001e-07,ok,,,200000,200000,307,49.26578092575073,10.540077924728394,1,a32604fecc91de55d340ab4799441a26f2677242,False,1.0814967481564963e-06,81.79679870605469,157.13357543945312,1.9210235354580194,0.11203338950872421,0.04339905306703208,1.5414464473724365,0.07011055946350098,1.0,1.0,0.0008052719640545547,0.00835889670997858,0.08701982349157333,0.018265509232184382,0.11203338950872421,200000,True,4000.0,3662.0,16000.0,15395.0,12000.0,False,17057.0,17000.0,13057.0,False,17057.0,17000.0,13057.0,False,1612.0,12539.0,10927.0,False,3662.0,20941.0,17279.0,False,7000.0,68000.0,61000.0,False,18000.0,,182000.0,True,84000.0,,116000.0,True,0.10499914735555649,0.8695734143257141,0.04432135820388794,0.07445151910633944,1.4602018371777084,123.95830535888672,0.03645690234116185,1.0737543647577787,0.6221273705680924,0.11175934225320816,1.4428625106811523,0.0670771598815918,0.08524045829435443,3.319459803520359,156.25125122070312,0.043302223981672605,1.639868911282088,1.194065760675941,0.0,2430.0,,
ntk_N100_a1_wd1e-05_s3,1.0,100,1e-05,3,100.0,1.0000000000000001e-07,ok,,,200000,200000,307,49.133031129837036,10.819415807723999,1,a32604fecc91de55d340ab4799441a26f2677242,False,1.0653232038748683e-06,83.16825866699219,158.86502075195312,1.9101640854121125,0.11153626441955566,0.04115113971332092,1.5742837190628052,0.07165098190307617,1.0,1.0,0.0008066974696703255,0.008953569456934929,0.08680330216884613,0.019212851189241414,0.11309687793254852,12000,True,4496.0,4058.0,17000.0,16000.0,12504.0,False,18000.0,17057.0,13504.0,False,18000.0,17057.0,13504.0,False,1612.0,12000.0,10388.0,False,3662.0,20941.0,17279.0,False,7000.0,125000.0,118000.0,False,18000.0,,182000.0,True,93000.0,,107000.0,True,0.10874002426862717,0.9307783246040344,0.04248684644699097,0.08919121392237989,1.6050914060911268,129.55133056640625,0.038128407040858264,1.1546933946288545,0.6584714785232858,0.11205705255270004,1.4731849431991577,0.06288456916809082,0.08832967111956157,3.443727947937003,157.82545471191406,0.04174404491032425,1.6837844537984803,1.214566779900142,0.0,2430.0,,
ntk_N100_a1_wd1e-05_s4,1.0,100,1e-05,4,100.0,1.0000000000000001e-07,ok,,,200000,200000,307,49.28247809410095,10.71334958076477,1,a32604fecc91de55d340ab4799441a26f2677242,False,1.0465138302606647e-06,82.50251770019531,160.5081329345703,1.9454937547219888,0.10780370235443115,0.04043127939845813,1.6589620113372803,0.077198326587677,1.0,1.0,0.0009580710902810097,0.010413127020001411,0.08855646103620529,0.01948231391395663,0.10950671136379242,10000,True,4000.0,3662.0,22000.0,21000.0,18000.0,False,28487.0,28000.0,24487.0,False,28487.0,28000.0,24487.0,False,1612.0,20941.0,19329.0,False,3662.0,34974.0,31312.0,False,8000.0,,192000.0,True,24000.0,,176000.0,True,159000.0,,41000.0,True,0.10617949813604355,0.8656197190284729,0.041641831398010254,0.07491993493238674,1.4465877191936383,124.42847442626953,0.03560312024683869,1.0868844658658656,0.6119139899834626,0.10724762827157974,1.6070022583007812,0.07397520542144775,0.06713654768850956,4.079323092145061,162.14146423339844,0.038948549963358184,1.8188627318853934,1.3518822735225298,0.0,2193.0,,
ntk_N100_a1_wd3e-05_s0,1.0,100,3e-05,0,100.0,3e-07,ok,,,200000,200000,307,48.19265007972717,10.51499891281128,1,a32604fecc91de55d340ab4799441a26f2677242,False,1.1731855238394928e-06,82.54420471191406,139.8523712158203,1.69427244109888,0.1267153024673462,0.05590948081817716,1.245798110961914,0.07202255725860596,1.0,1.0,0.0008605868788436055,0.006125347688794136,0.08880666643381119,0.019600675303417615,0.1267153024673462,200000,True,4496.0,4058.0,12000.0,11317.0,7504.0,False,15000.0,14000.0,10504.0,False,15000.0,14000.0,10504.0,False,1612.0,11000.0,9388.0,False,3662.0,17000.0,13338.0,False,7000.0,38751.0,31751.0,False,17000.0,,183000.0,True,109000.0,,91000.0,True,0.10982654243707657,0.899731457233429,0.04639327526092529,0.08383747450023345,1.5351441081372026,125.01692199707031,0.03984707371822345,1.112573518383796,0.6249675622473173,0.11730345338582993,1.3310730457305908,0.06528282165527344,0.09687906775401073,2.872460604798484,148.1171112060547,0.04704606643407398,1.5607274698461577,1.0184752858523538,0.0,1786.0,45000.0,
ntk_N100_a1_wd3e-05_s1,1.0,100,3e-05,1,100.0,3e-07,ok,,,200000,200000,307,48.880090951919556,10.733649015426636,1,a32604fecc91de55d340ab4799441a26f2677242,False,1.127969426306663e-06,83.58335876464844,140.08058166503906,1.6759386525668805,0.12464209645986557,0.05452162818590628,1.2063506841659546,0.07583451271057129,1.0,1.0,0.0009178449981845915,0.00729857524856925,0.08710455894470215,0.018787551778893838,0.12464209645986557,200000,True,4000.0,3662.0,17000.0,16000.0,13000.0,False,18000.0,17057.0,14000.0,False,18000.0,17057.0,14000.0,False,1612.0,16000.0,14388.0,False,4000.0,22000.0,18000.0,False,9000.0,66000.0,57000.0,False,22000.0,,178000.0,True,125000.0,,75000.0,True,0.10339841991662979,0.7790968418121338,0.04031944274902344,0.0707281268896839,1.251795046155058,121.20208740234375,0.033484911522740274,0.9688184306907669,0.5278325295267724,0.11419554054737091,1.3274930715560913,0.0676964521408081,0.09155562987830163,2.8622162749221163,150.0301513671875,0.04355267039592424,1.5489509659528093,1.0137553416146092,0.0,2983.0,70000.0,
ntk_N100_a1_wd3e-05_s2,1.0,100,3e-05,2,100.0,3e-07,ok,,,200000,200000,307,47.528876066207886,10.753682136535645,1,a32604fecc91de55d340ab4799441a26f2677242,False,1.1342440302541945e-06,81.79679870605469,139.126953125,1.7008850630568952,0.12613824009895325,0.05637818103955788,1.2153221368789673,0.06570547819137573,1.0,1.0,0.0008443807018920779,0.005732435267418623,0.08701982349157333,0.018265509232184382,0.12613824009895325,200000,True,4000.0,3662.0,12539.0,12000.0,8539.0,False,13894.0,13000.0,9894.0,False,13894.0,13000.0,9894.0,False,1612.0,10214.0,8602.0,False,3662.0,15000.0,11338.0,False,7000.0,34000.0,27000.0,False,15395.0,,184605.0,True,86000.0,,114000.0,True,0.10593283176422119,0.8126948475837708,0.045462965965270996,0.0770107172574689,1.3331903685507276,120.19886016845703,0.0372459618287179,1.0263354031408782,0.5498633089495903,0.1152467429637909,1.317700743675232,0.06535935401916504,0.09573712029446793,2.822675275427756,147.40065002441406,0.04642064880144006,1.5413484627742,1.0246968508837242,0.0,2430.0,59000.0,
ntk_N100_a1_wd3e-05_s3,1.0,100,3e-05,3,100.0,3e-07,ok,,,200000,200000,307,49.07438516616821,10.447247743606567,1,a32604fecc91de55d340ab4799441a26f2677242,False,1.17187335035851e-06,83.16825866699219,142.38424682617188,1.7120022603368672,0.1246417835354805,0.05230093179172642,1.2728346586227417,0.07125484943389893,1.0,1.0,0.0009641227661632001,0.007543950341641903,0.08680330216884613,0.019212851189241414,0.1246417835354805,200000,True,4496.0,4058.0,13894.0,13000.0,9398.0,False,15000.0,14000.0,10504.0,False,15000.0,14000.0,10504.0,False,1612.0,10000.0,8388.0,False,3662.0,15395.0,11733.0,False,6776.0,50000.0,43224.0,False,17000.0,,183000.0,True,152000.0,,48000.0,True,0.10984818637371063,0.8759802579879761,0.042967915534973145,0.09268140289748975,1.4730246012216384,125.58968353271484,0.03903595451757846,1.1114133089094393,0.5839044957890827,0.11712394654750824,1.3322376012802124,0.06109058856964111,0.10389873161836949,2.871311786183608,148.72866821289062,0.045452863851132175,1.5758580798882118,1.0179817690504156,0.0,2430.0,78000.0,
ntk_N100_a1_wd3e-05_s4,1.0,100,3e-05,4,100.0,3e-07,ok,,,200000,200000,307,48.01051187515259,10.20584225654602,1,a32604fecc91de55d340ab4799441a26f2677242,False,1.1456983202151605e-06,82.50251770019531,141.83267211914062,1.7191314407463818,0.12131589651107788,0.05262430143652147,1.3456544876098633,0.07647931575775146,1.0,1.0,0.0009247565758414567,0.00763764837756753,0.08855646103620529,0.01948231391395663,0.12146294116973877,198000,True,4000.0,3662.0,18900.0,18000.0,14900.0,False,23000.0,22000.0,19000.0,False,23000.0,22000.0,19000.0,False,1612.0,15000.0,13388.0,False,4000.0,22000.0,18000.0,False,8000.0,75000.0,67000.0,False,20941.0,,179059.0,True,146000.0,,54000.0,True,0.10691198706626892,0.8123846650123596,0.042105257511138916,0.07721884485547656,1.3268241990828071,120.56159210205078,0.03620913803238947,1.0440658799514453,0.5414495954527829,0.11117301136255264,1.450822114944458,0.0695982575416565,0.07882761441454818,3.3562939278270143,150.22262573242188,0.04365600578601045,1.6998129063379854,1.1307319768356066,0.0,2000.0,141000.0,
ntk_N100_a1_wd0.0001_s0,1.0,100,0.0001,0,100.0,1e-06,ok,,,200000,200000,307,47.988216161727905,10.80898404121399,1,a32604fecc91de55d340ab4799441a26f2677242,False,1.0717196801124373e-06,82.54420471191406,121.8460693359375,1.4761311198186489,0.14114722609519958,0.072095254798004,0.9335888624191284,0.0709875226020813,1.0,1.0,0.0014919565292075276,0.005546894855797291,0.08880666643381119,0.019600675303417615,0.14114722609519958,200000,True,4000.0,3662.0,10000.0,9218.0,6000.0,False,10000.0,9218.0,6000.0,False,10000.0,9218.0,6000.0,False,1786.0,8000.0,6214.0,False,4000.0,11317.0,7317.0,False,7508.0,22000.0,14492.0,False,16000.0,,184000.0,True,,,,True,0.11136237531900406,0.648021399974823,0.04618430137634277,0.08909233491860105,1.0039373922301216,109.62290954589844,0.041206857137055145,0.8811971664163977,0.33788427008146793,0.12256481498479843,1.0638768672943115,0.06400513648986816,0.11249141484209418,1.992925252178386,129.95738220214844,0.052350561937014976,1.3349203817283153,0.6730526884741957,0.0,1786.0,8319.0,136000.0
ntk_N100_a1_wd0.0001_s1,1.0,100,0.0001,1,100.0,1e-06,ok,,,200000,200000,307,48.198567152023315,10.770720958709717,1,a32604fecc91de55d340ab4799441a26f2677242,False,1.1020815691153985e-06,83.58335876464844,122.27620697021484,1.4629252614089916,0.1408677101135254,0.07076658846268069,0.8795393109321594,0.07553768157958984,1.0,1.0,0.0015351033071056008,0.005624699871987104,0.08710455894470215,0.018787551778893838,0.1409885138273239,198000,True,4496.0,4058.0,12000.0,11317.0,7504.0,False,12000.0,11317.0,7504.0,False,12000.0,11317.0,7504.0,False,1786.0,10214.0,8428.0,False,4496.0,13894.0,9398.0,False,8319.0,25000.0,16681.0,False,18900.0,,181100.0,True,,,,True,0.10657384991645813,0.6629927754402161,0.043753743171691895,0.07987705234572871,1.0269056853542418,112.16236114501953,0.037055494556319596,0.8907619161591604,0.3450379816893852,0.11949039250612259,1.05074143409729,0.06548142433166504,0.10742585882979541,1.9578811640619587,131.20152282714844,0.049964619357488374,1.3053846503607138,0.6714925678518943,0.0,2692.0,13000.0,149000.0
ntk_N100_a1_wd0.0001_s2,1.0,100,0.0001,2,100.0,1e-06,ok,,,200000,200000,307,47.91789388656616,10.404345035552979,1,a32604fecc91de55d340ab4799441a26f2677242,False,1.0803463510455913e-06,81.79679870605469,121.95206451416016,1.4909148822854008,0.1436454951763153,0.07271890255542034,0.8919280171394348,0.06691569089889526,1.0,1.0,0.001512295100837946,0.005497166886925697,0.08701982349157333,0.018265509232184382,0.14377692341804504,196000,True,4496.0,4058.0,9000.0,8319.0,4504.0,False,10000.0,9218.0,5504.0,False,10000.0,9218.0,5504.0,False,1786.0,8000.0,6214.0,False,4000.0,11000.0,7000.0,False,7000.0,18900.0,11900.0,False,15395.0,,184605.0,True,,,,True,0.11105029284954071,0.6958179473876953,0.05051684379577637,0.09092752274991088,1.1015155485366257,111.94448852539062,0.04166489197041923,0.9461510835580854,0.37025307913979144,0.1233215406537056,1.027023434638977,0.06330424547195435,0.11986368108940396,1.8887858157016382,129.1504364013672,0.05345125510782907,1.3013505314926133,0.6454664636502744,0.0,2193.0,7508.0,51000.0
ntk_N100_a1_wd0.0001_s3,1.0,100,0.0001,3,100.0,1e-06,ok,,,200000,200000,307,48.17378306388855,10.849265813827515,1,a32604fecc91de55d340ab4799441a26f2677242,False,1.0356325219618157e-06,83.16825866699219,122.24030303955078,1.4697951477979603,0.1442040205001831,0.07168935301090856,0.891045093536377,0.07508713006973267,1.0,1.0,0.0015632124850526452,0.006042384542524815,0.08680330216884613,0.019212851189241414,0.14426904916763306,198000,True,4496.0,4058.0,9000.0,8319.0,4504.0,False,10000.0,9218.0,5504.0,False,10000.0,9218.0,5504.0,False,1786.0,8000.0,6214.0,False,4000.0,11000.0,7000.0,False,7000.0,20941.0,13941.0,False,17000.0,,183000.0,True,,,,True,0.11342760920524597,0.6962634325027466,0.045467257499694824,0.10293957910130777,1.0931433900409788,113.3316879272461,0.042235331997777036,0.964881240832678,0.3453327418491663,0.12351465225219727,1.0460058450698853,0.061807334423065186,0.12202966843799985,1.9392041888439573,129.9105682373047,0.05163487581781348,1.3439551451914833,0.6311300277034303,0.0,2430.0,7508.0,77000.0
ntk_N100_a1_wd0.0001_s4,1.0,100,0.0001,4,100.0,1e-06,ok,,,200000,200000,307,47.663731813430786,10.270100355148315,1,a32604fecc91de55d340ab4799441a26f2677242,False,1.0659017561920336e-06,82.50251770019531,122.04878997802734,1.4793341267661508,0.14059165120124817,0.0721107757682703,0.9546269178390503,0.07811075448989868,1.0,1.0,0.0015185467200353742,0.005803720559924841,0.08855646103620529,0.01948231391395663,0.14091119170188904,190000,True,4496.0,4058.0,11317.0,11000.0,6821.0,False,13000.0,12539.0,8504.0,False,13000.0,12539.0,8504.0,False,1979.0,10000.0,8021.0,False,4496.0,13000.0,8504.0,False,8000.0,23000.0,15000.0,False,18900.0,,181100.0,True,,,,True,0.11054772883653641,0.6997688412666321,0.0462343692779541,0.08713507695839777,1.1013263179530275,111.77777099609375,0.03960633906304566,0.9702513860779602,0.3579490512652888,0.1213492751121521,1.1370548009872437,0.06853115558624268,0.10723687948987433,2.2161736372451153,131.890625,0.051254629377351264,1.4301868764815313,0.7349765672940564,0.0,1979.0,11000.0,133000.0
ntk_N100_a1_wd0.0003_s0,1.0,100,0.0003,0,100.0,2.9999999999999997e-06,ok,,,200000,200000,307,46.51740384101868,10.465634107589722,1,a32604fecc91de55d340ab4799441a26f2677242,False,1.1134870874229819e-06,82.54420471191406,106.07112121582031,1.2850220265131524,0.14713479578495026,0.0779852180206857,0.6481765508651733,0.0693315863609314,1.0,1.0,0.004625275265425444,0.010149888694286346,0.08880666643381119,0.019600675303417615,0.14786654710769653,159000,True,4496.0,4058.0,7508.0,7000.0,3012.0,False,8319.0,8000.0,3823.0,False,8319.0,8000.0,3823.0,False,2692.0,7000.0,4308.0,False,5520.0,10000.0,4480.0,False,9000.0,,191000.0,True,,,,True,,,,True,0.11720770597457886,0.26984262466430664,0.05246239900588989,0.10383751024109175,0.4830942219155577,87.62310791015625,0.04741558180060157,0.5485679397582901,-0.1295332884343262,0.12998361885547638,0.6139016151428223,0.06695330142974854,0.13150497686349633,0.9827944011855626,103.10330963134766,0.06173325848663149,0.9077062506520953,0.1804492888319164,0.0,1979.0,5520.0,17057.0
ntk_N100_a1_wd0.0003_s1,1.0,100,0.0003,1,100.0,2.9999999999999997e-06,ok,,,200000,200000,307,47.75478911399841,10.470548629760742,1,a32604fecc91de55d340ab4799441a26f2677242,False,1.1239599189138971e-06,83.58335876464844,105.72251892089844,1.2648752153953133,0.1470525711774826,0.07721093929754724,0.5877882838249207,0.07302504777908325,1.0,1.0,0.004747571889311075,0.010500404983758926,0.08710455894470215,0.018787551778893838,0.14756719768047333,199000,True,5520.0,5000.0,11000.0,10214.0,5480.0,False,11000.0,10214.0,5480.0,False,11000.0,10214.0,5480.0,False,2983.0,10000.0,7017.0,False,6776.0,13000.0,6224.0,False,11317.0,,188683.0,True,,,,True,,,,True,0.1126338317990303,0.2812766432762146,0.05235409736633301,0.0945882313405579,0.49419796020601137,89.32886505126953,0.04452787845610965,0.5496835195687536,-0.11782628560555863,0.12919427454471588,0.583554744720459,0.06854331493377686,0.13259033819216337,0.9346744740909892,104.03868103027344,0.060657311254752176,0.8607418695275221,0.1555453004746351,0.0,2983.0,8000.0,20941.0
ntk_N100_a1_wd0.0003_s2,1.0,100,0.0003,2,100.0,2.9999999999999997e-06,ok,,,200000,200000,307,48.873045921325684,10.78636360168457,1,a32604fecc91de55d340ab4799441a26f2677242,False,1.2771954516210826e-06,81.79679870605469,105.68669891357422,1.2920639998806112,0.14892767369747162,0.07863999060598045,0.6113622784614563,0.0655285120010376,1.0,1.0,0.004627678077667952,0.009958352893590927,0.08701982349157333,0.018265509232184382,0.14917433261871338,145000,True,4981.0,4496.0,8000.0,7508.0,3019.0,False,9000.0,8319.0,4019.0,False,9000.0,8319.0,4019.0,False,2692.0,6776.0,4084.0,False,5520.0,10000.0,4480.0,False,9000.0,38751.0,29751.0,False,,,,True,,,,True,0.1187814399600029,0.2815532088279724,0.05563962459564209,0.11170890239706195,0.5032070651236634,88.94847869873047,0.04938708017707188,0.5738203494080303,-0.12263487833575562,0.13361351191997528,0.5909168720245361,0.0656583309173584,0.14733350344216783,0.9413684799163289,103.68466186523438,0.06380434703520833,0.8972001629053842,0.14608654305068297,0.0,2193.0,5520.0,13894.0
ntk_N100_a1_wd0.0003_s3,1.0,100,0.0003,3,100.0,2.9999999999999997e-06,ok,,,200000,200000,307,48.337307929992676,10.725031614303589,1,a32604fecc91de55d340ab4799441a26f2677242,False,1.122208800552471e-06,83.16825866699219,105.93113708496094,1.273696705724138,0.1461220532655716,0.0765174183992163,0.6246140003204346,0.07342410087585449,1.0,1.0,0.004826917313039303,0.011001638136804104,0.08680330216884613,0.019212851189241414,0.14698214828968048,118000,True,4981.0,4496.0,8319.0,8000.0,3338.0,False,10000.0,9218.0,5019.0,False,10000.0,9218.0,5019.0,False,2983.0,7508.0,4525.0,False,5520.0,11000.0,5480.0,False,9218.0,,190782.0,True,,,,True,,,,True,0.11945418268442154,0.27428317070007324,0.052531301975250244,0.11677926017519732,0.48766509165607125,89.11756134033203,0.04842087563959781,0.5910550994117377,-0.17448821229567613,0.1362018883228302,0.6142328381538391,0.06995999813079834,0.1515308768199411,0.989000691794024,105.11370086669922,0.06457871403436308,0.9397988198290121,0.14238775697742392,0.0,2430.0,5520.0,13894.0
ntk_N100_a1_wd0.0003_s4,1.0,100,0.0003,4,100.0,2.9999999999999997e-06,ok,,,200000,200000,307,49.12478280067444,10.671116352081299,1,a32604fecc91de55d340ab4799441a26f2677242,False,1.1083039908044157e-06,82.50251770019531,105.40849304199219,1.27763971306954,0.14776110649108887,0.0781589047923579,0.6701513528823853,0.07550621032714844,1.0,1.0,0.004615567624568939,0.010033955797553062,0.08855646103620529,0.01948231391395663,0.14860591292381287,151000,True,4981.0,4496.0,10000.0,9218.0,5019.0,False,11000.0,10214.0,6019.0,False,11000.0,10214.0,6019.0,False,2983.0,9000.0,6017.0,False,6000.0,12000.0,6000.0,False,10214.0,,189786.0,True,,,,True,,,,True,0.11589106917381287,0.2625247836112976,0.05355715751647949,0.09974280234220885,0.4789540382349414,86.87458801269531,0.04541176622696843,0.5776754894713733,-0.1728623793936417,0.13310380280017853,0.6708598136901855,0.0737031102180481,0.1360840732294078,1.0964031844553126,105.11930847167969,0.06381420831691684,0.995981535772835,0.2000164883948868,0.0,2193.0,6000.0,17000.0
ntk_N100_a1_wd0.001_s0,1.0,100,0.001,0,100.0,1e-05,ok,,,200000,200000,307,48.65903997421265,10.064008235931396,1,a32604fecc91de55d340ab4799441a26f2677242,False,1.0963663044094574e-06,82.54420471191406,58.613765716552734,0.7100894111357606,0.12329863011837006,0.05779726590937799,-0.38090306520462036,0.06382328271865845,0.9369747638702393,0.2075471729040146,0.029633108526468277,0.039587609469890594,0.08880666643381119,0.019600675303417615,0.12351038306951523,138000,False,,,,,,True,,,,True,,,,True,55000.0,,145000.0,True,,,,True,,,,True,,,,True,,,,True,,,,,,,,,,,,,,,,,,,0.0,8000.0,31000.0,
ntk_N100_a1_wd0.001_s1,1.0,100,0.001,1,100.0,1e-05,ok,,,200000,200000,307,47.981201171875,10.423458099365234,1,a32604fecc91de55d340ab4799441a26f2677242,False,1.09496204458992e-06,83.58335876464844,58.105194091796875,0.6951765871889376,0.12013837695121765,0.05519401763295254,-0.43869277834892273,0.06531572341918945,0.9201680421829224,0.2641509473323822,0.02989169955253601,0.03917798772454262,0.08710455894470215,0.018787551778893838,0.12049512565135956,178000,False,,,,,,True,,,,True,,,,True,142000.0,,58000.0,True,,,,True,,,,True,,,,True,,,,True,,,,,,,,,,,,,,,,,,,0.0,11317.0,105000.0,
ntk_N100_a1_wd0.001_s2,1.0,100,0.001,2,100.0,1e-05,ok,,,200000,200000,307,51.53336501121521,11.237953662872314,1,a32604fecc91de55d340ab4799441a26f2677242,False,1.162257603937178e-06,81.79679870605469,56.61220932006836,0.6921078846069542,0.12115377187728882,0.05458047710708929,-0.4597269892692566,0.06220430135726929,0.8760504126548767,0.18867924809455872,0.030805138871073723,0.03999687731266022,0.08701982349157333,0.018265509232184382,0.12237046658992767,58408,False,,,,,,True,,,,True,,,,True,,,,True,,,,True,,,,True,,,,True,,,,True,,,,,,,,,,,,,,,,,,,0.0,8000.0,27000.0,
ntk_N100_a1_wd0.001_s3,1.0,100,0.001,3,100.0,1e-05,ok,,,200000,200000,307,50.261293172836304,10.591813087463379,1,a32604fecc91de55d340ab4799441a26f2677242,False,1.1176109637744958e-06,83.16825866699219,57.597434997558594,0.692541071806976,0.12188936769962311,0.05538430020662469,-0.4340658485889435,0.0654686689376831,0.918067216873169,0.2641509473323822,0.03019789606332779,0.041012246161699295,0.08680330216884613,0.019212851189241414,0.12279707938432693,178000,False,,,,,,True,,,,True,,,,True,,,,True,,,,True,,,,True,,,,True,,,,True,,,,,,,,,,,,,,,,,,,0.0,9000.0,38751.0,
ntk_N100_a1_wd0.001_s4,1.0,100,0.001,4,100.0,1e-05,ok,,,200000,200000,307,50.080239057540894,10.663196086883545,1,a32604fecc91de55d340ab4799441a26f2677242,False,1.2052257716277381e-06,82.50251770019531,56.85908889770508,0.6891800454420614,0.12626010179519653,0.057240011719449396,-0.4203554391860962,0.0684160590171814,0.9096638560295105,0.16981132328510284,0.030181610956788063,0.040633805096149445,0.08855646103620529,0.01948231391395663,0.12637408077716827,158000,False,,,,,,True,,,,True,,,,True,,,,True,,,,True,,,,True,,,,True,,,,True,,,,,,,,,,,,,,,,,,,0.0,10000.0,29000.0,
ntk_N100_a1_wd0.003_s0,1.0,100,0.003,0,100.0,3e-05,ok,,,200000,200000,307,51.554506063461304,11.124274253845215,1,a32604fecc91de55d340ab4799441a26f2677242,False,1.686115751908801e-06,82.54420471191406,20.269197463989258,0.2455556696527684,0.059036534279584885,0.0036549698337723624,-1.8187298774719238,0.11607140302658081,0.042016807943582535,0.01886792480945587,0.05138634517788887,0.05323653295636177,0.08880666643381119,0.019600675303417615,0.08885741233825684,5,False,,,,,,True,,,,True,,,,True,,,,True,,,,True,,,,True,,,,True,,,,True,,,,,,,,,,,,,,,,,,,0.0,,,
ntk_N100_a1_wd0.003_s1,1.0,100,0.003,1,100.0,3e-05,ok,,,200000,200000,307,49.050331830978394,10.735218286514282,1,a32604fecc91de55d340ab4799441a26f2677242,False,1.5876448742346838e-06,83.58335876464844,20.134525299072266,0.24089155540837345,0.05503397062420845,0.0037987022652583324,-1.8730089664459229,0.12216216325759888,0.042016807943582535,0.01886792480945587,0.051410891115665436,0.051605142652988434,0.08710455894470215,0.018787551778893838,0.0871138945221901,4,False,,,,,,True,,,,True,,,,True,,,,True,,,,True,,,,True,,,,True,,,,True,,,,,,,,,,,,,,,,,,,0.0,,,
ntk_N100_a1_wd0.003_s2,1.0,100,0.003,2,100.0,3e-05,ok,,,200000,200000,307,47.673527002334595,10.514917373657227,1,a32604fecc91de55d340ab4799441a26f2677242,False,1.5883514379311237e-06,81.79679870605469,19.225236892700195,0.23503654417806846,0.05762741342186928,0.004180898108362977,-1.9543156623840332,0.12119078636169434,0.054621849209070206,0.03773584961891174,0.0512586273252964,0.053711045533418655,0.08701982349157333,0.018265509232184382,0.0870632603764534,9,False,,,,,,True,,,,True,,,,True,,,,True,,,,True,,,,True,,,,True,,,,True,,,,,,,,,,,,,,,,,,,0.0,,,
ntk_N100_a1_wd0.003_s3,1.0,100,0.003,3,100.0,3e-05,ok,,,200000,200000,307,48.16378402709961,10.657832145690918,1,a32604fecc91de55d340ab4799441a26f2677242,False,1.7425815030946978e-06,83.16825866699219,19.526498794555664,0.2347830663707925,0.06153595820069313,0.003827192294586906,-1.9090875387191772,0.13156521320343018,0.06092436984181404,0.01886792480945587,0.05140803009271622,0.05569636449217796,0.08680330216884613,0.019212851189241414,0.08682171255350113,4,False,,,,,,True,,,,True,,,,True,,,,True,,,,True,,,,True,,,,True,,,,True,,,,,,,,,,,,,,,,,,,0.0,,,
ntk_N100_a1_wd0.003_s4,1.0,100,0.003,4,100.0,3e-05,ok,,,200000,200000,307,47.317137002944946,10.50800347328186,1,a32604fecc91de55d340ab4799441a26f2677242,False,1.6951414636423578e-06,82.50251770019531,17.890796661376953,0.2168515235667117,0.05678071454167366,0.0034752535140921666,-2.0121428966522217,0.12941288948059082,0.03991596773266792,0.03773584961891174,0.05084228515625,0.055426742881536484,0.08855646103620529,0.01948231391395663,0.08857306092977524,4,False,,,,,,True,,,,True,,,,True,,,,True,,,,True,,,,True,,,,True,,,,True,,,,,,,,,,,,,,,,,,,0.0,,,
ntk_N100_a2_wd0_s0,2.0,100,0.0,0,25.0,0.0,ok,,,200000,200000,307,46.63215088844299,10.769819974899292,1,a32604fecc91de55d340ab4799441a26f2677242,False,1.0682786069082795e-06,82.54420471191406,143.93585205078125,1.7437426716161237,0.0936436802148819,0.029041290501384407,1.3864227533340454,0.07013291120529175,1.0,0.698113203048706,0.003610737156122923,0.05914489924907684,0.08880666643381119,0.019600675303417615,0.10209763050079346,18000,True,9000.0,8319.0,,,191000.0,True,,,191000.0,True,,,191000.0,True,1979.0,,198021.0,True,6776.0,,193224.0,True,23000.0,,177000.0,True,,,,True,,,,True,0.10078004747629166,0.533941924571991,0.031977713108062744,0.059281913157710475,0.7791181396743263,106.06073760986328,0.031292995053635024,0.665392288656074,0.381260157593293,,,,,,,,,,0.0,8000.0,,
ntk_N100_a2_wd0_s1,2.0,100,0.0,1,25.0,0.0,ok,,,200000,200000,307,45.78623700141907,10.46138882637024,1,a32604fecc91de55d340ab4799441a26f2677242,False,1.092110323952511e-06,83.58335876464844,150.86712646484375,1.8049899967486467,0.09217379242181778,0.026210377705440248,1.405600666999817,0.07241427898406982,1.0,0.24528302252292633,0.0046218326315283775,0.09422745555639267,0.08710455894470215,0.018787551778893838,0.09868654608726501,27000,True,12000.0,11317.0,,,188000.0,True,,,188000.0,True,,,188000.0,True,1786.0,,198214.0,True,7000.0,,193000.0,True,31000.0,,169000.0,True,,,,True,,,,True,0.09718091040849686,0.6182059645652771,0.03393387794494629,0.05064621614678825,0.9262770770904701,112.16796112060547,0.028189477235492127,0.7548665433414491,0.446892597014118,,,,,,,,,,0.0,,,
ntk_N100_a2_wd0_s2,2.0,100,0.0,2,25.0,0.0,ok,,,200000,200000,307,48.7301459312439,11.35165286064148,1,a32604fecc91de55d340ab4799441a26f2677242,False,1.061725129147817e-06,81.79679870605469,141.5904083251953,1.7310018309398048,0.09508480131626129,0.02796732756950826,1.350705862045288,0.07167631387710571,1.0,0.7735849022865295,0.0030950866639614105,0.05491314455866814,0.08701982349157333,0.018265509232184382,0.10033374279737473,47000,True,6776.0,6116.0,,,193224.0,True,,,193224.0,True,,,193224.0,True,1979.0,,198021.0,True,6776.0,,193224.0,True,23204.0,,176796.0,True,,,,True,,,,True,0.0968082994222641,0.43800806999206543,0.027127385139465332,0.05271496241231785,0.6214175315314182,101.33673858642578,0.02800888678805554,0.5694279350067449,0.2936707948437586,,,,,,,,,,0.0,34000.0,,
ntk_N100_a2_wd0_s3,2.0,100,0.0,3,25.0,0.0,ok,,,200000,200000,307,47.65606498718262,10.839504480361938,1,a32604fecc91de55d340ab4799441a26f2677242,False,1.049044840328861e-06,83.16825866699219,144.3225555419922,1.7353081314334518,0.0968417152762413,0.028189285612151692,1.3402886390686035,0.06996273994445801,1.0,0.6603773832321167,0.0037579117342829704,0.05790185183286667,0.08680330216884613,0.019212851189241414,0.10219823569059372,41000,True,9218.0,9000.0,,,190782.0,True,,,190782.0,True,,,190782.0,True,1979.0,,198021.0,True,6776.0,,193224.0,True,22000.0,,178000.0,True,,,,True,,,,True,0.0990617573261261,0.5376890301704407,0.03072679042816162,0.06090587714770936,0.7824488840883863,107.56485748291016,0.029887919868682868,0.690877601435099,0.37232988548827506,,,,,,,,,,0.0,12000.0,,
ntk_N100_a2_wd0_s4,2.0,100,0.0,4,25.0,0.0,ok,,,200000,200000,307,47.51541709899902,10.911720514297485,1,a32604fecc91de55d340ab4799441a26f2677242,False,1.0841511084436206e-06,82.50251770019531,145.84426879882812,1.767755371161029,0.09367380291223526,0.025882315345060074,1.4266124963760376,0.07374083995819092,1.0,0.3207547068595886,0.00428684102371335,0.081341452896595,0.08855646103620529,0.01948231391395663,0.1009485274553299,17057,True,8319.0,8000.0,,,191681.0,True,,,191681.0,True,,,191681.0,True,1979.0,,198021.0,True,6776.0,,193224.0,True,27000.0,,173000.0,True,,,,True,,,,True,0.0994914248585701,0.5054610371589661,0.03137683868408203,0.05539516064333155,0.7325768138471913,105.36478424072266,0.029136547234808872,0.6588882349414636,0.34698256189572235,,,,,,,,,,0.0,10000.0,,
ntk_N100_a2_wd3e-06_s0,2.0,100,3e-06,0,25.0,1.2000000000000002e-07,ok,,,200000,200000,307,48.58580684661865,11.010985851287842,1,a32604fecc91de55d340ab4799441a26f2677242,False,1.2219064728924423e-06,82.54420471191406,132.9786834716797,1.6109996326911868,0.09823379665613174,0.03163036103114808,1.2390719652175903,0.0668993592262268,1.0,0.8679245114326477,0.0033228679094463587,0.04101221635937691,0.08880666643381119,0.019600675303417615,0.10280445963144302,17057,True,9000.0,8319.0,,,191000.0,True,,,191000.0,True,,,191000.0,True,1979.0,,198021.0,True,6776.0,,193224.0,True,22000.0,,178000.0,True,,,,True,,,,True,0.10111979395151138,0.5170921683311462,0.03201556205749512,0.06061984437045208,0.7522770961482083,105.0494384765625,0.031504695400181644,0.6530553867312379,0.35750206972825843,,,,,,,,,,0.0,7508.0,,
ntk_N100_a2_wd3e-06_s1,2.0,100,3e-06,1,25.0,1.2000000000000002e-07,ok,,,200000,200000,307,49.777220010757446,11.057541370391846,1,a32604fecc91de55d340ab4799441a26f2677242,False,1.1272334177192533e-06,83.58335876464844,138.4639892578125,1.656597572821826,0.09593234956264496,0.02887163515394854,1.267122745513916,0.06490319967269897,1.0,0.49056604504585266,0.0036837072111666203,0.06906352192163467,0.08710455894470215,0.018787551778893838,0.09913964569568634,28487,True,12000.0,11317.0,,,188000.0,True,,,188000.0,True,,,188000.0,True,1786.0,,198214.0,True,7000.0,,193000.0,True,30000.0,,170000.0,True,,,,True,,,,True,0.09748426079750061,0.599072277545929,0.03403961658477783,0.05178181474302569,0.8927742514585214,110.80722045898438,0.028389753534573646,0.7427885937141792,0.4175602870279303,,,,,,,,,,0.0,,,
ntk_N100_a2_wd3e-06_s2,2.0,100,3e-06,2,25.0,1.2000000000000002e-07,ok,,,200000,200000,307,48.52312684059143,10.83216905593872,1,a32604fecc91de55d340ab4799441a26f2677242,False,1.1201055940546212e-06,81.79679870605469,130.7872772216797,1.5989290447866717,0.10007632523775101,0.031437704302047946,1.1973129510879517,0.06463384628295898,1.0,0.8867924809455872,0.0028584657702594995,0.04062829911708832,0.08701982349157333,0.018265509232184382,0.1019463837146759,46000,True,6776.0,6116.0,,,193224.0,True,,,193224.0,True,,,193224.0,True,1979.0,,198021.0,True,7000.0,,193000.0,True,23000.0,,177000.0,True,170000.0,,30000.0,True,,,,True,0.097004733979702,0.42350372672080994,0.02721327543258667,0.05351611601723488,0.6009836183241334,100.4584732055664,0.028142227222841102,0.5586665928924079,0.273912192787836,,,,,,,,,,0.0,20941.0,,
ntk_N100_a2_wd3e-06_s3,2.0,100,3e-06,3,25.0,1.2000000000000002e-07,ok,,,200000,200000,307,47.95982623100281,10.80575156211853,1,a32604fecc91de55d340ab4799441a26f2677242,False,1.1047295629396103e-06,83.16825866699219,133.2710723876953,1.6024271100987706,0.10136553645133972,0.031187437405487007,1.2006585597991943,0.05992329120635986,1.0,0.7735849022865295,0.0032617428805679083,0.04332992434501648,0.08680330216884613,0.019212851189241414,0.1030406653881073,39000,True,10000.0,9218.0,,,190000.0,True,,,190000.0,True,,,190000.0,True,1979.0,,198021.0,True,6776.0,,193224.0,True,22000.0,,178000.0,True,,,,True,,,,True,0.09972982853651047,0.5511558651924133,0.03207880258560181,0.06276751999058834,0.8074256211871967,107.77179718017578,0.03036574047010111,0.7157534364200488,0.3701408581341164,,,,,,,,,,0.0,11000.0,,
ntk_N100_a2_wd3e-06_s4,2.0,100,3e-06,4,25.0,1.2000000000000002e-07,ok,,,200000,200000,307,48.15927481651306,10.972799062728882,1,a32604fecc91de55d340ab4799441a26f2677242,False,1.078251443686895e-06,82.50251770019531,137.2672576904297,1.663794772775822,0.0968610867857933,0.02859052700443935,1.3207049369812012,0.06741762161254883,1.0,0.7169811129570007,0.0034516090527176857,0.055181801319122314,0.08855646103620529,0.01948231391395663,0.10145050287246704,17057,True,9000.0,8319.0,,,191000.0,True,,,191000.0,True,,,191000.0,True,1979.0,,198021.0,True,7000.0,,193000.0,True,26000.0,,174000.0,True,,,,True,,,,True,0.10001061111688614,0.5166141390800476,0.032804012298583984,0.056747569508300975,0.7532764136530107,105.53822326660156,0.02959997212977223,0.6790420928990704,0.34601648848671673,,,,,,,,,,0.0,9000.0,,
ntk_N100_a2_wd1e-05_s0,2.0,100,1e-05,0,25.0,4.0000000000000003e-07,ok,,,200000,200000,307,48.61557698249817,10.91922926902771,1,a32604fecc91de55d340ab4799441a26f2677242,False,1.1863752433782793e-06,82.54420471191406,120.28130340576172,1.4571744173386028,0.1069197952747345,0.03760761461109487,1.0065253973007202,0.061775803565979004,1.0,0.9811320900917053,0.0027791087049990892,0.026389161124825478,0.08880666643381119,0.019600675303417615,0.10712625831365585,197000,True,10000.0,9218.0,95000.0,94000.0,85000.0,False,114000.0,113000.0,104000.0,False,114000.0,113000.0,104000.0,False,1979.0,118000.0,116021.0,False,6776.0,,193224.0,True,22000.0,,178000.0,True,153000.0,,47000.0,True,,,,True,0.10197485238313675,0.516491174697876,0.033098459243774414,0.06337928423830182,0.7537386684479417,104.06676483154297,0.03236874572014761,0.6700570188945457,0.3303311574948414,0.10637793689966202,0.9937956929206848,0.06175887584686279,0.06690349228084716,1.7968518171049137,120.463134765625,0.03729186630106511,1.2048269994632368,0.704818860341379,0.0,6776.0,,
ntk_N100_a2_wd1e-05_s1,2.0,100,1e-05,1,25.0,4.0000000000000003e-07,ok,,,200000,200000,307,48.42979192733765,11.23133373260498,1,a32604fecc91de55d340ab4799441a26f2677242,False,1.2890435527879163e-06,83.58335876464844,124.67436218261719,1.4916170398664115,0.10245320200920105,0.03409875584114728,1.031663179397583,0.05920445919036865,1.0,0.8867924809455872,0.0034027984365820885,0.040577128529548645,0.08710455894470215,0.018787551778893838,0.10250803828239441,186000,True,12000.0,11317.0,,,188000.0,True,,,188000.0,True,,,188000.0,True,1979.0,,198021.0,True,7508.0,,192492.0,True,29000.0,,171000.0,True,,,,True,,,,True,0.09806137531995773,0.556147038936615,0.034091413021087646,0.053998332186443745,0.8199764230472772,107.8760986328125,0.028937453126923928,0.7145359583679453,0.3516925349868303,,,,,,,,,,0.0,20941.0,,
ntk_N100_a2_wd1e-05_s2,2.0,100,1e-05,2,25.0,4.0000000000000003e-07,ok,,,200000,200000,307,48.57160973548889,10.874610424041748,1,a32604fecc91de55d340ab4799441a26f2677242,False,1.08685810573661e-06,81.79679870605469,118.93048858642578,1.4539748555908023,0.10749346762895584,0.03776372516504739,0.9701569080352783,0.0597878098487854,1.0,1.0,0.0025045874062925577,0.02915075235068798,0.08701982349157333,0.018265509232184382,0.1074996367096901,199000,True,6776.0,6116.0,107000.0,106000.0,100224.0,False,117000.0,116000.0,110224.0,False,117000.0,116000.0,110224.0,False,1979.0,172000.0,170021.0,False,7000.0,,193000.0,True,22000.0,,178000.0,True,126000.0,,74000.0,True,,,,True,0.09726152569055557,0.39359575510025024,0.027279138565063477,0.054588997048605925,0.5599014274990818,98.4717025756836,0.02835645188190601,0.5402860115989452,0.22778317369718426,0.10645489394664764,0.9661679267883301,0.05664348602294922,0.07371425117172976,1.7168633054228557,119.37017822265625,0.036951711811258114,1.1891508283786452,0.6737619047660719,0.0,15000.0,,
ntk_N100_a2_wd1e-05_s3,2.0,100,1e-05,3,25.0,4.0000000000000003e-07,ok,,,200000,200000,307,47.13760018348694,10.55938172340393,1,a32604fecc91de55d340ab4799441a26f2677242,False,1.1339702723489609e-06,83.16825866699219,121.0997314453125,1.456081122609515,0.10797861218452454,0.036583511334274586,0.9787932634353638,0.05788695812225342,1.0,0.9433962106704712,0.0029992915224283934,0.03155454248189926,0.08680330216884613,0.019212851189241414,0.10803446918725967,191000,True,10000.0,9218.0,169000.0,168000.0,159000.0,False,,,190000.0,True,,,190000.0,True,1979.0,,198021.0,True,6776.0,,193224.0,True,20941.0,,179059.0,True,200000.0,,0.0,True,,,,True,0.10039675235748291,0.5154578685760498,0.03220576047897339,0.06534811071911363,0.7501198429201807,105.20381164550781,0.030954398946490724,0.6954835348900622,0.31093729950844107,,,,,,,,,,0.0,10000.0,,
ntk_N100_a2_wd1e-05_s4,2.0,100,1e-05,4,25.0,4.0000000000000003e-07,ok,,,200000,200000,307,47.42683696746826,10.394564867019653,1,a32604fecc91de55d340ab4799441a26f2677242,False,1.0858973382710246e-06,82.50251770019531,122.06002807617188,1.4794703419806414,0.1055281013250351,0.0351755679885516,1.0690999031066895,0.06386864185333252,1.0,0.9056603908538818,0.002974653383716941,0.03542375564575195,0.08855646103620529,0.01948231391395663,0.1055281013250351,200000,True,10000.0,9218.0,,,190000.0,True,,,190000.0,True,,,190000.0,True,1979.0,,198021.0,True,7000.0,,193000.0,True,25710.0,,174290.0,True,196000.0,,4000.0,True,,,,True,0.10086658596992493,0.513950765132904,0.03460383415222168,0.059186252839116084,0.7530865817011478,104.5365219116211,0.03034163282001033,0.6933960183469907,0.3195126353228434,,,,,,,,,,0.0,8000.0,,
ntk_N100_a2_wd3e-05_s0,2.0,100,3e-05,0,25.0,1.2e-06,ok,,,200000,200000,307,48.42531609535217,10.660631895065308,1,a32604fecc91de55d340ab4799441a26f2677242,False,1.107087314267119e-06,82.54420471191406,105.7718276977539,1.2813961690818407,0.11514847725629807,0.04639169074444273,0.7288243770599365,0.06293445825576782,1.0,1.0,0.002861514687538147,0.019020061939954758,0.08880666643381119,0.019600675303417615,0.11514847725629807,200000,True,10214.0,10000.0,56000.0,55000.0,45786.0,False,95000.0,94000.0,84786.0,False,95000.0,94000.0,84786.0,False,1979.0,49000.0,47021.0,False,7000.0,132692.0,125692.0,False,22000.0,,178000.0,True,162000.0,,38000.0,True,,,,True,0.103534035384655,0.424407958984375,0.03407782316207886,0.06886340052947897,0.6194344118615698,98.06859588623047,0.03360747978099539,0.6137568781299623,0.18243564495384343,0.1130380854010582,0.7488966584205627,0.06075674295425415,0.08665461184184829,1.2245197901783043,106.78009033203125,0.04448266982983087,1.0052079521794757,0.3809122846792653,0.0,6116.0,,
ntk_N100_a2_wd3e-05_s1,2.0,100,3e-05,1,25.0,1.2e-06,ok,,,200000,200000,307,48.778828859329224,10.813915252685547,1,a32604fecc91de55d340ab4799441a26f2677242,False,1.1300923006274388e-06,83.58335876464844,107.15765380859375,1.282045318498448,0.11367262154817581,0.04425511470222261,0.6959355473518372,0.06382381916046143,1.0,1.0,0.0033298740163445473,0.022952549159526825,0.08710455894470215,0.018787551778893838,0.11367262154817581,200000,True,11317.0,11000.0,78000.0,77000.0,66683.0,False,95000.0,94000.0,83683.0,False,95000.0,94000.0,83683.0,False,1979.0,93000.0,91021.0,False,8000.0,,192000.0,True,28487.0,,171513.0,True,,,,True,,,,True,0.09935182332992554,0.4272337555885315,0.033639371395111084,0.05923740173994051,0.6222871531778472,100.00080871582031,0.02991981716332108,0.6146057814765978,0.1756270966038876,0.11112077534198761,0.7153413891792297,0.060323357582092285,0.0858972637930977,1.156933709175347,108.61546325683594,0.041723119477246065,0.941818591541531,0.38209169521153213,0.0,13000.0,,
ntk_N100_a2_wd3e-05_s2,2.0,100,3e-05,2,25.0,1.2e-06,ok,,,200000,200000,307,47.47393989562988,10.802159070968628,1,a32604fecc91de55d340ab4799441a26f2677242,False,1.1483508615128812e-06,81.79679870605469,105.2528305053711,1.2867597775263564,0.11762566864490509,0.04711299678682238,0.6788601875305176,0.05747973918914795,1.0,1.0,0.0028465373907238245,0.01841604709625244,0.08701982349157333,0.018265509232184382,0.11764045804738998,197000,True,6776.0,6116.0,45000.0,44000.0,38224.0,False,56000.0,55000.0,49224.0,False,56000.0,55000.0,49224.0,False,2193.0,40000.0,37807.0,False,7508.0,121000.0,113492.0,False,20941.0,,179059.0,True,147000.0,,53000.0,True,,,,True,0.09842079132795334,0.29954707622528076,0.02813643217086792,0.05902157492940183,0.44485993720605704,93.26043701171875,0.029186057456054695,0.4674419414060758,0.10313716023711993,0.11410338431596756,0.7030326128005981,0.05470013618469238,0.09799077774468896,1.1229912492200818,106.91751861572266,0.043404069121896253,0.963820929645229,0.339067576497158,0.0,9000.0,,
ntk_N100_a2_wd3e-05_s3,2.0,100,3e-05,3,25.0,1.2e-06,ok,,,200000,200000,307,48.456587076187134,10.666783571243286,1,a32604fecc91de55d340ab4799441a26f2677242,False,1.174230078504479e-06,83.16825866699219,106.50769805908203,1.2806291699041283,0.11793582141399384,0.04559805310517337,0.6919694542884827,0.05942964553833008,1.0,1.0,0.0030623963102698326,0.021970110014081,0.08680330216884613,0.019212851189241414,0.11801587045192719,199000,True,11000.0,10214.0,62000.0,61000.0,51000.0,False,84000.0,83000.0,73000.0,False,84000.0,83000.0,73000.0,False,2000.0,51000.0,49000.0,False,7508.0,,192492.0,True,20941.0,,179059.0,True,,,,True,,,,True,0.10327249020338058,0.4412376880645752,0.03432947397232056,0.07515368190886144,0.6437063139324595,99.98316955566406,0.032860521967832776,0.6649370311644855,0.1661199126472642,0.11571962386369705,0.7086774110794067,0.05647075176239014,0.10246784581998587,1.137103353134292,107.86713409423828,0.043533641908072476,0.9916036892611616,0.3176380729554487,0.0,8000.0,,
ntk_N100_a2_wd3e-05_s4,2.0,100,3e-05,4,25.0,1.2e-06,ok,,,200000,200000,307,47.91187596321106,10.881152391433716,1,a32604fecc91de55d340ab4799441a26f2677242,False,1.1206028602828155e-06,82.50251770019531,106.62823486328125,1.292424011237524,0.11421611160039902,0.04445128169430751,0.7624141573905945,0.06757152080535889,1.0,1.0,0.0032202103175222874,0.02354993298649788,0.08855646103620529,0.01948231391395663,0.11426589637994766,185000,True,12000.0,11317.0,59000.0,58408.0,47000.0,False,95000.0,94000.0,83000.0,False,95000.0,94000.0,83000.0,False,1979.0,71000.0,69021.0,False,8000.0,,192000.0,True,24000.0,,176000.0,True,,,,True,,,,True,0.10315721482038498,0.4709324538707733,0.03778541088104248,0.06616910532778186,0.6948535033512042,99.97882843017578,0.03209467070917793,0.7010612670528225,0.19749550517171016,0.11235696077346802,0.7745591998100281,0.06447774171829224,0.08386444928664574,1.2836856227793623,107.2989730834961,0.04263288993304416,1.054201586939394,0.3972480502663761,0.0,6776.0,,
ntk_N100_a2_wd0.0001_s0,2.0,100,0.0001,0,25.0,4e-06,ok,,,200000,200000,307,48.56367206573486,11.10895586013794,1,a32604fecc91de55d340ab4799441a26f2677242,False,1.0410194590804167e-06,82.54420471191406,88.15969848632812,1.068030139656837,0.12779395282268524,0.059166179330661525,0.3306403160095215,0.06011056900024414,1.0,1.0,0.005193235352635384,0.016813280060887337,0.08880666643381119,0.019600675303417615,0.1278001070022583,193000,True,9218.0,9000.0,29000.0,28487.0,19782.0,False,31564.0,31000.0,22346.0,False,31564.0,31000.0,22346.0,False,2692.0,27000.0,24308.0,False,10000.0,56000.0,46000.0,False,24000.0,,176000.0,True,,,,True,,,,True,0.10555935651063919,0.12170784920454025,0.035389721393585205,0.07575253450526212,0.3109551947161848,81.90809631347656,0.03541675696058541,0.36736320519656274,-0.21904260050714255,0.1193256825208664,0.36403417587280273,0.056978583335876465,0.10735415670456501,0.5973534756108135,89.49749755859375,0.050819557145980354,0.6427023251817784,-0.05063571365817334,0.0,5520.0,34974.0,
ntk_N100_a2_wd0.0001_s1,2.0,100,0.0001,1,25.0,4e-06,ok,,,200000,200000,307,47.49097800254822,10.492869138717651,1,a32604fecc91de55d340ab4799441a26f2677242,False,1.0778848036352429e-06,83.58335876464844,88.34381103515625,1.0569545462262668,0.12576952576637268,0.05682488904217238,0.28627079725265503,0.06504219770431519,1.0,1.0,0.005626436788588762,0.018843011930584908,0.08710455894470215,0.018787551778893838,0.12587805092334747,194000,True,11317.0,11000.0,39000.0,38751.0,27683.0,False,49000.0,48000.0,37683.0,False,49000.0,48000.0,37683.0,False,2692.0,36000.0,33308.0,False,12000.0,87000.0,75000.0,False,31000.0,,169000.0,True,,,,True,,,,True,0.10163335502147675,0.11557973921298981,0.03547072410583496,0.06699626088921333,0.3076527700051874,82.55623626708984,0.031948078770073524,0.3594538884319108,-0.2417935882750087,0.1191648542881012,0.32629549503326416,0.06048935651779175,0.10939956929581057,0.5626009733197369,89.51763153076172,0.05021754398423051,0.5866841549178752,-0.07595239642123018,0.0,10000.0,54000.0,
ntk_N100_a2_wd0.0001_s2,2.0,100,0.0001,2,25.0,4e-06,ok,,,200000,200000,307,48.84551501274109,10.767730712890625,1,a32604fecc91de55d340ab4799441a26f2677242,False,1.049692173182848e-06,81.79679870605469,88.11245727539062,1.0772115616899864,0.12931638956069946,0.0588719282022592,0.29405754804611206,0.059836506843566895,1.0,1.0,0.005333070643246174,0.016813963651657104,0.08701982349157333,0.018265509232184382,0.12946178019046783,190000,True,10214.0,10000.0,29000.0,28487.0,18786.0,False,42000.0,41000.0,31786.0,False,42000.0,41000.0,31786.0,False,2692.0,25000.0,22308.0,False,10214.0,46000.0,35786.0,False,23000.0,,177000.0,True,,,,True,,,,True,0.1047736257314682,0.12525306642055511,0.03829801082611084,0.07722240763593263,0.32345987877155974,81.85630798339844,0.03495604982810248,0.38981291951618713,-0.2329280011883823,0.12447056174278259,0.31885990500450134,0.05726200342178345,0.1277081777818961,0.5464276078695398,89.09225463867188,0.0537140991874631,0.6072381073089825,-0.0970902860950624,0.0,6776.0,25710.0,
ntk_N100_a2_wd0.0001_s3,2.0,100,0.0001,3,25.0,4e-06,ok,,,200000,200000,307,48.723726749420166,10.730074644088745,1,a32604fecc91de55d340ab4799441a26f2677242,False,1.1474713801362668e-06,83.16825866699219,88.62770080566406,1.0656433382900514,0.12832975387573242,0.05719271300051457,0.30588093400001526,0.06287825107574463,1.0,0.9811320900917053,0.005769861396402121,0.020746255293488503,0.08680330216884613,0.019212851189241414,0.1284058541059494,175000,True,12000.0,11317.0,42937.0,42000.0,30937.0,False,71000.0,70000.0,59000.0,False,71000.0,70000.0,59000.0,False,2692.0,34000.0,31308.0,False,10000.0,,190000.0,True,28487.0,,171513.0,True,,,,True,,,,True,0.10870437324047089,0.16158713400363922,0.0385059118270874,0.09220086347894826,0.34824618410094454,84.27848052978516,0.03701988769036268,0.4519914573317659,-0.23873979721590655,0.12565068900585175,0.3270113468170166,0.06137251853942871,0.12855266100223164,0.5655584027668981,89.40885925292969,0.05441184582611205,0.637403126036163,-0.12332374514650396,0.0,6776.0,34974.0,
ntk_N100_a2_wd0.0001_s4,2.0,100,0.0001,4,25.0,4e-06,ok,,,200000,200000,307,47.33352303504944,10.831628561019897,1,a32604fecc91de55d340ab4799441a26f2677242,False,1.0921659168161568e-06,82.50251770019531,87.60093688964844,1.0617971345793373,0.1290910691022873,0.05908374040591296,0.3470187187194824,0.06455254554748535,1.0,0.9811320900917053,0.005336293950676918,0.018977155908942223,0.08855646103620529,0.01948231391395663,0.1290910691022873,200000,True,15000.0,14000.0,44000.0,43000.0,29000.0,False,166000.0,165000.0,151000.0,False,166000.0,165000.0,151000.0,False,2692.0,34000.0,31308.0,False,11000.0,128000.0,117000.0,False,27000.0,,173000.0,True,,,,True,,,,True,0.10960943251848221,0.22199170291423798,0.044908761978149414,0.08480390505140474,0.4170488360272892,84.59241485595703,0.03775773782262032,0.5298687862176804,-0.20228253639277533,0.12794284522533417,0.35240206122398376,0.06441712379455566,0.12820075479560922,0.601463868486596,87.6717529296875,0.05839415456477107,0.6704503791328907,-0.11257386922801385,0.0,6000.0,34974.0,
ntk_N100_a2_wd0.0003_s0,2.0,100,0.0003,0,25.0,1.1999999999999999e-05,ok,,,200000,200000,307,47.33329892158508,10.367141723632812,1,a32604fecc91de55d340ab4799441a26f2677242,False,1.2280471537451376e-06,82.54420471191406,67.7702865600586,0.8210181053483084,0.12246504426002502,0.05544589521351367,-0.11027827858924866,0.05842107534408569,1.0,0.849056601524353,0.017006458714604378,0.03137068822979927,0.08880666643381119,0.019600675303417615,0.12253527343273163,186000,True,50000.0,49000.0,,,150000.0,True,,,150000.0,True,,,150000.0,True,11317.0,,188683.0,True,38751.0,,161249.0,True,,,,True,,,,True,,,,True,0.11883337795734406,-0.1390036791563034,0.058409035205841064,0.10498146609137515,0.3442418376422728,66.68972778320312,0.05151747038302033,0.13812028905120383,-0.5402786471080876,,,,,,,,,,0.0,10000.0,67000.0,
ntk_N100_a2_wd0.0003_s1,2.0,100,0.0003,1,25.0,1.1999999999999999e-05,ok,,,200000,200000,307,47.80739998817444,10.64236044883728,1,a32604fecc91de55d340ab4799441a26f2677242,False,1.1627614640019601e-06,83.58335876464844,67.37606048583984,0.806094197237938,0.1211962029337883,0.05428196860160704,-0.17938290536403656,0.059808433055877686,1.0,0.8301886916160583,0.01745733805000782,0.03161228448152542,0.08710455894470215,0.018787551778893838,0.12127435207366943,197000,True,45000.0,44000.0,,,155000.0,True,,,155000.0,True,,,155000.0,True,16000.0,,184000.0,True,46000.0,,154000.0,True,,,,True,,,,True,,,,True,0.11573432385921478,-0.20696702599525452,0.058851420879364014,0.10025306712246565,0.36145693960129704,65.96674346923828,0.04909313519217564,0.052008515174944175,-0.6013230026131973,,,,,,,,,,0.0,17000.0,97000.0,
ntk_N100_a2_wd0.0003_s2,2.0,100,0.0003,2,25.0,1.1999999999999999e-05,ok,,,200000,200000,307,47.70992612838745,10.589842081069946,1,a32604fecc91de55d340ab4799441a26f2677242,False,1.2383017065076274e-06,81.79679870605469,67.47090148925781,0.8248599279749508,0.12485719472169876,0.05534805243947117,-0.16543318331241608,0.05532175302505493,1.0,0.8301886916160583,0.01726827397942543,0.03055427595973015,0.08701982349157333,0.018265509232184382,0.12561146914958954,196000,True,34974.0,34000.0,,,165026.0,True,,,165026.0,True,,,165026.0,True,12539.0,,187461.0,True,37000.0,,163000.0,True,,,,True,,,,True,,,,True,0.12007865309715271,-0.2217099517583847,0.053917646408081055,0.1169845084765633,0.354874901253345,65.6061782836914,0.05079350080292499,0.06738366562148325,-0.6317666325311996,,,,,,,,,,0.0,11000.0,34974.0,
ntk_N100_a2_wd0.0003_s3,2.0,100,0.0003,3,25.0,1.1999999999999999e-05,ok,,,200000,200000,307,48.305968046188354,10.826678037643433,1,a32604fecc91de55d340ab4799441a26f2677242,False,1.1614129107329063e-06,83.16825866699219,67.85946655273438,0.8159298708470667,0.125397190451622,0.056040365216600385,-0.15037809312343597,0.05922341346740723,1.0,0.7547169923782349,0.016970206052064896,0.03169088065624237,0.08680330216884613,0.019212851189241414,0.12600451707839966,151000,True,31564.0,31000.0,,,168436.0,True,,,168436.0,True,,,168436.0,True,13894.0,,186106.0,True,40000.0,,160000.0,True,,,,True,,,,True,,,,True,0.11658983677625656,-0.21687071025371552,0.05697751045227051,0.10478264071841757,0.36020732711684356,65.05990600585938,0.04788124786041472,0.08375737204588345,-0.633057872892246,,,,,,,,,,0.0,10214.0,41000.0,
ntk_N100_a2_wd0.0003_s4,2.0,100,0.0003,4,25.0,1.1999999999999999e-05,ok,,,200000,200000,307,47.93788194656372,10.5608069896698,1,a32604fecc91de55d340ab4799441a26f2677242,False,1.1615391031227773e-06,82.50251770019531,66.96949768066406,0.8117267151049079,0.1257867068052292,0.05610308854282566,-0.11910012364387512,0.06410515308380127,1.0,0.7358490824699402,0.017030535265803337,0.03294321894645691,0.08855646103620529,0.01948231391395663,0.1260409951210022,126000,True,54000.0,53000.0,,,146000.0,True,,,146000.0,True,,,146000.0,True,17000.0,,183000.0,True,42000.0,,158000.0,True,,,,True,,,,True,,,,True,0.12317992746829987,-0.13036951422691345,0.06280243396759033,0.11566411943725931,0.3538269411348104,66.34898376464844,0.053766914120069315,0.17969964253129778,-0.5696952649086646,,,,,,,,,,0.0,13894.0,42000.0,
ntk_N100_a2_wd0.001_s0,2.0,100,0.001,0,25.0,4e-05,ok,,,200000,200000,307,48.01212215423584,10.512171030044556,1,a32604fecc91de55d340ab4799441a26f2677242,False,1.3847759419149952e-06,82.54420471191406,35.259708404541016,0.4271615254832274,0.0719134509563446,0.010971087123052375,-0.9304836392402649,0.08013379573822021,0.08193277567625046,0.01886792480945587,0.051883529871702194,0.06159168854355812,0.08880666643381119,0.019600675303417615,0.08885079622268677,6,False,,,,,,True,,,,True,,,,True,,,,True,,,,True,,,,True,,,,True,,,,True,,,,,,,,,,,,,,,,,,,0.0,,,
ntk_N100_a2_wd0.001_s1,2.0,100,0.001,1,25.0,4e-05,ok,,,200000,200000,307,48.4185631275177,10.729369163513184,1,a32604fecc91de55d340ab4799441a26f2677242,False,1.363975115964422e-06,83.58335876464844,35.177947998046875,0.4208726296474865,0.0680437758564949,0.010945522983457589,-0.9766748547554016,0.08750593662261963,0.07563025504350662,0.01886792480945587,0.05217505246400833,0.05872879922389984,0.08710455894470215,0.018787551778893838,0.08711551874876022,8,False,,,,,,True,,,,True,,,,True,,,,True,,,,True,,,,True,,,,True,,,,True,,,,,,,,,,,,,,,,,,,0.0,,,
ntk_N100_a2_wd0.001_s2,2.0,100,0.001,2,25.0,4e-05,ok,,,200000,200000,307,47.73195004463196,10.462984323501587,1,a32604fecc91de55d340ab4799441a26f2677242,False,1.4373699741554447e-06,81.79679870605469,34.39533996582031,0.4204973851045632,0.0707603171467781,0.01089222248401752,-1.0155189037322998,0.08045792579650879,0.06932773441076279,0.01886792480945587,0.05236675962805748,0.06129271537065506,0.08701982349157333,0.018265509232184382,0.08706067502498627,36,False,,,,,,True,,,,True,,,,True,,,,True,,,,True,,,,True,,,,True,,,,True,,,,,,,,,,,,,,,,,,,0.0,,,
ntk_N100_a2_wd0.001_s3,2.0,100,0.001,3,25.0,4e-05,ok,,,200000,200000,307,48.524123191833496,10.877306938171387,1,a32604fecc91de55d340ab4799441a26f2677242,False,1.3102726370561868e-06,83.16825866699219,35.13311004638672,0.42243411861081015,0.07443555444478989,0.011250338635483144,-0.979560136795044,0.0857776403427124,0.08193277567625046,0.01886792480945587,0.05194927379488945,0.06478318572044373,0.08680330216884613,0.019212851189241414,0.08681925386190414,9,False,,,,,,True,,,,True,,,,True,,,,True,,,,True,,,,True,,,,True,,,,True,,,,,,,,,,,,,,,,,,,0.0,,,
ntk_N100_a2_wd0.001_s4,2.0,100,0.001,4,25.0,4e-05,ok,,,200000,200000,307,48.54434108734131,10.972780704498291,1,a32604fecc91de55d340ab4799441a26f2677242,False,1.2884710258731502e-06,82.50251770019531,33.31188201904297,0.4037680660861106,0.07134892046451569,0.01076941563646158,-1.011070966720581,0.08682703971862793,0.08403361588716507,0.03773584961891174,0.05215083807706833,0.06479551643133163,0.08855646103620529,0.01948231391395663,0.0885768011212349,9,False,,,,,,True,,,,True,,,,True,,,,True,,,,True,,,,True,,,,True,,,,True,,,,,,,,,,,,,,,,,,,0.0,,,
ntk_N100_a2_wd0.003_s0,2.0,100,0.003,0,25.0,0.00012,ok,,,200000,200000,307,48.39728379249573,10.326838970184326,1,a32604fecc91de55d340ab4799441a26f2677242,False,1.668227810114331e-06,82.54420471191406,19.70769500732422,0.23875322411919364,0.05778254568576813,0.0025596968710543456,-1.841552734375,0.11271679401397705,0.04411764815449715,0.01886792480945587,0.08174286782741547,0.08502469956874847,0.08880666643381119,0.019600675303417615,0.08884923160076141,4,False,,,,,,True,,,,True,,,,True,,,,True,,,,True,,,,True,,,,True,,,,True,,,,,,,,,,,,,,,,,,,0.0,,,
ntk_N100_a2_wd0.003_s1,2.0,100,0.003,1,25.0,0.00012,ok,,,200000,200000,307,48.986035108566284,10.90494966506958,1,a32604fecc91de55d340ab4799441a26f2677242,False,1.6666194824210834e-06,83.58335876464844,19.12298583984375,0.22878939208090082,0.05329716205596924,0.002756055735869223,-1.93598473072052,0.1258552074432373,0.0357142873108387,0.01886792480945587,0.08262842893600464,0.08166013658046722,0.08710455894470215,0.018787551778893838,0.08710799366235733,8,False,,,,,,True,,,,True,,,,True,,,,True,,,,True,,,,True,,,,True,,,,True,,,,,,,,,,,,,,,,,,,0.0,,,
ntk_N100_a2_wd0.003_s2,2.0,100,0.003,2,25.0,0.00012,ok,,,200000,200000,307,47.15976095199585,10.348296403884888,1,a32604fecc91de55d340ab4799441a26f2677242,False,1.6312319530698005e-06,81.79679870605469,18.27649688720703,0.22343780167834595,0.05589313805103302,0.00319941783283891,-2.018826723098755,0.12442600727081299,0.054621849209070206,0.056603774428367615,0.08185719698667526,0.08591533452272415,0.08701982349157333,0.018265509232184382,0.0870487242937088,18,False,,,,,,True,,,,True,,,,True,,,,True,,,,True,,,,True,,,,True,,,,True,,,,,,,,,,,,,,,,,,,0.0,,,
ntk_N100_a2_wd0.003_s3,2.0,100,0.003,3,25.0,0.00012,ok,,,200000,200000,307,46.96682000160217,10.395995855331421,1,a32604fecc91de55d340ab4799441a26f2677242,False,1.6212850368901854e-06,83.16825866699219,19.00201416015625,0.2284767586182223,0.0599018819630146,0.002520073749490566,-1.9273297786712646,0.13060379028320312,0.05882352963089943,0.01886792480945587,0.08249643445014954,0.08982373774051666,0.08680330216884613,0.019212851189241414,0.08681333065032959,9,False,,,,,,True,,,,True,,,,True,,,,True,,,,True,,,,True,,,,True,,,,True,,,,,,,,,,,,,,,,,,,0.0,,,
ntk_N100_a2_wd0.003_s4,2.0,100,0.003,4,25.0,0.00012,ok,,,200000,200000,307,48.87447690963745,10.744726657867432,1,a32604fecc91de55d340ab4799441a26f2677242,False,1.6403048448410118e-06,82.50251770019531,17.2161808013916,0.2086746111670583,0.05512889474630356,0.0024276154989873273,-2.043461561203003,0.13078069686889648,0.03991596773266792,0.01886792480945587,0.0802670270204544,0.08963469415903091,0.08855646103620529,0.01948231391395663,0.08857344835996628,9,False,,,,,,True,,,,True,,,,True,,,,True,,,,True,,,,True,,,,True,,,,True,,,,,,,,,,,,,,,,,,,0.0,,,
ntk_N200_a0.5_wd0_s0,0.5,200,0.0,0,400.0,0.0,ok,,,200000,200000,307,59.017751932144165,11.848426342010498,1,2b612a1ab9bb21bf10567b9e9db087f1d9233985,False,2.0300969083564269e-07,118.2148208618164,307.9737243652344,2.605204001664316,0.10964519530534744,0.03727281126374701,2.071254014968872,0.0326160192489624,1.0,0.9245283007621765,5.747255727328593e-06,0.030973445624113083,0.09087491780519485,0.020238980369517205,0.1157248243689537,4496,True,1455.0,1313.0,77000.0,76000.0,75545.0,False,,,198545.0,True,,,198545.0,True,1000.0,11317.0,10317.0,False,1786.0,,198214.0,True,2692.0,,197308.0,True,4496.0,,195504.0,True,7508.0,,192492.0,True,0.10615365952253342,0.7706870436668396,0.01916968822479248,0.08770745109155036,1.1963985743750376,171.5327911376953,0.03468896149764268,0.9376855354977329,0.5450319318895192,,,,,,,,,,0.0,965.0,,
ntk_N200_a0.5_wd0_s1,0.5,200,0.0,1,400.0,0.0,ok,,,200000,200000,307,59.79668307304382,12.395516157150269,1,2b612a1ab9bb21bf10567b9e9db087f1d9233985,False,2.032326591461242e-07,118.16344451904297,310.3077087402344,2.626088889023761,0.10952314734458923,0.0368398224992488,2.0732011795043945,0.03635561466217041,1.0,0.9433962106704712,4.861194156546844e-06,0.03148341551423073,0.09129732102155685,0.019875799298766664,0.11613377928733826,4000,True,871.0,786.0,,,199129.0,True,,,199129.0,True,,,199129.0,True,1000.0,10000.0,9000.0,False,1786.0,,198214.0,True,2692.0,,197308.0,True,4496.0,,195504.0,True,7508.0,,192492.0,True,0.0994207039475441,0.3663020133972168,0.012208878993988037,0.059545345052038436,0.4805576575075668,140.98577880859375,0.027426595550854076,0.46808556421489345,0.2353873720848548,,,,,,,,,,0.0,965.0,,
ntk_N200_a0.5_wd0_s2,0.5,200,0.0,2,400.0,0.0,ok,,,200000,200000,307,61.993921995162964,13.766340017318726,1,2b612a1ab9bb21bf10567b9e9db087f1d9233985,False,1.983976716246616e-07,116.98216247558594,302.7410583496094,2.587924961746122,0.11022679507732391,0.03775500062588183,2.025644540786743,0.033083558082580566,1.0,0.9245283007621765,5.088740635983413e-06,0.02730192057788372,0.09013324230909348,0.01943047139608517,0.11649500578641891,4496,True,1185.0,1069.0,28487.0,28000.0,27302.0,False,,,198815.0,True,,,198815.0,True,1000.0,7508.0,6508.0,False,1786.0,,198214.0,True,2692.0,,197308.0,True,4496.0,,195504.0,True,7508.0,,192492.0,True,0.10166500508785248,0.5729600787162781,0.015352845191955566,0.07428821116382464,0.8079493138122126,154.51699829101562,0.029978513559726208,0.7235165773309269,0.37762773515934034,,,,,,,,,,0.0,1069.0,,
ntk_N200_a0.5_wd0_s3,0.5,200,0.0,3,400.0,0.0,ok,,,200000,200000,307,63.67144227027893,14.079065799713135,1,2b612a1ab9bb21bf10567b9e9db087f1d9233985,False,2.0037890635649092e-07,118.0229721069336,305.0732116699219,2.58486298238205,0.10901696979999542,0.03760416403346826,2.039276599884033,0.03136909008026123,1.0,0.9245283007621765,5.304704700392904e-06,0.028026852756738663,0.09017714112997055,0.01967432565840864,0.11531836539506912,4496,True,1069.0,1000.0,,,198931.0,True,,,198931.0,True,,,198931.0,True,1000.0,6776.0,5776.0,False,1786.0,,198214.0,True,2692.0,,197308.0,True,4496.0,,195504.0,True,7508.0,,192492.0,True,0.10019302368164062,0.5133012533187866,0.01314014196395874,0.06960343205306432,0.7027672982268759,150.71194458007812,0.02959179499177668,0.6489663753640328,0.3462931106600478,,,,,,,,,,0.0,1069.0,,
ntk_N200_a0.5_wd0_s4,0.5,200,0.0,4,400.0,0.0,ok,,,200000,200000,307,62.188509941101074,13.235224723815918,1,2b612a1ab9bb21bf10567b9e9db087f1d9233985,False,2.0346706719465146e-07,117.19227600097656,307.73175048828125,2.625870586263867,0.10968548059463501,0.03754832026694224,2.0885143280029297,0.03433799743652344,1.0,0.9433962106704712,5.204681656323373e-06,0.03077082522213459,0.09074290841817856,0.019969740713709484,0.11667771637439728,4058,True,965.0,871.0,13000.0,12539.0,12035.0,False,,,199035.0,True,,,199035.0,True,1069.0,9000.0,7931.0,False,1786.0,,198214.0,True,2692.0,,197308.0,True,4496.0,,195504.0,True,7508.0,,192492.0,True,0.10066767781972885,0.432550311088562,0.012626051902770996,0.07017320819455686,0.5760218723839161,143.885498046875,0.028602650942438298,0.5606131992602019,0.27753302601175195,,,,,,,,,,0.0,965.0,,
ntk_N200_a0.5_wd3e-06_s0,0.5,200,3e-06,0,400.0,7.500000000000001e-09,ok,,,200000,200000,307,60.785353899002075,12.443074226379395,1,a32604fecc91de55d340ab4799441a26f2677242,False,2.001354744152195e-07,118.2148208618164,280.296630859375,2.371078590788706,0.11571533232927322,0.0431165579216236,1.8799629211425781,0.033446431159973145,1.0,1.0,1.30168173200218e-05,0.019848890602588654,0.09087491780519485,0.020238980369517205,0.11589120328426361,4981,True,1455.0,1313.0,16000.0,15395.0,14545.0,False,44000.0,43000.0,42545.0,False,44000.0,43000.0,42545.0,False,1000.0,9000.0,8000.0,False,1786.0,195000.0,193214.0,False,2692.0,,197308.0,True,4496.0,,195504.0,True,7508.0,,192492.0,True,0.10614506900310516,0.7653712034225464,0.01906883716583252,0.08784591169291069,1.1849104284111311,171.0031280517578,0.03470025695101114,0.9329871054605904,0.5386468534045565,0.11335986852645874,1.927147626876831,0.03279143571853638,0.10067668632360688,5.90814205005747,288.0438537597656,0.0411113294355384,2.1466876908226635,1.5953769370818611,0.0,965.0,,
ntk_N200_a0.5_wd3e-06_s1,0.5,200,3e-06,1,400.0,7.500000000000001e-09,ok,,,200000,200000,307,62.77305197715759,13.405534267425537,1,a32604fecc91de55d340ab4799441a26f2677242,False,2.016847133745614e-07,118.16344451904297,282.35516357421875,2.3895305754117127,0.1143409013748169,0.04249590535836711,1.8864753246307373,0.036087989807128906,1.0,1.0,1.2416225217748433e-05,0.01991083286702633,0.09129732102155685,0.019875799298766664,0.11643708497285843,4058,True,871.0,786.0,20941.0,20000.0,20070.0,False,105000.0,104000.0,104129.0,False,105000.0,104000.0,104129.0,False,1000.0,9000.0,8000.0,False,1786.0,197000.0,195214.0,False,2692.0,,197308.0,True,4496.0,,195504.0,True,7508.0,,192492.0,True,0.09942617267370224,0.36228060722351074,0.012254595756530762,0.05949691419733703,0.4752232435892914,140.68258666992188,0.027433434501398013,0.4642269480249447,0.23119718295906172,0.11302374303340912,1.924394965171814,0.03556007146835327,0.0948814862716591,5.892495422632356,288.19195556640625,0.041085464837424694,2.1513663071569957,1.571168240183278,0.0,965.0,,
ntk_N200_a0.5_wd3e-06_s2,0.5,200,3e-06,2,400.0,7.500000000000001e-09,ok,,,200000,200000,307,61.15990710258484,12.94158935546875,1,a32604fecc91de55d340ab4799441a26f2677242,False,2.0193054695027968e-07,116.98216247558594,275.3487548828125,2.3537670107635216,0.11674021929502487,0.04426206249327291,1.8320311307907104,0.03401029109954834,1.0,0.9811320900917053,1.1194130820513237e-05,0.018048612400889397,0.09013324230909348,0.01943047139608517,0.11674021929502487,200000,True,1185.0,1069.0,17000.0,16000.0,15815.0,False,,,198815.0,True,,,198815.0,True,1000.0,7000.0,6000.0,False,1786.0,128000.0,126214.0,False,2692.0,,197308.0,True,4496.0,,195504.0,True,7508.0,,192492.0,True,0.10164148360490799,0.5685639977455139,0.01533806324005127,0.07418199969276827,0.8003207894458936,154.0944061279297,0.029941087556170504,0.7198883508899789,0.3720958627766459,,,,,,,,,,0.0,1069.0,,
ntk_N200_a0.5_wd3e-06_s3,0.5,200,3e-06,3,400.0,7.500000000000001e-09,ok,,,200000,200000,307,60.286739110946655,12.513453245162964,1,a32604fecc91de55d340ab4799441a26f2677242,False,2.0037890635649092e-07,118.0229721069336,278.6329345703125,2.360836450702663,0.11464940756559372,0.043104382584347935,1.8571312427520752,0.03121781349182129,1.0,0.9811320900917053,1.215435258927755e-05,0.018676577135920525,0.09017714112997055,0.01967432565840864,0.1155296340584755,4496,True,1069.0,1000.0,18900.0,18000.0,17831.0,False,,,198931.0,True,,,198931.0,True,1000.0,6776.0,5776.0,False,1786.0,141000.0,139214.0,False,2692.0,,197308.0,True,4496.0,,195504.0,True,7508.0,,192492.0,True,0.10019072890281677,0.5089452862739563,0.013219296932220459,0.06942789148325446,0.69588817495285,150.3315887451172,0.029603408589951873,0.6450099309721599,0.3411834570826733,,,,,,,,,,0.0,1069.0,,
ntk_N200_a0.5_wd3e-06_s4,0.5,200,3e-06,4,400.0,7.500000000000001e-09,ok,,,200000,200000,307,59.9069881439209,12.209221601486206,1,a32604fecc91de55d340ab4799441a26f2677242,False,1.9909928994366055e-07,117.19227600097656,280.0469970703125,2.3896369848468417,0.11570216715335846,0.043361097507017624,1.8939285278320312,0.035526156425476074,1.0,1.0,1.2754898307321128e-05,0.01937848888337612,0.09074290841817856,0.019969740713709484,0.11697933822870255,5000,True,965.0,871.0,13894.0,13000.0,12929.0,False,73000.0,72000.0,72035.0,False,73000.0,72000.0,72035.0,False,1069.0,8000.0,6931.0,False,1786.0,175000.0,173214.0,False,2692.0,,197308.0,True,4496.0,,195504.0,True,7508.0,,192492.0,True,0.10067987442016602,0.4280276894569397,0.012545883655548096,0.0704246233959596,0.5691262879677448,143.54673767089844,0.028614875144109368,0.5561392711731163,0.27282571533191907,0.11392785608768463,1.9379854202270508,0.034390807151794434,0.10159602376961527,5.984778529805527,287.2929992675781,0.04166636384174001,2.1884614905981956,1.5668965758478859,0.0,965.0,,
ntk_N200_a0.5_wd1e-05_s0,0.5,200,1e-05,0,400.0,2.5000000000000002e-08,ok,,,200000,200000,307,60.03105688095093,12.584904432296753,1,a32604fecc91de55d340ab4799441a26f2677242,False,1.9851709964768816e-07,118.2148208618164,247.7350311279297,2.095634281064571,0.1259692907333374,0.05408217180690014,1.625616192817688,0.036464154720306396,1.0,1.0,3.750606265384704e-05,0.008365283720195293,0.09087491780519485,0.020238980369517205,0.12601414322853088,199000,True,1455.0,1313.0,13894.0,13000.0,12439.0,False,23000.0,22000.0,21545.0,False,23000.0,22000.0,21545.0,False,1000.0,7000.0,6000.0,False,1786.0,28000.0,26214.0,False,2692.0,152000.0,149308.0,False,4496.0,,195504.0,True,7508.0,,192492.0,True,0.10623621195554733,0.7505688667297363,0.01913928985595703,0.08818790259623822,1.1538927952114029,169.77015686035156,0.034764321213090706,0.9182327928945349,0.5237307939041741,0.11643822491168976,1.8174681663513184,0.03291606903076172,0.11268260391788824,5.195399676016552,273.9234924316406,0.0444684270466518,2.0485811808591574,1.4633773611179446,0.0,965.0,78000.0,
ntk_N200_a0.5_wd1e-05_s1,0.5,200,1e-05,1,400.0,2.5000000000000002e-08,ok,,,200000,200000,307,59.265514850616455,12.23178243637085,1,a32604fecc91de55d340ab4799441a26f2677242,False,2.016847133745614e-07,118.16344451904297,248.10906982421875,2.099710877878429,0.12525491416454315,0.054031807856722854,1.6257163286209106,0.03892052173614502,1.0,1.0,3.54053991031833e-05,0.007994086481630802,0.09129732102155685,0.019875799298766664,0.12525491416454315,200000,True,871.0,786.0,11000.0,10214.0,10129.0,False,23000.0,22000.0,22129.0,False,23000.0,22000.0,22129.0,False,1069.0,7000.0,5931.0,False,1786.0,31000.0,29214.0,False,2692.0,149000.0,146308.0,False,4496.0,,195504.0,True,7508.0,,192492.0,True,0.09942194819450378,0.3524174094200134,0.012267112731933594,0.05944584811401309,0.46196952531366564,139.9778289794922,0.02743631521808406,0.45432099203880777,0.22139647217838673,0.1158929169178009,1.823004126548767,0.03523296117782593,0.10614815521170776,5.232288630603638,275.7303771972656,0.04394437247875096,2.053833695629751,1.4621654037133287,0.0,965.0,89000.0,
ntk_N200_a0.5_wd1e-05_s2,0.5,200,1e-05,2,400.0,2.5000000000000002e-08,ok,,,200000,200000,307,60.71499013900757,12.300026893615723,1,a32604fecc91de55d340ab4799441a26f2677242,False,1.985047077823765e-07,116.98216247558594,243.7349395751953,2.083522260293851,0.12830179929733276,0.05609488773796819,1.5790938138961792,0.03677588701248169,1.0,1.0,3.1864543416304514e-05,0.006779784802347422,0.09013324230909348,0.01943047139608517,0.12830179929733276,200000,True,1185.0,1069.0,9000.0,8319.0,7815.0,False,27000.0,26000.0,25815.0,False,27000.0,26000.0,25815.0,False,1069.0,6000.0,4931.0,False,1786.0,20000.0,18214.0,False,2692.0,115000.0,112308.0,False,4496.0,,195504.0,True,7508.0,,192492.0,True,0.10170967131853104,0.555901288986206,0.015431404113769531,0.07439809211223834,0.7788619633268227,153.11581420898438,0.029996097344576526,0.7073037329111157,0.35925660075165106,0.11749943345785141,1.77979576587677,0.03276646137237549,0.11990661741983277,4.967899780960172,270.28521728515625,0.04530129969197445,2.024748209247362,1.4030649412066263,0.0,1069.0,61000.0,
ntk_N200_a0.5_wd1e-05_s3,0.5,200,1e-05,3,400.0,2.5000000000000002e-08,ok,,,200000,200000,307,60.389681816101074,12.568466901779175,1,a32604fecc91de55d340ab4799441a26f2677242,False,2.0267096090265113e-07,118.0229721069336,245.2326202392578,2.077838033235319,0.12609101831912994,0.05437301457593178,1.6013240814208984,0.03475159406661987,1.0,1.0,3.3260686905123293e-05,0.007450029253959656,0.09017714112997055,0.01967432565840864,0.12609101831912994,200000,True,1069.0,1000.0,10000.0,9218.0,8931.0,False,77000.0,76000.0,75931.0,False,77000.0,76000.0,75931.0,False,1000.0,6000.0,5000.0,False,1786.0,24000.0,22214.0,False,2692.0,130000.0,127308.0,False,4496.0,,195504.0,True,7508.0,,192492.0,True,0.10020829737186432,0.4978606700897217,0.01318371295928955,0.0696090876417253,0.6779830958795723,149.44473266601562,0.029622628621988008,0.6345163817184901,0.32920582457233954,0.11975111812353134,1.7273478507995605,0.032182931900024414,0.1295772511583738,4.6646923124730515,261.8760986328125,0.04784310749850225,1.9941395056593434,1.316152201404955,0.0,1069.0,82000.0,
ntk_N200_a0.5_wd1e-05_s4,0.5,200,1e-05,4,400.0,2.5000000000000002e-08,ok,,,200000,200000,307,62.42706489562988,12.579591274261475,1,a32604fecc91de55d340ab4799441a26f2677242,False,2.0500519326560607e-07,117.19227600097656,246.1187286376953,2.1001275599054363,0.12619639933109283,0.05457984672910761,1.6410194635391235,0.03814685344696045,1.0,1.0,3.6277695471653715e-05,0.00771510461345315,0.09074290841817856,0.019969740713709484,0.12619639933109283,200000,True,965.0,871.0,11000.0,10214.0,10035.0,False,13000.0,12539.0,12035.0,False,13000.0,12539.0,12035.0,False,1069.0,6776.0,5707.0,False,1786.0,27000.0,25214.0,False,2692.0,140000.0,137308.0,False,4496.0,,195504.0,True,7508.0,,192492.0,True,0.10065271705389023,0.4175470471382141,0.01257634162902832,0.07018571476490827,0.553858759754182,142.7586212158203,0.028633393292442102,0.5459455227998197,0.26189407241135615,0.11717970669269562,1.8187440633773804,0.033564209938049316,0.11523200009468564,5.20402475332078,273.77410888671875,0.04471389353812082,2.0740231988205404,1.4392945801272266,0.0,965.0,70000.0,
ntk_N200_a0.5_wd3e-05_s0,0.5,200,3e-05,0,400.0,7.5e-08,ok,,,200000,200000,307,64.16022300720215,13.130603075027466,1,a32604fecc91de55d340ab4799441a26f2677242,False,1.9998672939891549e-07,118.2148208618164,214.52133178710938,1.8146737458399358,0.14465667307376862,0.07364346395697485,1.3259592056274414,0.03866201639175415,1.0,1.0,9.813690121518448e-05,0.002305482979863882,0.09087491780519485,0.020238980369517205,0.14470665156841278,198000,True,1455.0,1313.0,6776.0,6116.0,5321.0,False,10000.0,9218.0,8545.0,False,10000.0,9218.0,8545.0,False,1000.0,5520.0,4520.0,False,1786.0,10214.0,8428.0,False,2692.0,29000.0,26308.0,False,4496.0,105000.0,100504.0,False,7508.0,,192492.0,True,0.10638909041881561,0.7114730477333069,0.019230127334594727,0.08880864456784665,1.0741053031158743,166.29525756835938,0.03487639037872807,0.8812358388409925,0.48111058617934027,0.12004708498716354,1.68805992603302,0.0328485369682312,0.1270273169247754,4.449092337457273,257.7210388183594,0.04832932029616945,1.92830702857357,1.3152945142137342,0.0,965.0,10000.0,105000.0
ntk_N200_a0.5_wd3e-05_s1,0.5,200,3e-05,1,400.0,7.5e-08,ok,,,200000,200000,307,62.91146397590637,12.773281812667847,1,a32604fecc91de55d340ab4799441a26f2677242,False,2.016847133745614e-07,118.16344451904297,215.4352264404297,1.823196905923901,0.14518041908740997,0.07300157833748214,1.3211791515350342,0.0412062406539917,1.0,1.0,9.737885557115078e-05,0.0024634525179862976,0.09129732102155685,0.019875799298766664,0.14518041908740997,200000,True,871.0,786.0,7508.0,7000.0,6637.0,False,8319.0,8000.0,7448.0,False,8319.0,8000.0,7448.0,False,1069.0,5520.0,4451.0,False,1786.0,11000.0,9214.0,False,2692.0,31564.0,28872.0,False,4496.0,131000.0,126504.0,False,7508.0,,192492.0,True,0.09933176636695862,0.3266637623310089,0.012330234050750732,0.05875535182103618,0.4283062798264292,137.9842529296875,0.027423954033761168,0.4299948981270738,0.1934738582147536,0.11937186121940613,1.6848149299621582,0.03443419933319092,0.12049869938544588,4.433528902110774,259.5691223144531,0.047393012660995756,1.9180893878446228,1.318300949257568,0.0,965.0,11000.0,126000.0
ntk_N200_a0.5_wd3e-05_s2,0.5,200,3e-05,2,400.0,7.5e-08,ok,,,200000,200000,307,63.09438395500183,12.544992923736572,1,a32604fecc91de55d340ab4799441a26f2677242,False,2.0241458287273417e-07,116.98216247558594,215.30235290527344,1.840471644129564,0.1446271538734436,0.07264361961961355,1.3110398054122925,0.04013925790786743,1.0,1.0,9.340405085822567e-05,0.0024668725673109293,0.09013324230909348,0.01943047139608517,0.14486776292324066,196000,True,1185.0,1069.0,7000.0,6776.0,5815.0,False,9000.0,8319.0,7815.0,False,9000.0,8319.0,7815.0,False,1069.0,4981.0,3912.0,False,1786.0,9218.0,7432.0,False,2692.0,26000.0,23308.0,False,4496.0,107000.0,102504.0,False,7508.0,,192492.0,True,0.10166333615779877,0.5223824977874756,0.015438854694366455,0.07411776696407962,0.7229937310039074,150.34646606445312,0.030001984760504308,0.675741079695548,0.3225521667781291,0.1209769994020462,1.6558630466461182,0.032474398612976074,0.13414327704057058,4.277548757003035,256.2264709472656,0.04858008041753785,1.906640601582103,1.267002224862058,0.0,1069.0,6776.0,99000.0
ntk_N200_a0.5_wd3e-05_s3,0.5,200,3e-05,3,400.0,7.5e-08,ok,,,200000,200000,307,62.69857907295227,11.73744010925293,1,a32604fecc91de55d340ab4799441a26f2677242,False,2.0388576160712546e-07,118.0229721069336,215.10118103027344,1.8225365553019885,0.14397171139717102,0.07299325147183736,1.3094402551651,0.0384366512298584,1.0,1.0,9.463114838581532e-05,0.0022007476072758436,0.09017714112997055,0.01967432565840864,0.14401885867118835,195000,True,1069.0,1000.0,7508.0,7000.0,6439.0,False,18000.0,17057.0,16931.0,False,18000.0,17057.0,16931.0,False,1069.0,4981.0,3912.0,False,1786.0,10000.0,8214.0,False,2692.0,28000.0,25308.0,False,4496.0,97000.0,92504.0,False,7508.0,,192492.0,True,0.10021206736564636,0.4661397635936737,0.013235151767730713,0.0695251227722923,0.6283525476784524,146.95384216308594,0.029624783222235974,0.6041217359676884,0.29547249866486236,0.12220393121242523,1.6369946002960205,0.03214693069458008,0.1394271058187919,4.1794251047376525,251.4742431640625,0.05058063448634642,1.900663883659619,1.2338633437022237,0.0,1069.0,11000.0,110000.0
ntk_N200_a0.5_wd3e-05_s4,0.5,200,3e-05,4,400.0,7.5e-08,ok,,,200000,200000,307,63.29304504394531,12.122753620147705,1,a32604fecc91de55d340ab4799441a26f2677242,False,2.0815701873289072e-07,117.19227600097656,215.3033447265625,1.8371803336660888,0.1426362693309784,0.07193741650306348,1.3581701517105103,0.042287468910217285,1.0,1.0,9.490786032984033e-05,0.002415974624454975,0.09074290841817856,0.019969740713709484,0.1426362693309784,200000,True,965.0,871.0,6000.0,5520.0,5035.0,False,6776.0,6116.0,5811.0,False,6776.0,6116.0,5811.0,False,1069.0,5520.0,4451.0,False,1786.0,10000.0,8214.0,False,2692.0,29000.0,26308.0,False,4496.0,119756.0,115260.0,False,7508.0,,192492.0,True,0.10062091797590256,0.389004111289978,0.012569308280944824,0.07000225290062609,0.513034353719689,140.5334930419922,0.028622048583446053,0.5191449839264443,0.2306916594160537,0.12037185579538345,1.6829074621200562,0.033141493797302246,0.128356909353622,4.421696450142553,257.5438537597656,0.04800969773102748,1.945722653011213,1.28721660103959,0.0,965.0,6000.0,140000.0
ntk_N200_a0.5_wd0.0001_s0,0.5,200,0.0001,0,400.0,2.5e-07,ok,,,200000,200000,307,63.81809997558594,12.34817385673523,1,a32604fecc91de55d340ab4799441a26f2677242,False,1.9851709964768816e-07,118.2148208618164,198.41864013671875,1.6784582397553531,0.154169499874115,0.08354922953583477,1.1645790338516235,0.03846573829650879,1.0,1.0,0.0004000872722826898,0.0022192911710590124,0.09087491780519485,0.020238980369517205,0.1546175628900528,178000,True,1455.0,1313.0,4981.0,4496.0,3526.0,False,5520.0,5000.0,4065.0,False,5520.0,5000.0,4065.0,False,1185.0,4000.0,2815.0,False,1979.0,5520.0,3541.0,False,2983.0,10000.0,7017.0,False,4981.0,28000.0,23019.0,False,8000.0,,192000.0,True,0.10674890875816345,0.5752922892570496,0.019614696502685547,0.08995603044573616,0.8212664816309492,154.7576904296875,0.03517722073271013,0.7511383319665594,0.3345743019356011,0.12559109926223755,1.473994493484497,0.0335233211517334,0.14768512719545884,3.409848094794632,231.75857543945312,0.05433496326832361,1.728692012413243,1.0718851047507596,0.0,965.0,3305.0,18000.0
ntk_N200_a0.5_wd0.0001_s1,0.5,200,0.0001,1,400.0,2.5e-07,ok,,,200000,200000,307,63.361775159835815,12.4173583984375,1,a32604fecc91de55d340ab4799441a26f2677242,False,2.016847133745614e-07,118.16344451904297,198.10414123535156,1.6765264591066107,0.15680378675460815,0.08482823609781419,1.143989086151123,0.04102885723114014,1.0,1.0,0.0004040117491967976,0.0021852063946425915,0.09129732102155685,0.019875799298766664,0.15705104172229767,193000,True,965.0,871.0,4981.0,4496.0,4016.0,False,5520.0,5000.0,4555.0,False,5520.0,5000.0,4555.0,False,1185.0,4058.0,2873.0,False,1979.0,6000.0,4021.0,False,2983.0,10214.0,7231.0,False,4981.0,31564.0,26583.0,False,9000.0,,191000.0,True,0.10057573765516281,0.281991183757782,0.014025270938873291,0.06353098200129545,0.3785694845600083,134.30477905273438,0.028454803738467378,0.3999495908328236,0.12720217497396463,0.12566259503364563,1.464361548423767,0.03568136692047119,0.142705416808768,3.370874369924293,232.6079559326172,0.05371765980513829,1.7129913000491186,1.0667676847317022,0.0,965.0,3305.0,18000.0
ntk_N200_a0.5_wd0.0001_s2,0.5,200,0.0001,2,400.0,2.5e-07,ok,,,200000,200000,307,62.79586982727051,12.121548175811768,1,a32604fecc91de55d340ab4799441a26f2677242,False,1.983976716246616e-07,116.98216247558594,198.09864807128906,1.6934090110757873,0.15553662180900574,0.08362565792293003,1.1439766883850098,0.03889024257659912,1.0,1.0,0.0003955354623030871,0.0021746689453721046,0.09013324230909348,0.01943047139608517,0.15613532066345215,194000,True,1185.0,1069.0,4981.0,4496.0,3796.0,False,4981.0,4496.0,3796.0,False,4981.0,4496.0,3796.0,False,1185.0,4000.0,2815.0,False,1979.0,5520.0,3541.0,False,2983.0,10000.0,7017.0,False,4981.0,33000.0,28019.0,False,8319.0,,191681.0,True,0.10186310112476349,0.4014509916305542,0.015560030937194824,0.07503488466008804,0.5390058124108207,141.08709716796875,0.030142974994024997,0.5589809323459463,0.19460266015793726,0.12576964497566223,1.4354817867279053,0.03319203853607178,0.15179955251356367,3.244931668003019,230.3457794189453,0.05400941075643425,1.7010595726333697,1.018097436624976,0.0,1069.0,3305.0,17000.0
ntk_N200_a0.5_wd0.0001_s3,0.5,200,0.0001,3,400.0,2.5e-07,ok,,,200000,200000,307,64.54961395263672,12.811612129211426,1,a32604fecc91de55d340ab4799441a26f2677242,False,2.0037890635649092e-07,118.0229721069336,198.4228515625,1.6812222910529728,0.15528245270252228,0.08396164393015496,1.1328626871109009,0.03900188207626343,1.0,1.0,0.00040075182914733887,0.0020139669068157673,0.09017714112997055,0.01967432565840864,0.15606224536895752,191000,True,1185.0,1069.0,4496.0,4058.0,3311.0,False,5520.0,5000.0,4335.0,False,5520.0,5000.0,4335.0,False,1185.0,4000.0,2815.0,False,1979.0,5520.0,3541.0,False,2983.0,10000.0,7017.0,False,4496.0,27000.0,22504.0,False,8000.0,,192000.0,True,0.10173888504505157,0.42302727699279785,0.014722347259521484,0.07569632412641851,0.567663267184527,143.05813598632812,0.031020043342709663,0.5802486183025906,0.22318201320368247,0.12537266314029694,1.4567073583602905,0.03148233890533447,0.15340606984675786,3.332601534214343,231.8517608642578,0.05373502419822686,1.7279626572357163,1.0380942301124072,0.0,1069.0,3662.0,16000.0
ntk_N200_a0.5_wd0.0001_s4,0.5,200,0.0001,4,400.0,2.5e-07,ok,,,200000,200000,307,64.68747401237488,12.463751077651978,1,a32604fecc91de55d340ab4799441a26f2677242,False,1.9889074565071496e-07,117.19227600097656,197.9300537109375,1.6889342921310628,0.15495170652866364,0.08400280860489459,1.17702054977417,0.04227244853973389,1.0,1.0,0.00040134380105882883,0.0021170186810195446,0.09074290841817856,0.019969740713709484,0.15529853105545044,193000,True,965.0,871.0,4496.0,4058.0,3531.0,False,4496.0,4058.0,3531.0,False,4496.0,4058.0,3531.0,False,1185.0,4000.0,2815.0,False,1979.0,5520.0,3541.0,False,2983.0,10000.0,7017.0,False,4496.0,28000.0,23504.0,False,8000.0,,192000.0,True,0.1005849838256836,0.28635281324386597,0.012728333473205566,0.06942635936882555,0.37925967284799184,133.0481719970703,0.02864266097217654,0.42068774156055916,0.12193195160238222,0.12462465465068817,1.4566582441329956,0.03369271755218506,0.14410537561802894,3.3352360996166075,230.0150146484375,0.05305678490287023,1.7318501147829883,1.0354742386111921,0.0,965.0,3305.0,17000.0
ntk_N200_a0.5_wd0.0003_s0,0.5,200,0.0003,0,400.0,7.499999999999999e-07,ok,,,200000,200000,307,64.92337679862976,12.966394186019897,1,a32604fecc91de55d340ab4799441a26f2677242,False,1.9851709964768816e-07,118.2148208618164,181.81024169921875,1.537964870849318,0.1568676382303238,0.08617432433477533,0.9953324198722839,0.03703123331069946,1.0,1.0,0.0017949865432456136,0.004624742083251476,0.09087491780519485,0.020238980369517205,0.15827180445194244,196000,True,1786.0,1612.0,4000.0,3662.0,2214.0,False,4000.0,3662.0,2214.0,False,4000.0,3662.0,2214.0,False,1455.0,3662.0,2207.0,False,2430.0,4496.0,2066.0,False,3662.0,6776.0,3114.0,False,6776.0,,193224.0,True,,,,True,0.1115669459104538,0.3470531702041626,0.023948073387145996,0.10555888882172627,0.4898017657303657,135.29730224609375,0.040098150111989965,0.5640402428280671,0.03278194794084117,0.13351555168628693,1.0455552339553833,0.035369157791137695,0.17467283352496382,1.8987365268630518,187.65338134765625,0.06201338528288095,1.312505113885068,0.6224217847426748,0.0,965.0,2692.0,6000.0
ntk_N200_a0.5_wd0.0003_s1,0.5,200,0.0003,1,400.0,7.499999999999999e-07,ok,,,200000,200000,307,64.1373360157013,12.386985778808594,1,a32604fecc91de55d340ab4799441a26f2677242,False,2.016847133745614e-07,118.16344451904297,181.6127471923828,1.5369621961478492,0.1583886444568634,0.08704599850801789,0.9774852395057678,0.040904223918914795,1.0,1.0,0.0018192095449194312,0.005019230302423239,0.09129732102155685,0.019875799298766664,0.16009123623371124,64717,True,1185.0,1069.0,4000.0,3662.0,2815.0,False,4496.0,4058.0,3311.0,False,4496.0,4058.0,3311.0,False,1455.0,3662.0,2207.0,False,2430.0,4496.0,2066.0,False,3662.0,6776.0,3114.0,False,6000.0,,194000.0,True,,,,True,0.10303223878145218,0.07562924176454544,0.01775527000427246,0.07149010170207165,0.21088901884717748,118.96116638183594,0.03086761616641392,0.23022189462907344,-0.1369570540675257,0.13545234501361847,1.0809789896011353,0.038283705711364746,0.17460458318410058,2.00466689311532,191.05154418945312,0.06475125620443004,1.3510449096696187,0.6390753958929724,0.0,965.0,2692.0,5520.0
ntk_N200_a0.5_wd0.0003_s2,0.5,200,0.0003,2,400.0,7.499999999999999e-07,ok,,,200000,200000,307,63.9585747718811,12.502567052841187,1,a32604fecc91de55d340ab4799441a26f2677242,False,1.983976716246616e-07,116.98216247558594,181.49525451660156,1.5514780260151153,0.1579529494047165,0.0872376912248541,0.9655521512031555,0.03735780715942383,1.0,1.0,0.001802598126232624,0.004855755250900984,0.09013324230909348,0.01943047139608517,0.15890853106975555,175000,True,1455.0,1313.0,4000.0,3662.0,2545.0,False,4000.0,3662.0,2545.0,False,4000.0,3662.0,2545.0,False,1612.0,3662.0,2050.0,False,2430.0,4496.0,2066.0,False,3662.0,6776.0,3114.0,False,6116.0,,193884.0,True,,,,True,0.10532490164041519,0.17538554966449738,0.01962488889694214,0.08638014615009881,0.28901738633596036,123.99978637695312,0.03362845424971507,0.37389039158146997,-0.10116780641017022,0.13350869715213776,1.030052661895752,0.03575998544692993,0.17653920166912662,1.8559930420195347,187.291748046875,0.06243890734685889,1.3123977222675385,0.5800358186922758,0.0,1185.0,2692.0,5520.0
ntk_N200_a0.5_wd0.0003_s3,0.5,200,0.0003,3,400.0,7.499999999999999e-07,ok,,,200000,200000,307,64.50985431671143,12.186464309692383,1,a32604fecc91de55d340ab4799441a26f2677242,False,2.0037890635649092e-07,118.0229721069336,181.66566467285156,1.5392398736430322,0.1573782116174698,0.08642808267016494,0.967019259929657,0.03806030750274658,1.0,1.0,0.0017982479184865952,0.00478010717779398,0.09017714112997055,0.01967432565840864,0.15916739404201508,155000,True,1313.0,1185.0,3662.0,3305.0,2349.0,False,4000.0,3662.0,2687.0,False,4000.0,3662.0,2687.0,False,1455.0,3662.0,2207.0,False,2430.0,4496.0,2066.0,False,3662.0,6776.0,3114.0,False,6000.0,,194000.0,True,,,,True,0.10309036076068878,0.14566852152347565,0.016808509826660156,0.07935057916491256,0.2519560780636766,122.5231704711914,0.03239526844284367,0.3318922336070658,-0.1013632008060232,0.1327727735042572,1.0413888692855835,0.03375077247619629,0.1778875914587457,1.8845921409688897,188.21798706054688,0.06155356432717643,1.328492310070694,0.5926182670709408,0.0,1185.0,2692.0,5520.0
ntk_N200_a0.5_wd0.0003_s4,0.5,200,0.0003,4,400.0,7.499999999999999e-07,ok,,,200000,200000,307,63.444661140441895,12.368143796920776,1,a32604fecc91de55d340ab4799441a26f2677242,False,1.9889074565071496e-07,117.19227600097656,181.49330139160156,1.5486797217769641,0.15655338764190674,0.08564222103518257,1.019334077835083,0.041255831718444824,1.0,1.0,0.001801208360120654,0.004699054639786482,0.09074290841817856,0.019969740713709484,0.15945856273174286,152000,True,1185.0,1069.0,3662.0,3305.0,2477.0,False,4000.0,3662.0,2815.0,False,4000.0,3662.0,2815.0,False,1612.0,3662.0,2050.0,False,2430.0,4496.0,2066.0,False,3662.0,6776.0,3114.0,False,6000.0,,194000.0,True,,,,True,0.10320460796356201,0.07467085868120193,0.016683459281921387,0.07714423856701014,0.20486565243216737,117.75505065917969,0.03130108142716283,0.25258436590719896,-0.15679716037214153,0.13344883918762207,1.0586140155792236,0.03763538599014282,0.17041205868699563,1.9391486189569824,187.00796508789062,0.06296442466476551,1.3553909379034081,0.5966615013385328,0.0,965.0,2692.0,5520.0
ntk_N200_a0.5_wd0.001_s0,0.5,200,0.001,0,400.0,2.5e-06,ok,,,200000,200000,307,63.41055488586426,12.379785776138306,1,a32604fecc91de55d340ab4799441a26f2677242,False,1.9851709964768816e-07,118.2148208618164,128.55950927734375,1.0875075421179163,0.15233278274536133,0.08398346607748221,0.3229038119316101,0.03949826955795288,1.0,1.0,0.01516383420675993,0.02300647832453251,0.09087491780519485,0.020238980369517205,0.15466222167015076,155000,True,4981.0,4496.0,6000.0,5520.0,1019.0,False,7000.0,6776.0,2019.0,False,7000.0,6776.0,2019.0,False,4058.0,6776.0,2718.0,False,6776.0,,193224.0,True,,,,True,,,,True,,,,True,0.13890095055103302,-0.08924375474452972,0.04204869270324707,0.18144332236592642,0.2901910166123938,102.23641204833984,0.07169236202842261,0.18606661851363554,-0.4937177771003554,0.1474090814590454,0.1806793361902237,0.042330265045166016,0.21062064468146535,0.37502755966608675,119.18687438964844,0.07952764122116514,0.4552598559421292,-0.23602745387173357,0.0,1612.0,3305.0,5520.0
ntk_N200_a0.5_wd0.001_s1,0.5,200,0.001,1,400.0,2.5e-06,ok,,,200000,200000,307,63.3416383266449,12.180453777313232,1,a32604fecc91de55d340ab4799441a26f2677242,False,2.016847133745614e-07,118.16344451904297,128.6161651611328,1.0884598505454477,0.15223699808120728,0.08390682069026659,0.32341310381889343,0.04068821668624878,1.0,1.0,0.015046470798552036,0.02332494594156742,0.09129732102155685,0.019875799298766664,0.15401071310043335,138000,True,4496.0,4058.0,6000.0,5520.0,1504.0,False,7000.0,6776.0,2504.0,False,7000.0,6776.0,2504.0,False,4496.0,6776.0,2280.0,False,6776.0,,193224.0,True,,,,True,,,,True,,,,True,0.13524089753627777,-0.23514385521411896,0.04525965452194214,0.16230703770798915,0.339798154825684,95.4214096069336,0.06864640445338421,0.03266114945459257,-0.6371262838060027,0.14705577492713928,0.17536704242229462,0.04518163204193115,0.2023409290497215,0.38004204312286943,119.25186157226562,0.07983499451674947,0.45268511589884847,-0.26089077536829763,0.0,1786.0,3305.0,5520.0
ntk_N200_a0.5_wd0.001_s2,0.5,200,0.001,2,400.0,2.5e-06,ok,,,200000,200000,307,63.088428020477295,12.407734632492065,1,a32604fecc91de55d340ab4799441a26f2677242,False,1.983976716246616e-07,116.98216247558594,128.59384155273438,1.0992602532849551,0.15485158562660217,0.08530219334826157,0.29382485151290894,0.03714632987976074,1.0,1.0,0.014952381141483784,0.023089077323675156,0.09013324230909348,0.01943047139608517,0.15614846348762512,70000,True,4496.0,4058.0,6000.0,5520.0,1504.0,False,6776.0,6116.0,2280.0,False,6776.0,6116.0,2280.0,False,4058.0,6776.0,2718.0,False,6776.0,,193224.0,True,,,,True,,,,True,,,,True,0.13681559264659882,-0.23168610036373138,0.042267799377441406,0.17624083167567176,0.33139920849114596,95.51829528808594,0.06838148422263639,0.05127910479665563,-0.6490496759037417,0.1491135209798813,0.147483229637146,0.04238003492355347,0.21891520103775503,0.35141157568492853,118.44807434082031,0.0796636132790409,0.43858211152958326,-0.30471967148482976,0.0,1979.0,3305.0,4981.0
ntk_N200_a0.5_wd0.001_s3,0.5,200,0.001,3,400.0,2.5e-06,ok,,,200000,200000,307,63.283207178115845,12.327858686447144,1,a32604fecc91de55d340ab4799441a26f2677242,False,2.0037890635649092e-07,118.0229721069336,128.9726104736328,1.0927754840538875,0.15285062789916992,0.0835560318499674,0.30538004636764526,0.03974556922912598,1.0,1.0,0.0149709302932024,0.02333017811179161,0.09017714112997055,0.01967432565840864,0.15481851994991302,60000,True,4000.0,3662.0,6000.0,5520.0,2000.0,False,6000.0,5520.0,2000.0,False,6000.0,5520.0,2000.0,False,4000.0,6776.0,2776.0,False,6776.0,,193224.0,True,,,,True,,,,True,,,,True,0.1324567347764969,-0.3425406217575073,0.042176008224487305,0.1610237998874129,0.37948548104249924,90.51431274414062,0.06348961362350673,-0.05739857908221135,-0.7526994576984334,0.14542469382286072,0.06858453899621964,0.04275345802307129,0.20515011754894913,0.31083607289449033,113.45841217041016,0.07581287090812092,0.36679316642685145,-0.3820143683135828,0.0,1786.0,3305.0,5520.0
ntk_N200_a0.5_wd0.001_s4,0.5,200,0.001,4,400.0,2.5e-06,ok,,,200000,200000,307,64.10195589065552,12.554386615753174,1,a32604fecc91de55d340ab4799441a26f2677242,False,1.9889074565071496e-07,117.19227600097656,128.15316772460938,1.093529130909118,0.1539507359266281,0.08447964891161128,0.3309192955493927,0.04221141338348389,1.0,1.0,0.015127868391573429,0.022952402010560036,0.09074290841817856,0.019969740713709484,0.1557343602180481,172000,True,4496.0,4058.0,6116.0,6000.0,1620.0,False,6776.0,6116.0,2280.0,False,6776.0,6116.0,2280.0,False,4496.0,6776.0,2280.0,False,7000.0,,193000.0,True,,,,True,,,,True,,,,True,0.13508252799510956,-0.24693797528743744,0.04838228225708008,0.1592398483154501,0.35138468781324883,93.4478759765625,0.0682262009562998,0.057528006201903605,-0.676723315153095,0.14673365652561188,0.1499907672405243,0.04756462574005127,0.19871451740098367,0.3697475633060964,116.26164245605469,0.0790113723948031,0.45945141245624743,-0.31382083658025667,0.0,1612.0,3305.0,5520.0
ntk_N200_a0.5_wd0.003_s0,0.5,200,0.003,0,400.0,7.5e-06,ok,,,200000,200000,307,63.738083839416504,12.252370357513428,1,a32604fecc91de55d340ab4799441a26f2677242,False,2.3546870409063558e-07,118.2148208618164,20.54974365234375,0.1738339025727133,0.05903518572449684,0.002548530117688154,-2.54514479637146,0.09951537847518921,0.05672268941998482,0.01886792480945587,0.04488665238022804,0.044915445148944855,0.09087491780519485,0.020238980369517205,0.09091854840517044,5,False,,,,,,True,,,,True,,,,True,,,,True,,,,True,,,,True,,,,True,,,,True,,,,,,,,,,,,,,,,,,,0.0,,,
ntk_N200_a0.5_wd0.003_s1,0.5,200,0.003,1,400.0,7.5e-06,ok,,,200000,200000,307,62.056198835372925,11.914098262786865,1,a32604fecc91de55d340ab4799441a26f2677242,False,2.295930272566693e-07,118.16344451904297,19.952327728271484,0.16885364005325698,0.05675550922751427,0.0017341691616112591,-2.5224196910858154,0.1261851191520691,0.04831932857632637,0.01886792480945587,0.0446576252579689,0.04556922987103462,0.09129732102155685,0.019875799298766664,0.09129943698644638,1,False,,,,,,True,,,,True,,,,True,,,,True,,,,True,,,,True,,,,True,,,,True,,,,,,,,,,,,,,,,,,,0.0,,,
ntk_N200_a0.5_wd0.003_s2,0.5,200,0.003,2,400.0,7.5e-06,ok,,,200000,200000,307,62.634934186935425,12.390296936035156,1,a32604fecc91de55d340ab4799441a26f2677242,False,2.412465391898877e-07,116.98216247558594,20.790699005126953,0.17772537765717872,0.05568975955247879,0.0013736312377412522,-2.504366397857666,0.0904703140258789,0.03991596773266792,0.0,0.044655684381723404,0.04510193690657616,0.09013324230909348,0.01943047139608517,0.09014704078435898,4,False,,,,,,True,,,,True,,,,True,,,,True,,,,True,,,,True,,,,True,,,,True,,,,,,,,,,,,,,,,,,,0.0,,,
ntk_N200_a0.5_wd0.003_s3,0.5,200,0.003,3,400.0,7.5e-06,ok,,,200000,200000,307,63.68380093574524,12.3266019821167,1,a32604fecc91de55d340ab4799441a26f2677242,False,2.374650875935913e-07,118.0229721069336,22.06917381286621,0.1869904936207728,0.05940074473619461,0.002075884456077985,-2.452587366104126,0.0836331844329834,0.042016807943582535,0.03773584961891174,0.04491472616791725,0.045375194400548935,0.09017714112997055,0.01967432565840864,0.09018916636705399,1,False,,,,,,True,,,,True,,,,True,,,,True,,,,True,,,,True,,,,True,,,,True,,,,,,,,,,,,,,,,,,,0.0,,,
ntk_N200_a0.5_wd0.003_s4,0.5,200,0.003,4,400.0,7.5e-06,ok,,,200000,200000,307,65.17645907402039,13.651223182678223,1,a32604fecc91de55d340ab4799441a26f2677242,False,2.258489644191286e-07,117.19227600097656,18.2302303314209,0.1555582923508456,0.059919506311416626,0.0018545359651546349,-2.753413200378418,0.11114132404327393,0.03781512752175331,0.09433962404727936,0.04453940689563751,0.044264838099479675,0.09074290841817856,0.019969740713709484,0.0907878652215004,20,False,,,,,,True,,,,True,,,,True,,,,True,,,,True,,,,True,,,,True,,,,True,,,,,,,,,,,,,,,,,,,0.0,,,
ntk_N200_a1_wd0_s0,1.0,200,0.0,0,100.0,0.0,ok,,,200000,200000,307,64.12989902496338,13.225966930389404,1,a32604fecc91de55d340ab4799441a26f2677242,False,2.0094954322757985e-07,118.2148208618164,248.38075256347656,2.1010965524687775,0.10276267677545547,0.030900996738385665,1.614720106124878,0.028370320796966553,1.0,0.24528302252292633,1.9454675566521473e-05,0.06694255769252777,0.09087491780519485,0.020238980369517205,0.10751732438802719,10214,True,1612.0,1455.0,,,198388.0,True,,,198388.0,True,,,198388.0,True,1313.0,,198687.0,True,2692.0,,197308.0,True,4981.0,,195019.0,True,10000.0,,190000.0,True,18900.0,,181100.0,True,0.0976095199584961,0.25414082407951355,0.008808135986328125,0.05712861266373889,0.32625738272667204,134.44436645507812,0.02634926776673721,0.33079026297922254,0.1604013850124671,,,,,,,,,,0.0,2193.0,,
ntk_N200_a1_wd0_s1,1.0,200,0.0,1,100.0,0.0,ok,,,200000,200000,307,63.535754919052124,12.648237228393555,1,a32604fecc91de55d340ab4799441a26f2677242,False,2.016847133745614e-07,118.16344451904297,246.88180541992188,2.089324718188415,0.10425394773483276,0.03081043295975213,1.5947980880737305,0.03149181604385376,1.0,0.22641509771347046,2.173050779674668e-05,0.0677732303738594,0.09129732102155685,0.019875799298766664,0.1089998185634613,8319,True,1185.0,1069.0,,,198815.0,True,,,198815.0,True,,,198815.0,True,1313.0,,198687.0,True,2692.0,,197308.0,True,4981.0,,195019.0,True,10000.0,,190000.0,True,20000.0,,180000.0,True,0.09569376707077026,0.15895093977451324,0.006436765193939209,0.04418012709375361,0.21160095416434838,127.88552856445312,0.023849749243219552,0.21276026948596918,0.09352025808021429,,,,,,,,,,0.0,2193.0,,
ntk_N200_a1_wd0_s2,1.0,200,0.0,2,100.0,0.0,ok,,,200000,200000,307,65.72435307502747,12.855736494064331,1,a32604fecc91de55d340ab4799441a26f2677242,False,1.983976716246616e-07,116.98216247558594,245.34994506835938,2.0973278308097925,0.10388345271348953,0.03083407403592492,1.585565209388733,0.029946625232696533,1.0,0.3396226465702057,1.639092261029873e-05,0.06538191437721252,0.09013324230909348,0.01943047139608517,0.10814139246940613,11000,True,965.0,871.0,,,199035.0,True,,,199035.0,True,,,199035.0,True,1313.0,,198687.0,True,2692.0,,197308.0,True,4981.0,,195019.0,True,10214.0,,189786.0,True,18900.0,,181100.0,True,0.09322831779718399,0.11430923640727997,0.004375934600830078,0.037487628232236316,0.1564652819363846,123.75869750976562,0.022065451792861807,0.15650496720019258,0.06657022053424057,,,,,,,,,,0.0,2692.0,,
ntk_N200_a1_wd0_s3,1.0,200,0.0,3,100.0,0.0,ok,,,200000,200000,307,65.7178201675415,13.531790494918823,1,a32604fecc91de55d340ab4799441a26f2677242,False,2.0288604218876571e-07,118.0229721069336,244.84750366210938,2.0745749686787045,0.10318533331155777,0.031037011050380543,1.5839271545410156,0.028209149837493896,1.0,0.4150943458080292,1.8364480638410896e-05,0.06151039898395538,0.09017714112997055,0.01967432565840864,0.10791010409593582,11000,True,1185.0,1069.0,,,198815.0,True,,,198815.0,True,,,198815.0,True,1185.0,,198815.0,True,2692.0,,197308.0,True,4981.0,,195019.0,True,10000.0,,190000.0,True,18900.0,,181100.0,True,0.09401332587003708,0.17111355066299438,0.0057967305183410645,0.04070448171841597,0.22042914969942368,127.98631286621094,0.02362751102050871,0.22842129504553113,0.1064613491063359,,,,,,,,,,0.0,2692.0,,
ntk_N200_a1_wd0_s4,1.0,200,0.0,4,100.0,0.0,ok,,,200000,200000,307,66.12113690376282,13.924099683761597,1,a32604fecc91de55d340ab4799441a26f2677242,False,1.9889074565071496e-07,117.19227600097656,245.69606018066406,2.096520936060809,0.10466347634792328,0.03188238257202029,1.6061292886734009,0.02994358539581299,1.0,0.2830188572406769,1.9348522982909344e-05,0.06912913918495178,0.09074290841817856,0.019969740713709484,0.10920178145170212,9218,True,1069.0,1000.0,,,198931.0,True,,,198931.0,True,,,198931.0,True,1313.0,,198687.0,True,2983.0,,197017.0,True,4981.0,,195019.0,True,10214.0,,189786.0,True,20000.0,,180000.0,True,0.09498855471611023,0.1364908665418625,0.005157887935638428,0.046656369089776335,0.18225220506125878,125.24869537353516,0.023324773605736888,0.1885315821699398,0.07978339769175473,,,,,,,,,,0.0,2193.0,,
ntk_N200_a1_wd3e-06_s0,1.0,200,3e-06,0,100.0,3.0000000000000004e-08,ok,,,200000,200000,307,65.65433382987976,12.88888430595398,1,a32604fecc91de55d340ab4799441a26f2677242,False,2.032987538314046e-07,118.2148208618164,222.29539489746094,1.8804359155380892,0.10821840167045593,0.03567081943803519,1.3985496759414673,0.028177618980407715,1.0,0.5849056839942932,4.7088582505239174e-05,0.045427966862916946,0.09087491780519485,0.020238980369517205,0.10821840167045593,200000,True,1612.0,1455.0,,,198388.0,True,,,198388.0,True,,,198388.0,True,1313.0,,198687.0,True,2692.0,,197308.0,True,4981.0,,195019.0,True,10214.0,,189786.0,True,20000.0,,180000.0,True,0.09762342274188995,0.24785932898521423,0.008804738521575928,0.05724067919649084,0.3188851641862516,133.93431091308594,0.026337633500003746,0.32553520329598123,0.15292725641349486,,,,,,,,,,0.0,2193.0,,
ntk_N200_a1_wd3e-06_s1,1.0,200,3e-06,1,100.0,3.0000000000000004e-08,ok,,,200000,200000,307,63.966562032699585,12.972989559173584,1,a32604fecc91de55d340ab4799441a26f2677242,False,2.016847133745614e-07,118.16344451904297,222.44757080078125,1.8825413536834743,0.10900280624628067,0.03530201179846152,1.3918043375015259,0.03301560878753662,1.0,0.5283018946647644,4.9736750952433795e-05,0.04671990126371384,0.09129732102155685,0.019875799298766664,0.10943978279829025,9218,True,1185.0,1069.0,,,198815.0,True,,,198815.0,True,,,198815.0,True,1313.0,,198687.0,True,2692.0,,197308.0,True,4981.0,,195019.0,True,10214.0,,189786.0,True,20000.0,,180000.0,True,0.09568127244710922,0.15406185388565063,0.006469249725341797,0.04398240453129523,0.20698305662239758,127.51181030273438,0.023857534962928514,0.2085510012564654,0.08788911032603072,,,,,,,,,,0.0,2193.0,,
ntk_N200_a1_wd3e-06_s2,1.0,200,3e-06,2,100.0,3.0000000000000004e-08,ok,,,200000,200000,307,64.18970084190369,13.00982117652893,1,a32604fecc91de55d340ab4799441a26f2677242,False,2.0046952897700976e-07,116.98216247558594,220.01535034179688,1.880759815734419,0.10903848707675934,0.03572546537052665,1.3710334300994873,0.030965328216552734,1.0,0.5849056839942932,4.7010085836518556e-05,0.045186787843704224,0.09013324230909348,0.01943047139608517,0.1090478003025055,198000,True,965.0,871.0,,,199035.0,True,,,199035.0,True,,,199035.0,True,1313.0,,198687.0,True,2983.0,,197017.0,True,4981.0,,195019.0,True,10214.0,,189786.0,True,19000.0,,181000.0,True,0.09317925572395325,0.11042182892560959,0.004365444183349609,0.0369934811101434,0.15292472851697003,123.4576416015625,0.02205562325505571,0.15331385338719017,0.06189092913127205,,,,,,,,,,0.0,2692.0,,
ntk_N200_a1_wd3e-06_s3,1.0,200,3e-06,3,100.0,3.0000000000000004e-08,ok,,,200000,200000,307,63.77458310127258,13.113377332687378,1,a32604fecc91de55d340ab4799441a26f2677242,False,2.0543443213227874e-07,118.0229721069336,219.3516082763672,1.858550114105123,0.10863322019577026,0.03617918484694651,1.3628003597259521,0.028176069259643555,1.0,0.7169811129570007,4.5026557927485555e-05,0.04062609374523163,0.09017714112997055,0.01967432565840864,0.10867258906364441,199000,True,1185.0,1069.0,,,198815.0,True,,,198815.0,True,,,198815.0,True,1313.0,,198687.0,True,2692.0,,197308.0,True,4981.0,,195019.0,True,10214.0,,189786.0,True,18900.0,,181100.0,True,0.09402705729007721,0.16543883085250854,0.005834817886352539,0.040730850717547236,0.21480341656853874,127.61479949951172,0.023621528136469602,0.2227062530576849,0.10079399402821974,,,,,,,,,,0.0,2692.0,,
ntk_N200_a1_wd3e-06_s4,1.0,200,3e-06,4,100.0,3.0000000000000004e-08,ok,,,200000,200000,307,63.24462699890137,13.11015510559082,1,a32604fecc91de55d340ab4799441a26f2677242,False,1.9889074565071496e-07,117.19227600097656,219.92068481445312,1.8765800300065896,0.11004184931516647,0.036724411924607,1.3922796249389648,0.03070932626724243,1.0,0.5849056839942932,4.7646608436480165e-05,0.0449424646794796,0.09074290841817856,0.019969740713709484,0.11004900187253952,197000,True,1069.0,1000.0,,,198931.0,True,,,198931.0,True,,,198931.0,True,1313.0,,198687.0,True,2983.0,,197017.0,True,4981.0,,195019.0,True,10214.0,,189786.0,True,20000.0,,180000.0,True,0.09502128511667252,0.13141800463199615,0.005147457122802734,0.047018944463504325,0.17739518646511657,124.9115219116211,0.023319672554538776,0.18358160596723158,0.07451509064629509,,,,,,,,,,0.0,2193.0,,
ntk_N200_a1_wd1e-05_s0,1.0,200,1e-05,0,100.0,1.0000000000000001e-07,ok,,,200000,200000,307,62.95180583000183,12.272998094558716,1,a32604fecc91de55d340ab4799441a26f2677242,False,1.9951417584707087e-07,118.2148208618164,190.70523071289062,1.6132091502791317,0.11811763793230057,0.045644863563299026,1.1013127565383911,0.03162026405334473,1.0,1.0,0.00013642797421198338,0.020952370017766953,0.09087491780519485,0.020238980369517205,0.11818522214889526,199000,True,1612.0,1455.0,106000.0,105000.0,104388.0,False,175000.0,174000.0,173388.0,False,175000.0,174000.0,173388.0,False,1313.0,93000.0,91687.0,False,2692.0,,197308.0,True,4981.0,,195019.0,True,10214.0,,189786.0,True,20000.0,,180000.0,True,0.09757054597139359,0.23163439333438873,0.008784055709838867,0.0568921363719448,0.3001616396414406,132.75587463378906,0.026344885036890288,0.31013195374901165,0.13552151214367728,0.11736118048429489,1.1201181411743164,0.03131532669067383,0.11862160432230802,2.111188230456673,192.5728302001953,0.04475829111453339,1.3766637063991034,0.7116130516680566,0.0,2193.0,,
ntk_N200_a1_wd1e-05_s1,1.0,200,1e-05,1,100.0,1.0000000000000001e-07,ok,,,200000,200000,307,62.96747899055481,12.549314737319946,1,a32604fecc91de55d340ab4799441a26f2677242,False,2.016847133745614e-07,118.16344451904297,189.86895751953125,1.6068333001999817,0.11917305737733841,0.04593980936023977,1.0800350904464722,0.033960163593292236,1.0,1.0,0.00013228959869593382,0.02095903642475605,0.09129732102155685,0.019875799298766664,0.11920482665300369,198000,True,1185.0,1069.0,144000.0,143000.0,142815.0,False,157000.0,156000.0,155815.0,False,157000.0,156000.0,155815.0,False,1313.0,110000.0,108687.0,False,2983.0,,197017.0,True,4981.0,,195019.0,True,10214.0,,189786.0,True,20941.0,,179059.0,True,0.09569889307022095,0.14122577011585236,0.006438851356506348,0.04422322572022971,0.19452484282658783,126.64473724365234,0.023849910861827337,0.19581151708435618,0.07478879264336462,0.11755325645208359,1.1176561117172241,0.0332942008972168,0.11496418742865472,2.1065731527895033,193.86557006835938,0.04412393702682049,1.3677541877284716,0.7116108068847197,0.0,2193.0,,
ntk_N200_a1_wd1e-05_s2,1.0,200,1e-05,2,100.0,1.0000000000000001e-07,ok,,,200000,200000,307,63.60733604431152,12.535790920257568,1,a32604fecc91de55d340ab4799441a26f2677242,False,1.983976716246616e-07,116.98216247558594,185.1678009033203,1.5828720976325314,0.12177827209234238,0.04839180490459686,1.0266532897949219,0.03376615047454834,1.0,1.0,0.0001255751121789217,0.0164537001401186,0.09013324230909348,0.01943047139608517,0.12177827209234238,200000,True,965.0,871.0,106000.0,105000.0,105035.0,False,168000.0,167000.0,167035.0,False,168000.0,167000.0,167035.0,False,1313.0,77000.0,75687.0,False,2983.0,156000.0,153017.0,False,5520.0,,194480.0,True,11000.0,,189000.0,True,20000.0,,180000.0,True,0.09319732338190079,0.09987954795360565,0.0043790340423583984,0.03714553700398851,0.14392737068177872,122.75825500488281,0.022052268967661284,0.14303046552223467,0.05098408919936121,0.12020619958639145,1.058181643486023,0.03345906734466553,0.12951906574676536,1.9316944146397579,188.07443237304688,0.046727109525532995,1.3335010139868497,0.616190160508802,0.0,2692.0,164000.0,
ntk_N200_a1_wd1e-05_s3,1.0,200,1e-05,3,100.0,1.0000000000000001e-07,ok,,,200000,200000,307,63.22198176383972,12.905896186828613,1,a32604fecc91de55d340ab4799441a26f2677242,False,2.0037890635649092e-07,118.0229721069336,188.28175354003906,1.5952975101275044,0.11827000230550766,0.04614679929446507,1.0653384923934937,0.030779123306274414,1.0,1.0,0.0001286220212932676,0.018438929691910744,0.09017714112997055,0.01967432565840864,0.1183256283402443,198000,True,1455.0,1313.0,81000.0,80000.0,79545.0,False,157000.0,156000.0,155545.0,False,157000.0,156000.0,155545.0,False,1313.0,71000.0,69687.0,False,2692.0,171000.0,168308.0,False,4981.0,,195019.0,True,10214.0,,189786.0,True,20000.0,,180000.0,True,0.09530969709157944,0.2083897739648819,0.007364034652709961,0.048043569806963726,0.268005042834891,130.2075653076172,0.02482642399473598,0.2827129289093192,0.123041978272805,0.11681023240089417,1.0980600118637085,0.03007984161376953,0.12104704056976397,2.0429772026656146,191.71759033203125,0.044699561919367484,1.374483834991146,0.6679516448821028,0.0,2692.0,,
ntk_N200_a1_wd1e-05_s4,1.0,200,1e-05,4,100.0,1.0000000000000001e-07,ok,,,200000,200000,307,63.79411506652832,12.692132472991943,1,a32604fecc91de55d340ab4799441a26f2677242,False,1.9889074565071496e-07,117.19227600097656,187.71682739257812,1.6017849793361285,0.11998241394758224,0.04775435597499133,1.0737805366516113,0.034902095794677734,1.0,1.0,0.00013066851533949375,0.01928037777543068,0.09074290841817856,0.019969740713709484,0.11998241394758224,200000,True,1069.0,1000.0,115000.0,114000.0,113931.0,False,165000.0,164000.0,163931.0,False,165000.0,164000.0,163931.0,False,1313.0,86000.0,84687.0,False,2983.0,189000.0,186017.0,False,5520.0,,194480.0,True,10214.0,,189786.0,True,20000.0,,180000.0,True,0.09499475359916687,0.1196708008646965,0.005159735679626465,0.04671196823997289,0.16672054750016266,124.12916564941406,0.023327569974901978,0.1721940538398294,0.06224675621874855,0.1188374012708664,1.10267972946167,0.033993303775787354,0.12110554980075784,2.0624885021040145,190.7372283935547,0.04637682874256496,1.3862193724796994,0.6618143610349894,0.0,2193.0,,
ntk_N200_a1_wd3e-05_s0,1.0,200,3e-05,0,100.0,3e-07,ok,,,200000,200000,307,62.0465989112854,12.775646924972534,1,a32604fecc91de55d340ab4799441a26f2677242,False,2.0724925775539305e-07,118.2148208618164,158.69924926757812,1.342464913541465,0.136274516582489,0.06506411096373185,0.7306711077690125,0.03576725721359253,1.0,1.0,0.0003591290151234716,0.006921436637639999,0.09087491780519485,0.020238980369517205,0.13637112081050873,199000,True,1612.0,1455.0,25000.0,24000.0,23388.0,False,31000.0,30000.0,29388.0,False,31000.0,30000.0,29388.0,False,1313.0,22000.0,20687.0,False,2983.0,38000.0,35017.0,False,5520.0,87000.0,81480.0,False,11000.0,,189000.0,True,24000.0,,176000.0,True,0.0976274237036705,0.18562310934066772,0.008837878704071045,0.057187599054948066,0.25077821245150067,129.45608520507812,0.026355241620884564,0.26664136338848626,0.0861114426751176,0.11917060613632202,0.9961520433425903,0.03072488307952881,0.12690534399736053,1.7558862186976099,182.40711975097656,0.04720234904698306,1.2444542726747754,0.6065116560529384,0.0,2193.0,34974.0,
ntk_N200_a1_wd3e-05_s1,1.0,200,3e-05,1,100.0,3e-07,ok,,,200000,200000,307,62.76180100440979,12.740511894226074,1,a32604fecc91de55d340ab4799441a26f2677242,False,2.0705526537767582e-07,118.16344451904297,159.00245666503906,1.3456146045185282,0.1365767866373062,0.0648269963570862,0.7305545806884766,0.039484620094299316,1.0,1.0,0.00036003260174766183,0.006935179699212313,0.09129732102155685,0.019875799298766664,0.13657847046852112,199000,True,1313.0,1185.0,30000.0,29000.0,28687.0,False,31000.0,30000.0,29687.0,False,31000.0,30000.0,29687.0,False,1313.0,23000.0,21687.0,False,2983.0,37000.0,34017.0,False,5520.0,85000.0,79480.0,False,11000.0,,189000.0,True,24000.0,,176000.0,True,0.09629430621862411,0.12855924665927887,0.007364332675933838,0.04699356490757819,0.188609099496432,125.51211547851562,0.024397698140962404,0.1927664540541513,0.04946540936286056,0.12024868279695511,0.9848684668540955,0.03386402130126953,0.12470107895692398,1.730669640028531,182.17124938964844,0.047104981877042845,1.2311946217849867,0.5908412113938453,0.0,2193.0,31000.0,
ntk_N200_a1_wd3e-05_s2,1.0,200,3e-05,2,100.0,3e-07,ok,,,200000,200000,307,62.81166195869446,12.959026575088501,1,a32604fecc91de55d340ab4799441a26f2677242,False,2.0466724492962385e-07,116.98216247558594,158.2838592529297,1.353059781964309,0.13760989904403687,0.06524476359773845,0.7096911072731018,0.03746378421783447,1.0,1.0,0.00034610796137712896,0.006790901068598032,0.09013324230909348,0.01943047139608517,0.13760989904403687,200000,True,871.0,786.0,25710.0,25000.0,24839.0,False,31564.0,31000.0,30693.0,False,31564.0,31000.0,30693.0,False,1313.0,18900.0,17587.0,False,2983.0,31000.0,28017.0,False,5520.0,70000.0,64480.0,False,11000.0,,189000.0,True,22000.0,,178000.0,True,0.09274767339229584,0.056166987866163254,0.0038188695907592773,0.034017491351288176,0.10687386082107254,120.00554656982422,0.021654192116565003,0.0936224530738992,0.013887518268879353,0.1221076175570488,0.9460113048553467,0.03171306848526001,0.13998654969112012,1.6264345911705993,178.81910705566406,0.04911243953827432,1.2127301025372539,0.5232779034954469,0.0,2692.0,25710.0,
ntk_N200_a1_wd3e-05_s3,1.0,200,3e-05,3,100.0,3e-07,ok,,,200000,200000,307,63.4314649105072,12.675044775009155,1,a32604fecc91de55d340ab4799441a26f2677242,False,2.0737726913466759e-07,118.0229721069336,158.66775512695312,1.3443802701663343,0.13656271994113922,0.06488957800583608,0.7092670202255249,0.036036133766174316,1.0,1.0,0.0003595894086174667,0.006052367389202118,0.09017714112997055,0.01967432565840864,0.13656271994113922,200000,True,1612.0,1455.0,20941.0,20000.0,19329.0,False,34000.0,33000.0,32388.0,False,34000.0,33000.0,32388.0,False,1313.0,18900.0,17587.0,False,2983.0,31564.0,28581.0,False,5520.0,71708.0,66188.0,False,11000.0,,189000.0,True,23000.0,,177000.0,True,0.09608950465917587,0.19646023213863373,0.008251070976257324,0.05213237867906143,0.2592594448041486,129.07212829589844,0.025531797099494914,0.28318667946655146,0.09526581293114819,0.1198284700512886,0.9565165042877197,0.029758453369140625,0.13408331898766265,1.6502364647035326,179.2992401123047,0.048555029392958325,1.2271047318615669,0.5394919163193517,0.0,2692.0,34974.0,
ntk_N200_a1_wd3e-05_s4,1.0,200,3e-05,4,100.0,3e-07,ok,,,200000,200000,307,62.477659940719604,13.127654790878296,1,a32604fecc91de55d340ab4799441a26f2677242,False,2.039666640030191e-07,117.19227600097656,157.65225219726562,1.3452443930345026,0.13626927137374878,0.0651815600695869,0.7404707670211792,0.039381325244903564,1.0,1.0,0.0003596726746764034,0.006419206038117409,0.09074290841817856,0.019969740713709484,0.13641853630542755,199000,True,1185.0,1069.0,23000.0,22000.0,21815.0,False,30000.0,29000.0,28815.0,False,30000.0,29000.0,28815.0,False,1313.0,20941.0,19628.0,False,2983.0,34000.0,31017.0,False,5520.0,78000.0,72480.0,False,11000.0,,189000.0,True,23204.0,,176796.0,True,0.09555793553590775,0.10704025626182556,0.0058689117431640625,0.04963078416911843,0.16072341595433537,123.0254898071289,0.02381208249798555,0.17002433400876196,0.036743476919340906,0.12058597803115845,0.9906461238861084,0.03301692008972168,0.12939317424688035,1.7447050152452002,181.10528564453125,0.048386568087485024,1.2659664105640653,0.5685301153588269,0.0,2193.0,28487.0,
ntk_N200_a1_wd0.0001_s0,1.0,200,0.0001,0,100.0,1e-06,ok,,,200000,200000,307,60.80700492858887,12.247325658798218,1,a32604fecc91de55d340ab4799441a26f2677242,False,1.9851709964768816e-07,118.2148208618164,139.71954345703125,1.181912237724846,0.1481436789035797,0.0775109298450446,0.4858803451061249,0.03618001937866211,1.0,1.0,0.001498687663115561,0.006178129930049181,0.09087491780519485,0.020238980369517205,0.14838601648807526,197000,True,1786.0,1612.0,11000.0,10214.0,9214.0,False,13894.0,13000.0,12108.0,False,13894.0,13000.0,12108.0,False,1612.0,10000.0,8388.0,False,3662.0,13894.0,10232.0,False,6776.0,25000.0,18224.0,False,13000.0,,187000.0,True,,,,True,0.09856518357992172,0.05038024112582207,0.010042846202850342,0.06110268845541242,0.15426617509390705,119.72093200683594,0.02712229819675255,0.15213430735058295,-0.07782653209783007,0.12780889868736267,0.683175802230835,0.03234446048736572,0.15870926477888597,1.0434579074759813,155.1270751953125,0.05633368384162092,0.9450440147611905,0.26522572925587906,0.0,2193.0,9000.0,34000.0
ntk_N200_a1_wd0.0001_s1,1.0,200,0.0001,1,100.0,1e-06,ok,,,200000,200000,307,60.386940002441406,12.515323162078857,1,a32604fecc91de55d340ab4799441a26f2677242,False,2.016847133745614e-07,118.16344451904297,139.3952178955078,1.179681402001134,0.15010705590248108,0.07776005676835428,0.4695870578289032,0.03890031576156616,1.0,1.0,0.0015330774476751685,0.006574824918061495,0.09129732102155685,0.019875799298766664,0.15037617087364197,183000,True,1612.0,1455.0,11000.0,10214.0,9388.0,False,11317.0,11000.0,9705.0,False,11317.0,11000.0,9705.0,False,1612.0,10000.0,8388.0,False,3662.0,13894.0,10232.0,False,6776.0,25000.0,18224.0,False,13000.0,,187000.0,True,,,,True,0.09768148511648178,0.026193615049123764,0.009662032127380371,0.052613013311667615,0.14333847800512048,118.06261444091797,0.02565133615034839,0.11443563748554925,-0.08609380600778366,0.12564584612846375,0.6815086603164673,0.03407871723175049,0.1453293636819759,1.043548690478618,156.70199584960938,0.05317913396298477,0.9374019302423712,0.26760789001376956,0.0,2193.0,8319.0,28000.0
ntk_N200_a1_wd0.0001_s2,1.0,200,0.0001,2,100.0,1e-06,ok,,,200000,200000,307,60.84069108963013,12.031535863876343,1,a32604fecc91de55d340ab4799441a26f2677242,False,1.983976716246616e-07,116.98216247558594,139.21328735351562,1.1900385871441665,0.14873480796813965,0.07692206561297674,0.4598696827888489,0.03754359483718872,1.0,1.0,0.0015036597615107894,0.006548632867634296,0.09013324230909348,0.01943047139608517,0.1493842452764511,186000,True,1313.0,1185.0,11317.0,11000.0,10004.0,False,12000.0,11317.0,10687.0,False,12000.0,11317.0,10687.0,False,1612.0,10000.0,8388.0,False,3662.0,13000.0,9338.0,False,6776.0,25000.0,18224.0,False,13000.0,,187000.0,True,,,,True,0.09468008577823639,-0.00821708794683218,0.0065956711769104,0.04501539146629402,0.11469762954058754,115.33645629882812,0.02347140207117689,0.0646913986895947,-0.0943331522609779,0.12718512117862701,0.6606655120849609,0.03270447254180908,0.15833716087992128,1.0014412266071635,155.15330505371094,0.0547388035149295,0.9354538235334733,0.22333606629129782,0.0,2430.0,8000.0,29000.0
ntk_N200_a1_wd0.0001_s3,1.0,200,0.0001,3,100.0,1e-06,ok,,,200000,200000,307,61.05183792114258,12.607591152191162,1,a32604fecc91de55d340ab4799441a26f2677242,False,2.0037890635649092e-07,118.0229721069336,139.58799743652344,1.1827188804400812,0.1485624760389328,0.07718204157607991,0.45753517746925354,0.03644073009490967,1.0,1.0,0.0015142717165872455,0.00605317996814847,0.09017714112997055,0.01967432565840864,0.14881397783756256,190000,True,2430.0,2193.0,11000.0,10214.0,8570.0,False,12000.0,11317.0,9570.0,False,12000.0,11317.0,9570.0,False,1612.0,10000.0,8388.0,False,3662.0,13894.0,10232.0,False,6776.0,24000.0,17224.0,False,13000.0,,187000.0,True,,,,True,0.1001676544547081,0.14846478402614594,0.012685835361480713,0.07040875118986281,0.23463451113322603,124.07034301757812,0.029211681176189833,0.297300342582769,-0.039914685148328084,0.12524685263633728,0.6737698912620544,0.030374109745025635,0.15520875432354403,1.0217052797479023,156.14224243164062,0.0537392857845878,0.9532503072089044,0.23706015702343186,0.0,2430.0,9000.0,32000.0
ntk_N200_a1_wd0.0001_s4,1.0,200,0.0001,4,100.0,1e-06,ok,,,200000,200000,307,61.384191036224365,12.017222166061401,1,a32604fecc91de55d340ab4799441a26f2677242,False,1.9896408787190012e-07,117.19227600097656,138.92506408691406,1.1854455671272772,0.14923427999019623,0.07813776374361846,0.48590198159217834,0.04126143455505371,1.0,1.0,0.0015045463806018233,0.0062425462529063225,0.09074290841817856,0.019969740713709484,0.149539977312088,192000,True,1612.0,1455.0,10000.0,9218.0,8388.0,False,11000.0,10214.0,9388.0,False,11000.0,10214.0,9388.0,False,1612.0,10000.0,8388.0,False,3662.0,13000.0,9338.0,False,6776.0,24000.0,17224.0,False,12539.0,,187461.0,True,,,,True,0.09767983853816986,0.025229759514331818,0.008686423301696777,0.05897491948348296,0.1359206076187979,116.84732055664062,0.025719248581916737,0.12670784690794992,-0.09488178150005737,0.1257636696100235,0.6900100111961365,0.03398841619491577,0.14801780343658827,1.059736528618382,156.05357360839844,0.05425689360138271,0.975594208924065,0.2459754431301765,0.0,2193.0,8000.0,31564.0
ntk_N200_a1_wd0.0003_s0,1.0,200,0.0003,0,100.0,2.9999999999999997e-06,ok,,,200000,200000,307,59.67621612548828,12.069448947906494,1,a32604fecc91de55d340ab4799441a26f2677242,False,2.0278325507661066e-07,118.2148208618164,117.09577941894531,0.9905338312513355,0.14969587326049805,0.08007056463000142,0.15483562648296356,0.03621333837509155,1.0,1.0,0.006717986427247524,0.013551647774875164,0.09087491780519485,0.020238980369517205,0.15097124874591827,169000,True,6000.0,5520.0,10000.0,9218.0,4000.0,False,10214.0,10000.0,4214.0,False,10214.0,10000.0,4214.0,False,3662.0,9000.0,5338.0,False,6776.0,12539.0,5763.0,False,12000.0,,188000.0,True,,,,True,,,,True,0.11925970017910004,-0.15879376232624054,0.029016196727752686,0.1302535374354898,0.26659745793804607,100.43517303466797,0.047710451979023766,0.09972664578252902,-0.557164316592585,0.13477705419063568,0.12219779193401337,0.03462892770767212,0.18109497314059264,0.30847428526626464,114.82997131347656,0.0642830366545672,0.3980954138582707,-0.3180231277237461,0.0,2430.0,6116.0,13894.0
ntk_N200_a1_wd0.0003_s1,1.0,200,0.0003,1,100.0,2.9999999999999997e-06,ok,,,200000,200000,307,60.92683005332947,11.938743114471436,1,a32604fecc91de55d340ab4799441a26f2677242,False,2.0331880534740776e-07,118.16344451904297,116.96409606933594,0.9898500889628877,0.15125854313373566,0.08045025682553285,0.13899816572666168,0.03856337070465088,1.0,1.0,0.006785072386264801,0.014112935401499271,0.09129732102155685,0.019875799298766664,0.15209229290485382,144000,True,5520.0,5000.0,10000.0,9218.0,4480.0,False,11000.0,10214.0,5480.0,False,11000.0,10214.0,5480.0,False,3662.0,9000.0,5338.0,False,6776.0,13000.0,6224.0,False,12000.0,,188000.0,True,,,,True,,,,True,0.11623648554086685,-0.2192765772342682,0.030076920986175537,0.1142117980279496,0.29509767425489875,97.63134002685547,0.04512118664597782,0.032315341364322674,-0.6117841918378988,0.13702577352523804,0.12516619265079498,0.03871661424636841,0.1795233766440618,0.32486596230782244,115.60798645019531,0.06695379854374887,0.39906401542850484,-0.31821999292633923,0.0,2692.0,6776.0,12539.0
ntk_N200_a1_wd0.0003_s2,1.0,200,0.0003,2,100.0,2.9999999999999997e-06,ok,,,200000,200000,307,61.74861788749695,12.771497249603271,1,a32604fecc91de55d340ab4799441a26f2677242,False,1.983976716246616e-07,116.98216247558594,116.6258773803711,0.9969543639160441,0.15107440948486328,0.08058793038277758,0.1278073489665985,0.03620946407318115,1.0,1.0,0.006651326548308134,0.013507829047739506,0.09013324230909348,0.01943047139608517,0.15251372754573822,180503,True,4496.0,4058.0,9218.0,9000.0,4722.0,False,10214.0,10000.0,5718.0,False,10214.0,10000.0,5718.0,False,3662.0,9000.0,5338.0,False,6776.0,12539.0,5763.0,False,11317.0,,188683.0,True,,,,True,,,,True,0.11005454510450363,-0.3088797330856323,0.025301456451416016,0.09972942815267964,0.328288060093953,92.95503997802734,0.03865550229968233,-0.05814410546304339,-0.6832535344160505,0.1359400749206543,0.09268122166395187,0.03636479377746582,0.1844339924869579,0.29870738936983504,114.4326171875,0.0655083305716615,0.3782320567331554,-0.35678450701616526,0.0,2983.0,6116.0,12539.0
ntk_N200_a1_wd0.0003_s3,1.0,200,0.0003,3,100.0,2.9999999999999997e-06,ok,,,200000,200000,307,62.07078409194946,11.965991735458374,1,a32604fecc91de55d340ab4799441a26f2677242,False,2.042635571797291e-07,118.0229721069336,117.30146789550781,0.9938867476513634,0.14834627509117126,0.07826031800333358,0.14252923429012299,0.03705191612243652,1.0,1.0,0.006737675052136183,0.013541693799197674,0.09017714112997055,0.01967432565840864,0.14926736056804657,122000,True,5000.0,4981.0,10000.0,9218.0,5000.0,False,11000.0,10214.0,6000.0,False,11000.0,10214.0,6000.0,False,3662.0,9000.0,5338.0,False,6776.0,13000.0,6224.0,False,12000.0,,188000.0,True,,,,True,,,,True,0.11178666353225708,-0.2400781661272049,0.025660216808319092,0.1067210989665917,0.2931255715258342,96.39222717285156,0.041145021215912146,0.029440764063181836,-0.6441747893722559,0.13644666969776154,0.12034904211759567,0.03547799587249756,0.18814734795745341,0.310462726203116,116.02845001220703,0.06527455485109465,0.41564907971001275,-0.3421913616028362,0.0,2983.0,6776.0,13894.0
ntk_N200_a1_wd0.0003_s4,1.0,200,0.0003,4,100.0,2.9999999999999997e-06,ok,,,200000,200000,307,61.635542154312134,12.07492208480835,1,a32604fecc91de55d340ab4799441a26f2677242,False,1.9889074565071496e-07,117.19227600097656,116.44127655029297,0.9935917325244427,0.15095140039920807,0.08084940664639316,0.14940020442008972,0.04037517309188843,1.0,1.0,0.006750660948455334,0.013550246134400368,0.09074290841817856,0.019969740713709484,0.1519508808851242,185000,True,4496.0,4058.0,9000.0,8319.0,4504.0,False,10000.0,9218.0,5504.0,False,10000.0,9218.0,5504.0,False,3662.0,9000.0,5338.0,False,6776.0,12539.0,5763.0,False,11317.0,,188683.0,True,,,,True,,,,True,0.1108412891626358,-0.3199150562286377,0.027371764183044434,0.0975869948736471,0.33869882005615226,91.95410919189453,0.039260901758632574,-0.04859125204675225,-0.7209936490954281,0.13591159880161285,0.09987027198076248,0.03909391164779663,0.1766782365962446,0.31214264470197256,113.3603515625,0.06625490899970063,0.40607003912176515,-0.37948555361604586,0.0,2430.0,6776.0,12539.0
ntk_N200_a1_wd0.001_s0,1.0,200,0.001,0,100.0,1e-05,ok,,,200000,200000,307,63.88722109794617,12.422532796859741,1,a32604fecc91de55d340ab4799441a26f2677242,False,2.1329678645543027e-07,118.2148208618164,46.86521530151367,0.39644111423469763,0.09490522742271423,0.028862826957717254,-1.294236421585083,0.0575946569442749,0.19117647409439087,0.0,0.04109692946076393,0.047626253217458725,0.09087491780519485,0.020238980369517205,0.09491966664791107,197000,False,,,,,,True,,,,True,,,,True,,,,True,,,,True,,,,True,,,,True,,,,True,,,,,,,,,,,,,,,,,,,0.0,,,
ntk_N200_a1_wd0.001_s1,1.0,200,0.001,1,100.0,1e-05,ok,,,200000,200000,307,64.23472213745117,12.0870361328125,1,a32604fecc91de55d340ab4799441a26f2677242,False,2.1147612017102801e-07,118.16344451904297,44.42965316772461,0.37600167588686384,0.08807701617479324,0.024801851556589843,-1.3524909019470215,0.06489461660385132,0.1449579894542694,0.0,0.04191937670111656,0.04919828847050667,0.09129732102155685,0.019875799298766664,0.09129919111728668,2,False,,,,,,True,,,,True,,,,True,,,,True,,,,True,,,,True,,,,True,,,,True,,,,,,,,,,,,,,,,,,,0.0,,,
ntk_N200_a1_wd0.001_s2,1.0,200,0.001,2,100.0,1e-05,ok,,,200000,200000,307,64.06840205192566,12.70547080039978,1,a32604fecc91de55d340ab4799441a26f2677242,False,2.0634129782592936e-07,116.98216247558594,46.459285736083984,0.3971484605251676,0.09056330472230911,0.027933195095842533,-1.2939025163650513,0.060735344886779785,0.212184876203537,0.01886792480945587,0.04076406732201576,0.04741234332323074,0.09013324230909348,0.01943047139608517,0.09066230058670044,165000,False,,,,,,True,,,,True,,,,True,,,,True,,,,True,,,,True,,,,True,,,,True,,,,,,,,,,,,,,,,,,,0.0,,,
ntk_N200_a1_wd0.001_s3,1.0,200,0.001,3,100.0,1e-05,ok,,,200000,200000,307,63.084688901901245,12.298753023147583,1,a32604fecc91de55d340ab4799441a26f2677242,False,2.1159587504371302e-07,118.0229721069336,47.7888298034668,0.40491125541363404,0.09130413830280304,0.026761181707266924,-1.2631839513778687,0.05787992477416992,0.18487395346164703,0.0,0.040946561843156815,0.04792604222893715,0.09017714112997055,0.01967432565840864,0.09137509763240814,161000,False,,,,,,True,,,,True,,,,True,,,,True,,,,True,,,,True,,,,True,,,,True,,,,,,,,,,,,,,,,,,,0.0,,,
ntk_N200_a1_wd0.001_s4,1.0,200,0.001,4,100.0,1e-05,ok,,,200000,200000,307,64.45729875564575,12.71889352798462,1,a32604fecc91de55d340ab4799441a26f2677242,False,2.0865968508587684e-07,117.19227600097656,44.10557556152344,0.3763522398110598,0.09138890355825424,0.029353450519329735,-1.3924604654312134,0.06795954704284668,0.17016807198524475,0.0,0.04117784649133682,0.04710856452584267,0.09074290841817856,0.019969740713709484,0.09162921458482742,184000,False,,,,,,True,,,,True,,,,True,,,,True,,,,True,,,,True,,,,True,,,,True,,,,,,,,,,,,,,,,,,,0.0,,,
ntk_N200_a1_wd0.003_s0,1.0,200,0.003,0,100.0,3e-05,ok,,,200000,200000,307,65.15482425689697,12.932127475738525,1,a32604fecc91de55d340ab4799441a26f2677242,False,2.7141760483573307e-07,118.2148208618164,17.574125289916992,0.14866262251887796,0.055561672896146774,0.0006191965186242534,-2.7948966026306152,0.10871577262878418,0.052521008998155594,0.03773584961891174,0.0553474985063076,0.054855749011039734,0.09087491780519485,0.020238980369517205,0.09091009199619293,10,False,,,,,,True,,,,True,,,,True,,,,True,,,,True,,,,True,,,,True,,,,True,,,,,,,,,,,,,,,,,,,0.0,,,
ntk_N200_a1_wd0.003_s1,1.0,200,0.003,1,100.0,3e-05,ok,,,200000,200000,307,61.94048595428467,12.589601993560791,1,a32604fecc91de55d340ab4799441a26f2677242,False,2.5020722205226775e-07,118.16344451904297,16.840993881225586,0.1425228754101826,0.054875969886779785,0.0011925936977086615,-2.8254637718200684,0.1349560022354126,0.05672268941998482,0.01886792480945587,0.05459665507078171,0.05563906952738762,0.09129732102155685,0.019875799298766664,0.0912991464138031,2,False,,,,,,True,,,,True,,,,True,,,,True,,,,True,,,,True,,,,True,,,,True,,,,,,,,,,,,,,,,,,,0.0,,,
ntk_N200_a1_wd0.003_s2,1.0,200,0.003,2,100.0,3e-05,ok,,,200000,200000,307,61.665387868881226,13.017610788345337,1,a32604fecc91de55d340ab4799441a26f2677242,False,2.5755073806976725e-07,116.98216247558594,17.41678810119629,0.14888413526148617,0.05320495367050171,0.0006502461201227561,-2.815774917602539,0.10618287324905396,0.03781512752175331,0.0,0.054754022508859634,0.05469337850809097,0.09013324230909348,0.01943047139608517,0.09014519304037094,8,False,,,,,,True,,,,True,,,,True,,,,True,,,,True,,,,True,,,,True,,,,True,,,,,,,,,,,,,,,,,,,0.0,,,
ntk_N200_a1_wd0.003_s3,1.0,200,0.003,3,100.0,3e-05,ok,,,200000,200000,307,60.49380397796631,12.411009788513184,1,a32604fecc91de55d340ab4799441a26f2677242,False,2.55864847531484e-07,118.0229721069336,18.825063705444336,0.159503386242367,0.05757071077823639,0.0005941470934115816,-2.727466344833374,0.08876323699951172,0.03781512752175331,0.03773584961891174,0.05562606453895569,0.05556716397404671,0.09017714112997055,0.01967432565840864,0.09018905460834503,2,False,,,,,,True,,,,True,,,,True,,,,True,,,,True,,,,True,,,,True,,,,True,,,,,,,,,,,,,,,,,,,0.0,,,
ntk_N200_a1_wd0.003_s4,1.0,200,0.003,4,100.0,3e-05,ok,,,200000,200000,307,60.165794134140015,12.649558544158936,1,a32604fecc91de55d340ab4799441a26f2677242,False,2.539624404107599e-07,117.19227600097656,14.619221687316895,0.12474560769854041,0.056337010115385056,0.0006777731732577285,-3.1296911239624023,0.14350491762161255,0.03991596773266792,0.09433962404727936,0.05407309532165527,0.05251600220799446,0.09074290841817856,0.019969740713709484,0.09077268093824387,13,False,,,,,,True,,,,True,,,,True,,,,True,,,,True,,,,True,,,,True,,,,True,,,,,,,,,,,,,,,,,,,0.0,,,
ntk_N200_a2_wd0_s0,2.0,200,0.0,0,25.0,0.0,ok,,,200000,200000,307,60.58562397956848,12.651128053665161,1,a32604fecc91de55d340ab4799441a26f2677242,False,1.9851709964768816e-07,118.2148208618164,197.3191375732422,1.6691573538303826,0.0988808423280716,0.02730412065168549,1.1233978271484375,0.02405405044555664,1.0,0.07547169923782349,7.933600136311725e-05,0.10944776237010956,0.09087491780519485,0.020238980369517205,0.1011853739619255,17057,True,1612.0,1455.0,,,198388.0,True,,,198388.0,True,,,198388.0,True,1313.0,,198687.0,True,3662.0,,196338.0,True,8319.0,,191681.0,True,22000.0,,178000.0,True,47000.0,,153000.0,True,0.0930691808462143,0.06956633925437927,0.002988159656524658,0.03204641222408847,0.10770666291206397,122.59002685546875,0.022179637144095276,0.09442888149864995,0.04098456523410509,,,,,,,,,,0.0,8319.0,,
ntk_N200_a2_wd0_s1,2.0,200,0.0,1,25.0,0.0,ok,,,200000,200000,307,60.940202951431274,12.627168893814087,1,a32604fecc91de55d340ab4799441a26f2677242,False,2.016847133745614e-07,118.16344451904297,196.4220733642578,1.662291363997965,0.10062099993228912,0.027159643384621485,1.1019409894943237,0.025954008102416992,1.0,0.056603774428367615,6.83456746628508e-05,0.11064215749502182,0.09129732102155685,0.019875799298766664,0.10296303778886795,19000,True,710.0,640.0,,,199290.0,True,,,199290.0,True,,,199290.0,True,1313.0,,198687.0,True,3662.0,,196338.0,True,9000.0,,191000.0,True,23000.0,,177000.0,True,46000.0,,154000.0,True,0.09188816696405411,0.01706230267882347,0.001025080680847168,0.015173742134530715,0.04883809377866508,119.2658920288086,0.020441616028681105,0.024840067157663046,0.00848366270719982,,,,,,,,,,0.0,6776.0,,
ntk_N200_a2_wd0_s2,2.0,200,0.0,2,25.0,0.0,ok,,,200000,200000,307,62.99870181083679,13.41089153289795,1,a32604fecc91de55d340ab4799441a26f2677242,False,1.983976716246616e-07,116.98216247558594,196.07626342773438,1.676121036561068,0.09894904494285583,0.02621662315084968,1.1193034648895264,0.0241086483001709,1.0,0.056603774428367615,7.661703421035782e-05,0.11309041827917099,0.09013324230909348,0.01943047139608517,0.10137169063091278,23000,True,710.0,640.0,,,199290.0,True,,,199290.0,True,,,199290.0,True,1313.0,,198687.0,True,3662.0,,196338.0,True,9000.0,,191000.0,True,23000.0,,177000.0,True,47000.0,,153000.0,True,0.09070952981710434,0.017815450206398964,0.0009009242057800293,0.015535512976585357,0.0465187607800172,117.976806640625,0.019842384524353128,0.025942869669682327,0.009229051625874713,,,,,,,,,,0.0,10000.0,,
ntk_N200_a2_wd0_s3,2.0,200,0.0,3,25.0,0.0,ok,,,200000,200000,307,62.26074695587158,12.756028413772583,1,a32604fecc91de55d340ab4799441a26f2677242,False,2.0037890635649092e-07,118.0229721069336,195.8682861328125,1.6595776452345896,0.09879280626773834,0.026969468951803313,1.1020747423171997,0.02247673273086548,1.0,0.1320754736661911,7.191219629021361e-05,0.1106521338224411,0.09017714112997055,0.01967432565840864,0.10084276646375656,17057,True,1000.0,965.0,,,199000.0,True,,,199000.0,True,,,199000.0,True,1313.0,,198687.0,True,3662.0,,196338.0,True,8319.0,,191681.0,True,23000.0,,177000.0,True,46000.0,,154000.0,True,0.09109506011009216,0.036616694182157516,0.0015777349472045898,0.01895006699773873,0.06831947478707598,120.03428649902344,0.02061040630670915,0.050714885056804965,0.021359605423793667,,,,,,,,,,0.0,11000.0,,
ntk_N200_a2_wd0_s4,2.0,200,0.0,4,25.0,0.0,ok,,,200000,200000,307,61.852035999298096,13.24064588546753,1,a32604fecc91de55d340ab4799441a26f2677242,False,1.9889074565071496e-07,117.19227600097656,196.19119262695312,1.6740966155936614,0.10027304291725159,0.02744281333877304,1.12527334690094,0.025780141353607178,1.0,0.01886792480945587,7.44030621717684e-05,0.10706725716590881,0.09074290841817856,0.019969740713709484,0.1023607924580574,20000,True,1313.0,1185.0,,,198687.0,True,,,198687.0,True,,,198687.0,True,1313.0,,198687.0,True,3662.0,,196338.0,True,9000.0,,191000.0,True,22000.0,,178000.0,True,47000.0,,153000.0,True,0.09261846542358398,0.0496206060051918,0.002278447151184082,0.030981762227143973,0.08591183807131404,120.0596923828125,0.02130719467486302,0.07179484810375703,0.027141829398552867,,,,,,,,,,0.0,7000.0,,
ntk_N200_a2_wd3e-06_s0,2.0,200,3e-06,0,25.0,1.2000000000000002e-07,ok,,,200000,200000,307,62.342663288116455,13.262836217880249,1,a32604fecc91de55d340ab4799441a26f2677242,False,1.9851709964768816e-07,118.2148208618164,175.02281188964844,1.4805488060945928,0.10332474112510681,0.030787078325105948,0.901002824306488,0.023616552352905273,1.0,0.11320754885673523,0.000186479912372306,0.07922107726335526,0.09087491780519485,0.020238980369517205,0.10333364456892014,198000,True,1612.0,1455.0,,,198388.0,True,,,198388.0,True,,,198388.0,True,1313.0,,198687.0,True,3662.0,,196338.0,True,9000.0,,191000.0,True,23000.0,,177000.0,True,50000.0,,150000.0,True,0.09308619797229767,0.06200895830988884,0.0029941797256469727,0.0322419073482931,0.10231114935974052,122.10971069335938,0.02219430519860555,0.08681519179781196,0.03346928820830079,,,,,,,,,,0.0,8000.0,,
ntk_N200_a2_wd3e-06_s1,2.0,200,3e-06,1,25.0,1.2000000000000002e-07,ok,,,200000,200000,307,64.43824315071106,13.463273763656616,1,a32604fecc91de55d340ab4799441a26f2677242,False,2.016847133745614e-07,118.16344451904297,174.22886657714844,1.4744734912417865,0.10480047017335892,0.030479987856108445,0.88127201795578,0.025863349437713623,1.0,0.03773584961891174,0.00016678372048772871,0.08428053557872772,0.09129732102155685,0.019875799298766664,0.10483340173959732,198000,True,578.0,522.0,,,199422.0,True,,,199422.0,True,,,199422.0,True,1313.0,,198687.0,True,3662.0,,196338.0,True,9000.0,,191000.0,True,23000.0,,177000.0,True,49000.0,,151000.0,True,0.09168598055839539,0.008949997834861279,0.0007568597793579102,0.011810994365479196,0.04013536479930326,118.7619857788086,0.020274858894695796,0.014566640231418236,0.002974750220272441,,,,,,,,,,0.0,6776.0,,
ntk_N200_a2_wd3e-06_s2,2.0,200,3e-06,2,25.0,1.2000000000000002e-07,ok,,,200000,200000,307,63.684485912323,13.216256380081177,1,a32604fecc91de55d340ab4799441a26f2677242,False,1.983976716246616e-07,116.98216247558594,174.29107666015625,1.4898944674281485,0.10279740393161774,0.02958928940548861,0.8988106846809387,0.024816393852233887,1.0,0.09433962404727936,0.00018542025645729154,0.08358442038297653,0.09013324230909348,0.01943047139608517,0.10281801968812943,199000,True,710.0,640.0,,,199290.0,True,,,199290.0,True,,,199290.0,True,1313.0,,198687.0,True,3662.0,,196338.0,True,9000.0,,191000.0,True,23000.0,,177000.0,True,49000.0,,151000.0,True,0.09071845561265945,0.014244896359741688,0.0009027719497680664,0.01574356954421325,0.045184391725317144,117.75825500488281,0.019836566024847003,0.022339275052778808,0.005731354690652919,,,,,,,,,,0.0,10000.0,,
ntk_N200_a2_wd3e-06_s3,2.0,200,3e-06,3,25.0,1.2000000000000002e-07,ok,,,200000,200000,307,62.001927852630615,13.05739426612854,1,a32604fecc91de55d340ab4799441a26f2677242,False,2.057630723584225e-07,118.0229721069336,175.04681396484375,1.483158836283535,0.10252434015274048,0.030011120090210654,0.8976294994354248,0.02290874719619751,1.0,0.1320754736661911,0.0001800425088731572,0.08335424959659576,0.09017714112997055,0.01967432565840864,0.1025477722287178,197000,True,1069.0,1000.0,,,198931.0,True,,,198931.0,True,,,198931.0,True,1313.0,,198687.0,True,3662.0,,196338.0,True,9000.0,,191000.0,True,23000.0,,177000.0,True,49000.0,,151000.0,True,0.09120696038007736,0.035401906818151474,0.0017380714416503906,0.020207581863982225,0.07002624781673696,119.93458557128906,0.0207123985580567,0.051029661428995225,0.018476693085016267,,,,,,,,,,0.0,10000.0,,
ntk_N200_a2_wd3e-06_s4,2.0,200,3e-06,4,25.0,1.2000000000000002e-07,ok,,,200000,200000,307,62.6344199180603,13.471688270568848,1,a32604fecc91de55d340ab4799441a26f2677242,False,1.9889074565071496e-07,117.19227600097656,174.72549438476562,1.490930122248924,0.10407500714063644,0.030443859534633817,0.9173638224601746,0.02581155300140381,1.0,0.09433962404727936,0.0001872032298706472,0.08171188831329346,0.09074290841817856,0.019969740713709484,0.10407500714063644,200000,True,1313.0,1185.0,,,198687.0,True,,,198687.0,True,,,198687.0,True,1313.0,,198687.0,True,3662.0,,196338.0,True,9000.0,,191000.0,True,23000.0,,177000.0,True,51000.0,,149000.0,True,0.09260261803865433,0.043741654604673386,0.002280712127685547,0.030728108798663997,0.08228350857354003,119.66436004638672,0.02130602095108975,0.06628859341468195,0.020772186119230474,,,,,,,,,,0.0,6776.0,,
ntk_N200_a2_wd1e-05_s0,2.0,200,1e-05,0,25.0,4.0000000000000003e-07,ok,,,200000,200000,307,60.57364106178284,12.617506504058838,1,a32604fecc91de55d340ab4799441a26f2677242,False,1.9851709964768816e-07,118.2148208618164,148.5395050048828,1.2565218466008887,0.1112370565533638,0.03789601498744523,0.5890372395515442,0.026832520961761475,1.0,0.5471698045730591,0.0004894203739240766,0.04757040739059448,0.09087491780519485,0.020238980369517205,0.11123756319284439,196000,True,1612.0,1455.0,,,198388.0,True,,,198388.0,True,,,198388.0,True,1313.0,,198687.0,True,3662.0,,196338.0,True,9000.0,,191000.0,True,25000.0,,175000.0,True,66000.0,,134000.0,True,0.09310364723205566,0.04567834734916687,0.0029817819595336914,0.032517514800239664,0.09182501961186533,120.99822235107422,0.022182610243718513,0.07140656311439014,0.015988998632194842,,,,,,,,,,0.0,7508.0,,
ntk_N200_a2_wd1e-05_s1,2.0,200,1e-05,1,25.0,4.0000000000000003e-07,ok,,,200000,200000,307,63.329466342926025,12.879135131835938,1,a32604fecc91de55d340ab4799441a26f2677242,False,2.016847133745614e-07,118.16344451904297,149.02130126953125,1.2611455418897788,0.11123310774564743,0.03715108826221814,0.5891401171684265,0.028575420379638672,1.0,0.43396225571632385,0.0004940507933497429,0.050828006118535995,0.09129732102155685,0.019875799298766664,0.11123756319284439,198000,True,578.0,522.0,,,199422.0,True,,,199422.0,True,,,199422.0,True,1313.0,,198687.0,True,4000.0,,196000.0,True,9000.0,,191000.0,True,25000.0,,175000.0,True,64000.0,,136000.0,True,0.09169383347034454,0.002178321359679103,0.0007582902908325195,0.012000788417111899,0.039095108334212876,118.337646484375,0.02026486023310766,0.007688015108559802,-0.003738721689810364,,,,,,,,,,0.0,6000.0,,
ntk_N200_a2_wd1e-05_s2,2.0,200,1e-05,2,25.0,4.0000000000000003e-07,ok,,,200000,200000,307,62.11154103279114,12.732972383499146,1,a32604fecc91de55d340ab4799441a26f2677242,False,1.9996811317923857e-07,116.98216247558594,147.5999298095703,1.2617302218222737,0.1104130670428276,0.03711994375674363,0.5826175808906555,0.027247190475463867,1.0,0.49056604504585266,0.0004915136378258467,0.04790603369474411,0.09013324230909348,0.01943047139608517,0.1104130670428276,200000,True,965.0,871.0,,,199035.0,True,,,199035.0,True,,,199035.0,True,1313.0,,198687.0,True,4000.0,,196000.0,True,9218.0,,190782.0,True,25710.0,,174290.0,True,69000.0,,131000.0,True,0.09107891470193863,0.013408015482127666,0.0013748407363891602,0.02047844090505367,0.054526911958421895,117.6932601928711,0.020153418773727096,0.025914115903792913,-2.5556726568926386e-05,,,,,,,,,,0.0,9000.0,,
ntk_N200_a2_wd1e-05_s3,2.0,200,1e-05,3,25.0,4.0000000000000003e-07,ok,,,200000,200000,307,60.48783206939697,12.32701063156128,1,a32604fecc91de55d340ab4799441a26f2677242,False,2.0636322517475492e-07,118.0229721069336,148.8508758544922,1.261202570967517,0.10941563546657562,0.03712220532559788,0.5949656367301941,0.025582492351531982,1.0,0.49056604504585266,0.0004833186976611614,0.04588797688484192,0.09017714112997055,0.01967432565840864,0.10941563546657562,200000,True,1069.0,1000.0,,,198931.0,True,,,198931.0,True,,,198931.0,True,1313.0,,198687.0,True,3662.0,,196338.0,True,9000.0,,191000.0,True,25710.0,,174290.0,True,66000.0,,134000.0,True,0.09119828045368195,0.023953335359692574,0.0017426013946533203,0.02004091671688492,0.06450535220680335,119.18512725830078,0.020714293902115558,0.03991894949891959,0.006538495746477558,,,,,,,,,,0.0,9000.0,,
ntk_N200_a2_wd1e-05_s4,2.0,200,1e-05,4,25.0,4.0000000000000003e-07,ok,,,200000,200000,307,61.06015396118164,12.951669692993164,1,a32604fecc91de55d340ab4799441a26f2677242,False,1.9988281962923793e-07,117.19227600097656,148.11636352539062,1.2638747926028535,0.11143069714307785,0.03781720967609546,0.6034916639328003,0.029173672199249268,1.0,0.4528301954269409,0.0005140798748470843,0.04520947486162186,0.09074290841817856,0.019969740713709484,0.11143069714307785,200000,True,1313.0,1185.0,,,198687.0,True,,,198687.0,True,,,198687.0,True,1455.0,,198545.0,True,4000.0,,196000.0,True,9218.0,,190782.0,True,25000.0,,175000.0,True,67000.0,,133000.0,True,0.09260796755552292,0.02956363558769226,0.0022829174995422363,0.030802093565630573,0.07488006254198434,118.7483901977539,0.021305330608065068,0.052581653986084054,0.0059503686827071115,,,,,,,,,,0.0,6776.0,,
ntk_N200_a2_wd3e-05_s0,2.0,200,3e-05,0,25.0,1.2e-06,ok,,,200000,200000,307,62.61842203140259,13.511012315750122,1,a32604fecc91de55d340ab4799441a26f2677242,False,2.0383339460749994e-07,118.2148208618164,122.32125854492188,1.034737079946224,0.12395957112312317,0.05195038320419054,0.23337431252002716,0.031232833862304688,1.0,1.0,0.0013227332383394241,0.020135659724473953,0.09087491780519485,0.020238980369517205,0.12408192455768585,191000,True,1612.0,1455.0,80000.0,79453.0,78388.0,False,132000.0,131000.0,130388.0,False,132000.0,131000.0,130388.0,False,1455.0,73000.0,71545.0,False,4496.0,,195504.0,True,11000.0,,189000.0,True,34974.0,,165026.0,True,,,,True,0.09314054250717163,-0.0004414698341861367,0.003016054630279541,0.03284939348973038,0.07768440105919915,117.89209747314453,0.02214640918088669,0.02793566782315969,-0.03347393629725317,0.1225082278251648,0.25387459993362427,0.03050398826599121,0.14094882630793926,0.4027055427729149,124.14933776855469,0.050220360386952226,0.5171704464402391,-0.16667597061759612,0.0,6776.0,95000.0,
ntk_N200_a2_wd3e-05_s1,2.0,200,3e-05,1,25.0,1.2e-06,ok,,,200000,200000,307,60.93400430679321,12.329623222351074,1,a32604fecc91de55d340ab4799441a26f2677242,False,2.016847133745614e-07,118.16344451904297,121.7857894897461,1.0306553772653382,0.12454473972320557,0.05214693568198493,0.21666556596755981,0.03385460376739502,1.0,1.0,0.0012920205481350422,0.02225550450384617,0.09129732102155685,0.019875799298766664,0.12456749379634857,197000,True,522.0,471.0,84000.0,83000.0,83478.0,False,111000.0,110000.0,110478.0,False,111000.0,110000.0,110478.0,False,1455.0,84000.0,82545.0,False,4496.0,,195504.0,True,11000.0,,189000.0,True,34974.0,,165026.0,True,,,,True,0.09157614409923553,-0.01518969051539898,0.0006561279296875,0.009385492610248878,0.039019272326451984,117.17619323730469,0.020181540591736873,-0.009552367842159676,-0.02123613121175185,0.12167170643806458,0.258810430765152,0.032186150550842285,0.13292162521563317,0.4130933955152268,124.70651245117188,0.048653449583505065,0.5226332504463422,-0.1757480526531533,0.0,6000.0,86000.0,
ntk_N200_a2_wd3e-05_s2,2.0,200,3e-05,2,25.0,1.2e-06,ok,,,200000,200000,307,62.72924590110779,12.660688161849976,1,a32604fecc91de55d340ab4799441a26f2677242,False,1.999675731667594e-07,116.98216247558594,121.14090728759766,1.03555024735399,0.12476705014705658,0.05197658647340617,0.20232778787612915,0.031270742416381836,1.0,1.0,0.0013270953204482794,0.020367911085486412,0.09013324230909348,0.01943047139608517,0.12482132762670517,198000,True,1979.0,1786.0,88036.0,88000.0,86057.0,False,117000.0,116000.0,115021.0,False,117000.0,116000.0,115021.0,False,1455.0,71708.0,70253.0,False,4496.0,,195504.0,True,11000.0,,189000.0,True,37000.0,,163000.0,True,,,,True,0.09278098493814468,0.0054296404123306274,0.00365293025970459,0.03499757613666177,0.08590276037577217,116.73179626464844,0.02159520068396293,0.045327226202415506,-0.03983907747886219,0.12230010330677032,0.23860576748847961,0.029665648937225342,0.14469550547088145,0.3846316191701925,123.90538787841797,0.04904346316898728,0.51878544229986,-0.2149478036943511,0.0,7508.0,87000.0,
ntk_N200_a2_wd3e-05_s3,2.0,200,3e-05,3,25.0,1.2e-06,ok,,,200000,200000,307,61.16420936584473,12.800262689590454,1,a32604fecc91de55d340ab4799441a26f2677242,False,2.0642055176267604e-07,118.0229721069336,122.10514831542969,1.0345879800823645,0.12422456592321396,0.05230341393603466,0.1962980180978775,0.030533432960510254,1.0,1.0,0.0013141887029632926,0.02026219666004181,0.09017714112997055,0.01967432565840864,0.12425185739994049,199000,True,1069.0,1000.0,90000.0,89000.0,88931.0,False,158000.0,157000.0,156931.0,False,158000.0,157000.0,156931.0,False,1455.0,79000.0,77545.0,False,4496.0,,195504.0,True,11000.0,,189000.0,True,37000.0,,163000.0,True,,,,True,0.09118254482746124,-0.0077531305141747,0.0017430782318115234,0.019774928423187017,0.059338285616484354,117.07440185546875,0.020676960846257437,0.010121461162862371,-0.02745138135315618,0.12315050512552261,0.21333186328411102,0.030102550983428955,0.14715220413935648,0.36203722211607303,123.08464050292969,0.05104052418927667,0.49959772353384735,-0.24229776407121123,0.0,7508.0,105000.0,
ntk_N200_a2_wd3e-05_s4,2.0,200,3e-05,4,25.0,1.2e-06,ok,,,200000,200000,307,61.53169107437134,12.459247589111328,1,a32604fecc91de55d340ab4799441a26f2677242,False,2.0181171578315116e-07,117.19227600097656,120.82449340820312,1.0309936587219817,0.12509512901306152,0.052952485189170784,0.2150736004114151,0.03528541326522827,1.0,0.9811320900917053,0.0013429471291601658,0.020320184528827667,0.09074290841817856,0.019969740713709484,0.12509512901306152,200000,True,1455.0,1313.0,79453.0,79000.0,77998.0,False,,,198545.0,True,,,198545.0,True,1455.0,71708.0,70253.0,False,4496.0,,195504.0,True,11000.0,,189000.0,True,34974.0,,165026.0,True,,,,True,0.09289928525686264,-0.0068013169802725315,0.0026055574417114258,0.033291771097203715,0.0722980117634322,116.2964096069336,0.021505456419721646,0.022816924596945218,-0.03802669882452873,,,,,,,,,,0.0,6000.0,89000.0,
ntk_N200_a2_wd0.0001_s0,2.0,200,0.0001,0,25.0,4e-06,ok,,,200000,200000,307,62.66573691368103,13.07837724685669,1,a32604fecc91de55d340ab4799441a26f2677242,False,2.042939257762555e-07,118.2148208618164,100.39712524414062,0.8492769731597087,0.13272526860237122,0.06146326785231074,-0.11944469809532166,0.0321657657623291,1.0,1.0,0.005713304039090872,0.020197156816720963,0.09087491780519485,0.020238980369517205,0.13286186754703522,194000,True,4000.0,3662.0,37000.0,36000.0,33000.0,False,64000.0,63000.0,60000.0,False,64000.0,63000.0,60000.0,False,1979.0,29000.0,27021.0,False,8000.0,,192000.0,True,22000.0,,178000.0,True,,,,True,,,,True,0.09764914959669113,-0.22014664113521576,0.009221434593200684,0.05641037768930128,0.23205095139850826,102.23924255371094,0.025882078418948698,-0.10392316738047692,-0.3698653294473005,0.12980102002620697,-0.09798306971788406,0.03153043985366821,0.16844345783601827,0.25668860217248946,101.70658111572266,0.058623346438947295,0.17262603448246053,-0.529410964779328,0.0,5520.0,25000.0,
ntk_N200_a2_wd0.0001_s1,2.0,200,0.0001,1,25.0,4e-06,ok,,,200000,200000,307,62.005849838256836,12.646831035614014,1,a32604fecc91de55d340ab4799441a26f2677242,False,2.0678213275004964e-07,118.16344451904297,100.22526550292969,0.8481918067882457,0.13270853459835052,0.060952488182375225,-0.13193996250629425,0.034466445446014404,1.0,0.9622641801834106,0.005781196057796478,0.02302798256278038,0.09129732102155685,0.019875799298766664,0.13293211162090302,193000,True,3662.0,3305.0,45000.0,44000.0,41338.0,False,60000.0,59000.0,56338.0,False,60000.0,59000.0,56338.0,False,1979.0,34000.0,32021.0,False,8319.0,,191681.0,True,22000.0,,178000.0,True,,,,True,,,,True,0.09716863185167313,-0.22321543097496033,0.009433865547180176,0.04933370409997382,0.2347735649662356,102.21160888671875,0.02488341835445907,-0.12295693014335839,-0.35257727331057953,0.12948563694953918,-0.11200497299432755,0.03441011905670166,0.15958299367491194,0.2697374196847733,101.65505981445312,0.05774342126468057,0.15028867371025575,-0.5348842711821064,0.0,5520.0,25000.0,
ntk_N200_a2_wd0.0001_s2,2.0,200,0.0001,2,25.0,4e-06,ok,,,200000,200000,307,62.643141984939575,12.767066717147827,1,a32604fecc91de55d340ab4799441a26f2677242,False,2.0222113050749613e-07,116.98216247558594,99.5036392211914,0.8505881333998909,0.13260577619075775,0.06130327396268089,-0.15062099695205688,0.03212469816207886,1.0,1.0,0.005627959500998259,0.020351408049464226,0.09013324230909348,0.01943047139608517,0.13311956822872162,194000,True,4496.0,4058.0,34000.0,33000.0,29504.0,False,36000.0,35000.0,31504.0,False,36000.0,35000.0,31504.0,False,1979.0,30000.0,28021.0,False,8000.0,,192000.0,True,20941.0,,179059.0,True,,,,True,,,,True,0.09689206629991531,-0.23285581171512604,0.010234355926513672,0.05404261541912557,0.24366757108573794,100.23545837402344,0.025339897539228627,-0.0971868497726874,-0.4077264499835879,0.12494377046823502,-0.1007690280675888,0.029810607433319092,0.1553529096037967,0.2511970609378833,102.32125854492188,0.053455206461558644,0.17658448401544363,-0.5414094139078874,0.0,6776.0,25000.0,
ntk_N200_a2_wd0.0001_s3,2.0,200,0.0001,3,25.0,4e-06,ok,,,200000,200000,307,62.77962398529053,12.471809148788452,1,a32604fecc91de55d340ab4799441a26f2677242,False,2.0412814194514795e-07,118.0229721069336,100.46526336669922,0.8512348195711732,0.13104602694511414,0.06049411290312305,-0.12983232736587524,0.030763745307922363,1.0,1.0,0.005681431852281094,0.02012215182185173,0.09017714112997055,0.01967432565840864,0.1314828246831894,156000,True,6776.0,6116.0,42937.0,42000.0,36161.0,False,88000.0,87000.0,81224.0,False,88000.0,87000.0,81224.0,False,1786.0,32000.0,30214.0,False,8000.0,,192000.0,True,22000.0,,178000.0,True,,,,True,,,,True,0.10046877712011337,-0.2031351923942566,0.014144301414489746,0.06929848603428898,0.23850378624284596,100.70056915283203,0.02906461516729544,-0.007410551225731723,-0.4696196990758716,0.12925276160240173,-0.12126919627189636,0.03075563907623291,0.17074487234675645,0.2598648640027793,101.00105285644531,0.05865865073879453,0.1740712373132833,-0.598654949368269,0.0,6776.0,28487.0,
ntk_N200_a2_wd0.0001_s4,2.0,200,0.0001,4,25.0,4e-06,ok,,,200000,200000,307,60.040974140167236,12.26592493057251,1,a32604fecc91de55d340ab4799441a26f2677242,False,2.0296256764140708e-07,117.19227600097656,99.09383392333984,0.8455662549169546,0.13372784852981567,0.06270895837541446,-0.13735057413578033,0.03689980506896973,1.0,1.0,0.005751407239586115,0.02049265429377556,0.09074290841817856,0.019969740713709484,0.13372784852981567,200000,True,5520.0,5000.0,37000.0,36000.0,31480.0,False,49000.0,48000.0,43480.0,False,49000.0,48000.0,43480.0,False,1979.0,29000.0,27021.0,False,8319.0,,191681.0,True,21000.0,,179000.0,True,,,,True,,,,True,0.10026750713586807,-0.23524920642375946,0.01306837797164917,0.06673845466889157,0.2541736724060531,99.27020263671875,0.027827454111692677,-0.06088983474734096,-0.46429290465131673,0.12783397734165192,-0.09954174607992172,0.03629863262176514,0.15188855184339822,0.27331191790032405,100.94666290283203,0.057495918401152195,0.19972269481749808,-0.5736842083511888,0.0,5520.0,25000.0,
ntk_N200_a2_wd0.0003_s0,2.0,200,0.0003,0,25.0,1.1999999999999999e-05,ok,,,200000,200000,307,59.627015829086304,12.339032888412476,1,a32604fecc91de55d340ab4799441a26f2677242,False,2.1174432163206802e-07,118.2148208618164,71.03752899169922,0.6009189750812748,0.1172921434044838,0.048545732291333424,-0.6584327816963196,0.0344807505607605,0.9747899174690247,0.5471698045730591,0.024306166917085648,0.038363706320524216,0.09087491780519485,0.020238980369517205,0.11758671700954437,147025,False,,,,,,True,,,,True,,,,True,29000.0,,171000.0,True,,,,True,,,,True,,,,True,,,,True,,,,,,,,,,,,,,,,,,,0.0,18900.0,,
ntk_N200_a2_wd0.0003_s1,2.0,200,0.0003,1,25.0,1.1999999999999999e-05,ok,,,200000,200000,307,60.836987018585205,12.175292253494263,1,a32604fecc91de55d340ab4799441a26f2677242,False,2.108262435740471e-07,118.16344451904297,70.4273452758789,0.5960163531330451,0.11593301594257355,0.048170674377850296,-0.6815921068191528,0.03763401508331299,0.9810924530029297,0.43396225571632385,0.024662408977746964,0.04033582657575607,0.09129732102155685,0.019875799298766664,0.1160934790968895,199000,False,,,,,,True,,,,True,,,,True,31000.0,,169000.0,True,,,,True,,,,True,,,,True,,,,True,,,,,,,,,,,,,,,,,,,0.0,20000.0,,
ntk_N200_a2_wd0.0003_s2,2.0,200,0.0003,2,25.0,1.1999999999999999e-05,ok,,,200000,200000,307,60.47225594520569,12.176846981048584,1,a32604fecc91de55d340ab4799441a26f2677242,False,2.061271686670807e-07,116.98216247558594,70.09518432617188,0.5991954913707521,0.11561321467161179,0.04823939789409574,-0.6935923099517822,0.03679203987121582,0.9747899174690247,0.4150943458080292,0.02424739859998226,0.03910384327173233,0.09013324230909348,0.01943047139608517,0.1159638836979866,168000,False,,,,,,True,,,,True,,,,True,27000.0,,173000.0,True,,,,True,,,,True,,,,True,,,,True,,,,,,,,,,,,,,,,,,,0.0,18900.0,,
ntk_N200_a2_wd0.0003_s3,2.0,200,0.0003,3,25.0,1.1999999999999999e-05,ok,,,200000,200000,307,60.69467306137085,11.834208488464355,1,a32604fecc91de55d340ab4799441a26f2677242,False,2.0986047388760198e-07,118.0229721069336,71.20899963378906,0.6033486393587074,0.11538027971982956,0.04673632670972562,-0.676164448261261,0.03738844394683838,0.9663865566253662,0.43396225571632385,0.024442927911877632,0.039397623389959335,0.09017714112997055,0.01967432565840864,0.11538027971982956,200000,False,,,,,,True,,,,True,,,,True,27000.0,,173000.0,True,,,,True,,,,True,,,,True,,,,True,,,,,,,,,,,,,,,,,,,0.0,18900.0,,
ntk_N200_a2_wd0.0003_s4,2.0,200,0.0003,4,25.0,1.1999999999999999e-05,ok,,,200000,200000,307,61.94326329231262,12.058120489120483,1,a32604fecc91de55d340ab4799441a26f2677242,False,2.0609030570994946e-07,117.19227600097656,69.05115509033203,0.5892125099589041,0.11677941679954529,0.04972555741229445,-0.706177830696106,0.041996121406555176,0.9789915680885315,0.4716981053352356,0.024639643728733063,0.03804026171565056,0.09074290841817856,0.019969740713709484,0.11702347546815872,194000,False,,,,,,True,,,,True,,,,True,31000.0,,169000.0,True,,,,True,,,,True,,,,True,,,,True,,,,,,,,,,,,,,,,,,,0.0,20000.0,,
ntk_N200_a2_wd0.001_s0,2.0,200,0.001,0,25.0,4e-05,ok,,,200000,200000,307,61.49342632293701,12.31680679321289,1,a32604fecc91de55d340ab4799441a26f2677242,False,2.3576004082315194e-07,118.2148208618164,36.819766998291016,0.311464896955098,0.07046768069267273,0.008049851874421948,-1.4657931327819824,0.09361898899078369,0.05882352963089943,0.01886792480945587,0.06029748171567917,0.0669839009642601,0.09087491780519485,0.020238980369517205,0.09090950340032578,27,False,,,,,,True,,,,True,,,,True,,,,True,,,,True,,,,True,,,,True,,,,True,,,,,,,,,,,,,,,,,,,0.0,,,
ntk_N200_a2_wd0.001_s1,2.0,200,0.001,1,25.0,4e-05,ok,,,200000,200000,307,62.3308219909668,12.45365047454834,1,a32604fecc91de55d340ab4799441a26f2677242,False,2.225062019078905e-07,118.16344451904297,35.65080261230469,0.3017075437959096,0.06704225391149521,0.007892110908996141,-1.497137188911438,0.10012269020080566,0.054621849209070206,0.0,0.060433123260736465,0.06895073503255844,0.09129732102155685,0.019875799298766664,0.0913020595908165,1,False,,,,,,True,,,,True,,,,True,,,,True,,,,True,,,,True,,,,True,,,,True,,,,,,,,,,,,,,,,,,,0.0,,,
ntk_N200_a2_wd0.001_s2,2.0,200,0.001,2,25.0,4e-05,ok,,,200000,200000,307,63.30386996269226,11.915263175964355,1,a32604fecc91de55d340ab4799441a26f2677242,False,2.2497188467696105e-07,116.98216247558594,36.43458938598633,0.3114542304138906,0.06556592881679535,0.007821607599421236,-1.4630075693130493,0.09595608711242676,0.054621849209070206,0.01886792480945587,0.05918869376182556,0.06587041169404984,0.09013324230909348,0.01943047139608517,0.09014363586902618,22,False,,,,,,True,,,,True,,,,True,,,,True,,,,True,,,,True,,,,True,,,,True,,,,,,,,,,,,,,,,,,,0.0,,,
ntk_N200_a2_wd0.001_s3,2.0,200,0.001,3,25.0,4e-05,ok,,,200000,200000,307,62.15327501296997,12.665929555892944,1,a32604fecc91de55d340ab4799441a26f2677242,False,2.2414758404920576e-07,118.0229721069336,37.87238311767578,0.32088992881285744,0.06795281171798706,0.007734942621891956,-1.420193076133728,0.09294843673706055,0.0357142873108387,0.01886792480945587,0.06008283793926239,0.06610146164894104,0.09017714112997055,0.01967432565840864,0.09018931537866592,4,False,,,,,,True,,,,True,,,,True,,,,True,,,,True,,,,True,,,,True,,,,True,,,,,,,,,,,,,,,,,,,0.0,,,
ntk_N200_a2_wd0.001_s4,2.0,200,0.001,4,25.0,4e-05,ok,,,200000,200000,307,61.94615411758423,12.335233449935913,1,a32604fecc91de55d340ab4799441a26f2677242,False,2.2370748808953067e-07,117.19227600097656,34.27679443359375,0.29248339227841363,0.06755197793245316,0.00830909359806007,-1.5814204216003418,0.10714972019195557,0.05042016878724098,0.0,0.05947338417172432,0.06385410577058792,0.09074290841817856,0.019969740713709484,0.09076882153749466,12,False,,,,,,True,,,,True,,,,True,,,,True,,,,True,,,,True,,,,True,,,,True,,,,,,,,,,,,,,,,,,,0.0,,,
ntk_N200_a2_wd0.003_s0,2.0,200,0.003,0,25.0,0.00012,ok,,,200000,200000,307,62.6913800239563,12.257274866104126,1,a32604fecc91de55d340ab4799441a26f2677242,False,2.6835789412871236e-07,118.2148208618164,17.08599281311035,0.14453342388500084,0.05528664588928223,0.0004265766255965005,-2.850865125656128,0.10921037197113037,0.052521008998155594,0.03773584961891174,0.09640971571207047,0.09631990641355515,0.09087491780519485,0.020238980369517205,0.09090129286050797,6,False,,,,,,True,,,,True,,,,True,,,,True,,,,True,,,,True,,,,True,,,,True,,,,,,,,,,,,,,,,,,,0.0,,,
ntk_N200_a2_wd0.003_s1,2.0,200,0.003,1,25.0,0.00012,ok,,,200000,200000,307,61.86280298233032,12.10528302192688,1,a32604fecc91de55d340ab4799441a26f2677242,False,2.528120148781454e-07,118.16344451904297,16.100439071655273,0.13625566804681766,0.054143644869327545,0.0009540860032479858,-2.905801773071289,0.1350727081298828,0.05672268941998482,0.01886792480945587,0.0942339077591896,0.09592116624116898,0.09129732102155685,0.019875799298766664,0.0913020595908165,1,False,,,,,,True,,,,True,,,,True,,,,True,,,,True,,,,True,,,,True,,,,True,,,,,,,,,,,,,,,,,,,0.0,,,
ntk_N200_a2_wd0.003_s2,2.0,200,0.003,2,25.0,0.00012,ok,,,200000,200000,307,59.576560735702515,11.929967641830444,1,a32604fecc91de55d340ab4799441a26f2677242,False,2.596434569568373e-07,116.98216247558594,16.3080997467041,0.13940672151711664,0.05266023054718971,0.0005865725753360668,-2.932645082473755,0.11446452140808105,0.03781512752175331,0.0,0.0952005684375763,0.09404531121253967,0.09013324230909348,0.01943047139608517,0.09013889729976654,10,False,,,,,,True,,,,True,,,,True,,,,True,,,,True,,,,True,,,,True,,,,True,,,,,,,,,,,,,,,,,,,0.0,,,
ntk_N200_a2_wd0.003_s3,2.0,200,0.003,3,25.0,0.00012,ok,,,200000,200000,307,60.53131294250488,11.93998646736145,1,a32604fecc91de55d340ab4799441a26f2677242,False,2.642830452259659e-07,118.0229721069336,17.888277053833008,0.15156606154287916,0.057391207665205,0.00030928955757871397,-2.819173812866211,0.09082376956939697,0.03361344709992409,0.03773584961891174,0.09800096601247787,0.09710627794265747,0.09017714112997055,0.01967432565840864,0.09018836170434952,4,False,,,,,,True,,,,True,,,,True,,,,True,,,,True,,,,True,,,,True,,,,True,,,,,,,,,,,,,,,,,,,0.0,,,
ntk_N200_a2_wd0.003_s4,2.0,200,0.003,4,25.0,0.00012,ok,,,200000,200000,307,58.81781816482544,11.755296468734741,1,a32604fecc91de55d340ab4799441a26f2677242,False,2.5007673798427277e-07,117.19227600097656,13.93565559387207,0.11891274808721988,0.055249929428100586,0.0005879927889070333,-3.217484712600708,0.15031957626342773,0.042016807943582535,0.09433962404727936,0.09184178709983826,0.08745918422937393,0.09074290841817856,0.019969740713709484,0.090763621032238,12,False,,,,,,True,,,,True,,,,True,,,,True,,,,True,,,,True,,,,True,,,,True,,,,,,,,,,,,,,,,,,,0.0,,,
ntk_N400_a0.5_wd0_s0,0.5,400,0.0,0,400.0,0.0,ok,,,200000,200000,307,89.13856673240662,17.1544930934906,1,2b612a1ab9bb21bf10567b9e9db087f1d9233985,False,2.3585580777307769e-07,166.46580505371094,346.57183837890625,2.0819401213785818,0.1133308857679367,0.041100699260884534,1.5839431285858154,0.013945579528808594,1.0,0.8301886916160583,7.38971828173618e-10,0.03001905046403408,0.09259794652462006,0.020598330773087148,0.11508241295814514,4981,True,254.0,230.0,,,199746.0,True,,,199746.0,True,,,199746.0,True,1000.0,,199000.0,True,1786.0,,198214.0,True,2692.0,,197308.0,True,4000.0,,196000.0,True,5520.0,,194480.0,True,0.09300144761800766,0.03533988445997238,0.0006760358810424805,0.012726897313661863,0.05192626695440982,168.7532501220703,0.021188628899528317,0.04683045931263295,0.021818795718464595,,,,,,,,,,0.0,1185.0,,
ntk_N400_a0.5_wd0_s1,0.5,400,0.0,1,400.0,0.0,ok,,,200000,200000,307,91.0032148361206,16.82908535003662,1,2b612a1ab9bb21bf10567b9e9db087f1d9233985,False,2.4059934844444797e-07,167.0225067138672,349.09307861328125,2.090096032454634,0.11456552147865295,0.04104820577267529,1.5667734146118164,0.01476365327835083,1.0,0.6603773832321167,9.207283824252954e-10,0.034478381276130676,0.09211032092571259,0.020357052788785978,0.11592207103967667,5000,True,578.0,522.0,,,199422.0,True,,,199422.0,True,,,199422.0,True,1000.0,,199000.0,True,1786.0,,198214.0,True,2692.0,,197308.0,True,4000.0,,196000.0,True,5520.0,,194480.0,True,0.09503932297229767,0.11907146871089935,0.002178668975830078,0.04762706661261843,0.14457283230763637,176.31338500976562,0.023163574716645267,0.15859899955957424,0.07170336277647492,,,,,,,,,,0.0,1185.0,,
ntk_N400_a0.5_wd0_s2,0.5,400,0.0,2,400.0,0.0,ok,,,200000,200000,307,91.27882480621338,17.65218210220337,1,2b612a1ab9bb21bf10567b9e9db087f1d9233985,False,2.278082149587135e-07,165.59353637695312,351.5139465332031,2.1227516135232793,0.11301366984844208,0.0397675609415551,1.5955127477645874,0.014688968658447266,1.0,0.5283018946647644,8.547086371990531e-10,0.03734317794442177,0.09197676181793213,0.020112652769975328,0.11437204480171204,5000,True,346.0,312.0,,,199654.0,True,,,199654.0,True,,,199654.0,True,1069.0,,198931.0,True,1979.0,,198021.0,True,2692.0,,197308.0,True,4000.0,,196000.0,True,6000.0,,194000.0,True,0.09301196783781052,0.05235877260565758,0.0010083913803100586,0.025215773034347418,0.0708328685273251,169.44961547851562,0.021184347243626656,0.06733866396231825,0.03543703225380936,,,,,,,,,,0.0,1313.0,,
ntk_N400_a0.5_wd0_s3,0.5,400,0.0,3,400.0,0.0,ok,,,200000,200000,307,91.63642287254333,17.957490921020508,1,2b612a1ab9bb21bf10567b9e9db087f1d9233985,False,2.291971412660132e-07,166.56251525878906,347.70208740234375,2.0875170314408207,0.11407111585140228,0.04088772864820216,1.5481719970703125,0.01484900712966919,1.0,0.8301886916160583,8.276671570328631e-10,0.031122390180826187,0.09127222746610641,0.019944564529343792,0.11556285619735718,4981,True,282.0,254.0,,,199718.0,True,,,199718.0,True,,,199718.0,True,1000.0,,199000.0,True,1979.0,,198021.0,True,2692.0,,197308.0,True,4000.0,,196000.0,True,5520.0,,194480.0,True,0.09182930737733841,0.03774816170334816,0.0007189512252807617,0.016487222088179116,0.054545956890546934,169.1656494140625,0.02064407099293053,0.049541216793923766,0.02465238742307283,,,,,,,,,,0.0,1313.0,,
ntk_N400_a0.5_wd0_s4,0.5,400,0.0,4,400.0,0.0,ok,,,200000,200000,307,91.50700879096985,17.63411855697632,1,a32604fecc91de55d340ab4799441a26f2677242,False,2.3240843916028098e-07,165.9253692626953,353.55731201171875,2.130821305884587,0.11246194690465927,0.03949327975704739,1.608598232269287,0.013680994510650635,1.0,0.7358490824699402,8.792585548533793e-10,0.034478891640901566,0.0927986353635788,0.020483606943336535,0.11389517039060593,5520,True,640.0,578.0,,,199360.0,True,,,199360.0,True,,,199360.0,True,1069.0,,198931.0,True,1979.0,,198021.0,True,2983.0,,197017.0,True,4496.0,,195504.0,True,6000.0,,194000.0,True,0.09575451165437698,0.1404348611831665,0.0023610591888427734,0.04642695988719966,0.16783342556340144,176.6820068359375,0.02336382352979186,0.1809860280641457,0.0910852218642246,,,,,,,,,,0.0,1313.0,,
ntk_N400_a0.5_wd3e-06_s0,0.5,400,3e-06,0,400.0,7.500000000000001e-09,ok,,,200000,200000,307,93.34049892425537,16.945558547973633,1,a32604fecc91de55d340ab4799441a26f2677242,False,2.4714742608011875e-07,166.46580505371094,307.95806884765625,1.8499779504162563,0.12267664819955826,0.050543809196018794,1.3646384477615356,0.01634293794631958,1.0,1.0,1.6028617437768844e-06,0.016031069681048393,0.09259794652462006,0.020598330773087148,0.12268339842557907,199000,True,254.0,230.0,23000.0,22000.0,22746.0,False,52714.0,52000.0,52460.0,False,52714.0,52000.0,52460.0,False,1000.0,9218.0,8218.0,False,1786.0,130000.0,128214.0,False,2692.0,,197308.0,True,4000.0,,196000.0,True,5520.0,,194480.0,True,0.09300056099891663,0.03382430225610733,0.0006796717643737793,0.012678544458677195,0.0509035218851491,168.63043212890625,0.021188590626863915,0.04520332757432421,0.020406919924677636,0.11623949557542801,1.5021928548812866,0.01454174518585205,0.1476917726019891,3.5101862849933156,331.7720642089844,0.04411672043945483,1.742851473118518,1.1229668077340869,0.0,1185.0,136000.0,
ntk_N400_a0.5_wd3e-06_s1,0.5,400,3e-06,1,400.0,7.500000000000001e-09,ok,,,200000,200000,307,94.08783316612244,17.745245456695557,1,a32604fecc91de55d340ab4799441a26f2677242,False,2.395779006292287e-07,167.0225067138672,309.6281433105469,1.8538108989166533,0.12399987131357193,0.050459671066119566,1.3495006561279297,0.017453670501708984,1.0,1.0,1.6720036910555791e-06,0.018794650211930275,0.09211032092571259,0.020357052788785978,0.12399987131357193,200000,True,578.0,522.0,87000.0,86000.0,86422.0,False,112000.0,111000.0,111422.0,False,112000.0,111000.0,111422.0,False,1000.0,42937.0,41937.0,False,1979.0,179000.0,177021.0,False,2692.0,,197308.0,True,4000.0,,196000.0,True,5520.0,,194480.0,True,0.09502886980772018,0.11650440096855164,0.002168118953704834,0.04756084997115822,0.14193190992288593,176.03182983398438,0.02315257380731822,0.15649107350967587,0.0685944629344487,0.12028783559799194,1.4229414463043213,0.016344666481018066,0.16555125380461722,3.1707635481847585,322.63116455078125,0.04678850993453392,1.6751845257768492,1.0159736599338254,0.0,1185.0,107000.0,
ntk_N400_a0.5_wd3e-06_s2,0.5,400,3e-06,2,400.0,7.500000000000001e-09,ok,,,200000,200000,307,93.35783910751343,17.45451068878174,1,a32604fecc91de55d340ab4799441a26f2677242,False,2.408520458629937e-07,165.59353637695312,312.30352783203125,1.8859644806492388,0.12203523516654968,0.04896378320082268,1.3750104904174805,0.016854584217071533,1.0,1.0,1.6635231077088974e-06,0.020713236182928085,0.09197676181793213,0.020112652769975328,0.12203523516654968,200000,True,346.0,312.0,122000.0,121000.0,121654.0,False,132000.0,131000.0,131654.0,False,132000.0,131000.0,131654.0,False,1069.0,73000.0,71931.0,False,1979.0,,198021.0,True,2692.0,,197308.0,True,4058.0,,195942.0,True,6000.0,,194000.0,True,0.0930105522274971,0.050668682903051376,0.0010094046592712402,0.02517383486099329,0.06948126190501668,169.2831268310547,0.021181405718917027,0.06588129772811016,0.03351813682961908,0.11930112540721893,1.4312305450439453,0.016155242919921875,0.161613263989541,3.205005589405616,321.8625793457031,0.04623186688296425,1.701256052653722,1.0011141281680331,0.0,1313.0,150000.0,
ntk_N400_a0.5_wd3e-06_s3,0.5,400,3e-06,3,400.0,7.500000000000001e-09,ok,,,200000,200000,307,91.78275084495544,17.393216133117676,1,a32604fecc91de55d340ab4799441a26f2677242,False,2.4107731633193907e-07,166.56251525878906,308.87213134765625,1.854391613069483,0.1229654848575592,0.050365398138965664,1.3306702375411987,0.017474830150604248,1.0,1.0,1.6305357348755933e-06,0.016785191372036934,0.09127222746610641,0.019944564529343792,0.1229654848575592,200000,True,282.0,254.0,56000.0,55000.0,55718.0,False,76000.0,75000.0,75718.0,False,76000.0,75000.0,75718.0,False,1069.0,13000.0,11931.0,False,1979.0,143000.0,141021.0,False,2692.0,,197308.0,True,4000.0,,196000.0,True,5520.0,,194480.0,True,0.09183369576931,0.03612343594431877,0.0007146000862121582,0.016620446296793136,0.05330307769366422,169.02944946289062,0.020642488683880456,0.04784620862021552,0.02308521347435546,0.11800176650285721,1.4391599893569946,0.015949249267578125,0.15910345351405195,3.2379877036240177,328.0205383300781,0.045012620646463414,1.6938196375885488,1.0419551514406449,0.0,1313.0,125000.0,
ntk_N400_a0.5_wd3e-06_s4,0.5,400,3e-06,4,400.0,7.500000000000001e-09,ok,,,200000,200000,307,92.04706406593323,16.981263399124146,1,a32604fecc91de55d340ab4799441a26f2677242,False,2.3436157903233834e-07,165.9253692626953,312.6949462890625,1.8845517576881181,0.12112412601709366,0.04880879693074594,1.3824065923690796,0.015915274620056152,1.0,1.0,1.6721039628464496e-06,0.019671043381094933,0.0927986353635788,0.020483606943336535,0.12112412601709366,200000,True,710.0,640.0,89000.0,88036.0,88290.0,False,132692.0,132000.0,131982.0,False,132692.0,132000.0,131982.0,False,1069.0,47000.0,45931.0,False,1979.0,195000.0,193021.0,False,2983.0,,197017.0,True,4496.0,,195504.0,True,6000.0,,194000.0,True,0.09623986482620239,0.16226926445960999,0.0026993751525878906,0.05049023255627433,0.19336470660565436,178.4434356689453,0.023860828641664493,0.21017314405713092,0.10339525701757353,0.11850029230117798,1.4405988454818726,0.015264391899108887,0.15647243098484848,3.2431665888722745,322.7873229980469,0.0459362790418123,1.683546091508087,1.0384648566711234,0.0,1313.0,172000.0,
ntk_N400_a0.5_wd1e-05_s0,0.5,400,1e-05,0,400.0,2.5000000000000002e-08,ok,,,200000,200000,307,90.70176577568054,16.82958698272705,1,a32604fecc91de55d340ab4799441a26f2677242,False,2.2742554506294255e-07,166.46580505371094,269.1649169921875,1.6169381868266592,0.13865038752555847,0.06678544801672581,1.1013281345367432,0.02002239227294922,1.0,1.0,1.3959886018710677e-05,0.004707413725554943,0.09259794652462006,0.020598330773087148,0.13871121406555176,199000,True,254.0,230.0,10214.0,10000.0,9960.0,False,18000.0,17057.0,17746.0,False,18000.0,17057.0,17746.0,False,1000.0,7000.0,6000.0,False,1979.0,38000.0,36021.0,False,2692.0,103000.0,100308.0,False,4000.0,,196000.0,True,5520.0,,194480.0,True,0.09300621598958969,0.030509566888213158,0.0006761550903320312,0.012857057835176992,0.04853266714357143,168.34454345703125,0.021185004964745076,0.04187913940824106,0.017110527336991067,0.11716412007808685,1.4638280868530273,0.01476752758026123,0.1521175058652748,3.3416287288843463,325.6773681640625,0.04513155008413769,1.7057018803528883,1.082030664550118,0.0,1185.0,37000.0,
ntk_N400_a0.5_wd1e-05_s1,0.5,400,1e-05,1,400.0,2.5000000000000002e-08,ok,,,200000,200000,307,91.32426691055298,17.535043001174927,1,a32604fecc91de55d340ab4799441a26f2677242,False,2.2988153602909733e-07,167.0225067138672,270.4114990234375,1.619012337580887,0.13885726034641266,0.06582347659057881,1.0971752405166626,0.021414756774902344,1.0,1.0,1.3894523362978362e-05,0.0054695094004273415,0.09211032092571259,0.020357052788785978,0.13886111974716187,199000,True,578.0,522.0,25000.0,24000.0,24422.0,False,33000.0,32000.0,32422.0,False,33000.0,32000.0,32422.0,False,1069.0,13000.0,11931.0,False,1979.0,50000.0,48021.0,False,2692.0,122000.0,119308.0,False,4000.0,,196000.0,True,6000.0,,194000.0,True,0.09504162520170212,0.10900269448757172,0.002178013324737549,0.04765636014664832,0.13463559983506737,175.3770294189453,0.023149604296068063,0.14877689452384163,0.06135711903833857,0.12083902955055237,1.3978253602981567,0.016291499137878418,0.16886795209772876,3.067951672492876,318.7428894042969,0.047496465553944836,1.6493034788386092,0.9925485622038763,0.0,1185.0,28487.0,
ntk_N400_a0.5_wd1e-05_s2,0.5,400,1e-05,2,400.0,2.5000000000000002e-08,ok,,,200000,200000,307,92.4602210521698,17.471057891845703,1,a32604fecc91de55d340ab4799441a26f2677242,False,2.3226508005791402e-07,165.59353637695312,271.09967041015625,1.6371392044737272,0.1375265270471573,0.06523870380643121,1.1074479818344116,0.020629525184631348,1.0,1.0,1.360231817670865e-05,0.005709764547646046,0.09197676181793213,0.020112652769975328,0.1375265270471573,200000,True,346.0,312.0,34974.0,34000.0,34628.0,False,42937.0,42000.0,42591.0,False,42937.0,42000.0,42591.0,False,1069.0,20941.0,19872.0,False,1979.0,61000.0,59021.0,False,2983.0,131000.0,128017.0,False,4496.0,,195504.0,True,6000.0,,194000.0,True,0.09300355613231659,0.046270038932561874,0.0010092854499816895,0.025015446988475628,0.06602991505257165,168.89511108398438,0.021177289268647745,0.06151172415062358,0.029036419128563463,0.12046372145414352,1.3947569131851196,0.0163763165473938,0.167119243834032,3.055691532428532,315.942626953125,0.04733486555830546,1.666142382615151,0.9614472490953401,0.0,1313.0,40000.0,
ntk_N400_a0.5_wd1e-05_s3,0.5,400,1e-05,3,400.0,2.5000000000000002e-08,ok,,,200000,200000,307,93.3523600101471,16.56327533721924,1,a32604fecc91de55d340ab4799441a26f2677242,False,2.2868245252993802e-07,166.56251525878906,270.68511962890625,1.6251262729092517,0.13705646991729736,0.0654971907210272,1.081561803817749,0.02163940668106079,1.0,1.0,1.392113608744694e-05,0.005143092013895512,0.09127222746610641,0.019944564529343792,0.1371484398841858,199000,True,282.0,254.0,12539.0,12000.0,12257.0,False,24000.0,23204.0,23718.0,False,24000.0,23204.0,23718.0,False,1069.0,8000.0,6931.0,False,1979.0,41000.0,39021.0,False,2692.0,110000.0,107308.0,False,4000.0,,196000.0,True,6000.0,,194000.0,True,0.09182984381914139,0.03248368576169014,0.0007187128067016602,0.016496404044585924,0.05077979016956235,168.71221923828125,0.020638294215108897,0.04421010388934555,0.019425152866717837,0.11873970925807953,1.4101219177246094,0.016066551208496094,0.16274247039662376,3.1176280658199977,323.1949768066406,0.04577370408749218,1.6662556372989032,1.00996836971515,0.0,1313.0,33000.0,
ntk_N400_a0.5_wd1e-05_s4,0.5,400,1e-05,4,400.0,2.5000000000000002e-08,ok,,,200000,200000,307,96.50379300117493,17.55159330368042,1,a32604fecc91de55d340ab4799441a26f2677242,False,2.2603865090786712e-07,165.9253692626953,270.8740234375,1.6325051716995038,0.13712292909622192,0.0656124147723908,1.1059927940368652,0.019873440265655518,1.0,1.0,1.4130083400232252e-05,0.005781898740679026,0.0927986353635788,0.020483606943336535,0.13713853061199188,199000,True,710.0,640.0,25000.0,24000.0,24290.0,False,34974.0,34000.0,34264.0,False,34974.0,34000.0,34264.0,False,1069.0,13894.0,12825.0,False,1979.0,54000.0,52021.0,False,2983.0,127000.0,124017.0,False,4496.0,,195504.0,True,6000.0,,194000.0,True,0.09625408053398132,0.15307319164276123,0.0026932954788208008,0.050734609931149297,0.18341121265386992,177.62953186035156,0.02386508458195854,0.20076720420159408,0.0944737450040577,0.1183963268995285,1.4290494918823242,0.015141606330871582,0.15643289546737854,3.194581398304204,321.10205078125,0.046002112382678706,1.6697875131036737,1.0322695858304078,0.0,1313.0,47000.0,
ntk_N400_a0.5_wd3e-05_s0,0.5,400,3e-05,0,400.0,7.5e-08,ok,,,200000,200000,307,96.5996732711792,17.01543164253235,1,a32604fecc91de55d340ab4799441a26f2677242,False,2.4705823875592614e-07,166.46580505371094,246.1221466064453,1.478514740772334,0.15148259699344635,0.08026748813645587,0.9205912351608276,0.02218174934387207,1.0,1.0,8.81122614373453e-05,0.0021231607533991337,0.09259794652462006,0.020598330773087148,0.15155425667762756,196000,True,282.0,254.0,6776.0,6116.0,6494.0,False,8000.0,7508.0,7718.0,False,8000.0,7508.0,7718.0,False,1069.0,5520.0,4451.0,False,1979.0,13000.0,11021.0,False,2983.0,33000.0,30017.0,False,4058.0,92000.0,87942.0,False,6000.0,,194000.0,True,0.09314271062612534,0.025176404044032097,0.0007890462875366211,0.015600287926140157,0.0476799178906871,167.83987426757812,0.02131871913361561,0.03822454618119686,0.009792715497126441,0.11945521086454391,1.3624948263168335,0.014739513397216797,0.16569473226684595,2.9256697497106567,310.48492431640625,0.047470497771497526,1.607660691016892,0.97398063015269,0.0,1185.0,9218.0,59000.0
ntk_N400_a0.5_wd3e-05_s1,0.5,400,3e-05,1,400.0,7.5e-08,ok,,,200000,200000,307,95.36268520355225,17.13945746421814,1,a32604fecc91de55d340ab4799441a26f2677242,False,2.459966310652817e-07,167.0225067138672,246.78890991210938,1.4775787692786406,0.15111228823661804,0.07936173710278319,0.9188529253005981,0.023786485195159912,1.0,1.0,8.885160059435293e-05,0.0022420245222747326,0.09211032092571259,0.020357052788785978,0.1511836051940918,193000,True,522.0,471.0,8319.0,8000.0,7797.0,False,11000.0,10214.0,10478.0,False,11000.0,10214.0,10478.0,False,1069.0,6776.0,5707.0,False,1979.0,16000.0,14021.0,False,2983.0,38000.0,35017.0,False,4496.0,105000.0,100504.0,False,6000.0,,194000.0,True,0.09458032995462418,0.07377079129219055,0.0018945932388305664,0.04314855255074114,0.09972155871430961,172.3283233642578,0.02272728008372011,0.10792676409010353,0.03307603514184115,0.12190026044845581,1.3328921794891357,0.016204118728637695,0.17521508385628246,2.813916916731448,308.77618408203125,0.04888103242812959,1.5829001358735202,0.9314202434436574,0.0,1185.0,7508.0,58000.0
ntk_N400_a0.5_wd3e-05_s2,0.5,400,3e-05,2,400.0,7.5e-08,ok,,,200000,200000,307,95.30499482154846,16.554837703704834,1,a32604fecc91de55d340ab4799441a26f2677242,False,2.498770754755242e-07,165.59353637695312,246.11366271972656,1.4862516261472873,0.15072138607501984,0.07957250356108736,0.9221695065498352,0.022176384925842285,1.0,1.0,8.828655700199306e-05,0.002077427227050066,0.09197676181793213,0.020112652769975328,0.15105533599853516,192000,True,383.0,346.0,11000.0,10214.0,10617.0,False,12000.0,11317.0,11617.0,False,12000.0,11317.0,11617.0,False,1069.0,8000.0,6931.0,False,1979.0,18900.0,16921.0,False,2983.0,39000.0,36017.0,False,4496.0,99000.0,94504.0,False,6000.0,,194000.0,True,0.09320636838674545,0.04094119742512703,0.0011672377586364746,0.02778688944846519,0.06465604597774847,168.33819580078125,0.021387268562528122,0.05946208931734076,0.019902862027730606,0.12077906727790833,1.3496893644332886,0.015999913215637207,0.17064152623559412,2.8777478727240777,309.4859924316406,0.04792893626395322,1.6162963596024906,0.9272140681149758,0.0,1313.0,11000.0,64000.0
ntk_N400_a0.5_wd3e-05_s3,0.5,400,3e-05,3,400.0,7.5e-08,ok,,,200000,200000,307,96.02556586265564,16.231152772903442,1,a32604fecc91de55d340ab4799441a26f2677242,False,2.450383931318356e-07,166.56251525878906,246.8601837158203,1.4820872711502486,0.14977231621742249,0.07944744387693908,0.8990384936332703,0.023765981197357178,1.0,1.0,8.782068471191451e-05,0.0021787856239825487,0.09127222746610641,0.019944564529343792,0.15010909736156464,194000,True,282.0,254.0,6776.0,6116.0,6494.0,False,7508.0,7000.0,7226.0,False,7508.0,7000.0,7226.0,False,1069.0,6000.0,4931.0,False,1979.0,13894.0,11915.0,False,2983.0,34974.0,31991.0,False,4496.0,102000.0,97504.0,False,6000.0,,194000.0,True,0.0918230190873146,0.02205231413245201,0.0007188320159912109,0.01630741278709636,0.044405193921847594,167.8092041015625,0.020634517891446102,0.033812225029836725,0.008979022974283806,0.11960473656654358,1.332174301147461,0.01562422513961792,0.1697083785610403,2.810416541991867,311.4773254394531,0.046808181487298206,1.5865117211876383,0.936078409073014,0.0,1313.0,8319.0,66000.0
ntk_N400_a0.5_wd3e-05_s4,0.5,400,3e-05,4,400.0,7.5e-08,ok,,,200000,200000,307,94.62187194824219,15.607080698013306,1,a32604fecc91de55d340ab4799441a26f2677242,False,2.415811763967213e-07,165.9253692626953,246.0807342529297,1.483080829329548,0.1517128050327301,0.08040361230152435,0.9114126563072205,0.022345423698425293,1.0,1.0,8.890813478501514e-05,0.0023186039179563522,0.0927986353635788,0.020483606943336535,0.1517128050327301,200000,True,710.0,640.0,9000.0,8319.0,8290.0,False,10000.0,9218.0,9290.0,False,10000.0,9218.0,9290.0,False,1069.0,6776.0,5707.0,False,1979.0,17000.0,15021.0,False,2983.0,38000.0,35017.0,False,4496.0,111000.0,106504.0,False,6116.0,,193884.0,True,0.09623458236455917,0.12817959487438202,0.0026990771293640137,0.05042156718953472,0.15760760464994703,175.32528686523438,0.023861335027053635,0.17632816664332207,0.068949724783095,0.11898759752511978,1.3749853372573853,0.014960527420043945,0.16072064380667364,2.974974482553222,313.1127624511719,0.04657850942016013,1.6113770677472345,0.9880136120276822,0.0,1313.0,12000.0,64000.0
ntk_N400_a0.5_wd0.0001_s0,0.5,400,0.0001,0,400.0,2.5e-07,ok,,,200000,200000,307,97.06092429161072,16.165623426437378,1,a32604fecc91de55d340ab4799441a26f2677242,False,2.37644087519584e-07,166.46580505371094,229.44992065429688,1.3783606824252215,0.15781638026237488,0.08756186682808557,0.7801912426948547,0.022755205631256104,1.0,1.0,0.0005385048571042717,0.0025087730027735233,0.09259794652462006,0.020598330773087148,0.15843993425369263,194000,True,312.0,282.0,4496.0,4058.0,4184.0,False,4981.0,4496.0,4669.0,False,4981.0,4496.0,4669.0,False,1185.0,4496.0,3311.0,False,2193.0,6776.0,4583.0,False,3305.0,12000.0,8695.0,False,4981.0,38751.0,33770.0,False,8000.0,,192000.0,True,0.09327511489391327,-0.009426598437130451,0.0009178519248962402,0.017862019447565606,0.043684730531790596,164.76425170898438,0.021455465446132325,0.006142788535395577,-0.02778669143980277,0.123820461332798,1.106094241142273,0.015740394592285156,0.18571297833140557,2.0459181638690693,273.0362548828125,0.0522577383939479,1.364364716556756,0.6907860185394921,0.0,1185.0,4000.0,15000.0
ntk_N400_a0.5_wd0.0001_s1,0.5,400,0.0001,1,400.0,2.5e-07,ok,,,200000,200000,307,96.06225490570068,16.14640474319458,1,a32604fecc91de55d340ab4799441a26f2677242,False,2.3837598916998104e-07,167.0225067138672,229.61376953125,1.374747475947121,0.15822535753250122,0.0868811898705897,0.7735941410064697,0.023620665073394775,1.0,1.0,0.0005336843314580619,0.002619605977088213,0.09211032092571259,0.020357052788785978,0.15916457772254944,199000,True,383.0,346.0,5520.0,5000.0,5137.0,False,5520.0,5000.0,5137.0,False,5520.0,5000.0,5137.0,False,1185.0,4981.0,3796.0,False,2193.0,6776.0,4583.0,False,3305.0,12539.0,9234.0,False,4981.0,45000.0,40019.0,False,8000.0,,192000.0,True,0.09358523786067963,-0.005660610739141703,0.0012511014938354492,0.03191166739716602,0.0502417843905031,165.61392211914062,0.021779162206164666,0.01622952030664084,-0.03144276991827177,0.12632307410240173,1.0997724533081055,0.01691877841949463,0.19611778818089984,2.028686422011771,274.09381103515625,0.05367906221040984,1.359317707346933,0.6794306877919364,0.0,1185.0,3662.0,15000.0
ntk_N400_a0.5_wd0.0001_s2,0.5,400,0.0001,2,400.0,2.5e-07,ok,,,200000,200000,307,96.47359299659729,16.768466234207153,1,a32604fecc91de55d340ab4799441a26f2677242,False,2.426505147923308e-07,165.59353637695312,229.4804229736328,1.3858054365796568,0.15844093263149261,0.0875340944302378,0.7710466980934143,0.02364981174468994,1.0,1.0,0.0005309825064614415,0.0023744942154735327,0.09197676181793213,0.020112652769975328,0.15874187648296356,173000,True,425.0,383.0,5520.0,5000.0,5095.0,False,6000.0,5520.0,5575.0,False,6000.0,5520.0,5575.0,False,1185.0,4981.0,3796.0,False,2193.0,7508.0,5315.0,False,3305.0,13000.0,9695.0,False,4981.0,38000.0,33019.0,False,8319.0,,191681.0,True,0.09341780096292496,-0.0032734149135649204,0.001371145248413086,0.030066188420604427,0.05238122417075908,164.36656188964844,0.02161440643144614,0.020125565405552694,-0.029994375430495365,0.12596586346626282,1.11785888671875,0.01673603057861328,0.19584674308244318,2.0830136224096423,275.0126037597656,0.05336601292625383,1.3934184016812041,0.6778422263194829,0.0,1313.0,4000.0,15000.0
ntk_N400_a0.5_wd0.0001_s3,0.5,400,0.0001,3,400.0,2.5e-07,ok,,,200000,200000,307,98.06112504005432,17.008990049362183,1,a32604fecc91de55d340ab4799441a26f2677242,False,2.4845130042194796e-07,166.56251525878906,229.40992736816406,1.3773202632760957,0.156465083360672,0.08628351802404984,0.7584881782531738,0.02317821979522705,1.0,1.0,0.0005381363444030285,0.0025799989234656096,0.09127222746610641,0.019944564529343792,0.15776963531970978,189000,True,346.0,312.0,4981.0,4496.0,4635.0,False,4981.0,4496.0,4635.0,False,4981.0,4496.0,4635.0,False,1185.0,4496.0,3311.0,False,2193.0,6776.0,4583.0,False,3305.0,12000.0,8695.0,False,4981.0,45000.0,40019.0,False,8000.0,,192000.0,True,0.09207350015640259,-0.011229627765715122,0.0009828805923461914,0.020169307310446322,0.04552564761087757,164.78269958496094,0.020939837951186924,0.006097115187954312,-0.03068069324239019,0.12427987903356552,1.0671770572662354,0.016877055168151855,0.1896259174921278,1.9327172439955338,272.3629150390625,0.05192786197515241,1.331445103361886,0.6529162434486551,0.0,1313.0,4000.0,15395.0
ntk_N400_a0.5_wd0.0001_s4,0.5,400,0.0001,4,400.0,2.5e-07,ok,,,200000,200000,307,98.38691139221191,16.85734272003174,1,a32604fecc91de55d340ab4799441a26f2677242,False,2.3694494188930548e-07,165.9253692626953,229.18295288085938,1.3812411802924107,0.15791557729244232,0.08711802172591265,0.7742212414741516,0.022196054458618164,1.0,1.0,0.0005407604039646685,0.0027464525774121284,0.0927986353635788,0.020483606943336535,0.15839239954948425,122000,True,710.0,640.0,5520.0,5000.0,4810.0,False,5520.0,5000.0,4810.0,False,5520.0,5000.0,4810.0,False,1313.0,4981.0,3668.0,False,2193.0,7000.0,4807.0,False,3305.0,12539.0,9234.0,False,4981.0,50000.0,45019.0,False,8319.0,,191681.0,True,0.09613656997680664,0.0408007837831974,0.0027326345443725586,0.048819552652989796,0.08619030216278559,167.5071563720703,0.023823122876375388,0.08995104133985139,-0.019937557726302686,0.12441771477460861,1.1178385019302368,0.016041278839111328,0.18638717893297738,2.0819372174732798,275.0332946777344,0.05222079833307625,1.3635313243734892,0.7125181110526216,0.0,1313.0,4496.0,15000.0
ntk_N400_a0.5_wd0.0003_s0,0.5,400,0.0003,0,400.0,7.499999999999999e-07,ok,,,200000,200000,307,97.89690899848938,16.725618839263916,1,a32604fecc91de55d340ab4799441a26f2677242,False,2.2279006373082666e-07,166.46580505371094,205.40008544921875,1.2338875565642176,0.15728521347045898,0.08782038020519085,0.5672085881233215,0.02272951602935791,1.0,1.0,0.003025706158950925,0.007491324562579393,0.09259794652462006,0.020598330773087148,0.15829414129257202,199000,True,710.0,640.0,4496.0,4058.0,3786.0,False,4496.0,4058.0,3786.0,False,4496.0,4058.0,3786.0,False,1786.0,4496.0,2710.0,False,3305.0,5520.0,2215.0,False,4496.0,10000.0,5504.0,False,,,,True,,,,True,0.0955505520105362,-0.19078263640403748,0.003115236759185791,0.04126455145846462,0.18792889874951915,148.2246856689453,0.02391523685564761,-0.13077791704171018,-0.2645008900758891,0.13267943263053894,0.5456234216690063,0.018773317337036133,0.21777550335836685,0.7690345575685827,203.95008850097656,0.0623678685815493,0.8251263420988428,0.09158029510265661,0.0,1313.0,3305.0,6000.0
ntk_N400_a0.5_wd0.0003_s1,0.5,400,0.0003,1,400.0,7.499999999999999e-07,ok,,,200000,200000,307,98.13290810585022,16.921685457229614,1,a32604fecc91de55d340ab4799441a26f2677242,False,2.2471637350918172e-07,167.0225067138672,205.56581115722656,1.2307671295425437,0.15776026248931885,0.08710846630182839,0.5595699548721313,0.023260116577148438,1.0,1.0,0.0030275981407612562,0.007529461290687323,0.09211032092571259,0.020357052788785978,0.15933392941951752,88036,True,640.0,578.0,4496.0,4058.0,3856.0,False,4496.0,4058.0,3856.0,False,4496.0,4058.0,3856.0,False,1786.0,4496.0,2710.0,False,3305.0,5520.0,2215.0,False,4496.0,10000.0,5504.0,False,,,,True,,,,True,0.09525591135025024,-0.18847745656967163,0.0026847124099731445,0.04652335533152766,0.18427754937981813,149.54916381835938,0.023397163643396075,-0.1356800158298122,-0.2528220585106245,0.13520914316177368,0.5171037912368774,0.02071404457092285,0.22322057521910074,0.7266587751535535,202.90542602539062,0.06330830551555602,0.7933088474562585,0.07044707383347652,0.0,1313.0,2983.0,5520.0
ntk_N400_a0.5_wd0.0003_s2,0.5,400,0.0003,2,400.0,7.499999999999999e-07,ok,,,200000,200000,307,98.46195101737976,16.582998275756836,1,a32604fecc91de55d340ab4799441a26f2677242,False,2.2717182446285733e-07,165.59353637695312,205.4821014404297,1.2408823794467145,0.157819926738739,0.0873944960198699,0.5613441467285156,0.022812962532043457,1.0,1.0,0.0030248865950852633,0.007240066770464182,0.09197676181793213,0.020112652769975328,0.15929479897022247,152000,True,578.0,522.0,4496.0,4058.0,3918.0,False,4496.0,4058.0,3918.0,False,4496.0,4058.0,3918.0,False,1979.0,4496.0,2517.0,False,3305.0,5520.0,2215.0,False,4981.0,9000.0,4019.0,False,,,,True,,,,True,0.0942944809794426,-0.183971107006073,0.0022155046463012695,0.038055896623064,0.17867600638445671,149.0038604736328,0.022521008767691877,-0.1409884092469634,-0.2340811528682122,0.1336989551782608,0.5182003974914551,0.019658565521240234,0.2215598009895242,0.7259889105171063,201.99464416503906,0.06205044919567193,0.8083044803040302,0.05259980539239746,0.0,1313.0,3305.0,5520.0
ntk_N400_a0.5_wd0.0003_s3,0.5,400,0.0003,3,400.0,7.499999999999999e-07,ok,,,200000,200000,307,96.7274980545044,16.07392168045044,1,a32604fecc91de55d340ab4799441a26f2677242,False,2.2573871660824807e-07,166.56251525878906,205.48214721679688,1.2336638102368842,0.15697185695171356,0.08743330362969445,0.5327504277229309,0.022901296615600586,1.0,1.0,0.0030366366263478994,0.0075071160681545734,0.09127222746610641,0.019944564529343792,0.15802820026874542,119756,True,1313.0,1185.0,4496.0,4058.0,3183.0,False,4496.0,4058.0,3183.0,False,4496.0,4058.0,3183.0,False,1979.0,4496.0,2517.0,False,3305.0,5520.0,2215.0,False,4981.0,10000.0,5019.0,False,,,,True,,,,True,0.10003234446048737,-0.20859870314598083,0.0066606998443603516,0.08163427616830213,0.21509392509286412,145.71136474609375,0.028345108438603044,-0.0735808153762658,-0.38460297339276744,0.13350029289722443,0.49183452129364014,0.021057188510894775,0.2171774816990038,0.6873854963699982,201.69398498535156,0.062550234755764,0.7760134141683597,0.046068557173429836,0.0,1313.0,3305.0,6000.0
ntk_N400_a0.5_wd0.0003_s4,0.5,400,0.0003,4,400.0,7.499999999999999e-07,ok,,,200000,200000,307,98.47630405426025,16.586913108825684,1,a32604fecc91de55d340ab4799441a26f2677242,False,2.2274440425462672e-07,165.9253692626953,205.0848846435547,1.2360067996525685,0.15710130333900452,0.08702295421169573,0.5656154155731201,0.022063732147216797,1.0,1.0,0.0030445929151028395,0.007724490482360125,0.0927986353635788,0.020483606943336535,0.15884950757026672,88000,True,871.0,786.0,4496.0,4058.0,3625.0,False,4981.0,4496.0,4110.0,False,4981.0,4496.0,4110.0,False,1979.0,4496.0,2517.0,False,3305.0,5520.0,2215.0,False,4981.0,10000.0,5019.0,False,,,,True,,,,True,0.09699606150388718,-0.21663248538970947,0.0037603378295898438,0.0526960150499362,0.20974758659466278,145.6640167236328,0.024843943878422224,-0.14517300185460996,-0.3077393132635819,0.13685408234596252,0.564350426197052,0.019937872886657715,0.23203962218541413,0.8032083471821804,207.0491943359375,0.06590571477332817,0.8296179884859242,0.12408361771224873,0.0,1313.0,3305.0,6000.0
ntk_N400_a0.5_wd0.001_s0,0.5,400,0.001,0,400.0,2.5e-06,ok,,,200000,200000,307,96.9043128490448,16.422975301742554,1,a32604fecc91de55d340ab4799441a26f2677242,False,2.3575104535211722e-07,166.46580505371094,109.3320083618164,0.6567835858333785,0.1443353295326233,0.07777341467930343,-0.6165616512298584,0.026141464710235596,1.0,0.8301886916160583,0.027178341522812843,0.03472629562020302,0.09259794652462006,0.020598330773087148,0.14471109211444855,171000,True,18000.0,17057.0,,,182000.0,True,,,182000.0,True,,,182000.0,True,13894.0,,186106.0,True,,,,True,,,,True,,,,True,,,,True,0.14078375697135925,-0.6745158433914185,0.02790689468383789,0.21734538329559283,0.5187658672313071,105.27039337158203,0.07447798776720777,-0.38371598423281245,-1.1102168789325724,,,,,,,,,,0.0,4000.0,6776.0,17000.0
ntk_N400_a0.5_wd0.001_s1,0.5,400,0.001,1,400.0,2.5e-06,ok,,,200000,200000,307,95.94336318969727,16.92662024497986,1,a32604fecc91de55d340ab4799441a26f2677242,False,2.2554574741207034e-07,167.0225067138672,109.9284896850586,0.658165727768542,0.14344796538352966,0.07682794338966531,-0.6091386675834656,0.02702045440673828,1.0,0.7924528121948242,0.027082638815045357,0.035245053470134735,0.09211032092571259,0.020357052788785978,0.1449446976184845,151000,True,15000.0,14000.0,,,185000.0,True,,,185000.0,True,,,185000.0,True,13894.0,,186106.0,True,,,,True,,,,True,,,,True,,,,True,0.13832630217075348,-0.726988673210144,0.028631865978240967,0.20650459897537238,0.5427663544583664,102.30241394042969,0.07131026201504745,-0.43800291212193115,-1.1569753786778336,,,,,,,,,,0.0,4000.0,6776.0,16000.0
ntk_N400_a0.5_wd0.001_s2,0.5,400,0.001,2,400.0,2.5e-06,ok,,,200000,200000,307,95.48281478881836,15.803651094436646,1,a32604fecc91de55d340ab4799441a26f2677242,False,2.3200830412406503e-07,165.59353637695312,108.77291870117188,0.6568669350328012,0.1453988254070282,0.07823342130519302,-0.6343366503715515,0.02818155288696289,1.0,0.698113203048706,0.02726023644208908,0.0350891575217247,0.09197676181793213,0.020112652769975328,0.1465715765953064,185000,True,18000.0,17057.0,,,182000.0,True,,,182000.0,True,,,182000.0,True,15000.0,,185000.0,True,,,,True,,,,True,,,,True,,,,True,0.14133591949939728,-0.7113199830055237,0.02949368953704834,0.21691588491552635,0.536701486390035,103.40961456298828,0.07437729468196702,-0.4027802596946736,-1.169272620990996,,,,,,,,,,0.0,4000.0,6776.0,15395.0
ntk_N400_a0.5_wd0.001_s3,0.5,400,0.001,3,400.0,2.5e-06,ok,,,200000,200000,307,95.39873719215393,15.334456443786621,1,a32604fecc91de55d340ab4799441a26f2677242,False,2.356798063374299e-07,166.56251525878906,109.23872375488281,0.6558421838500579,0.14319299161434174,0.07751452879830802,-0.6432813405990601,0.026887834072113037,1.0,0.7358490824699402,0.027168750762939453,0.035606514662504196,0.09127222746610641,0.019944564529343792,0.1445034146308899,127000,True,30000.0,29000.0,,,170000.0,True,,,170000.0,True,,,170000.0,True,15000.0,,185000.0,True,,,,True,,,,True,,,,True,,,,True,0.14136072993278503,-0.6795401573181152,0.027202188968658447,0.22788234423825648,0.5203595463743385,106.74456787109375,0.07527655856865414,-0.3784980792789961,-1.1316467080212758,,,,,,,,,,0.0,4058.0,7508.0,20000.0
ntk_N400_a0.5_wd0.001_s4,0.5,400,0.001,4,400.0,2.5e-06,ok,,,200000,200000,307,95.73114013671875,16.555284023284912,1,a32604fecc91de55d340ab4799441a26f2677242,False,2.2943322619539686e-07,165.9253692626953,108.11296081542969,0.6515758337368156,0.14839376509189606,0.07981911722028079,-0.6539052724838257,0.0263555645942688,1.0,0.7358490824699402,0.02721271477639675,0.03548972308635712,0.0927986353635788,0.020483606943336535,0.14947831630706787,136000,True,15000.0,14000.0,,,185000.0,True,,,185000.0,True,,,185000.0,True,13894.0,,186106.0,True,,,,True,,,,True,,,,True,,,,True,0.14249393343925476,-0.7734424471855164,0.02862030267715454,0.2213507281205066,0.5625644524850891,100.4681625366211,0.074610507053916,-0.49507544617974075,-1.2011599641172206,,,,,,,,,,0.0,4000.0,6776.0,12539.0
ntk_N400_a0.5_wd0.003_s0,0.5,400,0.003,0,400.0,7.5e-06,ok,,,200000,200000,307,97.3901219367981,16.02244758605957,1,a32604fecc91de55d340ab4799441a26f2677242,False,3.220782502921793e-07,166.46580505371094,17.270456314086914,0.1037477715529296,0.05912957713007927,2.0120556367124887e-10,-3.6650922298431396,0.0410231351852417,0.029411764815449715,0.09433962404727936,0.0457729771733284,0.04468799754977226,0.09259794652462006,0.020598330773087148,0.09261739253997803,7,False,,,,,,True,,,,True,,,,True,,,,True,,,,True,,,,True,,,,True,,,,True,,,,,,,,,,,,,,,,,,,0.0,,,
ntk_N400_a0.5_wd0.003_s1,0.5,400,0.003,1,400.0,7.5e-06,ok,,,200000,200000,307,93.10421419143677,15.606993913650513,1,a32604fecc91de55d340ab4799441a26f2677242,False,3.222199609353993e-07,167.0225067138672,20.753053665161133,0.12425303675219056,0.0588701106607914,2.6068285984698347e-17,-3.338587522506714,0.028104960918426514,0.0357142873108387,0.056603774428367615,0.045735280960798264,0.045302748680114746,0.09211032092571259,0.020357052788785978,0.0921262875199318,6,False,,,,,,True,,,,True,,,,True,,,,True,,,,True,,,,True,,,,True,,,,True,,,,,,,,,,,,,,,,,,,0.0,,,
ntk_N400_a0.5_wd0.003_s2,0.5,400,0.003,2,400.0,7.5e-06,ok,,,200000,200000,307,95.71330094337463,15.917857885360718,1,a32604fecc91de55d340ab4799441a26f2677242,False,3.268505963660573e-07,165.59353637695312,20.15088653564453,0.1216888471405885,0.058638256043195724,1.8688934948218883e-17,-3.384437322616577,0.031090617179870605,0.03781512752175331,0.056603774428367615,0.04533584415912628,0.04526858776807785,0.09197676181793213,0.020112652769975328,0.09197676181793213,0,False,,,,,,True,,,,True,,,,True,,,,True,,,,True,,,,True,,,,True,,,,True,,,,,,,,,,,,,,,,,,,0.0,,,
ntk_N400_a0.5_wd0.003_s3,0.5,400,0.003,3,400.0,7.5e-06,ok,,,200000,200000,307,95.49201011657715,16.707934141159058,1,a32604fecc91de55d340ab4799441a26f2677242,False,3.1734793992654886e-07,166.56251525878906,20.727262496948242,0.12444133942588574,0.05852917209267616,2.1202928735669646e-17,-3.3508107662200928,0.033826231956481934,0.06092436984181404,0.03773584961891174,0.0454392172396183,0.04639224335551262,0.09127222746610641,0.019944564529343792,0.09127625077962875,1,False,,,,,,True,,,,True,,,,True,,,,True,,,,True,,,,True,,,,True,,,,True,,,,,,,,,,,,,,,,,,,0.0,,,
ntk_N400_a0.5_wd0.003_s4,0.5,400,0.003,4,400.0,7.5e-06,ok,,,200000,200000,307,95.089839220047,16.58893847465515,1,a32604fecc91de55d340ab4799441a26f2677242,False,3.1069026817931444e-07,165.9253692626953,18.473731994628906,0.1113375976001659,0.057583343237638474,1.2536087619363645e-18,-3.5408730506896973,0.03855395317077637,0.04621848836541176,0.0,0.044957246631383896,0.04565049335360527,0.0927986353635788,0.020483606943336535,0.09280940145254135,3,False,,,,,,True,,,,True,,,,True,,,,True,,,,True,,,,True,,,,True,,,,True,,,,,,,,,,,,,,,,,,,0.0,,,
ntk_N400_a1_wd0_s0,1.0,400,0.0,0,100.0,0.0,ok,,,200000,200000,307,94.21252202987671,16.992104291915894,1,a32604fecc91de55d340ab4799441a26f2677242,False,2.2531048671226017e-07,166.46580505371094,274.04888916015625,1.6462773785386924,0.10681241005659103,0.034425761028891985,1.0877207517623901,0.011270642280578613,1.0,0.16981132328510284,2.0404624656578108e-09,0.049115464091300964,0.09259794652462006,0.020598330773087148,0.10777664184570312,10214,True,254.0,230.0,,,199746.0,True,,,199746.0,True,,,199746.0,True,1185.0,,198815.0,True,2692.0,,197308.0,True,4496.0,,195504.0,True,7508.0,,192492.0,True,11000.0,,189000.0,True,0.09267187118530273,0.010179861448705196,0.00020897388458251953,0.004572039285216329,0.023008703072742664,167.06396484375,0.0207521499611331,0.013810453950272994,0.005818874957542595,,,,,,,,,,0.0,2692.0,,
ntk_N400_a1_wd0_s1,1.0,400,0.0,1,100.0,0.0,ok,,,200000,200000,307,94.99701499938965,17.22859287261963,1,a32604fecc91de55d340ab4799441a26f2677242,False,2.2712741554187232e-07,167.0225067138672,275.50946044921875,1.6495349391516727,0.10751217603683472,0.034269567027820566,1.0756508111953735,0.011798441410064697,1.0,0.056603774428367615,2.4065132109285514e-09,0.05497116968035698,0.09211032092571259,0.020357052788785978,0.10836770385503769,13000,True,425.0,383.0,,,199575.0,True,,,199575.0,True,,,199575.0,True,1185.0,,198815.0,True,2692.0,,197308.0,True,4496.0,,195504.0,True,7508.0,,192492.0,True,11000.0,,189000.0,True,0.09270595014095306,0.019722197204828262,0.00046002864837646484,0.021095443094297388,0.03658498903497502,168.49497985839844,0.02090173898600764,0.02656772135937517,0.011813951912340113,,,,,,,,,,0.0,2692.0,,
ntk_N400_a1_wd0_s2,1.0,400,0.0,2,100.0,0.0,ok,,,200000,200000,307,96.5097758769989,17.051164627075195,1,a32604fecc91de55d340ab4799441a26f2677242,False,2.2630835871950694e-07,165.59353637695312,277.0085754394531,1.6728223908986248,0.10669957846403122,0.033182193139885185,1.101834774017334,0.011857867240905762,1.0,0.03773584961891174,2.46767939415804e-09,0.05764361098408699,0.09197676181793213,0.020112652769975328,0.10718443989753723,13000,True,312.0,282.0,,,199688.0,True,,,199688.0,True,,,199688.0,True,1185.0,,198815.0,True,2692.0,,197308.0,True,4496.0,,195504.0,True,7508.0,,192492.0,True,11000.0,,189000.0,True,0.09214822202920914,0.013397547416388988,0.0002689361572265625,0.008483002938766786,0.026998207134709202,166.4611358642578,0.02033590228930316,0.0174799582279249,0.008769518423646898,,,,,,,,,,0.0,2983.0,,
ntk_N400_a1_wd0_s3,1.0,400,0.0,3,100.0,0.0,ok,,,200000,200000,307,95.49713206291199,17.425432920455933,1,a32604fecc91de55d340ab4799441a26f2677242,False,2.2816234945821634e-07,166.56251525878906,275.1304016113281,1.6518146425914413,0.10702403634786606,0.03381872930350727,1.066835641860962,0.011958479881286621,1.0,0.15094339847564697,2.225794881738352e-09,0.05152076855301857,0.09127222746610641,0.019944564529343792,0.10769530385732651,12539,True,346.0,312.0,,,199654.0,True,,,199654.0,True,,,199654.0,True,1185.0,,198815.0,True,2692.0,,197308.0,True,4496.0,,195504.0,True,7508.0,,192492.0,True,11000.0,,189000.0,True,0.09146621823310852,0.01434361096471548,0.00030416250228881836,0.009009474654759883,0.02880882695471036,167.50961303710938,0.02021294817007564,0.01902803144935667,0.00914252423639882,,,,,,,,,,0.0,3305.0,,
ntk_N400_a1_wd0_s4,1.0,400,0.0,4,100.0,0.0,ok,,,200000,200000,307,96.98811292648315,17.80319118499756,1,a32604fecc91de55d340ab4799441a26f2677242,False,2.2274440425462672e-07,165.9253692626953,278.7476501464844,1.6799579918678216,0.10653907060623169,0.03296064944848144,1.114361047744751,0.010934710502624512,1.0,0.09433962404727936,2.2773767316408566e-09,0.05560867115855217,0.0927986353635788,0.020483606943336535,0.10722431540489197,11317,True,169.0,152.0,,,199831.0,True,,,199831.0,True,,,199831.0,True,1185.0,,198815.0,True,2692.0,,197308.0,True,4496.0,,195504.0,True,8000.0,,192000.0,True,11317.0,,188683.0,True,0.09292495995759964,0.005088592879474163,0.00011336803436279297,0.009104436996019259,0.015973603447785353,166.18553161621094,0.020522913108066473,0.006514885017966958,0.0034831549735275685,,,,,,,,,,0.0,2983.0,,
ntk_N400_a1_wd3e-06_s0,1.0,400,3e-06,0,100.0,3.0000000000000004e-08,ok,,,200000,200000,307,96.41586112976074,17.01580286026001,1,a32604fecc91de55d340ab4799441a26f2677242,False,2.361381206128499e-07,166.46580505371094,239.6952667236328,1.4399069325156242,0.11428379267454147,0.041923161943871495,0.8508623242378235,0.01391291618347168,1.0,0.8679245114326477,7.524062766606221e-06,0.031222950667142868,0.09259794652462006,0.020598330773087148,0.11431422829627991,199000,True,254.0,230.0,,,199746.0,True,,,199746.0,True,,,199746.0,True,1185.0,,198815.0,True,2692.0,,197308.0,True,4496.0,,195504.0,True,7508.0,,192492.0,True,11000.0,,189000.0,True,0.09266842901706696,0.008780560456216335,0.00020760297775268555,0.0044196673528031005,0.022309150837533338,166.94224548339844,0.02074961109756407,0.012421947614953778,0.004399326512419992,,,,,,,,,,0.0,2692.0,,
ntk_N400_a1_wd3e-06_s1,1.0,400,3e-06,1,100.0,3.0000000000000004e-08,ok,,,200000,200000,307,95.34040188789368,16.934467315673828,1,a32604fecc91de55d340ab4799441a26f2677242,False,2.426606897643069e-07,167.0225067138672,240.43504333496094,1.4395367909718877,0.11533726751804352,0.04181774219627262,0.8359026908874512,0.014577746391296387,1.0,0.5660377144813538,7.624416866747197e-06,0.03535185381770134,0.09211032092571259,0.020357052788785978,0.11533726751804352,200000,True,425.0,383.0,,,199575.0,True,,,199575.0,True,,,199575.0,True,1185.0,,198815.0,True,2692.0,,197308.0,True,4496.0,,195504.0,True,7508.0,,192492.0,True,11000.0,,189000.0,True,0.09269767254590988,0.017397886142134666,0.00045686960220336914,0.02086136517100119,0.035258722454320844,168.29275512695312,0.020903969865235572,0.024252236857525998,0.009479981044411558,,,,,,,,,,0.0,2692.0,,
ntk_N400_a1_wd3e-06_s2,1.0,400,3e-06,2,100.0,3.0000000000000004e-08,ok,,,200000,200000,307,95.49153208732605,16.46713089942932,1,a32604fecc91de55d340ab4799441a26f2677242,False,2.3623458389465668e-07,165.59353637695312,242.38194274902344,1.4637162056692299,0.11421111971139908,0.040462324368913345,0.8643696308135986,0.014410257339477539,1.0,0.5660377144813538,7.53467611502856e-06,0.03742704167962074,0.09197676181793213,0.020112652769975328,0.11421111971139908,200000,True,312.0,282.0,,,199688.0,True,,,199688.0,True,,,199688.0,True,1185.0,,198815.0,True,2692.0,,197308.0,True,4496.0,,195504.0,True,8000.0,,192000.0,True,11317.0,,188683.0,True,0.0921417847275734,0.011632942594587803,0.00026726722717285156,0.00821837010633929,0.02608075729821024,166.31240844726562,0.020334334518397446,0.015684993049478076,0.007022244918823392,,,,,,,,,,0.0,2983.0,,
ntk_N400_a1_wd3e-06_s3,1.0,400,3e-06,3,100.0,3.0000000000000004e-08,ok,,,200000,200000,307,94.73471689224243,16.8749577999115,1,a32604fecc91de55d340ab4799441a26f2677242,False,2.3838667573272687e-07,166.56251525878906,240.5096893310547,1.4439604790872274,0.11444038152694702,0.04121383027021884,0.8297076225280762,0.014552474021911621,1.0,0.7735849022865295,7.471866410924122e-06,0.03292590007185936,0.09127222746610641,0.019944564529343792,0.11446438729763031,199000,True,346.0,312.0,,,199654.0,True,,,199654.0,True,,,199654.0,True,1185.0,,198815.0,True,2692.0,,197308.0,True,4496.0,,195504.0,True,7508.0,,192492.0,True,11317.0,,188683.0,True,0.09146685898303986,0.012485084123909473,0.00030243396759033203,0.009062277975522979,0.02780803288782026,167.34451293945312,0.020207472706832402,0.017195914081360005,0.007225684857020593,,,,,,,,,,0.0,3305.0,,
ntk_N400_a1_wd3e-06_s4,1.0,400,3e-06,4,100.0,3.0000000000000004e-08,ok,,,200000,200000,307,94.11198878288269,16.904670476913452,1,a32604fecc91de55d340ab4799441a26f2677242,False,2.335762161465027e-07,165.9253692626953,243.7737274169922,1.4691769468419642,0.11340728402137756,0.04010323843709341,0.8770079612731934,0.013279318809509277,1.0,0.6037735939025879,7.689561243751086e-06,0.037154268473386765,0.0927986353635788,0.020483606943336535,0.11340728402137756,200000,True,169.0,152.0,,,199831.0,True,,,199831.0,True,,,199831.0,True,1185.0,,198815.0,True,2692.0,,197308.0,True,4496.0,,195504.0,True,8000.0,,192000.0,True,12000.0,,188000.0,True,0.09292232990264893,0.004236651584506035,0.00011277198791503906,0.008947077620128635,0.01568017469314445,166.10365295410156,0.020524103355099063,0.0057589885743547274,0.0025126934669161684,,,,,,,,,,0.0,2983.0,,
ntk_N400_a1_wd1e-05_s0,1.0,400,1e-05,0,100.0,1.0000000000000001e-07,ok,,,200000,200000,307,95.66244673728943,16.519226789474487,1,a32604fecc91de55d340ab4799441a26f2677242,False,2.3443638497155916e-07,166.46580505371094,204.82229614257812,1.2304166376781784,0.1280571073293686,0.05612787207951318,0.5611759424209595,0.017524242401123047,1.0,1.0,5.8319419622421265e-05,0.012318559922277927,0.09259794652462006,0.020598330773087148,0.1280571073293686,200000,True,254.0,230.0,73000.0,72000.0,72746.0,False,82000.0,81000.0,81746.0,False,82000.0,81000.0,81746.0,False,1185.0,58408.0,57223.0,False,2692.0,114000.0,111308.0,False,4496.0,,195504.0,True,8000.0,,192000.0,True,12000.0,,188000.0,True,0.0926685631275177,0.0054173097014427185,0.0002073049545288086,0.0044222842734599355,0.021172361619818517,166.6581573486328,0.020747327997832177,0.009010624795459742,0.0010868741148438454,0.11768341809511185,0.7492103576660156,0.014644622802734375,0.1557351302465038,1.1427694891883218,226.76150512695312,0.04550571747889294,1.0117475719549756,0.3219931078560166,0.0,2692.0,104000.0,
ntk_N400_a1_wd1e-05_s1,1.0,400,1e-05,1,100.0,1.0000000000000001e-07,ok,,,200000,200000,307,96.46100807189941,17.23251223564148,1,a32604fecc91de55d340ab4799441a26f2677242,False,2.3220248124289355e-07,167.0225067138672,204.9639892578125,1.22716389120506,0.1294098049402237,0.05613742416098734,0.5432174205780029,0.019351959228515625,1.0,1.0,5.7876612117979676e-05,0.013514475896954536,0.09211032092571259,0.020357052788785978,0.1294098049402237,200000,True,425.0,383.0,93000.0,92000.0,92575.0,False,102000.0,101000.0,101575.0,False,102000.0,101000.0,101575.0,False,1185.0,76000.0,74815.0,False,2692.0,132000.0,129308.0,False,4496.0,,195504.0,True,8000.0,,192000.0,True,12000.0,,188000.0,True,0.09270506352186203,0.011808612383902073,0.000462949275970459,0.02099892928077276,0.032897798818331714,167.82186889648438,0.020900071866434163,0.018555357395133802,0.0040376000887457205,0.1212836429476738,0.6853703260421753,0.016353130340576172,0.17105855429324157,1.0169397671027864,221.53160095214844,0.04779157686458506,0.9546262969363869,0.24185008050982293,0.0,2692.0,91000.0,
ntk_N400_a1_wd1e-05_s2,1.0,400,1e-05,2,100.0,1.0000000000000001e-07,ok,,,200000,200000,307,97.16485595703125,17.17229199409485,1,a32604fecc91de55d340ab4799441a26f2677242,False,2.3278644789570535e-07,165.59353637695312,205.78469848632812,1.242709727618141,0.12839576601982117,0.05535291069267448,0.5580499768257141,0.018039703369140625,1.0,1.0,5.7273377024102956e-05,0.013694629073143005,0.09197676181793213,0.020112652769975328,0.12839576601982117,200000,True,312.0,282.0,109000.0,108081.0,108688.0,False,129000.0,128000.0,128688.0,False,129000.0,128000.0,128688.0,False,1185.0,83000.0,81815.0,False,2692.0,138000.0,135308.0,False,4981.0,,195019.0,True,8000.0,,192000.0,True,12000.0,,188000.0,True,0.09214537590742111,0.00759322103112936,0.0002677440643310547,0.008371161936151686,0.024490930957955404,165.96588134765625,0.020332785531211588,0.011683436162013103,0.0029457284646118836,0.12246733903884888,0.6620399355888367,0.016369163990020752,0.17831491739284228,0.9719655879047979,217.27903747558594,0.04923826233925309,0.9488482980191186,0.19313652862721217,0.0,2983.0,105000.0,
ntk_N400_a1_wd1e-05_s3,1.0,400,1e-05,3,100.0,1.0000000000000001e-07,ok,,,200000,200000,307,95.35147881507874,16.716223001480103,1,a32604fecc91de55d340ab4799441a26f2677242,False,2.340693185942655e-07,166.56251525878906,204.975830078125,1.2306240078066362,0.12794099748134613,0.05564650564734261,0.5349181294441223,0.01851266622543335,1.0,1.0,5.86307724006474e-05,0.012103565968573093,0.09127222746610641,0.019944564529343792,0.12799184024333954,199000,True,346.0,312.0,73000.0,72000.0,72654.0,False,91000.0,90000.0,90654.0,False,91000.0,90000.0,90654.0,False,1185.0,64000.0,62815.0,False,2692.0,117000.0,114308.0,False,4981.0,,195019.0,True,8000.0,,192000.0,True,12000.0,,188000.0,True,0.09146355092525482,0.008060308173298836,0.00030303001403808594,0.008924085274864874,0.0260579006893579,166.96002197265625,0.020212459827011035,0.012838546934713988,0.002753005487425491,0.11904420703649521,0.7008792757987976,0.015703141689300537,0.16613319023423256,1.0462296857119833,224.53732299804688,0.046049196116850245,0.9728898116018939,0.2659891605550971,0.0,3000.0,101000.0,
ntk_N400_a1_wd1e-05_s4,1.0,400,1e-05,4,100.0,1.0000000000000001e-07,ok,,,200000,200000,307,95.93791103363037,17.422871589660645,1,a32604fecc91de55d340ab4799441a26f2677242,False,2.2942191435504355e-07,165.9253692626953,205.32176208496094,1.2374344140219613,0.12794095277786255,0.05563223995760502,0.5569835305213928,0.017480015754699707,1.0,1.0,5.8495970733929425e-05,0.014084136113524437,0.0927986353635788,0.020483606943336535,0.12794095277786255,200000,True,169.0,152.0,97000.0,96000.0,96831.0,False,114000.0,113000.0,113831.0,False,114000.0,113000.0,113831.0,False,1185.0,81000.0,79815.0,False,2692.0,137000.0,134308.0,False,4981.0,,195019.0,True,8000.0,,192000.0,True,12539.0,,187461.0,True,0.09291881322860718,0.001988697098568082,0.00011289119720458984,0.008725907641447182,0.015185533610804023,165.91259765625,0.02052039761375902,0.0035231044088844666,0.0002483985391832803,0.12039747089147568,0.691245973110199,0.015197217464447021,0.16775329119875368,1.0262024403877297,220.87646484375,0.0477030196885692,0.9469325791844494,0.25947819343372125,0.0,2983.0,112000.0,
ntk_N400_a1_wd3e-05_s0,1.0,400,3e-05,0,100.0,3e-07,ok,,,200000,200000,307,94.78426480293274,16.98978090286255,1,a32604fecc91de55d340ab4799441a26f2677242,False,2.3970827101038594e-07,166.46580505371094,180.1087188720703,1.0819562541025012,0.1425836980342865,0.07128233719966515,0.31613820791244507,0.020506083965301514,1.0,1.0,0.0003538559249136597,0.006255774293094873,0.09259794652462006,0.020598330773087148,0.142765074968338,188000,True,282.0,254.0,22000.0,21000.0,21718.0,False,28000.0,27000.0,27718.0,False,28000.0,27000.0,27718.0,False,1185.0,20000.0,18815.0,False,2983.0,36000.0,33017.0,False,4981.0,74000.0,69019.0,False,9000.0,,191000.0,True,15000.0,,185000.0,True,0.09268780797719955,-0.0038663288578391075,0.00024259090423583984,0.005114015468473984,0.022365447617822883,165.83544921875,0.020778262656017003,0.0003842424991976589,-0.008922168158101547,0.12034714221954346,0.6330335140228271,0.015126466751098633,0.16895337885997685,0.9149990063088298,214.3412322998047,0.0481914622826386,0.8936261628360085,0.21104718946566864,0.0,2692.0,28000.0,122000.0
ntk_N400_a1_wd3e-05_s1,1.0,400,3e-05,1,100.0,3e-07,ok,,,200000,200000,307,94.62230110168457,16.234737873077393,1,a32604fecc91de55d340ab4799441a26f2677242,False,2.438554815853422e-07,167.0225067138672,180.5515899658203,1.0810015579225518,0.1434924304485321,0.07111698674689246,0.302564799785614,0.022766709327697754,1.0,1.0,0.00035130023024976254,0.006770751439034939,0.09211032092571259,0.020357052788785978,0.14360271394252777,199000,True,425.0,383.0,28000.0,27000.0,27575.0,False,30000.0,29000.0,29575.0,False,30000.0,29000.0,29575.0,False,1185.0,23000.0,21815.0,False,2983.0,38751.0,35768.0,False,4981.0,80000.0,75019.0,False,9000.0,,191000.0,True,15000.0,,185000.0,True,0.09267712384462357,-0.0030884703155606985,0.0004648566246032715,0.020029960165955762,0.030687945892660884,166.48403930664062,0.02088666248117364,0.004179432302608171,-0.011497309345453932,0.12271210551261902,0.5973516702651978,0.016239583492279053,0.17958641412559267,0.8526472394549572,212.34014892578125,0.049458143475488325,0.8609583066333171,0.16695446088358978,0.0,2692.0,24000.0,116000.0
ntk_N400_a1_wd3e-05_s2,1.0,400,3e-05,2,100.0,3e-07,ok,,,200000,200000,307,95.77338814735413,16.91567897796631,1,a32604fecc91de55d340ab4799441a26f2677242,False,2.3525228698417777e-07,165.59353637695312,179.92396545410156,1.0865397852518048,0.14336098730564117,0.07172210749392247,0.3050259053707123,0.021321356296539307,1.0,1.0,0.00035306508652865887,0.005993821192532778,0.09197676181793213,0.020112652769975328,0.1437276154756546,191000,True,312.0,282.0,32000.0,31564.0,31688.0,False,37000.0,36000.0,36688.0,False,37000.0,36000.0,36688.0,False,1313.0,25710.0,24397.0,False,2983.0,42000.0,39017.0,False,4981.0,79000.0,74019.0,False,9000.0,,191000.0,True,15395.0,,184605.0,True,0.09214586019515991,-0.004057641606777906,0.00026619434356689453,0.008412792660003035,0.02341775535486174,164.9801025390625,0.02032904534467188,-6.977515873031795e-06,-0.00869725885716819,0.12356077879667282,0.5810261368751526,0.016586899757385254,0.18332006504013132,0.8246535244475101,208.8997344970703,0.05052121999169862,0.8642530179552284,0.12127685512461016,0.0,2983.0,28000.0,118000.0
ntk_N400_a1_wd3e-05_s3,1.0,400,3e-05,3,100.0,3e-07,ok,,,200000,200000,307,96.01642894744873,16.578256845474243,1,a32604fecc91de55d340ab4799441a26f2677242,False,2.4194599745896994e-07,166.56251525878906,180.82550048828125,1.0856314231766475,0.1419302374124527,0.0709384940338925,0.286795049905777,0.022237062454223633,1.0,1.0,0.0003544582286849618,0.006444342900067568,0.09127222746610641,0.019944564529343792,0.1419302374124527,200000,True,425.0,383.0,22000.0,21000.0,21575.0,False,27000.0,26000.0,26575.0,False,27000.0,26000.0,26575.0,False,1313.0,20941.0,19628.0,False,2983.0,36000.0,33017.0,False,4981.0,74000.0,69019.0,False,9000.0,,191000.0,True,15000.0,,185000.0,True,0.09157576411962509,-0.003198607824742794,0.00041615962982177734,0.011866032751206894,0.02905569107475773,165.90899658203125,0.0203293220002104,0.0039056976638841387,-0.011101184951912516,0.12046893686056137,0.6083630919456482,0.01575756072998047,0.1739705103523836,0.8713114127064333,215.4625701904297,0.04748013013759832,0.8748424349215993,0.18634778432519558,0.0,2983.0,27000.0,140000.0
ntk_N400_a1_wd3e-05_s4,1.0,400,3e-05,4,100.0,3e-07,ok,,,200000,200000,307,94.46277213096619,16.881632089614868,1,a32604fecc91de55d340ab4799441a26f2677242,False,2.3514316183081974e-07,165.9253692626953,179.99151611328125,1.0847739373013914,0.14364874362945557,0.07186075906804329,0.2972679138183594,0.021544814109802246,1.0,1.0,0.0003585872473195195,0.007047821301966906,0.0927986353635788,0.020483606943336535,0.14374861121177673,199000,True,207.0,187.0,30000.0,29000.0,29793.0,False,33000.0,32000.0,32793.0,False,33000.0,32000.0,32793.0,False,1185.0,25000.0,23815.0,False,2983.0,42000.0,39017.0,False,5520.0,85000.0,79480.0,False,9218.0,,190782.0,True,15395.0,,184605.0,True,0.09295225888490677,-0.004708629567176104,0.00015169382095336914,0.00966714377332931,0.01800819923473218,165.29953002929688,0.020559733582010898,-0.0025030089739780507,-0.007210910793916202,0.12126940488815308,0.609799861907959,0.015165090560913086,0.17295410285859955,0.8726530183958413,212.11767578125,0.048879177460290274,0.8614369206851118,0.18725902159079164,0.0,2983.0,31000.0,119000.0
ntk_N400_a1_wd0.0001_s0,1.0,400,0.0001,0,100.0,1e-06,ok,,,200000,200000,307,94.07626914978027,17.48625135421753,1,a32604fecc91de55d340ab4799441a26f2677242,False,2.5166440309476457e-07,166.46580505371094,158.7138214111328,0.9534319757737818,0.14942045509815216,0.08013415087326022,0.08854728937149048,0.02222597599029541,1.0,1.0,0.0021500722505152225,0.007347456645220518,0.09259794652462006,0.020598330773087148,0.1503409594297409,199000,True,425.0,383.0,12000.0,11317.0,11575.0,False,13000.0,12539.0,12575.0,False,13000.0,12539.0,12575.0,False,1455.0,10214.0,8759.0,False,4000.0,15000.0,11000.0,False,6776.0,31564.0,24788.0,False,15395.0,,184605.0,True,,,,True,0.09284711629152298,-0.054567255079746246,0.0004585385322570801,0.00966165922707868,0.06075106936708706,161.32188415527344,0.020974349369737594,-0.04595549042210584,-0.06471774787559945,0.1266791820526123,0.29925617575645447,0.0166204571723938,0.19703205074995617,0.4080918915453899,179.71633911132812,0.055313147916957184,0.5740715071554346,-0.15202920040145376,0.0,2692.0,10000.0,28000.0
ntk_N400_a1_wd0.0001_s1,1.0,400,0.0001,1,100.0,1e-06,ok,,,200000,200000,307,95.61321020126343,16.799535274505615,1,a32604fecc91de55d340ab4799441a26f2677242,False,2.543366406371206e-07,167.0225067138672,158.92526245117188,0.9515200410890311,0.1523665338754654,0.08066885114489787,0.06455153971910477,0.022533059120178223,1.0,1.0,0.002132511232048273,0.007314357906579971,0.09211032092571259,0.020357052788785978,0.15242838859558105,190000,True,425.0,383.0,11317.0,11000.0,10892.0,False,12539.0,12000.0,12114.0,False,12539.0,12000.0,12114.0,False,1455.0,11000.0,9545.0,False,4000.0,15395.0,11395.0,False,7000.0,34000.0,27000.0,False,15000.0,,185000.0,True,,,,True,0.09267674386501312,-0.0568818673491478,0.0004723072052001953,0.019903541536382054,0.0628740055978538,161.88983154296875,0.02086331508779683,-0.0492205949363618,-0.06576721065527269,0.1277114599943161,0.2785457372665405,0.017409801483154297,0.20111128403342352,0.38623448769593155,179.780029296875,0.05529589484259331,0.5494578251007539,-0.16437212995475958,0.0,2692.0,9000.0,24000.0
ntk_N400_a1_wd0.0001_s2,1.0,400,0.0001,2,100.0,1e-06,ok,,,200000,200000,307,93.51886200904846,16.136258602142334,1,a32604fecc91de55d340ab4799441a26f2677242,False,2.4525462549718213e-07,165.59353637695312,158.3734130859375,0.956398519839688,0.15205666422843933,0.08165156513662063,0.05987677350640297,0.02243649959564209,1.0,1.0,0.0021175884176045656,0.006758471485227346,0.09197676181793213,0.020112652769975328,0.15205666422843933,200000,True,383.0,346.0,12539.0,12000.0,12156.0,False,13894.0,13000.0,13511.0,False,13894.0,13000.0,13511.0,False,1612.0,11317.0,9705.0,False,4000.0,15395.0,11395.0,False,7508.0,29000.0,21492.0,False,16000.0,,184000.0,True,,,,True,0.09225517511367798,-0.05222420021891594,0.0003685951232910156,0.011550439160438832,0.05735248243459675,160.86619567871094,0.020419511696718073,-0.0461592932127015,-0.05915319872817379,0.1285257339477539,0.27981632947921753,0.017548203468322754,0.20547767686255627,0.3881834724539143,178.9675750732422,0.05622549805229075,0.5668707581844333,-0.18552215681452197,0.0,2983.0,10000.0,25000.0
ntk_N400_a1_wd0.0001_s3,1.0,400,0.0001,3,100.0,1e-06,ok,,,200000,200000,307,93.31616997718811,15.943839311599731,1,a32604fecc91de55d340ab4799441a26f2677242,False,2.435478450024675e-07,166.56251525878906,158.63218688964844,0.9523882768171504,0.15046393871307373,0.08041772740402198,0.044985223561525345,0.022392988204956055,1.0,1.0,0.00213404418900609,0.007470851298421621,0.09127222746610641,0.019944564529343792,0.1507820188999176,194000,True,710.0,640.0,11000.0,10214.0,10290.0,False,12000.0,11317.0,11290.0,False,12000.0,11317.0,11290.0,False,1455.0,11000.0,9545.0,False,4000.0,15000.0,11000.0,False,7000.0,31564.0,24564.0,False,15395.0,,184605.0,True,,,,True,0.09212863445281982,-0.08025193959474564,0.0009055733680725098,0.022149112331637508,0.08730134019292925,159.09274291992188,0.02089645921281668,-0.062129318089144486,-0.10062392858945945,0.12583737075328827,0.2641625702381134,0.017434298992156982,0.19528796092549042,0.3698951376019053,179.98040771484375,0.053784004693227125,0.5417472099830845,-0.1779077783106204,0.0,2983.0,9000.0,28000.0
ntk_N400_a1_wd0.0001_s4,1.0,400,0.0001,4,100.0,1e-06,ok,,,200000,200000,307,92.11556720733643,15.933976888656616,1,a32604fecc91de55d340ab4799441a26f2677242,False,2.40134596651842e-07,165.9253692626953,157.86512756347656,0.9514224875012472,0.15186704695224762,0.08161026367658991,0.05821160972118378,0.022136449813842773,1.0,1.0,0.0021705233957618475,0.007694992236793041,0.0927986353635788,0.020483606943336535,0.1524956375360489,162000,True,710.0,640.0,13000.0,12539.0,12290.0,False,13894.0,13000.0,13184.0,False,13894.0,13000.0,13184.0,False,1455.0,11317.0,9862.0,False,4000.0,16000.0,12000.0,False,7508.0,34974.0,27466.0,False,16000.0,,184000.0,True,,,,True,0.09393303096294403,-0.0813339352607727,0.0009126663208007812,0.02863993478042262,0.08824616354405232,158.43099975585938,0.02145888632207857,-0.06612266956466599,-0.09930660418067154,0.12835343182086945,0.2740097641944885,0.016993999481201172,0.2031408309979861,0.3795729116435368,178.4695587158203,0.05645669240373234,0.5348843042149999,-0.16561475504715692,0.0,2692.0,10000.0,25000.0
ntk_N400_a1_wd0.0003_s0,1.0,400,0.0003,0,100.0,2.9999999999999997e-06,ok,,,200000,200000,307,92.53178215026855,16.535212755203247,1,a32604fecc91de55d340ab4799441a26f2677242,False,2.3749157662678044e-07,166.46580505371094,125.09636688232422,0.7514838668635959,0.1450924426317215,0.07734836863673085,-0.3479573130607605,0.02319657802581787,1.0,1.0,0.011263770051300526,0.019742224365472794,0.09259794652462006,0.020598330773087148,0.14566029608249664,97000,True,7508.0,7000.0,13000.0,12539.0,5492.0,False,15000.0,14000.0,7492.0,False,15000.0,14000.0,7492.0,False,6000.0,12539.0,6539.0,False,11000.0,45000.0,34000.0,False,,,,True,,,,True,,,,True,0.11516078561544418,-0.7183840274810791,0.01844114065170288,0.12750819861410917,0.5297152772866506,102.26666259765625,0.045638472758327525,-0.4541820494296937,-1.1204116504833097,0.1367262750864029,-0.3936654031276703,0.022632360458374023,0.21944154037282634,0.3693704613201332,121.78539276123047,0.06832768280432103,-0.10525307984435793,-0.8503776496708051,0.0,3662.0,9000.0,18900.0
ntk_N400_a1_wd0.0003_s1,1.0,400,0.0003,1,100.0,2.9999999999999997e-06,ok,,,200000,200000,307,91.94892692565918,16.104257106781006,1,a32604fecc91de55d340ab4799441a26f2677242,False,2.430704171274556e-07,167.0225067138672,125.20934295654297,0.7496555130204339,0.14759115874767303,0.07746139005067892,-0.3719530403614044,0.024384498596191406,1.0,1.0,0.01128946803510189,0.020023133605718613,0.09211032092571259,0.020357052788785978,0.14794500172138214,147025,True,7508.0,7000.0,13000.0,12539.0,5492.0,False,14000.0,13894.0,6492.0,False,14000.0,13894.0,6492.0,False,6000.0,13000.0,7000.0,False,11000.0,,189000.0,True,,,,True,,,,True,,,,True,0.11668210476636887,-0.7438235878944397,0.018345952033996582,0.1383177894491377,0.5410716734967506,101.9194564819336,0.045331287289503766,-0.4763727686091503,-1.1561371619376906,0.1380150467157364,-0.4425038993358612,0.023688793182373047,0.22319012677668754,0.39786615116887736,120.22505950927734,0.06703460363138755,-0.15944718285065224,-0.887708032213012,0.0,3305.0,8319.0,16000.0
ntk_N400_a1_wd0.0003_s2,1.0,400,0.0003,2,100.0,2.9999999999999997e-06,ok,,,200000,200000,307,93.45241498947144,16.531909942626953,1,a32604fecc91de55d340ab4799441a26f2677242,False,2.4380801733059343e-07,165.59353637695312,124.71627044677734,0.7531469716479527,0.1480758786201477,0.07846161099495404,-0.37660202383995056,0.023638486862182617,1.0,1.0,0.011277959682047367,0.019176997244358063,0.09197676181793213,0.020112652769975328,0.14839480817317963,145000,True,9000.0,8319.0,13894.0,13000.0,4894.0,False,13894.0,13000.0,4894.0,False,13894.0,13000.0,4894.0,False,6776.0,12539.0,5763.0,False,11000.0,30000.0,19000.0,False,,,,True,,,,True,,,,True,0.12394405156373978,-0.6825395226478577,0.02068108320236206,0.16811653314627786,0.5153622219497846,105.61225128173828,0.05306096713997209,-0.39603634764317425,-1.1219716448646184,0.13783559203147888,-0.4467686414718628,0.022222459316253662,0.22946686082095805,0.39781080037068,119.44738006591797,0.06774382373821014,-0.14524596111653293,-0.9243429285534651,0.0,3662.0,8319.0,16000.0
ntk_N400_a1_wd0.0003_s3,1.0,400,0.0003,3,100.0,2.9999999999999997e-06,ok,,,200000,200000,307,95.43074870109558,16.303457975387573,1,a32604fecc91de55d340ab4799441a26f2677242,False,2.399742982106545e-07,166.56251525878906,124.91407012939453,0.7499530727866044,0.1462714821100235,0.0768978203900364,-0.3936404585838318,0.02324509620666504,1.0,1.0,0.011349757201969624,0.020506298169493675,0.09127222746610641,0.019944564529343792,0.14700226485729218,133000,True,9000.0,8319.0,15000.0,14000.0,6000.0,False,15395.0,15000.0,6395.0,False,15395.0,15000.0,6395.0,False,6000.0,13894.0,7894.0,False,11000.0,,189000.0,True,,,,True,,,,True,,,,True,0.12228932231664658,-0.6907100677490234,0.020766496658325195,0.16301711031528324,0.519231052556062,105.96003723144531,0.05269608912495842,-0.4143826033493871,-1.105403322923869,0.1372232735157013,-0.44031307101249695,0.02416890859603882,0.22128682937694752,0.3974649294411916,121.0504379272461,0.06793118524531842,-0.14840015484015362,-0.8854322651700124,0.0,3662.0,9000.0,18000.0
ntk_N400_a1_wd0.0003_s4,1.0,400,0.0003,4,100.0,2.9999999999999997e-06,ok,,,200000,200000,307,95.96295762062073,15.775790929794312,1,a32604fecc91de55d340ab4799441a26f2677242,False,2.3690206774062972e-07,165.9253692626953,123.93216705322266,0.7469151197549035,0.1499428153038025,0.07967485473856208,-0.3958345353603363,0.02245432138442993,1.0,1.0,0.011334676295518875,0.02064719796180725,0.0927986353635788,0.020483606943336535,0.15048931539058685,177000,True,8000.0,7508.0,13894.0,13000.0,5894.0,False,13894.0,13000.0,5894.0,False,13894.0,13000.0,5894.0,False,6776.0,13894.0,7118.0,False,11000.0,,189000.0,True,,,,True,,,,True,,,,True,0.11947330087423325,-0.7972220778465271,0.01891648769378662,0.1474970092270858,0.5647216094472821,99.90225982666016,0.04825489596974319,-0.5436501753664557,-1.1983523902106372,0.13853612542152405,-0.47341597080230713,0.02298414707183838,0.22554001094226714,0.4133511245176933,118.4627685546875,0.06844345975737165,-0.20177240083549738,-0.914413764871812,0.0,3662.0,8319.0,15395.0
ntk_N400_a1_wd0.001_s0,1.0,400,0.001,0,100.0,1e-05,ok,,,200000,200000,307,98.06656694412231,15.755660772323608,1,a32604fecc91de55d340ab4799441a26f2677242,False,2.6155888122048054e-07,166.46580505371094,40.30803680419922,0.24214004065996406,0.07067356258630753,0.011043588339461124,-1.9976376295089722,0.09811943769454956,0.06302521377801895,0.01886792480945587,0.04738457873463631,0.050257373601198196,0.09259794652462006,0.020598330773087148,0.09261243790388107,7,False,,,,,,True,,,,True,,,,True,,,,True,,,,True,,,,True,,,,True,,,,True,,,,,,,,,,,,,,,,,,,0.0,,,
ntk_N400_a1_wd0.001_s1,1.0,400,0.001,1,100.0,1e-05,ok,,,200000,200000,307,99.86429071426392,17.403853178024292,1,a32604fecc91de55d340ab4799441a26f2677242,False,2.6867516567108396e-07,167.0225067138672,41.42482376098633,0.24801941113213455,0.07048040628433228,0.0102214938958222,-1.937025785446167,0.09235131740570068,0.05672268941998482,0.01886792480945587,0.04727882519364357,0.05145953595638275,0.09211032092571259,0.020357052788785978,0.09213948249816895,124,False,,,,,,True,,,,True,,,,True,,,,True,,,,True,,,,True,,,,True,,,,True,,,,,,,,,,,,,,,,,,,0.0,,,
ntk_N400_a1_wd0.001_s2,1.0,400,0.001,2,100.0,1e-05,ok,,,200000,200000,307,98.81913208961487,16.596770763397217,1,a32604fecc91de55d340ab4799441a26f2677242,False,2.914540004894661e-07,165.59353637695312,39.36611557006836,0.2377273680565423,0.06870953738689423,0.0102534519384876,-2.036501884460449,0.08773791790008545,0.05042016878724098,0.056603774428367615,0.04715072736144066,0.050653740763664246,0.09197676181793213,0.020112652769975328,0.09197676181793213,0,False,,,,,,True,,,,True,,,,True,,,,True,,,,True,,,,True,,,,True,,,,True,,,,,,,,,,,,,,,,,,,0.0,,,
ntk_N400_a1_wd0.001_s3,1.0,400,0.001,3,100.0,1e-05,ok,,,200000,200000,307,98.0728588104248,16.08431839942932,1,a32604fecc91de55d340ab4799441a26f2677242,False,2.669592618076422e-07,166.56251525878906,40.335018157958984,0.24216143767575948,0.06870996952056885,0.010018825353573353,-2.0028767585754395,0.08735227584838867,0.06512605398893356,0.01886792480945587,0.047243982553482056,0.053111251443624496,0.09127222746610641,0.019944564529343792,0.09127639979124069,7,False,,,,,,True,,,,True,,,,True,,,,True,,,,True,,,,True,,,,True,,,,True,,,,,,,,,,,,,,,,,,,0.0,,,
ntk_N400_a1_wd0.001_s4,1.0,400,0.001,4,100.0,1e-05,ok,,,200000,200000,307,97.7864739894867,16.83218002319336,1,a32604fecc91de55d340ab4799441a26f2677242,False,2.539847230309533e-07,165.9253692626953,36.26873016357422,0.21858459815239628,0.06954725831747055,0.010593409823417065,-2.2232930660247803,0.09903204441070557,0.05672268941998482,0.0,0.0473770834505558,0.05236486345529556,0.0927986353635788,0.020483606943336535,0.09281029552221298,4,False,,,,,,True,,,,True,,,,True,,,,True,,,,True,,,,True,,,,True,,,,True,,,,,,,,,,,,,,,,,,,0.0,,,
ntk_N400_a1_wd0.003_s0,1.0,400,0.003,0,100.0,3e-05,ok,,,200000,200000,307,95.79599094390869,16.05001711845398,1,a32604fecc91de55d340ab4799441a26f2677242,False,3.2470816790919343e-07,166.46580505371094,14.280563354492188,0.08578676773818203,0.05923585593700409,1.536178953140399e-17,-4.0108137130737305,0.06032276153564453,0.031512606889009476,0.09433962404727936,0.0581001378595829,0.055514223873615265,0.09259794652462006,0.020598330773087148,0.09261056780815125,2,False,,,,,,True,,,,True,,,,True,,,,True,,,,True,,,,True,,,,True,,,,True,,,,,,,,,,,,,,,,,,,0.0,,,
ntk_N400_a1_wd0.003_s1,1.0,400,0.003,1,100.0,3e-05,ok,,,200000,200000,307,91.71219491958618,15.729356050491333,1,a32604fecc91de55d340ab4799441a26f2677242,False,3.261974654833466e-07,167.0225067138672,17.280372619628906,0.10346134158573365,0.05850325524806976,2.8744910098021936e-17,-3.6935875415802,0.03220236301422119,0.03361344709992409,0.056603774428367615,0.058039404451847076,0.056624241173267365,0.09211032092571259,0.020357052788785978,0.09212588518857956,10,False,,,,,,True,,,,True,,,,True,,,,True,,,,True,,,,True,,,,True,,,,True,,,,,,,,,,,,,,,,,,,0.0,,,
ntk_N400_a1_wd0.003_s2,1.0,400,0.003,2,100.0,3e-05,ok,,,200000,200000,307,94.51656913757324,16.42904257774353,1,a32604fecc91de55d340ab4799441a26f2677242,False,3.285664149643708e-07,165.59353637695312,17.491403579711914,0.10562854059650556,0.058339886367321014,2.0111950299606107e-17,-3.642817497253418,0.041591525077819824,0.03781512752175331,0.056603774428367615,0.05633432790637016,0.056256622076034546,0.09197676181793213,0.020112652769975328,0.09197676181793213,0,False,,,,,,True,,,,True,,,,True,,,,True,,,,True,,,,True,,,,True,,,,True,,,,,,,,,,,,,,,,,,,0.0,,,
ntk_N400_a1_wd0.003_s3,1.0,400,0.003,3,100.0,3e-05,ok,,,200000,200000,307,91.22201895713806,15.873456478118896,1,a32604fecc91de55d340ab4799441a26f2677242,False,3.201915319550608e-07,166.56251525878906,17.33690643310547,0.1040864831211814,0.05803213268518448,1.3769367590565906e-17,-3.6768290996551514,0.04887533187866211,0.06092436984181404,0.03773584961891174,0.05710706487298012,0.05936663970351219,0.09127222746610641,0.019944564529343792,0.09127506613731384,7,False,,,,,,True,,,,True,,,,True,,,,True,,,,True,,,,True,,,,True,,,,True,,,,,,,,,,,,,,,,,,,0.0,,,
ntk_N400_a1_wd0.003_s4,1.0,400,0.003,4,100.0,3e-05,ok,,,200000,200000,307,90.49898099899292,15.964983224868774,1,a32604fecc91de55d340ab4799441a26f2677242,False,3.055646402572165e-07,165.9253692626953,14.591428756713867,0.08793970941003312,0.056706320494413376,1.4846793499473376e-17,-3.9836227893829346,0.054793715476989746,0.04831932857632637,0.01886792480945587,0.055289991199970245,0.056382257491350174,0.0927986353635788,0.020483606943336535,0.0928102433681488,4,False,,,,,,True,,,,True,,,,True,,,,True,,,,True,,,,True,,,,True,,,,True,,,,,,,,,,,,,,,,,,,0.0,,,
ntk_N400_a2_wd0_s0,2.0,400,0.0,0,25.0,0.0,ok,,,200000,200000,307,91.10563087463379,17.027036428451538,1,a32604fecc91de55d340ab4799441a26f2677242,False,2.3138852611737093e-07,166.46580505371094,222.5103302001953,1.3366728988479126,0.10164941847324371,0.028964927721699,0.6385907530784607,0.008059501647949219,1.0,0.03773584961891174,8.322587952136473e-09,0.06921140104532242,0.09259794652462006,0.020598330773087148,0.10180438309907913,36000,True,187.0,169.0,,,199813.0,True,,,199813.0,True,,,199813.0,True,1185.0,,198815.0,True,2983.0,,197017.0,True,6000.0,,194000.0,True,12539.0,,187461.0,True,20000.0,,180000.0,True,0.09259723871946335,0.0019537187181413174,4.7087669372558594e-05,0.0003814794711171021,0.009966054675375613,166.55996704101562,0.020621382414576422,0.0026971584841729256,0.0010232701934029258,,,,,,,,,,0.0,9000.0,,
ntk_N400_a2_wd0_s1,2.0,400,0.0,1,25.0,0.0,ok,,,200000,200000,307,93.26795411109924,17.388762712478638,1,a32604fecc91de55d340ab4799441a26f2677242,False,2.309265312305797e-07,167.0225067138672,223.3708953857422,1.3373700334195537,0.10228229314088821,0.028784880495797804,0.631295382976532,0.008139371871948242,1.0,0.0,9.416156743213833e-09,0.07464137673377991,0.09211032092571259,0.020357052788785978,0.10241624712944031,41000,True,425.0,383.0,,,199575.0,True,,,199575.0,True,,,199575.0,True,1185.0,,198815.0,True,2983.0,,197017.0,True,6116.0,,193884.0,True,12539.0,,187461.0,True,19000.0,,181000.0,True,0.09231920540332794,0.005518084857612848,0.0001450181007385254,0.013018370540030641,0.01807690187803557,167.42056274414062,0.02051743143663734,0.00757612589983182,0.003132133225835324,,,,,,,,,,0.0,9000.0,,
ntk_N400_a2_wd0_s2,2.0,400,0.0,2,25.0,0.0,ok,,,200000,200000,307,93.19201374053955,17.56307601928711,1,a32604fecc91de55d340ab4799441a26f2677242,False,2.2865690141316009e-07,165.59353637695312,223.21556091308594,1.3479726672722505,0.10124713182449341,0.028348545533746126,0.643281102180481,0.008566737174987793,1.0,0.0,8.373905124869907e-09,0.07438172399997711,0.09197676181793213,0.020112652769975328,0.10130461305379868,42000,True,383.0,346.0,,,199617.0,True,,,199617.0,True,,,199617.0,True,1185.0,,198815.0,True,2983.0,,197017.0,True,6116.0,,193884.0,True,12539.0,,187461.0,True,20000.0,,180000.0,True,0.0920296460390091,0.005806483328342438,0.0001195669174194336,0.004132406409070019,0.016630606203260984,165.9287109375,0.02018418513664081,0.007830063509286337,0.0035476714634654666,,,,,,,,,,0.0,11000.0,,
ntk_N400_a2_wd0_s3,2.0,400,0.0,3,25.0,0.0,ok,,,200000,200000,307,92.73721599578857,17.941109657287598,1,a32604fecc91de55d340ab4799441a26f2677242,False,2.283438504946389e-07,166.56251525878906,223.27993774414062,1.3405173270662334,0.10116048902273178,0.028244351906355783,0.62325119972229,0.008207559585571289,1.0,0.03773584961891174,8.317551092318354e-09,0.07143078744411469,0.09127222746610641,0.019944564529343792,0.1012623980641365,31564,True,312.0,282.0,,,199688.0,True,,,199688.0,True,,,199688.0,True,1185.0,,198815.0,True,2983.0,,197017.0,True,6116.0,,193884.0,True,12539.0,,187461.0,True,20000.0,,180000.0,True,0.09126601368188858,0.00454535661265254,8.71419906616211e-05,0.00014853046601703823,0.01414743689490723,166.7633514404297,0.01998463471841569,0.006471800963531283,0.0023522533192030506,,,,,,,,,,0.0,12539.0,,
ntk_N400_a2_wd0_s4,2.0,400,0.0,4,25.0,0.0,ok,,,200000,200000,307,93.28262877464294,17.403870820999146,1,a32604fecc91de55d340ab4799441a26f2677242,False,2.3083943290203024e-07,165.9253692626953,224.231201171875,1.3513979337112043,0.10163599252700806,0.028157663680921152,0.6519904136657715,0.007900357246398926,1.0,0.01886792480945587,8.968800813136113e-09,0.07488991320133209,0.0927986353635788,0.020483606943336535,0.1016840785741806,52714,True,230.0,207.0,,,199770.0,True,,,199770.0,True,,,199770.0,True,1185.0,,198815.0,True,2983.0,,197017.0,True,6776.0,,193224.0,True,12539.0,,187461.0,True,20000.0,,180000.0,True,0.09288191050291061,0.0023035677149891853,6.103515625e-05,0.008061269120904142,0.011334637261530297,166.03192138671875,0.02049795113929992,0.003001136804884785,0.0015135372221459593,,,,,,,,,,0.0,10000.0,,
ntk_N400_a2_wd3e-06_s0,2.0,400,3e-06,0,25.0,1.2000000000000002e-07,ok,,,200000,200000,307,94.3330750465393,17.59977674484253,1,a32604fecc91de55d340ab4799441a26f2677242,False,2.2710874247877655e-07,166.46580505371094,190.9316864013672,1.1469724147836982,0.10719235986471176,0.03412798813612903,0.3887108564376831,0.011067628860473633,1.0,0.09433962404727936,3.445151378400624e-05,0.052854713052511215,0.09259794652462006,0.020598330773087148,0.10719235986471176,200000,True,187.0,169.0,,,199813.0,True,,,199813.0,True,,,199813.0,True,1185.0,,198815.0,True,2983.0,,197017.0,True,6116.0,,193884.0,True,13000.0,,187000.0,True,20941.0,,179059.0,True,0.09260350465774536,0.000871159543748945,4.649162292480469e-05,0.0010239322817353483,0.009780466939672723,166.4696807861328,0.020620966619044306,0.0015948215336538136,-3.6016535090984395e-05,,,,,,,,,,0.0,9000.0,,
ntk_N400_a2_wd3e-06_s1,2.0,400,3e-06,1,25.0,1.2000000000000002e-07,ok,,,200000,200000,307,93.53936910629272,17.397080421447754,1,a32604fecc91de55d340ab4799441a26f2677242,False,2.2444466196702706e-07,167.0225067138672,191.17831420898438,1.1446260625012619,0.1082601249217987,0.0340988491847742,0.3709695041179657,0.011240720748901367,1.0,0.07547169923782349,3.405071038287133e-05,0.056328631937503815,0.09211032092571259,0.020357052788785978,0.1082601249217987,200000,True,383.0,346.0,,,199617.0,True,,,199617.0,True,,,199617.0,True,1185.0,,198815.0,True,2983.0,,197017.0,True,6776.0,,193224.0,True,13000.0,,187000.0,True,20941.0,,179059.0,True,0.09229648858308792,0.0024704195093363523,0.0001271963119506836,0.012402313924262384,0.01625195956634151,167.1775360107422,0.02049484387983419,0.0040741837858926785,0.0005977742968365617,,,,,,,,,,0.0,8319.0,,
ntk_N400_a2_wd3e-06_s2,2.0,400,3e-06,2,25.0,1.2000000000000002e-07,ok,,,200000,200000,307,94.08766293525696,17.307928800582886,1,a32604fecc91de55d340ab4799441a26f2677242,False,2.2687632394990942e-07,165.59353637695312,191.7109832763672,1.1577202073875694,0.10683387517929077,0.033156688657121625,0.3931639790534973,0.011145949363708496,1.0,0.03773584961891174,3.5559576645027846e-05,0.05970581993460655,0.09197676181793213,0.020112652769975328,0.1068740114569664,199000,True,383.0,346.0,,,199617.0,True,,,199617.0,True,,,199617.0,True,1185.0,,198815.0,True,2983.0,,197017.0,True,6776.0,,193224.0,True,13000.0,,187000.0,True,20941.0,,179059.0,True,0.09202328324317932,0.003750316333025694,0.00011909008026123047,0.00372379474354636,0.015983714178296138,165.74757385253906,0.020183739030734518,0.005836969684456844,0.0014183755144819544,,,,,,,,,,0.0,10000.0,,
ntk_N400_a2_wd3e-06_s3,2.0,400,3e-06,3,25.0,1.2000000000000002e-07,ok,,,200000,200000,307,93.35026407241821,17.455209016799927,1,a32604fecc91de55d340ab4799441a26f2677242,False,2.2573871660824807e-07,166.56251525878906,191.3660430908203,1.1489142247491513,0.10740296542644501,0.033493010471270276,0.36432141065597534,0.011370301246643066,1.0,0.16981132328510284,3.421524161240086e-05,0.055576492100954056,0.09127222746610641,0.019944564529343792,0.10740296542644501,200000,True,346.0,312.0,,,199654.0,True,,,199654.0,True,,,199654.0,True,1185.0,,198815.0,True,2983.0,,197017.0,True,6776.0,,193224.0,True,13000.0,,187000.0,True,20941.0,,179059.0,True,0.09127804636955261,0.003005988895893097,9.989738464355469e-05,0.0010733232759538658,0.014535752009226606,166.63824462890625,0.019995080314713864,0.004993071734867848,0.0007560987529681834,,,,,,,,,,0.0,11317.0,,
ntk_N400_a2_wd3e-06_s4,2.0,400,3e-06,4,25.0,1.2000000000000002e-07,ok,,,200000,200000,307,92.51049995422363,17.453214168548584,1,a32604fecc91de55d340ab4799441a26f2677242,False,2.2274440425462672e-07,165.9253692626953,193.0475311279297,1.16346000606028,0.1070389598608017,0.03293299930314307,0.3995215892791748,0.010604023933410645,1.0,0.03773584961891174,3.578677569748834e-05,0.060187678784132004,0.0927986353635788,0.020483606943336535,0.1070389598608017,200000,True,230.0,207.0,,,199770.0,True,,,199770.0,True,,,199770.0,True,1185.0,,198815.0,True,2983.0,,197017.0,True,6776.0,,193224.0,True,13894.0,,186106.0,True,22000.0,,178000.0,True,0.09288330376148224,0.0010113369207829237,6.031990051269531e-05,0.0082243210052418,0.01107831659142455,165.92120361328125,0.020497297176152944,0.0017193037331307659,0.0002052357410261449,,,,,,,,,,0.0,9000.0,,
ntk_N400_a2_wd1e-05_s0,2.0,400,1e-05,0,25.0,4.0000000000000003e-07,ok,,,200000,200000,307,93.2080078125,17.019569396972656,1,a32604fecc91de55d340ab4799441a26f2677242,False,2.495930289114767e-07,166.46580505371094,161.66201782226562,0.9711424984254553,0.11672060936689377,0.043776788339319556,0.09961769729852676,0.01486194133758545,1.0,0.8867924809455872,0.0002456696529407054,0.030937867239117622,0.09259794652462006,0.020598330773087148,0.11672060936689377,200000,True,207.0,187.0,,,199793.0,True,,,199793.0,True,,,199793.0,True,1185.0,,198815.0,True,2983.0,,197017.0,True,6776.0,,193224.0,True,15000.0,,185000.0,True,25000.0,,175000.0,True,0.09260953962802887,-0.0016002338379621506,5.1915645599365234e-05,0.0016080227425305646,0.01039597201696348,166.24583435058594,0.02062530653068708,-0.0007197619586059388,-0.0026975092905917038,,,,,,,,,,0.0,8000.0,,
ntk_N400_a2_wd1e-05_s1,2.0,400,1e-05,1,25.0,4.0000000000000003e-07,ok,,,200000,200000,307,95.6439380645752,17.6207754611969,1,a32604fecc91de55d340ab4799441a26f2677242,False,2.4880537807803194e-07,167.0225067138672,161.42640686035156,0.966494935541217,0.11794496327638626,0.04397783212279329,0.0783044844865799,0.015703797340393066,1.0,0.8113207817077637,0.0002447816950734705,0.032107945531606674,0.09211032092571259,0.020357052788785978,0.11794496327638626,200000,True,383.0,346.0,,,199617.0,True,,,199617.0,True,,,199617.0,True,1185.0,,198815.0,True,2983.0,,197017.0,True,6776.0,,193224.0,True,15000.0,,185000.0,True,25000.0,,175000.0,True,0.09229287505149841,-0.0021988467779010534,0.0001277923583984375,0.012142665410991713,0.016222944212454335,166.75363159179688,0.02049212985409743,-0.0003682805850237232,-0.004339900082811715,,,,,,,,,,0.0,7508.0,,
ntk_N400_a2_wd1e-05_s2,2.0,400,1e-05,2,25.0,4.0000000000000003e-07,ok,,,200000,200000,307,92.9942638874054,17.563836812973022,1,a32604fecc91de55d340ab4799441a26f2677242,False,2.4870041670510545e-07,165.59353637695312,162.00149536132812,0.9783080843961919,0.11698673665523529,0.04319622723332915,0.09546234458684921,0.014696478843688965,1.0,0.6792452931404114,0.00024405773729085922,0.03347215801477432,0.09197676181793213,0.020112652769975328,0.11700417846441269,199000,True,383.0,346.0,,,199617.0,True,,,199617.0,True,,,199617.0,True,1185.0,,198815.0,True,3305.0,,196695.0,True,6776.0,,193224.0,True,15000.0,,185000.0,True,25710.0,,174290.0,True,0.09202387183904648,-0.0011283562052994967,0.000118255615234375,0.0037623430741040385,0.015513343725280833,165.32583618164062,0.020180953279237763,0.0010383060707269821,-0.0035488213870703434,,,,,,,,,,0.0,9000.0,,
ntk_N400_a2_wd1e-05_s3,2.0,400,1e-05,3,25.0,4.0000000000000003e-07,ok,,,200000,200000,307,93.54854702949524,17.20276951789856,1,a32604fecc91de55d340ab4799441a26f2677242,False,2.4523669139853155e-07,166.56251525878906,161.5388946533203,0.9698394287714525,0.11752971261739731,0.043815987084660654,0.06183628737926483,0.015393972396850586,1.0,0.9245283007621765,0.00024641843629069626,0.030732370913028717,0.09127222746610641,0.019944564529343792,0.11752971261739731,200000,True,425.0,383.0,,,199575.0,True,,,199575.0,True,,,199575.0,True,1185.0,,198815.0,True,3305.0,,196695.0,True,6776.0,,193224.0,True,15000.0,,185000.0,True,25710.0,,174290.0,True,0.09131825715303421,-0.0016045323573052883,0.0001327991485595703,0.003580333701724421,0.016446873927398926,166.2377471923828,0.020030478794021905,0.0007875664971364621,-0.0042999239895666255,,,,,,,,,,0.0,10000.0,,
ntk_N400_a2_wd1e-05_s4,2.0,400,1e-05,4,25.0,4.0000000000000003e-07,ok,,,200000,200000,307,91.72646713256836,16.17150068283081,1,a32604fecc91de55d340ab4799441a26f2677242,False,2.442799598156853e-07,165.9253692626953,161.67103576660156,0.9743599576424131,0.1169842854142189,0.04335827259460935,0.08843468874692917,0.014721333980560303,1.0,0.698113203048706,0.00024913152446970344,0.03459581732749939,0.0927986353635788,0.020483606943336535,0.1170082688331604,199000,True,254.0,230.0,,,199746.0,True,,,199746.0,True,,,199746.0,True,1185.0,,198815.0,True,3000.0,,197000.0,True,6776.0,,193224.0,True,15000.0,,185000.0,True,27000.0,,173000.0,True,0.0928911566734314,-0.002239527879282832,6.824731826782227e-05,0.008426869551700716,0.01198108307744101,165.64724731445312,0.02050537323482276,-0.0014888966075824058,-0.003058246423796156,,,,,,,,,,0.0,8319.0,,
ntk_N400_a2_wd3e-05_s0,2.0,400,3e-05,0,25.0,1.2e-06,ok,,,200000,200000,307,94.2655770778656,16.862807989120483,1,a32604fecc91de55d340ab4799441a26f2677242,False,2.3001354065854684e-07,166.46580505371094,137.9744415283203,0.8288455486927314,0.1278577595949173,0.05589556076148297,-0.19306781888008118,0.01871812343597412,1.0,1.0,0.0013886558590456843,0.02011903189122677,0.09259794652462006,0.020598330773087148,0.1278577595949173,200000,True,282.0,254.0,79000.0,78000.0,78718.0,False,101000.0,100000.0,100718.0,False,101000.0,100000.0,100718.0,False,1185.0,62000.0,60815.0,False,3662.0,,196338.0,True,8319.0,,191681.0,True,23204.0,,176796.0,True,,,,True,0.09260999411344528,-0.011906474828720093,7.903575897216797e-05,0.0015420660324764518,0.017268486139192622,165.3131866455078,0.020641380110066283,-0.010357213268437832,-0.01380370264937069,0.12355383485555649,-0.13369326293468475,0.01729506254196167,0.17657383962021184,0.21429600086786868,142.43287658691406,0.05138495565354699,0.15203143919861256,-0.6102384312219362,0.0,7508.0,71000.0,
ntk_N400_a2_wd3e-05_s1,2.0,400,3e-05,1,25.0,1.2e-06,ok,,,200000,200000,307,95.35660314559937,17.068054914474487,1,a32604fecc91de55d340ab4799441a26f2677242,False,2.3792642878106562e-07,167.0225067138672,137.9264678955078,0.8257957002872377,0.1292826384305954,0.05613481088545573,-0.20713837444782257,0.019058704376220703,1.0,1.0,0.001376402098685503,0.020939255133271217,0.09211032092571259,0.020357052788785978,0.1292826384305954,200000,True,471.0,425.0,78000.0,77000.0,77529.0,False,82000.0,81000.0,81529.0,False,82000.0,81000.0,81529.0,False,1185.0,69000.0,67815.0,False,3662.0,,196338.0,True,8319.0,,191681.0,True,24000.0,,176000.0,True,,,,True,0.09233114868402481,-0.01886618696153164,0.00016921758651733398,0.012838383677272103,0.02618328944867792,165.28134155273438,0.02053314994380156,-0.016025637514578063,-0.02215684085959509,0.12271536141633987,-0.11978428065776825,0.01680290699005127,0.17687704656325512,0.20629985428316777,144.67388916015625,0.0494279772354065,0.16386328498287756,-0.5929353399871677,0.0,6776.0,62000.0,
ntk_N400_a2_wd3e-05_s2,2.0,400,3e-05,2,25.0,1.2e-06,ok,,,200000,200000,307,93.77099680900574,16.848478317260742,1,a32604fecc91de55d340ab4799441a26f2677242,False,2.3460975739908463e-07,165.59353637695312,137.3050537109375,0.8291691615207709,0.12893477082252502,0.056632244898028705,-0.20881865918636322,0.018326878547668457,1.0,1.0,0.0013938263291493058,0.019086100161075592,0.09197676181793213,0.020112652769975328,0.12897275388240814,199000,True,425.0,383.0,90000.0,89000.0,89575.0,False,103000.0,102000.0,102575.0,False,103000.0,102000.0,102575.0,False,1313.0,69000.0,67687.0,False,3662.0,159000.0,155338.0,False,9000.0,,191000.0,True,25000.0,,175000.0,True,,,,True,0.09204898029565811,-0.016872387379407883,0.00014030933380126953,0.005099024842289542,0.023588182240591362,163.99884033203125,0.020199126416766515,-0.01458094385628269,-0.019437801854571207,0.12419476360082626,-0.14745230972766876,0.01684105396270752,0.18555706529808852,0.21876887615221427,142.10598754882812,0.05155881239543092,0.15048120910094326,-0.6378079101094014,0.0,8000.0,71000.0,
ntk_N400_a2_wd3e-05_s3,2.0,400,3e-05,3,25.0,1.2e-06,ok,,,200000,200000,307,95.42009592056274,17.06503200531006,1,a32604fecc91de55d340ab4799441a26f2677242,False,2.3428098927524843e-07,166.56251525878906,137.7824249267578,0.8272114810027006,0.12797564268112183,0.056000595491293936,-0.22540362179279327,0.018874287605285645,1.0,1.0,0.001377421198412776,0.019886551424860954,0.09127222746610641,0.019944564529343792,0.12797564268112183,200000,True,578.0,522.0,77000.0,76000.0,76422.0,False,92000.0,91000.0,91422.0,False,92000.0,91000.0,91422.0,False,1313.0,62000.0,60687.0,False,3662.0,184000.0,180338.0,False,9000.0,,191000.0,True,24000.0,,176000.0,True,,,,True,0.09139654040336609,-0.02182799205183983,0.0002071857452392578,0.007048094278732576,0.029582189565843596,164.464599609375,0.020106510806890906,-0.018099053524187697,-0.02599778912289918,0.12314456701278687,-0.15864503383636475,0.017139077186584473,0.18213042277338895,0.22533069119372823,143.25088500976562,0.0506455354294625,0.13199630947923482,-0.6294247686764595,0.0,8000.0,67000.0,
ntk_N400_a2_wd3e-05_s4,2.0,400,3e-05,4,25.0,1.2e-06,ok,,,200000,200000,307,94.35432314872742,16.78279209136963,1,a32604fecc91de55d340ab4799441a26f2677242,False,2.282850459778274e-07,165.9253692626953,136.51231384277344,0.8227332230711826,0.1306161880493164,0.057641272736030966,-0.22841745615005493,0.018922626972198486,1.0,1.0,0.001405244809575379,0.020968539640307426,0.0927986353635788,0.020483606943336535,0.13093875348567963,198000,True,578.0,522.0,89000.0,88036.0,88422.0,False,122000.0,121000.0,121422.0,False,122000.0,121000.0,121422.0,False,1185.0,73000.0,71815.0,False,3662.0,,196338.0,True,9000.0,,191000.0,True,25710.0,,174290.0,True,,,,True,0.09307429939508438,-0.021800881251692772,0.00021511316299438477,0.014312555471672848,0.029768856346579768,163.80873107910156,0.020635010565316067,-0.018216668964861342,-0.025845392831377,0.1277555674314499,-0.19527478516101837,0.017781734466552734,0.19582723553765424,0.24642178020376634,139.35707092285156,0.05474534769854078,0.07263308450166307,-0.649643316965746,0.0,7508.0,64717.0,
ntk_N400_a2_wd0.0001_s0,2.0,400,0.0001,0,25.0,4e-06,ok,,,200000,200000,307,95.5891478061676,17.263310194015503,1,a32604fecc91de55d340ab4799441a26f2677242,False,2.505165923594177e-07,166.46580505371094,111.02130126953125,0.6669315733264842,0.13075920939445496,0.06181435089909039,-0.547629714012146,0.02145254611968994,1.0,1.0,0.008200961165130138,0.022719422355294228,0.09259794652462006,0.020598330773087148,0.13085885345935822,198000,True,7508.0,7000.0,60000.0,59000.0,52492.0,False,93000.0,92000.0,85492.0,False,93000.0,92000.0,85492.0,False,1612.0,36000.0,34388.0,False,10214.0,,189786.0,True,31564.0,,168436.0,True,,,,True,,,,True,0.10043853521347046,-0.5094102621078491,0.008042693138122559,0.06811983497614209,0.41107971959122397,120.35077667236328,0.02834418335899199,-0.34115408378884426,-0.7437255417886137,0.12968634068965912,-0.544543445110321,0.02129042148590088,0.1911226580738804,0.44834446386327426,111.58302307128906,0.06068327135820782,-0.2675389895853517,-0.9772994803394659,0.0,7508.0,28487.0,
ntk_N400_a2_wd0.0001_s1,2.0,400,0.0001,1,25.0,4e-06,ok,,,200000,200000,307,94.32853674888611,16.207491159439087,1,a32604fecc91de55d340ab4799441a26f2677242,False,2.575396536030894e-07,167.0225067138672,111.15367889404297,0.6655012014905554,0.13322806358337402,0.0615977164376383,-0.5674232244491577,0.021511554718017578,1.0,1.0,0.008171896450221539,0.023420605808496475,0.09211032092571259,0.020357052788785978,0.13346804678440094,182000,True,786.0,710.0,52000.0,51000.0,51214.0,False,69000.0,68000.0,68214.0,False,69000.0,68000.0,68214.0,False,1612.0,38000.0,36388.0,False,11000.0,,189000.0,True,33000.0,,167000.0,True,,,,True,,,,True,0.09256445616483688,-0.12223755568265915,0.0003886222839355469,0.01760038793771995,0.11803190392162942,156.38136291503906,0.020721456313717607,-0.11426124540696957,-0.13160240431230347,0.1307496875524521,-0.5503502488136292,0.02103632688522339,0.19971813863225849,0.4510097678357745,112.27954864501953,0.05893968372038039,-0.2696560010887837,-0.9962490881844382,0.0,6776.0,26000.0,
ntk_N400_a2_wd0.0001_s2,2.0,400,0.0001,2,25.0,4e-06,ok,,,200000,200000,307,94.44829177856445,16.310441255569458,1,a32604fecc91de55d340ab4799441a26f2677242,False,2.543750667882705e-07,165.59353637695312,110.28045654296875,0.6659707797527132,0.13388259708881378,0.06357907706137679,-0.5794797539710999,0.02059352397918701,1.0,1.0,0.008154146373271942,0.021056722849607468,0.09197676181793213,0.020112652769975328,0.13417719304561615,187000,True,965.0,871.0,44000.0,43000.0,43035.0,False,49000.0,48000.0,48035.0,False,49000.0,48000.0,48035.0,False,1786.0,34000.0,32214.0,False,11000.0,,189000.0,True,33000.0,,167000.0,True,,,,True,,,,True,0.0923796072602272,-0.14581353962421417,0.0004826784133911133,0.014455126985077945,0.13872336308795014,153.0016632080078,0.02050512646899885,-0.13510768136762166,-0.1580500665263959,0.1290360540151596,-0.546816885471344,0.019451498985290527,0.198763281094677,0.44714229272036443,112.5713119506836,0.05783626196458553,-0.24999165973506013,-1.0213694401496929,0.0,7000.0,27000.0,
ntk_N400_a2_wd0.0001_s3,2.0,400,0.0001,3,25.0,4e-06,ok,,,200000,200000,307,94.17738103866577,16.691582441329956,1,a32604fecc91de55d340ab4799441a26f2677242,False,2.548629538523528e-07,166.56251525878906,110.86004638671875,0.6655762025115609,0.13093292713165283,0.06125590533960435,-0.5852632522583008,0.0214272141456604,1.0,0.9811320900917053,0.008199714124202728,0.02457418665289879,0.09127222746610641,0.019944564529343792,0.1311926543712616,192000,True,6116.0,6000.0,60000.0,59000.0,53884.0,False,,,193884.0,True,,,193884.0,True,1612.0,38000.0,36388.0,False,11000.0,,189000.0,True,33000.0,,167000.0,True,,,,True,,,,True,0.09843730181455612,-0.5097089409828186,0.006026625633239746,0.07066774226540748,0.4082972138361226,123.0405502319336,0.026261767584919996,-0.3694267259390519,-0.6933218109121301,,,,,,,,,,0.0,7508.0,28000.0,
ntk_N400_a2_wd0.0001_s4,2.0,400,0.0001,4,25.0,4e-06,ok,,,200000,200000,307,92.34356021881104,16.021121978759766,1,a32604fecc91de55d340ab4799441a26f2677242,False,2.50140345769978e-07,165.9253692626953,109.64091491699219,0.6607845165823147,0.13552038371562958,0.06424132532805753,-0.6032297015190125,0.021044909954071045,1.0,0.9433962106704712,0.008295540697872639,0.024226197972893715,0.0927986353635788,0.020483606943336535,0.13576826453208923,184000,True,2983.0,2692.0,87000.0,86000.0,84017.0,False,,,197017.0,True,,,197017.0,True,1612.0,40000.0,38388.0,False,12000.0,,188000.0,True,33000.0,,167000.0,True,,,,True,,,,True,0.09554963558912277,-0.35020413994789124,0.0024469494819641113,0.04277565628154588,0.3012355677046098,136.1431884765625,0.02300474814732474,-0.29802801844515675,-0.415665336024655,,,,,,,,,,0.0,6776.0,25000.0,
ntk_N400_a2_wd0.0003_s0,2.0,400,0.0003,0,25.0,1.1999999999999999e-05,ok,,,200000,200000,307,93.99378299713135,16.660281896591187,1,a32604fecc91de55d340ab4799441a26f2677242,False,2.5303310735580453e-07,166.46580505371094,69.19279479980469,0.41565770686345654,0.09660384804010391,0.03181890322503106,-1.219850778579712,0.038810670375823975,0.5546218752861023,0.11320754885673523,0.03619777038693428,0.048535771667957306,0.09259794652462006,0.020598330773087148,0.09663523733615875,199000,False,,,,,,True,,,,True,,,,True,,,,True,,,,True,,,,True,,,,True,,,,True,,,,,,,,,,,,,,,,,,,0.0,,,
ntk_N400_a2_wd0.0003_s1,2.0,400,0.0003,1,25.0,1.1999999999999999e-05,ok,,,200000,200000,307,92.16459679603577,15.952074527740479,1,a32604fecc91de55d340ab4799441a26f2677242,False,2.5742099296621745e-07,167.0225067138672,69.25028991699219,0.41461651653706516,0.09818454086780548,0.03118827304149903,-1.2356046438217163,0.0377812385559082,0.5084033608436584,0.03773584961891174,0.03633555769920349,0.05059492215514183,0.09211032092571259,0.020357052788785978,0.09829358011484146,192000,False,,,,,,True,,,,True,,,,True,,,,True,,,,True,,,,True,,,,True,,,,True,,,,,,,,,,,,,,,,,,,0.0,,,
ntk_N400_a2_wd0.0003_s2,2.0,400,0.0003,2,25.0,1.1999999999999999e-05,ok,,,200000,200000,307,93.25418329238892,16.09796667098999,1,a32604fecc91de55d340ab4799441a26f2677242,False,2.590840324501187e-07,165.59353637695312,67.62908935546875,0.4084041613890021,0.09861938655376434,0.03224766493245128,-1.2826522588729858,0.04050475358963013,0.5084033608436584,0.1320754736661911,0.03653108701109886,0.04901423677802086,0.09197676181793213,0.020112652769975328,0.09861938655376434,200000,False,,,,,,True,,,,True,,,,True,,,,True,,,,True,,,,True,,,,True,,,,True,,,,,,,,,,,,,,,,,,,0.0,,,
ntk_N400_a2_wd0.0003_s3,2.0,400,0.0003,3,25.0,1.1999999999999999e-05,ok,,,200000,200000,307,94.34144592285156,16.502362966537476,1,a32604fecc91de55d340ab4799441a26f2677242,False,2.4973681433948514e-07,166.56251525878906,68.52828979492188,0.4114268428790782,0.09648741781711578,0.031110464315650094,-1.2761868238449097,0.039080798625946045,0.5315126180648804,0.11320754885673523,0.036516427993774414,0.053243134170770645,0.09127222746610641,0.019944564529343792,0.09648741781711578,200000,False,,,,,,True,,,,True,,,,True,,,,True,,,,True,,,,True,,,,True,,,,True,,,,,,,,,,,,,,,,,,,0.0,,,
ntk_N400_a2_wd0.0003_s4,2.0,400,0.0003,4,25.0,1.1999999999999999e-05,ok,,,200000,200000,307,95.94113206863403,16.24741792678833,1,a32604fecc91de55d340ab4799441a26f2677242,False,2.455045660099131e-07,165.9253692626953,66.63835906982422,0.4016164578444991,0.10115040838718414,0.03393693395179334,-1.3425744771957397,0.040121614933013916,0.5273109078407288,0.056603774428367615,0.0365099273622036,0.05179252475500107,0.0927986353635788,0.020483606943336535,0.10121507197618484,184000,False,,,,,,True,,,,True,,,,True,,,,True,,,,True,,,,True,,,,True,,,,True,,,,,,,,,,,,,,,,,,,0.0,125000.0,,
ntk_N400_a2_wd0.001_s0,2.0,400,0.001,0,25.0,4e-05,ok,,,200000,200000,307,97.04173398017883,16.57690119743347,1,a32604fecc91de55d340ab4799441a26f2677242,False,2.7740415475818736e-07,166.46580505371094,37.01802062988281,0.22237612474188787,0.0648612305521965,0.006479535357984468,-2.0343825817108154,0.10846102237701416,0.042016807943582535,0.03773584961891174,0.07069171220064163,0.07304760813713074,0.09259794652462006,0.020598330773087148,0.09260930120944977,3,False,,,,,,True,,,,True,,,,True,,,,True,,,,True,,,,True,,,,True,,,,True,,,,,,,,,,,,,,,,,,,0.0,,,
ntk_N400_a2_wd0.001_s1,2.0,400,0.001,1,25.0,4e-05,ok,,,200000,200000,307,98.09003686904907,16.627065420150757,1,a32604fecc91de55d340ab4799441a26f2677242,False,2.846572328962793e-07,167.0225067138672,37.82142639160156,0.2264450889627404,0.06429062783718109,0.006001620042028175,-1.996475338935852,0.10658997297286987,0.03991596773266792,0.01886792480945587,0.07043495774269104,0.07522694766521454,0.09211032092571259,0.020357052788785978,0.09212955832481384,33,False,,,,,,True,,,,True,,,,True,,,,True,,,,True,,,,True,,,,True,,,,True,,,,,,,,,,,,,,,,,,,0.0,,,
ntk_N400_a2_wd0.001_s2,2.0,400,0.001,2,25.0,4e-05,ok,,,200000,200000,307,94.54017281532288,15.894502878189087,1,a32604fecc91de55d340ab4799441a26f2677242,False,2.894637702866021e-07,165.59353637695312,35.9146614074707,0.21688444001651994,0.06252347677946091,0.005601507931608614,-2.09078311920166,0.10136109590530396,0.04621848836541176,0.056603774428367615,0.06943213194608688,0.07302705198526382,0.09197676181793213,0.020112652769975328,0.09197769314050674,1,False,,,,,,True,,,,True,,,,True,,,,True,,,,True,,,,True,,,,True,,,,True,,,,,,,,,,,,,,,,,,,0.0,,,
ntk_N400_a2_wd0.001_s3,2.0,400,0.001,3,25.0,4e-05,ok,,,200000,200000,307,96.98005318641663,16.402873754501343,1,a32604fecc91de55d340ab4799441a26f2677242,False,2.8810632102249656e-07,166.56251525878906,36.919456481933594,0.22165525313166434,0.06220882385969162,0.005960312831748851,-2.056865930557251,0.10083508491516113,0.054621849209070206,0.056603774428367615,0.07021394371986389,0.0798254907131195,0.09127222746610641,0.019944564529343792,0.09127580374479294,1,False,,,,,,True,,,,True,,,,True,,,,True,,,,True,,,,True,,,,True,,,,True,,,,,,,,,,,,,,,,,,,0.0,,,
ntk_N400_a2_wd0.001_s4,2.0,400,0.001,4,25.0,4e-05,ok,,,200000,200000,307,94.42605805397034,16.112350702285767,1,a32604fecc91de55d340ab4799441a26f2677242,False,2.719616816193593e-07,165.9253692626953,32.755165100097656,0.19740902337989816,0.06225647032260895,0.005997422582837555,-2.293829917907715,0.11605715751647949,0.04831932857632637,0.01886792480945587,0.07033467292785645,0.07793605327606201,0.0927986353635788,0.020483606943336535,0.0928129255771637,7,False,,,,,,True,,,,True,,,,True,,,,True,,,,True,,,,True,,,,True,,,,True,,,,,,,,,,,,,,,,,,,0.0,,,
ntk_N400_a2_wd0.003_s0,2.0,400,0.003,0,25.0,0.00012,ok,,,200000,200000,307,95.03308510780334,16.195393800735474,1,a32604fecc91de55d340ab4799441a26f2677242,False,3.183336332313047e-07,166.46580505371094,13.821516990661621,0.08302916617741432,0.05856122449040413,2.5004412602946946e-17,-4.060888767242432,0.06940865516662598,0.03361344709992409,0.09433962404727936,0.10705184191465378,0.10047079622745514,0.09259794652462006,0.020598330773087148,0.09260924160480499,3,False,,,,,,True,,,,True,,,,True,,,,True,,,,True,,,,True,,,,True,,,,True,,,,,,,,,,,,,,,,,,,0.0,,,
ntk_N400_a2_wd0.003_s1,2.0,400,0.003,1,25.0,0.00012,ok,,,200000,200000,307,94.00838780403137,16.524433851242065,1,a32604fecc91de55d340ab4799441a26f2677242,False,3.3174501368193887e-07,167.0225067138672,15.845516204833984,0.0948705447941789,0.05822841078042984,3.2593827810345477e-18,-3.862546682357788,0.03392225503921509,0.0357142873108387,0.03773584961891174,0.1071467474102974,0.10262452065944672,0.09211032092571259,0.020357052788785978,0.09212028235197067,10,False,,,,,,True,,,,True,,,,True,,,,True,,,,True,,,,True,,,,True,,,,True,,,,,,,,,,,,,,,,,,,0.0,,,
ntk_N400_a2_wd0.003_s2,2.0,400,0.003,2,25.0,0.00012,ok,,,200000,200000,307,91.8937029838562,16.313485622406006,1,a32604fecc91de55d340ab4799441a26f2677242,False,3.2946940109468414e-07,165.59353637695312,16.757766723632812,0.10119819342154658,0.05802629515528679,3.5256899396513e-17,-3.7129292488098145,0.04878830909729004,0.03781512752175331,0.056603774428367615,0.10000354051589966,0.10041991621255875,0.09197676181793213,0.020112652769975328,0.09197767078876495,1,False,,,,,,True,,,,True,,,,True,,,,True,,,,True,,,,True,,,,True,,,,True,,,,,,,,,,,,,,,,,,,0.0,,,
ntk_N400_a2_wd0.003_s3,2.0,400,0.003,3,25.0,0.00012,ok,,,200000,200000,307,89.58976101875305,15.94529414176941,1,a32604fecc91de55d340ab4799441a26f2677242,False,3.228309708447341e-07,166.56251525878906,15.986141204833984,0.09597682395703638,0.05742642283439636,3.004595270500454e-17,-3.816894769668579,0.06045389175415039,0.05882352963089943,0.03773584961891174,0.1038612499833107,0.11020372807979584,0.09127222746610641,0.019944564529343792,0.09127575159072876,1,False,,,,,,True,,,,True,,,,True,,,,True,,,,True,,,,True,,,,True,,,,True,,,,,,,,,,,,,,,,,,,0.0,,,
ntk_N400_a2_wd0.003_s4,2.0,400,0.003,4,25.0,0.00012,ok,,,200000,200000,307,79.39323496818542,14.613737106323242,1,a32604fecc91de55d340ab4799441a26f2677242,False,3.07645962038805e-07,165.9253692626953,13.203598022460938,0.0795755229060652,0.05587255209684372,4.777265822514254e-18,-4.162343978881836,0.06649631261825562,0.05042016878724098,0.03773584961891174,0.09678666293621063,0.09870689362287521,0.0927986353635788,0.020483606943336535,0.09281236678361893,8,False,,,,,,True,,,,True,,,,True,,,,True,,,,True,,,,True,,,,True,,,,True,,,,,,,,,,,,,,,,,,,0.0,,,
ntk_N800_a0.5_wd0_s0,0.5,800,0.0,0,400.0,0.0,ok,,,200000,200000,307,139.35737800598145,21.46590256690979,1,2b612a1ab9bb21bf10567b9e9db087f1d9233985,False,3.0871120770825655e-07,234.78900146484375,425.87994384765625,1.8138837049035519,0.11166676878929138,0.03848027934112695,1.2827913761138916,0.006571173667907715,1.0,0.3396226465702057,1.5241650996866696e-10,0.03891219198703766,0.09363151341676712,0.020794046840994396,0.1119532510638237,8000,True,82.0,74.0,,,199918.0,True,,,199918.0,True,,,199918.0,True,1069.0,,198931.0,True,1979.0,,198021.0,True,3305.0,,196695.0,True,4496.0,,195504.0,True,6000.0,,194000.0,True,0.09361033141613007,0.0037032850086688995,3.886222839355469e-05,-0.002033066620434904,0.009491043981285445,235.06515502929688,0.020821111252131888,0.0047547615889886865,0.0025090864726820773,,,,,,,,,,0.0,1612.0,,
ntk_N800_a0.5_wd0_s1,0.5,800,0.0,1,400.0,0.0,ok,,,200000,200000,307,141.17192912101746,21.732120990753174,1,2b612a1ab9bb21bf10567b9e9db087f1d9233985,False,3.1308263714890927e-07,235.95555114746094,428.3184814453125,1.8152507087134981,0.11144288629293442,0.037513189078516675,1.266151785850525,0.006869673728942871,1.0,0.24528302252292633,1.558671941515044e-10,0.04244379699230194,0.09310635179281235,0.020338137765431516,0.11164676398038864,8319,True,101.0,91.0,,,199899.0,True,,,199899.0,True,,,199899.0,True,1069.0,,198931.0,True,2000.0,,198000.0,True,3305.0,,196695.0,True,4496.0,,195504.0,True,6000.0,,194000.0,True,0.09309589117765427,0.002540814923122525,5.263090133666992e-05,-0.0005387723961661125,0.010593713402047338,236.21310424804688,0.02037616758015562,0.0034738911011292276,0.0014254809620543511,,,,,,,,,,0.0,1786.0,,
ntk_N800_a0.5_wd0_s2,0.5,800,0.0,2,400.0,0.0,ok,,,200000,200000,307,142.6468050479889,22.19217014312744,1,a32604fecc91de55d340ab4799441a26f2677242,False,3.12526935886126e-07,234.07850646972656,425.534423828125,1.81791327296921,0.11175784468650818,0.038564979353153415,1.2717846632003784,0.0065465569496154785,1.0,0.3396226465702057,1.4768739009518583e-10,0.03943425044417381,0.09289082139730453,0.020478002477207206,0.11200038343667984,9000,True,230.0,207.0,,,199770.0,True,,,199770.0,True,,,199770.0,True,1069.0,,198931.0,True,2000.0,,198000.0,True,3305.0,,196695.0,True,4496.0,,195504.0,True,6000.0,,194000.0,True,0.09310946613550186,0.014817892573773861,0.00016641616821289062,0.012851108377019322,0.02373248265650749,235.45249938964844,0.020728739509963276,0.018893360710502176,0.010022794581072535,,,,,,,,,,0.0,1786.0,,
ntk_N800_a0.5_wd0_s3,0.5,800,0.0,3,400.0,0.0,ok,,,200000,200000,307,138.96466493606567,20.714359521865845,1,a32604fecc91de55d340ab4799441a26f2677242,False,3.1903087460705137e-07,234.3752899169922,425.712890625,1.8163727531847453,0.11146463453769684,0.038135378516308396,1.2578108310699463,0.006807208061218262,1.0,0.43396225571632385,1.6391726864739553e-10,0.03748204559087753,0.09247861057519913,0.02014054130192231,0.11177261918783188,7508,True,101.0,91.0,,,199899.0,True,,,199899.0,True,,,199899.0,True,1069.0,,198931.0,True,1979.0,,198021.0,True,3305.0,,196695.0,True,4496.0,,195504.0,True,6000.0,,194000.0,True,0.09253139048814774,0.005670177284628153,4.869699478149414e-05,0.005814017924031011,0.011454722699537533,234.82730102539062,0.020184307523465072,0.00717392179450643,0.003962837305420257,,,,,,,,,,0.0,1786.0,,
ntk_N800_a0.5_wd0_s4,0.5,800,0.0,4,400.0,0.0,ok,,,200000,200000,307,148.4120168685913,21.0417537689209,1,a32604fecc91de55d340ab4799441a26f2677242,False,3.089197377903474e-07,234.9948272705078,423.31842041015625,1.8013946320736027,0.11223644763231277,0.03887668640867608,1.2537561655044556,0.007156848907470703,1.0,0.3962264060974121,1.669817201177537e-10,0.03915057331323624,0.09379050135612488,0.02065578513615863,0.11255288124084473,8000,True,112.0,101.0,,,199888.0,True,,,199888.0,True,,,199888.0,True,1000.0,,199000.0,True,1979.0,,198021.0,True,2983.0,,197017.0,True,4496.0,,195504.0,True,6000.0,,194000.0,True,0.0937720462679863,0.006367277354001999,6.0677528381347656e-05,-0.0011724039552366684,0.012690239440296661,235.48927307128906,0.020703805612466777,0.007930384811602366,0.004381661932605561,,,,,,,,,,0.0,1612.0,,
ntk_N800_a0.5_wd3e-06_s0,0.5,800,3e-06,0,400.0,7.500000000000001e-09,ok,,,200000,200000,307,158.0545470714569,20.988901138305664,1,a32604fecc91de55d340ab4799441a26f2677242,False,3.058354423046694e-07,234.78900146484375,369.2202453613281,1.5725619303194383,0.12219429016113281,0.04959451073956214,1.0258440971374512,0.008282780647277832,1.0,1.0,1.7140012005256722e-06,0.021056190133094788,0.09363151341676712,0.020794046840994396,0.12228395789861679,199000,True,82.0,74.0,104000.0,103000.0,103918.0,False,119000.0,118000.0,118918.0,False,119000.0,118000.0,118918.0,False,1069.0,92000.0,90931.0,False,2000.0,,198000.0,True,3305.0,,196695.0,True,4496.0,,195504.0,True,6000.0,,194000.0,True,0.09361181408166885,0.003191023599356413,3.838539123535156e-05,-0.0018673016787890846,0.009303927604258425,235.00779724121094,0.020821037776554217,0.004221039605337725,0.0020246901454840584,0.11812084168195724,1.110519289970398,0.00765305757522583,0.20503238386252237,2.0473173476316524,387.2898254394531,0.04526043876576246,1.353255754081484,0.7142977743932173,0.0,1612.0,157000.0,
ntk_N800_a0.5_wd3e-06_s1,0.5,800,3e-06,1,400.0,7.500000000000001e-09,ok,,,200000,200000,307,154.4675419330597,20.354357957839966,1,a32604fecc91de55d340ab4799441a26f2677242,False,3.012574154581671e-07,235.95555114746094,372.16583251953125,1.5772709339096895,0.12136026471853256,0.04808491083891554,1.0148521661758423,0.008705854415893555,1.0,1.0,1.766265540936729e-06,0.023681631311774254,0.09310635179281235,0.020338137765431516,0.12143624573945999,199000,True,101.0,91.0,172000.0,171000.0,171899.0,False,186000.0,185000.0,185899.0,False,186000.0,185000.0,185899.0,False,1069.0,125000.0,123931.0,False,2193.0,,197807.0,True,3305.0,,196695.0,True,4496.0,,195504.0,True,6000.0,,194000.0,True,0.09309431165456772,0.002007613657042384,5.173683166503906e-05,-0.0007029905895882162,0.01045178859522075,236.14247131347656,0.02037521412580399,0.002993875431505413,0.0008310967212434854,0.12071093916893005,1.028013825416565,0.008540093898773193,0.2187097116475166,1.808758148336426,374.96685791015625,0.04740612655717237,1.281125127665967,0.6068058718224196,0.0,1786.0,171000.0,
ntk_N800_a0.5_wd3e-06_s2,0.5,800,3e-06,2,400.0,7.500000000000001e-09,ok,,,200000,200000,307,156.43334984779358,21.126344203948975,1,a32604fecc91de55d340ab4799441a26f2677242,False,2.9812176194354834e-07,234.07850646972656,370.60308837890625,1.5832427076205582,0.12216369807720184,0.049329098039077555,1.018277645111084,0.0085715651512146,1.0,1.0,1.7455048464398715e-06,0.021623099222779274,0.09289082139730453,0.020478002477207206,0.12216369807720184,200000,True,230.0,207.0,177000.0,176000.0,176770.0,False,198000.0,197000.0,197770.0,False,198000.0,197000.0,197770.0,False,1069.0,99000.0,97931.0,False,2193.0,,197807.0,True,3305.0,,196695.0,True,4496.0,,195504.0,True,6000.0,,194000.0,True,0.0931076630949974,0.013449887745082378,0.0001652240753173828,0.012762167961453677,0.022857233942815178,235.29335021972656,0.020730539056085615,0.017499996551541996,0.008686215674179857,0.1221160739660263,1.0196846723556519,0.008534550666809082,0.23125015054051534,1.7856161811052391,370.98779296875,0.04920606136492948,1.2874241652026293,0.5813263245349342,0.0,1786.0,157000.0,
ntk_N800_a0.5_wd3e-06_s3,0.5,800,3e-06,3,400.0,7.500000000000001e-09,ok,,,200000,200000,307,154.7268979549408,21.246065616607666,1,a32604fecc91de55d340ab4799441a26f2677242,False,3.0728710953553673e-07,234.3752899169922,370.1678771972656,1.5793809890469537,0.12162049114704132,0.04886875704657262,1.0070669651031494,0.008856534957885742,1.0,1.0,1.7391392930221627e-06,0.02093019150197506,0.09247861057519913,0.02014054130192231,0.12165170162916183,199000,True,101.0,91.0,112000.0,111000.0,111899.0,False,132692.0,132000.0,132591.0,False,132692.0,132000.0,132591.0,False,1069.0,83000.0,81931.0,False,2000.0,,198000.0,True,3305.0,,196695.0,True,4496.0,,195504.0,True,6000.0,,194000.0,True,0.09253312647342682,0.005027984268963337,4.947185516357422e-05,0.005999798792349524,0.011141934423740946,234.75717163085938,0.020184553621986658,0.006486373103432756,0.00337047395571609,0.11813820898532867,1.0776278972625732,0.008171021938323975,0.2079493428915329,1.9500480630961916,384.4945068359375,0.04536770804026031,1.3355834923045795,0.6593077708905195,0.0,1786.0,168000.0,
ntk_N800_a0.5_wd3e-06_s4,0.5,800,3e-06,4,400.0,7.500000000000001e-09,ok,,,200000,200000,307,155.72472286224365,21.924455165863037,1,a32604fecc91de55d340ab4799441a26f2677242,False,3.0496124736600905e-07,234.9948272705078,367.1774597167969,1.5624916683554513,0.12310516834259033,0.050231239516759285,0.9974287152290344,0.009273886680603027,1.0,1.0,1.6965318536676932e-06,0.020406637340784073,0.09379050135612488,0.02065578513615863,0.12310516834259033,200000,True,112.0,101.0,105000.0,104000.0,104888.0,False,157000.0,156000.0,156888.0,False,157000.0,156000.0,156888.0,False,1000.0,87000.0,86000.0,False,1979.0,,198021.0,True,2983.0,,197017.0,True,4496.0,,195504.0,True,6000.0,,194000.0,True,0.09376932680606842,0.005768793635070324,5.9723854064941406e-05,-0.0014319865239041136,0.012389337428243306,235.41098022460938,0.020703650238658965,0.007379857148163604,0.003723420060108708,0.12095088511705399,1.03989577293396,0.008908689022064209,0.21113629109197,1.8426504813555422,376.0928039550781,0.04785395309178275,1.27969654901424,0.6402202618246314,0.0,1612.0,139000.0,
ntk_N800_a0.5_wd1e-05_s0,0.5,800,1e-05,0,400.0,2.5000000000000002e-08,ok,,,200000,200000,307,156.45090103149414,21.495667934417725,1,a32604fecc91de55d340ab4799441a26f2677242,False,3.269293245011795e-07,234.78900146484375,313.78887939453125,1.3364717999429654,0.14082059264183044,0.06949891652463808,0.7238804697990417,0.01187664270401001,1.0,1.0,1.6735337339923717e-05,0.004985107108950615,0.09363151341676712,0.020794046840994396,0.14082059264183044,200000,True,82.0,74.0,33000.0,32000.0,32918.0,False,34000.0,33000.0,33918.0,False,34000.0,33000.0,33918.0,False,1069.0,28000.0,26931.0,False,2193.0,64000.0,61807.0,False,3305.0,125000.0,121695.0,False,4981.0,,195019.0,True,6000.0,,194000.0,True,0.09361216425895691,0.00203830748796463,3.826618194580078e-05,-0.0018309944868117247,0.008959643647947046,234.8741455078125,0.02082064932747115,0.0030495554912668824,0.0008944096514347489,0.1182079091668129,1.0963561534881592,0.007611572742462158,0.2062737400435782,2.0046375880689693,385.2247619628906,0.045337674295543584,1.3367125751610403,0.7056045325530933,0.0,1612.0,45000.0,192000.0
ntk_N800_a0.5_wd1e-05_s1,0.5,800,1e-05,1,400.0,2.5000000000000002e-08,ok,,,200000,200000,307,153.60236287117004,21.044532537460327,1,a32604fecc91de55d340ab4799441a26f2677242,False,3.2058628107733966e-07,235.95555114746094,316.0727233886719,1.339543493897889,0.13983219861984253,0.06776239308320717,0.7105988264083862,0.012158751487731934,1.0,1.0,1.682732363406103e-05,0.0056747691705822945,0.09310635179281235,0.020338137765431516,0.13983219861984253,200000,True,91.0,82.0,51000.0,50000.0,50909.0,False,53000.0,52714.0,52909.0,False,53000.0,52714.0,52909.0,False,1069.0,38000.0,36931.0,False,2193.0,76000.0,73807.0,False,3305.0,137000.0,133695.0,False,4981.0,,195019.0,True,6116.0,,193884.0,True,0.09309447556734085,0.0002833203470800072,4.494190216064453e-05,-0.0008005287484410893,0.009598039708747444,235.95584106445312,0.020368132872778,0.0010452088188324987,-0.0006183632498358866,0.12051360309123993,1.0172886848449707,0.008478999137878418,0.21793660875134105,1.7789156100968821,373.28155517578125,0.0472943481666315,1.2682905566169982,0.6008377659667804,0.0,1786.0,50000.0,
ntk_N800_a0.5_wd1e-05_s2,0.5,800,1e-05,2,400.0,2.5000000000000002e-08,ok,,,200000,200000,307,153.35565900802612,20.953757286071777,1,a32604fecc91de55d340ab4799441a26f2677242,False,3.13335334567455e-07,234.07850646972656,314.8315734863281,1.3449828360343088,0.14113160967826843,0.06916407793089305,0.7121375799179077,0.01156914234161377,1.0,1.0,1.6631567632430233e-05,0.005042203702032566,0.09289082139730453,0.020478002477207206,0.14113160967826843,200000,True,230.0,207.0,54000.0,53000.0,53770.0,False,60000.0,59000.0,59770.0,False,60000.0,59000.0,59770.0,False,1069.0,30000.0,28931.0,False,2193.0,67000.0,64807.0,False,3305.0,127000.0,123695.0,False,4981.0,,195019.0,True,6000.0,,194000.0,True,0.09310754388570786,0.010422443971037865,0.00016486644744873047,0.012773603031433642,0.021136674668787974,234.92263793945312,0.020728956069564354,0.01455216371983321,0.005570364996270451,0.12244578450918198,0.9997404217720032,0.008596062660217285,0.2329787671902285,1.7311258247722356,367.1528015136719,0.049600040295038186,1.2677279207583922,0.5607681541148417,0.0,1786.0,47000.0,189000.0
ntk_N800_a0.5_wd1e-05_s3,0.5,800,1e-05,3,400.0,2.5000000000000002e-08,ok,,,200000,200000,307,148.86325979232788,21.00505566596985,1,a32604fecc91de55d340ab4799441a26f2677242,False,3.37717949605576e-07,234.3752899169922,314.8055725097656,1.3431687812365336,0.1403624266386032,0.06840076963532932,0.7052630186080933,0.012733697891235352,1.0,1.0,1.666475145611912e-05,0.0052466061897575855,0.09247861057519913,0.02014054130192231,0.1406088024377823,199000,True,101.0,91.0,33000.0,32000.0,32899.0,False,41000.0,40000.0,40899.0,False,41000.0,40000.0,40899.0,False,1069.0,25710.0,24641.0,False,2193.0,64717.0,62524.0,False,3305.0,129000.0,125695.0,False,4981.0,,195019.0,True,6000.0,,194000.0,True,0.09253078699111938,0.0036845195572823286,4.845857620239258e-05,0.005731148057969439,0.010627904473254297,234.59361267089844,0.02018368380188689,0.005181226448209273,0.0019879412325042906,0.11865120381116867,1.054112434387207,0.008233308792114258,0.21122945204506743,1.8820204885732175,380.2817077636719,0.04580827431693094,1.3113102824729859,0.6376040233833253,0.0,1786.0,49000.0,194000.0
ntk_N800_a0.5_wd1e-05_s4,0.5,800,1e-05,4,400.0,2.5000000000000002e-08,ok,,,200000,200000,307,150.97974300384521,21.017603635787964,1,a32604fecc91de55d340ab4799441a26f2677242,False,3.237830412672338e-07,234.9948272705078,313.16571044921875,1.332649378229618,0.1419050097465515,0.06979358652747447,0.7030960917472839,0.012552976608276367,1.0,1.0,1.6770080037531443e-05,0.004989583510905504,0.09379050135612488,0.02065578513615863,0.1419050097465515,200000,True,101.0,91.0,33000.0,32000.0,32899.0,False,47575.0,47000.0,47474.0,False,47575.0,47000.0,47474.0,False,1069.0,27000.0,25931.0,False,1979.0,62000.0,60021.0,False,3305.0,123000.0,119695.0,False,4496.0,,195504.0,True,6000.0,,194000.0,True,0.09376907348632812,0.0037301264237612486,5.167722702026367e-05,-0.0016435473133337162,0.010816355476328048,235.19174194335938,0.02069415722349399,0.005105026155688718,0.002006851691107431,0.12128371000289917,1.0190151929855347,0.008984684944152832,0.21279279457069847,1.7844707414520398,372.2691345214844,0.04832888458059896,1.2587150850979092,0.619769600340178,0.0,1612.0,41000.0,180000.0
ntk_N800_a0.5_wd3e-05_s0,0.5,800,3e-05,0,400.0,7.5e-08,ok,,,200000,200000,307,150.8018820285797,21.190007209777832,1,a32604fecc91de55d340ab4799441a26f2677242,False,3.150847476263152e-07,234.78900146484375,286.2738342285156,1.2192812799682229,0.15447403490543365,0.08379743022580474,0.5408893823623657,0.013717055320739746,1.0,1.0,0.0001299781579291448,0.0021667988039553165,0.09363151341676712,0.020794046840994396,0.15453551709651947,196000,True,74.0,67.0,12000.0,11317.0,11926.0,False,13000.0,12539.0,12926.0,False,13000.0,12539.0,12926.0,False,1185.0,11000.0,9815.0,False,2193.0,22000.0,19807.0,False,3305.0,42000.0,38695.0,False,4981.0,102000.0,97019.0,False,6776.0,,193224.0,True,0.09361403435468674,-0.001224313280545175,3.3736228942871094e-05,-0.0017774938299759172,0.008241775697823972,234.5145721435547,0.020816184491798485,-0.0004656549028341438,-0.0020738392489738507,0.11936725676059723,1.0277073383331299,0.007772564888000488,0.21362041931674142,1.806712776274973,371.78875732421875,0.04671674821418454,1.2704257410197934,0.6322844894497609,0.0,1612.0,15000.0,57000.0
ntk_N800_a0.5_wd3e-05_s1,0.5,800,3e-05,1,400.0,7.5e-08,ok,,,200000,200000,307,151.0122528076172,21.063077926635742,1,a32604fecc91de55d340ab4799441a26f2677242,False,3.1678740697316243e-07,235.95555114746094,287.00738525390625,1.2163620811554476,0.15406741201877594,0.08255428480647747,0.5198793411254883,0.014475822448730469,1.0,1.0,0.00013362416939344257,0.0021266338881105185,0.09310635179281235,0.020338137765431516,0.15425743162631989,199000,True,91.0,82.0,16000.0,15395.0,15909.0,False,18900.0,18000.0,18809.0,False,18900.0,18000.0,18809.0,False,1185.0,13894.0,12709.0,False,2193.0,25710.0,23517.0,False,3662.0,47000.0,43338.0,False,4981.0,111000.0,106019.0,False,6776.0,,193224.0,True,0.09309526532888412,-0.0033624013885855675,4.5180320739746094e-05,-0.0007167420931700362,0.010144252216991124,235.5314178466797,0.020367595402118667,-0.0026605818933389752,-0.004191329011385198,0.12180639058351517,0.9535736441612244,0.008658528327941895,0.2256891297081104,1.6089914145812225,361.7545471191406,0.04868608211352023,1.204067085011815,0.5389845621290116,0.0,1786.0,16000.0,61000.0
ntk_N800_a0.5_wd3e-05_s2,0.5,800,3e-05,2,400.0,7.5e-08,ok,,,200000,200000,307,149.00943303108215,21.173084259033203,1,a32604fecc91de55d340ab4799441a26f2677242,False,3.111753130724537e-07,234.07850646972656,286.8995056152344,1.2256550588182225,0.15463249385356903,0.08330025228838978,0.534783124923706,0.013647973537445068,1.0,1.0,0.0001323828473687172,0.0020877064671367407,0.09289082139730453,0.020478002477207206,0.15474048256874084,197000,True,230.0,207.0,17000.0,16000.0,16770.0,False,20000.0,19000.0,19770.0,False,20000.0,19000.0,19770.0,False,1185.0,11317.0,10132.0,False,2193.0,23000.0,20807.0,False,3305.0,42937.0,39632.0,False,4981.0,101000.0,96019.0,False,6776.0,,193224.0,True,0.09310069680213928,0.0016576610505580902,0.00016647577285766602,0.012373754115328914,0.01839945723778829,233.86587524414062,0.0207268136586114,0.005898122264097308,-0.0033324384209816303,0.12302198261022568,0.9508153796195984,0.00860297679901123,0.23731121505498262,1.6017807056555087,358.35626220703125,0.05033720155333583,1.2169394587891942,0.5163704761946704,0.0,1786.0,15000.0,57000.0
ntk_N800_a0.5_wd3e-05_s3,0.5,800,3e-05,3,400.0,7.5e-08,ok,,,200000,200000,307,148.22424387931824,20.56828236579895,1,a32604fecc91de55d340ab4799441a26f2677242,False,3.1544027478958014e-07,234.3752899169922,286.7211608886719,1.2233421065429673,0.1542133241891861,0.08282880492247946,0.5188035368919373,0.015154600143432617,1.0,1.0,0.00013082294026389718,0.002147858729586005,0.09247861057519913,0.02014054130192231,0.15436625480651855,195000,True,101.0,91.0,12000.0,11317.0,11899.0,False,15000.0,14000.0,14899.0,False,15000.0,14000.0,14899.0,False,1069.0,10000.0,8931.0,False,2193.0,23000.0,20807.0,False,3305.0,44000.0,40695.0,False,4981.0,105000.0,100019.0,False,6776.0,,193224.0,True,0.09252635389566422,-0.00022568865097127855,4.8160552978515625e-05,0.005287653090497125,0.009936543094898116,234.1262664794922,0.02018241065757727,0.001308459874882469,-0.0019630164297459083,0.11976992338895798,0.9904577732086182,0.008374452590942383,0.21824628572103,1.7057369434987693,368.25567626953125,0.04704385416465229,1.2485124778705996,0.5722255203349021,0.0,1786.0,15395.0,58408.0
ntk_N800_a0.5_wd3e-05_s4,0.5,800,3e-05,4,400.0,7.5e-08,ok,,,200000,200000,307,147.54871106147766,20.565586805343628,1,a32604fecc91de55d340ab4799441a26f2677242,False,3.1877712558525673e-07,234.9948272705078,286.9741516113281,1.221193483042015,0.15412381291389465,0.08235009624142672,0.5370234847068787,0.014354825019836426,1.0,1.0,0.00013236416270956397,0.002286310540512204,0.09379050135612488,0.02065578513615863,0.15477438271045685,193000,True,101.0,91.0,12539.0,12000.0,12438.0,False,17000.0,16000.0,16899.0,False,17000.0,16000.0,16899.0,False,1069.0,11000.0,9931.0,False,2193.0,22000.0,19807.0,False,3305.0,42000.0,38695.0,False,4981.0,109000.0,104019.0,False,6776.0,,193224.0,True,0.09376605600118637,-0.00012875432730652392,5.042552947998047e-05,-0.0019579449398976867,0.010112471181179713,234.72254943847656,0.02069282865317955,0.0013283179314284618,-0.0019523966488859726,0.12232673168182373,0.959831178188324,0.009055137634277344,0.21982849309288685,1.6258631712687424,361.1595153808594,0.049560545723216665,1.2002960100354447,0.5591638750362775,0.0,1612.0,13000.0,55000.0
ntk_N800_a0.5_wd0.0001_s0,0.5,800,0.0001,0,400.0,2.5e-07,ok,,,200000,200000,307,153.87640976905823,20.816691637039185,1,a32604fecc91de55d340ab4799441a26f2677242,False,3.247932056638092e-07,234.78900146484375,266.0909118652344,1.1333193216253685,0.15804581344127655,0.0877106452901127,0.40463489294052124,0.013267755508422852,1.0,1.0,0.0008348183473572135,0.003398396074771881,0.09363151341676712,0.020794046840994396,0.15961073338985443,168000,True,82.0,74.0,6776.0,6116.0,6694.0,False,7000.0,6776.0,6918.0,False,7000.0,6776.0,6918.0,False,1313.0,6776.0,5463.0,False,2692.0,9000.0,6308.0,False,4058.0,16000.0,11942.0,False,6776.0,,193224.0,True,16000.0,,184000.0,True,0.09360982477664948,-0.012418469414114952,3.8743019104003906e-05,-0.0020849917657610843,0.015094931103038426,233.16236877441406,0.02081890605268532,-0.011346093927884425,-0.013637155648509479,0.12425684183835983,0.744613528251648,0.008397579193115234,0.2439803038996186,1.1215046771148165,320.74639892578125,0.05224007366585487,0.9996440495891546,0.32396210505629824,0.0,1612.0,5520.0,16000.0
ntk_N800_a0.5_wd0.0001_s1,0.5,800,0.0001,1,400.0,2.5e-07,ok,,,200000,200000,307,154.08643507957458,21.152761459350586,1,a32604fecc91de55d340ab4799441a26f2677242,False,3.2122062521011685e-07,235.95555114746094,265.99609375,1.1273144134836022,0.15906615555286407,0.08807865776208815,0.3661910891532898,0.013938069343566895,1.0,1.0,0.0008524834411218762,0.0034195343032479286,0.09310635179281235,0.020338137765431516,0.15948143601417542,186000,True,74.0,67.0,7000.0,6776.0,6926.0,False,8000.0,7508.0,7926.0,False,8000.0,7508.0,7926.0,False,1313.0,7000.0,5687.0,False,2692.0,10000.0,7308.0,False,4496.0,17000.0,12504.0,False,6776.0,,193224.0,True,18000.0,,182000.0,True,0.09309399127960205,-0.013048715889453888,3.2961368560791016e-05,-0.0011154716461399445,0.01537946246707808,234.37757873535156,0.020351729731015303,-0.01243340144496051,-0.013764161240387304,0.12555164098739624,0.7168794870376587,0.00943690538406372,0.24419981895177958,1.066313645305969,320.4447326660156,0.0528644963888168,0.9739920921255367,0.28913349751661477,0.0,1786.0,6000.0,17000.0
ntk_N800_a0.5_wd0.0001_s2,0.5,800,0.0001,2,400.0,2.5e-07,ok,,,200000,200000,307,146.8601040840149,20.597437858581543,1,a32604fecc91de55d340ab4799441a26f2677242,False,3.0168328635227226e-07,234.07850646972656,266.19378662109375,1.1371987570995574,0.1585833579301834,0.08780963810379044,0.3915337920188904,0.013741850852966309,1.0,1.0,0.0008445511921308935,0.0033046153839677572,0.09289082139730453,0.020478002477207206,0.15937583148479462,191000,True,230.0,207.0,6776.0,6116.0,6546.0,False,8319.0,8000.0,8089.0,False,8319.0,8000.0,8089.0,False,1313.0,6776.0,5463.0,False,2692.0,9218.0,6526.0,False,4058.0,16000.0,11942.0,False,6776.0,,193224.0,True,17000.0,,183000.0,True,0.09309057146310806,-0.029277369379997253,0.0001653432846069336,0.01180931843747177,0.03403312609911463,230.20578002929688,0.020717828804792428,-0.02485935645339016,-0.03449748248972962,0.127346009016037,0.7205293774604797,0.009275317192077637,0.26100756280906084,1.0734347790722023,318.8846740722656,0.05489541101351299,0.9917701883036294,0.2760188657734155,0.0,1786.0,6000.0,16000.0
ntk_N800_a0.5_wd0.0001_s3,0.5,800,0.0001,3,400.0,2.5e-07,ok,,,200000,200000,307,148.3492832183838,21.54827046394348,1,a32604fecc91de55d340ab4799441a26f2677242,False,3.09136567011592e-07,234.3752899169922,266.2295837402344,1.1359114855261572,0.15937428176403046,0.08829921133139447,0.3684661090373993,0.01481395959854126,1.0,1.0,0.0008332942961715162,0.003455913159996271,0.09247861057519913,0.02014054130192231,0.15973931550979614,152000,True,101.0,91.0,6776.0,6116.0,6675.0,False,6776.0,6116.0,6675.0,False,6776.0,6116.0,6675.0,False,1313.0,6776.0,5463.0,False,2692.0,9218.0,6526.0,False,4058.0,17000.0,12942.0,False,6776.0,,193224.0,True,17000.0,,183000.0,True,0.09252563863992691,-0.014072808437049389,4.851818084716797e-05,0.005201135184228401,0.017124906054274767,232.49864196777344,0.02018197843522598,-0.012555659694623385,-0.015789608636122603,0.12312357127666473,0.7221564054489136,0.008896946907043457,0.23743935741200917,1.0760282992198653,321.4642639160156,0.050770590664525286,0.9875648871484065,0.2887232881095305,0.0,1786.0,6000.0,16000.0
ntk_N800_a0.5_wd0.0001_s4,0.5,800,0.0001,4,400.0,2.5e-07,ok,,,200000,200000,307,146.78089213371277,21.775571584701538,1,a32604fecc91de55d340ab4799441a26f2677242,False,3.0195641897989844e-07,234.9948272705078,266.3319396972656,1.1333523498825144,0.15843640267848969,0.08746444476883651,0.39024630188941956,0.014097511768341064,1.0,1.0,0.0008482203120365739,0.003399515990167856,0.09379050135612488,0.02065578513615863,0.15934662520885468,88036,True,91.0,82.0,6000.0,5520.0,5909.0,False,7508.0,7000.0,7417.0,False,7508.0,7000.0,7417.0,False,1313.0,6116.0,4803.0,False,2692.0,9000.0,6308.0,False,4000.0,16000.0,12000.0,False,6116.0,,193884.0,True,16000.0,,184000.0,True,0.09375590085983276,-0.012510868720710278,4.458427429199219e-05,-0.0032277114851750805,0.015589764498259244,233.2653350830078,0.020676642478848012,-0.011163897869296191,-0.01420832685732262,0.12648393213748932,0.7196251749992371,0.009815692901611328,0.24156108697777556,1.0726255456408618,319.35260009765625,0.05415928276170817,0.9676040193976405,0.30385029052138457,0.0,1612.0,5520.0,15395.0
ntk_N800_a0.5_wd0.0003_s0,0.5,800,0.0003,0,400.0,7.499999999999999e-07,ok,,,200000,200000,307,149.15977120399475,21.285200834274292,1,a32604fecc91de55d340ab4799441a26f2677242,False,3.0953745522310783e-07,234.78900146484375,226.68751525878906,0.9654946093917957,0.15795671939849854,0.08859331529586062,0.0801110789179802,0.01347362995147705,1.0,1.0,0.005593918263912201,0.011790350079536438,0.09363151341676712,0.020794046840994396,0.15836502611637115,164000,True,207.0,187.0,6116.0,6000.0,5909.0,False,6776.0,6116.0,6569.0,False,6776.0,6116.0,6569.0,False,2983.0,6776.0,3793.0,False,5000.0,8319.0,3319.0,False,7508.0,,192492.0,True,,,,True,,,,True,0.09368842840194702,-0.10779112577438354,0.00015735626220703125,0.00406438197167726,0.10354906553745667,221.98681640625,0.021002673782804647,-0.1036633737510663,-0.11268074081504367,0.13854822516441345,0.0027921521104872227,0.011800050735473633,0.30179557472754365,0.15385982921634772,217.04344177246094,0.06866073709969679,0.28129566456065386,-0.45850884442102385,0.0,1786.0,4496.0,7000.0
ntk_N800_a0.5_wd0.0003_s1,0.5,800,0.0003,1,400.0,7.499999999999999e-07,ok,,,200000,200000,307,147.17107105255127,21.034494161605835,1,a32604fecc91de55d340ab4799441a26f2677242,False,3.027471962013806e-07,235.95555114746094,226.53515625,0.9600755529944127,0.15855742990970612,0.08778787367843782,0.050971876829862595,0.014391303062438965,1.0,1.0,0.00560196815058589,0.011659751646220684,0.09310635179281235,0.020338137765431516,0.15928076207637787,174000,True,640.0,578.0,6776.0,6116.0,6136.0,False,6776.0,6116.0,6136.0,False,6776.0,6116.0,6136.0,False,2983.0,6776.0,3793.0,False,5520.0,9000.0,3480.0,False,8000.0,,192000.0,True,,,,True,,,,True,0.09426752477884293,-0.28291213512420654,0.000832676887512207,0.030487469438571196,0.24894853345391643,202.9629364013672,0.021788899908479632,-0.2561202273019616,-0.315726688238234,0.13793863356113434,-0.04264683648943901,0.012774109840393066,0.2901156492652156,0.16193899056863453,215.4752197265625,0.06693587156290531,0.23259503325693742,-0.49842716315045976,0.0,1786.0,4496.0,7508.0
ntk_N800_a0.5_wd0.0003_s2,0.5,800,0.0003,2,400.0,7.499999999999999e-07,ok,,,200000,200000,307,146.33330702781677,20.740471839904785,1,a32604fecc91de55d340ab4799441a26f2677242,False,3.1091454388842976e-07,234.07850646972656,226.72564697265625,0.9685880621507585,0.15756885707378387,0.08775744522171405,0.07718324661254883,0.014307022094726562,1.0,1.0,0.005599981639534235,0.011508812196552753,0.09289082139730453,0.020478002477207206,0.15773993730545044,156000,True,578.0,522.0,6116.0,6000.0,5538.0,False,6776.0,6116.0,6198.0,False,6776.0,6116.0,6198.0,False,2983.0,6776.0,3793.0,False,5520.0,8319.0,2799.0,False,7508.0,,192492.0,True,,,,True,,,,True,0.09402888268232346,-0.2569372355937958,0.0007022619247436523,0.03224935182744978,0.22897066086931495,204.0401611328125,0.021763154533178806,-0.23277857047866166,-0.28580518345731104,0.1394275724887848,-0.02074572443962097,0.012624025344848633,0.30250329295257616,0.1585991906139017,216.75656127929688,0.06876413267080002,0.2684123357252278,-0.49390131937721554,0.0,1786.0,4496.0,7508.0
ntk_N800_a0.5_wd0.0003_s3,0.5,800,0.0003,3,400.0,7.499999999999999e-07,ok,,,200000,200000,307,151.52330088615417,21.46331286430359,1,a32604fecc91de55d340ab4799441a26f2677242,False,3.186481194461521e-07,234.3752899169922,227.1083221435547,0.9689943091867269,0.15717121958732605,0.08718748431281242,0.06888213008642197,0.014197945594787598,1.0,1.0,0.005565966479480267,0.011812752112746239,0.09247861057519913,0.02014054130192231,0.15860548615455627,159000,True,522.0,471.0,6000.0,5520.0,5478.0,False,6776.0,6116.0,6254.0,False,6776.0,6116.0,6254.0,False,2983.0,6776.0,3793.0,False,5520.0,8319.0,2799.0,False,7508.0,,192492.0,True,,,,True,,,,True,0.09364823997020721,-0.23716208338737488,0.0006017684936523438,0.03547305507898351,0.21337467556324147,206.7583770751953,0.021294660310075292,-0.21591818764547957,-0.2621072240977465,0.13849389553070068,-0.02481185272336006,0.012769639492034912,0.2975428020204237,0.15973564188443312,217.2889404296875,0.06794872250934605,0.2655741647095517,-0.5023477757053549,0.0,1786.0,4496.0,7508.0
ntk_N800_a0.5_wd0.0003_s4,0.5,800,0.0003,4,400.0,7.499999999999999e-07,ok,,,200000,200000,307,150.40150666236877,21.333789348602295,1,a32604fecc91de55d340ab4799441a26f2677242,False,3.0195641897989844e-07,234.9948272705078,226.94140625,0.9657293689650567,0.1579766869544983,0.08800297278418256,0.06999625265598297,0.014171242713928223,1.0,1.0,0.005593001842498779,0.011727501638233662,0.09379050135612488,0.02065578513615863,0.15845780074596405,74000,True,871.0,786.0,6000.0,5520.0,5129.0,False,6000.0,5520.0,5129.0,False,6000.0,5520.0,5129.0,False,2692.0,6116.0,3424.0,False,4981.0,8319.0,3338.0,False,7508.0,,192492.0,True,,,,True,,,,True,0.0959429144859314,-0.34106796979904175,0.0013450384140014648,0.04414178945046551,0.2922799315769879,195.0663299560547,0.023334427255835566,-0.2952295895690336,-0.3999831973600902,0.13596247136592865,-0.07754573225975037,0.01199948787689209,0.28156656775622635,0.16666402805549999,210.83778381347656,0.06485164652924823,0.18785928576783886,-0.5237763257146699,0.0,1786.0,4496.0,6776.0
ntk_N800_a0.5_wd0.001_s0,0.5,800,0.001,0,400.0,2.5e-06,ok,,,200000,200000,307,149.31528401374817,20.917232990264893,1,a32604fecc91de55d340ab4799441a26f2677242,False,5.262082254375855e-07,234.78900146484375,56.734649658203125,0.24164100236483316,0.10055747628211975,0.0385438898413016,-2.2857859134674072,0.04338967800140381,0.11764705926179886,0.03773584961891174,0.041105709969997406,0.04560604318976402,0.09363151341676712,0.020794046840994396,0.10098720341920853,173000,False,,,,,,True,,,,True,,,,True,,,,True,,,,True,,,,True,,,,True,,,,True,,,,,,,,,,,,,,,,,,,0.0,126000.0,,
ntk_N800_a0.5_wd0.001_s1,0.5,800,0.001,1,400.0,2.5e-06,ok,,,200000,200000,307,150.96904492378235,21.370385885238647,1,a32604fecc91de55d340ab4799441a26f2677242,False,4.81127187867969e-07,235.95555114746094,60.60423278808594,0.25684597159662154,0.10436420142650604,0.040994507332844196,-2.215026617050171,0.045662641525268555,0.14705882966518402,0.03773584961891174,0.040640197694301605,0.045477159321308136,0.09310635179281235,0.020338137765431516,0.10436420142650604,200000,False,,,,,,True,,,,True,,,,True,,,,True,,,,True,,,,True,,,,True,,,,True,,,,,,,,,,,,,,,,,,,0.0,54000.0,,
ntk_N800_a0.5_wd0.001_s2,0.5,800,0.001,2,400.0,2.5e-06,ok,,,200000,200000,307,154.69357991218567,21.611964225769043,1,a32604fecc91de55d340ab4799441a26f2677242,False,4.980280436939211e-07,234.07850646972656,57.6776008605957,0.24640280618013582,0.10210148245096207,0.03950509843776252,-2.267714500427246,0.050156474113464355,0.1239495798945427,0.03773584961891174,0.04107624664902687,0.04437066242098808,0.09289082139730453,0.020478002477207206,0.102353535592556,195000,False,,,,,,True,,,,True,,,,True,,,,True,,,,True,,,,True,,,,True,,,,True,,,,,,,,,,,,,,,,,,,0.0,66000.0,,
ntk_N800_a0.5_wd0.001_s3,0.5,800,0.001,3,400.0,2.5e-06,ok,,,200000,200000,307,135.1658492088318,19.99450421333313,1,a32604fecc91de55d340ab4799441a26f2677242,False,5.01801935115509e-07,234.3752899169922,61.24674987792969,0.2613191428994977,0.0944715142250061,0.03249230256506398,-2.1017210483551025,0.043518662452697754,0.11974789947271347,0.03773584961891174,0.040975846350193024,0.04556187614798546,0.09247861057519913,0.02014054130192231,0.09472117573022842,193000,False,,,,,,True,,,,True,,,,True,,,,True,,,,True,,,,True,,,,True,,,,True,,,,,,,,,,,,,,,,,,,0.0,,,
ntk_N800_a0.5_wd0.001_s4,0.5,800,0.001,4,400.0,2.5e-06,ok,,,200000,200000,307,119.72658681869507,18.237977266311646,1,a32604fecc91de55d340ab4799441a26f2677242,False,4.932363140142115e-07,234.9948272705078,59.29533386230469,0.25232612373228325,0.0965086966753006,0.035011597548128756,-2.187387228012085,0.047914981842041016,0.1260504275560379,0.0,0.041057005524635315,0.04520445317029953,0.09379050135612488,0.02065578513615863,0.09678280353546143,188000,False,,,,,,True,,,,True,,,,True,,,,True,,,,True,,,,True,,,,True,,,,True,,,,,,,,,,,,,,,,,,,0.0,,,
ntk_N800_a0.5_wd0.003_s0,0.5,800,0.003,0,400.0,7.5e-06,ok,,,200000,200000,307,95.88349986076355,12.936864137649536,1,a32604fecc91de55d340ab4799441a26f2677242,False,4.105059758785501e-07,234.78900146484375,19.6868839263916,0.08384925956312067,0.058637503534555435,3.5209465551466756e-17,-4.1009297370910645,0.02412712574005127,0.05042016878724098,0.03773584961891174,0.04537723585963249,0.04705214872956276,0.09363151341676712,0.020794046840994396,0.09363151341676712,0,False,,,,,,True,,,,True,,,,True,,,,True,,,,True,,,,True,,,,True,,,,True,,,,,,,,,,,,,,,,,,,0.0,,,
ntk_N800_a0.5_wd0.003_s1,0.5,800,0.003,1,400.0,7.5e-06,ok,,,200000,200000,307,101.2561559677124,12.754467248916626,1,a32604fecc91de55d340ab4799441a26f2677242,False,4.29201719498451e-07,235.95555114746094,20.055824279785156,0.08499831507355055,0.058243364095687866,6.88197328985174e-17,-4.088526725769043,0.026061296463012695,0.042016807943582535,0.07547169923782349,0.045665301382541656,0.04707597568631172,0.09310635179281235,0.020338137765431516,0.09311404079198837,4,False,,,,,,True,,,,True,,,,True,,,,True,,,,True,,,,True,,,,True,,,,True,,,,,,,,,,,,,,,,,,,0.0,,,
ntk_N800_a0.5_wd0.003_s2,0.5,800,0.003,2,400.0,7.5e-06,ok,,,200000,200000,307,97.31464719772339,12.689745426177979,1,a32604fecc91de55d340ab4799441a26f2677242,False,4.2182301740467665e-07,234.07850646972656,18.688282012939453,0.07983766769016194,0.05808873847126961,6.346648467187022e-17,-4.206523895263672,0.028258562088012695,0.04411764815449715,0.056603774428367615,0.04565742611885071,0.04566463455557823,0.09289082139730453,0.020478002477207206,0.09289082139730453,0,False,,,,,,True,,,,True,,,,True,,,,True,,,,True,,,,True,,,,True,,,,True,,,,,,,,,,,,,,,,,,,0.0,,,
ntk_N800_a0.5_wd0.003_s3,0.5,800,0.003,3,400.0,7.5e-06,ok,,,200000,200000,307,97.38889813423157,12.171088933944702,1,a32604fecc91de55d340ab4799441a26f2677242,False,4.261364381363819e-07,234.3752899169922,25.41943359375,0.1084561158420442,0.05818533897399902,5.1675786046090355e-17,-3.6215085983276367,0.02162313461303711,0.031512606889009476,0.03773584961891174,0.045781489461660385,0.04662889987230301,0.09247861057519913,0.02014054130192231,0.09247861057519913,0,False,,,,,,True,,,,True,,,,True,,,,True,,,,True,,,,True,,,,True,,,,True,,,,,,,,,,,,,,,,,,,0.0,,,
ntk_N800_a0.5_wd0.003_s4,0.5,800,0.003,4,400.0,7.5e-06,ok,,,200000,200000,307,97.04060006141663,12.306403636932373,1,a32604fecc91de55d340ab4799441a26f2677242,False,4.2653022092054016e-07,234.9948272705078,21.148160934448242,0.08999415510582333,0.05773080512881279,7.131339789523405e-17,-3.9776365756988525,0.022884607315063477,0.04621848836541176,0.03773584961891174,0.045807164162397385,0.046088673174381256,0.09379050135612488,0.02065578513615863,0.09379085153341293,1,False,,,,,,True,,,,True,,,,True,,,,True,,,,True,,,,True,,,,True,,,,True,,,,,,,,,,,,,,,,,,,0.0,,,
ntk_N800_a1_wd0_s0,1.0,800,0.0,0,100.0,0.0,ok,,,200000,200000,307,97.02327990531921,12.127522468566895,1,a32604fecc91de55d340ab4799441a26f2677242,False,3.1400040256812645e-07,234.78900146484375,338.70416259765625,1.442589561199579,0.10552665591239929,0.03225538819712255,0.798822820186615,0.004974365234375,1.0,0.0,4.2214073903146243e-10,0.052603982388973236,0.09363151341676712,0.020794046840994396,0.10557986050844193,28000,True,74.0,67.0,,,199926.0,True,,,199926.0,True,,,199926.0,True,1069.0,,198931.0,True,2430.0,,197570.0,True,4496.0,,195504.0,True,7508.0,,192492.0,True,10000.0,,190000.0,True,0.0936172679066658,0.0008318539476022124,1.2934207916259766e-05,-0.0026454144439328788,0.005061134500380345,234.84939575195312,0.020799536326752244,0.0011381481691852228,0.0005133669502911046,,,,,,,,,,0.0,4000.0,,
ntk_N800_a1_wd0_s1,1.0,800,0.0,1,100.0,0.0,ok,,,200000,200000,307,99.77499985694885,12.58155608177185,1,a32604fecc91de55d340ab4799441a26f2677242,False,3.16193592198033e-07,235.95555114746094,339.925048828125,1.4406317087055438,0.10562677681446075,0.03152481099105639,0.7797673344612122,0.005107462406158447,1.0,0.0,4.2959144574972186e-10,0.055075503885746,0.09310635179281235,0.020338137765431516,0.105666384100914,40000,True,91.0,82.0,,,199909.0,True,,,199909.0,True,,,199909.0,True,1069.0,,198931.0,True,2692.0,,197308.0,True,4496.0,,195504.0,True,7508.0,,192492.0,True,10214.0,,189786.0,True,0.09310134500265121,3.290122185717337e-05,1.627206802368164e-05,-0.0006079156228038804,0.005724946484299588,235.9842529296875,0.020345765901259645,0.0001966387362571377,-0.00016994793274111055,,,,,,,,,,0.0,4058.0,,
ntk_N800_a1_wd0_s2,1.0,800,0.0,2,100.0,0.0,ok,,,200000,200000,307,94.50879907608032,12.040789604187012,1,a32604fecc91de55d340ab4799441a26f2677242,False,3.1124855581765587e-07,234.07850646972656,338.1588439941406,1.4446385919583558,0.10548560321331024,0.032248133313783886,0.7904866337776184,0.004951417446136475,1.0,0.01886792480945587,4.4336576077164125e-10,0.05230708047747612,0.09289082139730453,0.020478002477207206,0.10551729798316956,35000,True,207.0,187.0,,,199793.0,True,,,199793.0,True,,,199793.0,True,1069.0,,198931.0,True,2692.0,,197308.0,True,4496.0,,195504.0,True,7508.0,,192492.0,True,10000.0,,190000.0,True,0.0929395854473114,0.003253288334235549,4.363059997558594e-05,0.005580397264870181,0.010101779704248184,234.37074279785156,0.02052154982738807,0.004034666878856771,0.0023285608255254786,,,,,,,,,,0.0,4496.0,,
ntk_N800_a1_wd0_s3,1.0,800,0.0,3,100.0,0.0,ok,,,200000,200000,307,96.43351984024048,12.384298086166382,1,a32604fecc91de55d340ab4799441a26f2677242,False,3.0839308351460204e-07,234.3752899169922,338.20831298828125,1.443020350430556,0.10535839945077896,0.03188454905721304,0.7769387364387512,0.004878878593444824,1.0,0.056603774428367615,4.4597756043707193e-10,0.05020010098814964,0.09247861057519913,0.02014054130192231,0.10540684312582016,18900,True,91.0,82.0,,,199909.0,True,,,199909.0,True,,,199909.0,True,1069.0,,198931.0,True,2430.0,,197570.0,True,4496.0,,195504.0,True,7508.0,,192492.0,True,10000.0,,190000.0,True,0.09248801320791245,0.0017284705536440015,1.537799835205078e-05,0.0019651752720493145,0.005857283173471894,234.49761962890625,0.020147558033881477,0.0022885137603636616,0.0010898197373511154,,,,,,,,,,0.0,4058.0,,
ntk_N800_a1_wd0_s4,1.0,800,0.0,4,100.0,0.0,ok,,,200000,200000,307,99.37687087059021,12.781796932220459,1,a32604fecc91de55d340ab4799441a26f2677242,False,3.14647252253053e-07,234.9948272705078,337.1095275878906,1.4345402045800622,0.10578490793704987,0.03236855892290785,0.7786405682563782,0.0052253007888793945,1.0,0.01886792480945587,4.614425508364661e-10,0.0538715124130249,0.09379050135612488,0.02065578513615863,0.10587702691555023,20000,True,124.0,112.0,,,199876.0,True,,,199876.0,True,,,199876.0,True,1069.0,,198931.0,True,2430.0,,197570.0,True,4496.0,,195504.0,True,7508.0,,192492.0,True,10000.0,,190000.0,True,0.0937788262963295,0.0020428281277418137,2.491474151611328e-05,-0.001327824352504541,0.007352512995794504,235.15444946289062,0.0206719411125073,0.0025754997025314178,0.0013471752906424397,,,,,,,,,,0.0,3662.0,,
ntk_N800_a1_wd3e-06_s0,1.0,800,3e-06,0,100.0,3.0000000000000004e-08,ok,,,200000,200000,307,94.70167088508606,11.340305089950562,1,a32604fecc91de55d340ab4799441a26f2677242,False,3.038813360944914e-07,234.78900146484375,286.9001770019531,1.221948963588536,0.11438890546560287,0.04107351994444143,0.5084308981895447,0.0069869160652160645,1.0,0.5849056839942932,8.335661732417066e-06,0.034707024693489075,0.09363151341676712,0.020794046840994396,0.11438890546560287,200000,True,74.0,67.0,,,199926.0,True,,,199926.0,True,,,199926.0,True,1069.0,,198931.0,True,2692.0,,197308.0,True,4496.0,,195504.0,True,7508.0,,192492.0,True,11000.0,,189000.0,True,0.09361686557531357,0.0004080893413629383,1.2576580047607422e-05,-0.002737806058550689,0.0050052485539595765,234.79754638671875,0.020799218306341773,0.0007257360200173834,7.497817672793175e-05,,,,,,,,,,0.0,4000.0,,
ntk_N800_a1_wd3e-06_s1,1.0,800,3e-06,1,100.0,3.0000000000000004e-08,ok,,,200000,200000,307,95.2980649471283,11.994530200958252,1,a32604fecc91de55d340ab4799441a26f2677242,False,3.0132702022456215e-07,235.95555114746094,289.0343933105469,1.224952716327128,0.11379018425941467,0.039725182370498595,0.496094286441803,0.007265985012054443,1.0,0.3962264060974121,8.557822184229735e-06,0.03823107108473778,0.09310635179281235,0.020338137765431516,0.11379018425941467,200000,True,91.0,82.0,,,199909.0,True,,,199909.0,True,,,199909.0,True,1069.0,,198931.0,True,2692.0,,197308.0,True,4981.0,,195019.0,True,8000.0,,192000.0,True,11000.0,,189000.0,True,0.09310095012187958,-0.0004884005174972117,1.531839370727539e-05,-0.0006881803268564427,0.005736543602114312,235.9204864501953,0.020345402017929705,-0.0003112668439505153,-0.0007066578239818704,,,,,,,,,,0.0,4058.0,,
ntk_N800_a1_wd3e-06_s2,1.0,800,3e-06,2,100.0,3.0000000000000004e-08,ok,,,200000,200000,307,102.32895588874817,12.572968244552612,1,a32604fecc91de55d340ab4799441a26f2677242,False,2.99722756835763e-07,234.07850646972656,287.04498291015625,1.2262765481515059,0.11423192918300629,0.0409659707564515,0.5017563104629517,0.007032036781311035,1.0,0.6603773832321167,8.336292921740096e-06,0.03511861711740494,0.09289082139730453,0.020478002477207206,0.11423192918300629,200000,True,207.0,187.0,,,199793.0,True,,,199793.0,True,,,199793.0,True,1069.0,,198931.0,True,2692.0,,197308.0,True,4496.0,,195504.0,True,7508.0,,192492.0,True,11000.0,,189000.0,True,0.0929417684674263,0.0021068297792226076,4.416704177856445e-05,0.005825565874399314,0.009768779918415358,234.22775268554688,0.020521509139025482,0.0029413924502922524,0.001121092257891549,,,,,,,,,,0.0,4058.0,,
ntk_N800_a1_wd3e-06_s3,1.0,800,3e-06,3,100.0,3.0000000000000004e-08,ok,,,200000,200000,307,102.09932971000671,12.031118869781494,1,a32604fecc91de55d340ab4799441a26f2677242,False,3.0119036864562077e-07,234.3752899169922,287.120361328125,1.225045359644412,0.11388853937387466,0.040425445713699826,0.4891578257083893,0.0072473883628845215,1.0,0.5660377144813538,8.401228114962578e-06,0.03446526825428009,0.09247861057519913,0.02014054130192231,0.11388853937387466,200000,True,91.0,82.0,,,199909.0,True,,,199909.0,True,,,199909.0,True,1069.0,,198931.0,True,2692.0,,197308.0,True,4496.0,,195504.0,True,7508.0,,192492.0,True,11000.0,,189000.0,True,0.09248872101306915,0.0011866202112287283,1.4543533325195312e-05,0.0020804041652005534,0.005713560175626577,234.43435668945312,0.020148305458200153,0.0017442746267189487,0.0005536525702337749,,,,,,,,,,0.0,4058.0,,
ntk_N800_a1_wd3e-06_s4,1.0,800,3e-06,4,100.0,3.0000000000000004e-08,ok,,,200000,200000,307,98.09528493881226,11.848668813705444,1,a32604fecc91de55d340ab4799441a26f2677242,False,3.0195641897989844e-07,234.9948272705078,285.4324951171875,1.214633098236753,0.11471673846244812,0.041396439590716504,0.48439058661460876,0.007610440254211426,1.0,0.5471698045730591,8.189117579604499e-06,0.034653909504413605,0.09379050135612488,0.02065578513615863,0.11471673846244812,200000,True,124.0,112.0,,,199876.0,True,,,199876.0,True,,,199876.0,True,1069.0,,198931.0,True,2430.0,,197570.0,True,4496.0,,195504.0,True,7508.0,,192492.0,True,10214.0,,189786.0,True,0.09377694875001907,0.0013375869020819664,2.4139881134033203e-05,-0.001611160667508731,0.007170332449642254,235.06822204589844,0.020672299418207238,0.0018878373012991233,0.0006182541461710466,,,,,,,,,,0.0,3662.0,,
ntk_N800_a1_wd1e-05_s0,1.0,800,1e-05,0,100.0,1.0000000000000001e-07,ok,,,200000,200000,307,96.71250486373901,12.26347541809082,1,a32604fecc91de55d340ab4799441a26f2677242,False,3.3527001619404473e-07,234.78900146484375,236.72662353515625,1.00825261003805,0.131521075963974,0.059374952922965685,0.16278421878814697,0.01018679141998291,1.0,1.0,7.308920612558722e-05,0.01187774445861578,0.09363151341676712,0.020794046840994396,0.1315491795539856,199000,True,74.0,67.0,82000.0,81000.0,81926.0,False,87000.0,86000.0,86926.0,False,87000.0,86000.0,86926.0,False,1069.0,78000.0,76931.0,False,2692.0,125000.0,122308.0,False,4981.0,,195019.0,True,8000.0,,192000.0,True,11317.0,,188683.0,True,0.093617282807827,-0.0006101204198785126,1.2636184692382812e-05,-0.002649529472147138,0.005024809602578488,234.6769256591797,0.020799258441932117,-0.0002871470477660067,-0.0009480747571572104,0.11868178844451904,0.38340866565704346,0.007782042026519775,0.20795090853035483,0.49110810859036547,268.0135192871094,0.04566446601266218,0.6361232921959339,-0.03487159493915044,0.0,3662.0,96000.0,
ntk_N800_a1_wd1e-05_s1,1.0,800,1e-05,1,100.0,1.0000000000000001e-07,ok,,,200000,200000,307,95.064945936203,11.411032915115356,1,a32604fecc91de55d340ab4799441a26f2677242,False,3.270618549322535e-07,235.95555114746094,238.4702606201172,1.0106575558846873,0.1305515617132187,0.05766598403925805,0.1503465324640274,0.010417938232421875,1.0,1.0,7.438397005898878e-05,0.013190836645662785,0.09310635179281235,0.020338137765431516,0.1305515617132187,200000,True,82.0,74.0,103000.0,102000.0,102918.0,False,117000.0,116000.0,116918.0,False,117000.0,116000.0,116918.0,False,1185.0,91000.0,89815.0,False,2692.0,140000.0,137308.0,False,4981.0,,195019.0,True,8319.0,,191681.0,True,12000.0,,188000.0,True,0.0931059867143631,-0.0016587417339906096,1.3113021850585938e-05,0.00016720787265061076,0.005584065225186637,235.7846221923828,0.02034218005931749,-0.0015241908726551015,-0.0018153031454525906,0.12185090780258179,0.29437723755836487,0.008707642555236816,0.2254288647823529,0.3748850610493728,258.4110107421875,0.048384135435939925,0.5578744176444076,-0.1507183928104843,0.0,4000.0,103000.0,
ntk_N800_a1_wd1e-05_s2,1.0,800,1e-05,2,100.0,1.0000000000000001e-07,ok,,,200000,200000,307,94.19763708114624,11.30932068824768,1,a32604fecc91de55d340ab4799441a26f2677242,False,3.259174832237477e-07,234.07850646972656,237.93846130371094,1.0164900011205582,0.13098567724227905,0.058527979254359236,0.16108253598213196,0.010243475437164307,1.0,1.0,7.339399599004537e-05,0.011827307753264904,0.09289082139730453,0.020478002477207206,0.13098567724227905,200000,True,207.0,187.0,105000.0,104000.0,104793.0,False,122000.0,121000.0,121793.0,False,122000.0,121000.0,121793.0,False,1185.0,80000.0,78815.0,False,2692.0,127000.0,124308.0,False,4981.0,,195019.0,True,8000.0,,192000.0,True,11317.0,,188683.0,True,0.09294183552265167,-0.0008012881735339761,4.4465065002441406e-05,0.005803190964551726,0.009610188189038853,233.8944854736328,0.02052263811135814,-4.265423001122136e-05,-0.0016967341739619606,0.1230209693312645,0.29091528058052063,0.008785426616668701,0.2349796664386813,0.37082810116345305,255.6514434814453,0.05007287137894777,0.5691832196684883,-0.17152372085452994,0.0,4000.0,99000.0,
ntk_N800_a1_wd1e-05_s3,1.0,800,1e-05,3,100.0,1.0000000000000001e-07,ok,,,200000,200000,307,96.67276692390442,12.062019348144531,1,a32604fecc91de55d340ab4799441a26f2677242,False,3.2942170946625993e-07,234.3752899169922,237.61248779296875,1.0138120271856434,0.13087353110313416,0.05822669981165439,0.14749978482723236,0.01089102029800415,1.0,1.0,7.439990440616384e-05,0.01215425319969654,0.09247861057519913,0.02014054130192231,0.13087353110313416,200000,True,91.0,82.0,83000.0,82000.0,82909.0,False,97000.0,96000.0,96909.0,False,97000.0,96000.0,96909.0,False,1069.0,78000.0,76931.0,False,2692.0,128000.0,125308.0,False,4981.0,,195019.0,True,8000.0,,192000.0,True,11317.0,,188683.0,True,0.09249001741409302,-8.964940207079053e-05,1.5616416931152344e-05,0.0023165811936566778,0.005619577833280197,234.28663635253906,0.020148552447666862,0.0004479244958904789,-0.000697404931415591,0.11937598884105682,0.3407008945941925,0.008463382720947266,0.2141275770470046,0.43425522576487985,264.4766845703125,0.0462160291371915,0.6089633390349148,-0.10090328759437098,0.0,4000.0,102000.0,
ntk_N800_a1_wd1e-05_s4,1.0,800,1e-05,4,100.0,1.0000000000000001e-07,ok,,,200000,200000,307,97.76625919342041,12.129149436950684,1,a32604fecc91de55d340ab4799441a26f2677242,False,3.2764222623882233e-07,234.9948272705078,236.5764617919922,1.0067305078152369,0.131780207157135,0.05907700934596005,0.14911001920700073,0.01068645715713501,1.0,1.0,7.377498695859686e-05,0.011594227515161037,0.09379050135612488,0.02065578513615863,0.131780207157135,200000,True,112.0,101.0,87000.0,86000.0,86888.0,False,114000.0,113000.0,113888.0,False,114000.0,113000.0,113888.0,False,1069.0,76000.0,74931.0,False,2692.0,123000.0,120308.0,False,4981.0,,195019.0,True,8000.0,,192000.0,True,11000.0,,189000.0,True,0.09378281235694885,-0.0005221538012847304,2.09808349609375e-05,-0.0008727243643190701,0.006595804723232105,234.87509155273438,0.020666728880148026,-0.00019239462221611793,-0.0009645423468969549,0.12282329052686691,0.2914389669895172,0.009053409099578857,0.22356414340925473,0.3724433914077923,256.29150390625,0.049762655506453424,0.5452469684229272,-0.13999369339242612,0.0,3662.0,93000.0,
ntk_N800_a1_wd3e-05_s0,1.0,800,3e-05,0,100.0,3e-07,ok,,,200000,200000,307,100.27949905395508,11.263635873794556,1,a32604fecc91de55d340ab4799441a26f2677242,False,3.097161425102968e-07,234.78900146484375,207.03001403808594,0.8817704949824308,0.14664284884929657,0.07569697008016166,-0.08881881088018417,0.01291191577911377,1.0,1.0,0.0005419732769951224,0.006387518718838692,0.09363151341676712,0.020794046840994396,0.14705288410186768,198000,True,82.0,74.0,30000.0,29000.0,29918.0,False,31000.0,30000.0,30918.0,False,31000.0,30000.0,30918.0,False,1185.0,28000.0,26815.0,False,2983.0,42937.0,39954.0,False,5520.0,80000.0,74480.0,False,10000.0,,190000.0,True,18000.0,,182000.0,True,0.09361950308084488,-0.003974218387156725,1.4483928680419922e-05,-0.0020587233463041535,0.006575864279807148,234.28536987304688,0.02080239041618212,-0.0036628265173684177,-0.004298032738436132,0.12033933401107788,0.26909101009368896,0.007957637310028076,0.21900596687596158,0.3408410081172426,253.0023193359375,0.04760135568933453,0.5214022414843894,-0.14728258816855264,0.0,3662.0,31000.0,95000.0
ntk_N800_a1_wd3e-05_s1,1.0,800,3e-05,1,100.0,3e-07,ok,,,200000,200000,307,102.77160501480103,12.269309282302856,1,a32604fecc91de55d340ab4799441a26f2677242,False,3.1492754715145566e-07,235.95555114746094,207.96690368652344,0.8813816953030873,0.1457320749759674,0.07409147415562395,-0.10679493099451065,0.01333993673324585,1.0,1.0,0.0005477386293932796,0.006621028296649456,0.09310635179281235,0.020338137765431516,0.1457320749759674,200000,True,74.0,67.0,36000.0,35000.0,35926.0,False,40000.0,39000.0,39926.0,False,40000.0,39000.0,39926.0,False,1185.0,31564.0,30379.0,False,2983.0,48000.0,45017.0,False,5520.0,88000.0,82480.0,False,10000.0,,190000.0,True,18000.0,,182000.0,True,0.09310482442378998,-0.004469653125852346,1.2636184692382812e-05,-5.855569727403899e-05,0.00669913999170135,235.45114135742188,0.020340373261784186,-0.0043587587697871,-0.004598952799844101,0.12315461039543152,0.19097569584846497,0.008976101875305176,0.2320335187922646,0.2569236960360531,244.72525024414062,0.05010025714809548,0.4538175525904793,-0.2515022157694739,0.0,4000.0,33000.0,103000.0
ntk_N800_a1_wd3e-05_s2,1.0,800,3e-05,2,100.0,3e-07,ok,,,200000,200000,307,97.56359386444092,12.34933876991272,1,a32604fecc91de55d340ab4799441a26f2677242,False,3.043150513803994e-07,234.07850646972656,207.84161376953125,0.887914131477131,0.14661839604377747,0.07495163002085668,-0.09301558136940002,0.012783288955688477,1.0,1.0,0.0005426135612651706,0.006059142295271158,0.09289082139730453,0.020478002477207206,0.14663943648338318,197000,True,207.0,187.0,33000.0,32000.0,32793.0,False,42937.0,42000.0,42730.0,False,42937.0,42000.0,42730.0,False,1185.0,28000.0,26815.0,False,2983.0,44000.0,41017.0,False,5520.0,79453.0,73933.0,False,10000.0,,190000.0,True,18000.0,,182000.0,True,0.09293433278799057,-0.008623422123491764,4.45246696472168e-05,0.005021339069690373,0.012831289567773713,232.94485473632812,0.020518638408183867,-0.007678615656403751,-0.009745627166421708,0.1254270374774933,0.17574219405651093,0.00913935899734497,0.2485520126191144,0.2422997934406916,241.1269989013672,0.052719579452776985,0.45509943215126375,-0.2879685412256461,0.0,4000.0,31564.0,97545.0
ntk_N800_a1_wd3e-05_s3,1.0,800,3e-05,3,100.0,3e-07,ok,,,200000,200000,307,93.77394509315491,11.30397915840149,1,a32604fecc91de55d340ab4799441a26f2677242,False,3.104815107235481e-07,234.3752899169922,207.74351501464844,0.8863712343064158,0.1465400606393814,0.07465136456517263,-0.11008655279874802,0.01375436782836914,1.0,1.0,0.0005413166945800185,0.006191059947013855,0.09247861057519913,0.02014054130192231,0.146712064743042,197000,True,82.0,74.0,29000.0,28487.0,28918.0,False,34000.0,33000.0,33918.0,False,34000.0,33000.0,33918.0,False,1185.0,28000.0,26815.0,False,2983.0,44000.0,41017.0,False,5520.0,82000.0,76480.0,False,10000.0,,190000.0,True,18000.0,,182000.0,True,0.09247719496488571,-0.0031199795193970203,1.2636184692382812e-05,-2.6967376030047145e-05,0.00605624943770692,233.91639709472656,0.02014202571683216,-0.0025321326460605973,-0.0038005460737321,0.12087919563055038,0.23107197880744934,0.00860440731048584,0.22399649111986858,0.29876001936761043,249.99545288085938,0.04801940576848941,0.5002233356656345,-0.21199069645224464,0.0,4000.0,32000.0,97000.0
ntk_N800_a1_wd3e-05_s4,1.0,800,3e-05,4,100.0,3e-07,ok,,,200000,200000,307,95.34780311584473,11.601699113845825,1,a32604fecc91de55d340ab4799441a26f2677242,False,3.132594486032758e-07,234.9948272705078,207.7787628173828,0.884184410485785,0.14633673429489136,0.07446032791583354,-0.0925690308213234,0.013371407985687256,1.0,1.0,0.0005443117115646601,0.006396533455699682,0.09379050135612488,0.02065578513615863,0.14643973112106323,196000,True,101.0,91.0,29000.0,28487.0,28899.0,False,40000.0,39000.0,39899.0,False,40000.0,39000.0,39899.0,False,1185.0,27000.0,25815.0,False,2983.0,42000.0,39017.0,False,5520.0,79453.0,73933.0,False,10000.0,,190000.0,True,17000.0,,183000.0,True,0.09377580136060715,-0.00447468226775527,1.8596649169921875e-05,-0.002125216820113434,0.007570446551350197,234.41488647460938,0.020664366574359553,-0.0042347234407766115,-0.004817092708424332,0.12491074949502945,0.18101242184638977,0.00933915376663208,0.23570379028679747,0.24851386231112058,241.80081176757812,0.05226054044131068,0.43629577473122566,-0.2524304514092251,0.0,3662.0,30000.0,93000.0
ntk_N800_a1_wd0.0001_s0,1.0,800,0.0001,0,100.0,1e-06,ok,,,200000,200000,307,99.55167484283447,12.50430417060852,1,a32604fecc91de55d340ab4799441a26f2677242,False,3.2480494382980396e-07,234.78900146484375,179.21885681152344,0.7633187913121172,0.15303300321102142,0.08267156947579668,-0.3539457321166992,0.013540387153625488,1.0,1.0,0.0033487204927951097,0.009442957118153572,0.09363151341676712,0.020794046840994396,0.15372492372989655,195000,True,124.0,112.0,15000.0,14000.0,14876.0,False,17000.0,16000.0,16876.0,False,17000.0,16000.0,16876.0,False,1455.0,15000.0,13545.0,False,4981.0,20000.0,15019.0,False,11000.0,56000.0,45000.0,False,,,,True,,,,True,0.09363171458244324,-0.02304280363023281,2.4557113647460938e-05,0.00035212612660149087,0.023757273218096616,232.0514373779297,0.020817414997914552,-0.022628119409113318,-0.023495850628161535,0.129845529794693,-0.18327318131923676,0.009740114212036133,0.267830498857481,0.21038062008476122,198.50514221191406,0.05833434169167945,0.08889366101585557,-0.6392810692438807,0.0,3662.0,12000.0,26000.0
ntk_N800_a1_wd0.0001_s1,1.0,800,0.0001,1,100.0,1e-06,ok,,,200000,200000,307,98.04464483261108,12.699307203292847,1,a32604fecc91de55d340ab4799441a26f2677242,False,3.2806843819344067e-07,235.95555114746094,179.3466033935547,0.7600863913622089,0.15231075882911682,0.08179583659888437,-0.38058993220329285,0.013965368270874023,1.0,1.0,0.003411601297557354,0.009344503283500671,0.09310635179281235,0.020338137765431516,0.15288591384887695,184000,True,230.0,207.0,17000.0,16000.0,16770.0,False,18900.0,18000.0,18670.0,False,18900.0,18000.0,18670.0,False,1455.0,15395.0,13940.0,False,4981.0,22000.0,17019.0,False,11000.0,61000.0,50000.0,False,,,,True,,,,True,0.09310892224311829,-0.04199828580021858,5.7816505432128906e-05,0.0007444146860987214,0.04246330577154243,230.9574737548828,0.020386225071992153,-0.04077731071054557,-0.043440554424060446,0.13156402111053467,-0.221446692943573,0.010750114917755127,0.2710045794474745,0.23809318972993307,197.1608428955078,0.05940944935472235,0.04957624778061831,-0.6753850097916821,0.0,4000.0,12539.0,28487.0
ntk_N800_a1_wd0.0001_s2,1.0,800,0.0001,2,100.0,1e-06,ok,,,200000,200000,307,97.0113377571106,11.885554075241089,1,a32604fecc91de55d340ab4799441a26f2677242,False,3.222523048407311e-07,234.07850646972656,179.56155395507812,0.7670997079704149,0.15235979855060577,0.08218711386849341,-0.3577817380428314,0.014004230499267578,1.0,1.0,0.0033730564173310995,0.008689875714480877,0.09289082139730453,0.020478002477207206,0.15290965139865875,132000,True,207.0,187.0,16000.0,15395.0,15793.0,False,17000.0,16000.0,16793.0,False,17000.0,16000.0,16793.0,False,1455.0,14000.0,12545.0,False,4981.0,20000.0,15019.0,False,11000.0,47000.0,36000.0,False,,,,True,,,,True,0.09292528033256531,-0.03679273650050163,4.553794860839844e-05,0.004057539237600417,0.03734294344005504,229.6515655517578,0.020515740836623143,-0.0358633574572601,-0.03790888986703144,0.12985089421272278,-0.19461902976036072,0.010317564010620117,0.2657819744280915,0.2196930791184326,198.8011932373047,0.058073016554093936,0.08967533057641258,-0.6652768676971239,0.0,3662.0,12000.0,27000.0
ntk_N800_a1_wd0.0001_s3,1.0,800,0.0001,3,100.0,1e-06,ok,,,200000,200000,307,97.42834496498108,11.887678384780884,1,a32604fecc91de55d340ab4799441a26f2677242,False,3.275438587024837e-07,234.3752899169922,179.8577117919922,0.767391954397973,0.15176348388195038,0.08118988327781458,-0.36301979422569275,0.014240264892578125,1.0,1.0,0.0033252364955842495,0.009240624494850636,0.09247861057519913,0.02014054130192231,0.15246900916099548,191000,True,112.0,101.0,15000.0,14000.0,14888.0,False,15395.0,15000.0,15283.0,False,15395.0,15000.0,15283.0,False,1455.0,15000.0,13545.0,False,4981.0,20941.0,15960.0,False,11000.0,55000.0,44000.0,False,,,,True,,,,True,0.09249626100063324,-0.019831504672765732,1.9431114196777344e-05,0.003082170773531065,0.02062660006872766,231.9467010498047,0.02015217952221337,-0.01907140750327148,-0.020698007463794715,0.12643586099147797,-0.19078046083450317,0.009842395782470703,0.25018936620293697,0.21548704994353754,200.48533630371094,0.05443295790795363,0.08961442724031723,-0.6553384082134704,0.0,3662.0,12539.0,28000.0
ntk_N800_a1_wd0.0001_s4,1.0,800,0.0001,4,100.0,1e-06,ok,,,200000,200000,307,97.03980898857117,12.42434024810791,1,a32604fecc91de55d340ab4799441a26f2677242,False,3.127688330550882e-07,234.9948272705078,179.73806762695312,0.7648596767623851,0.1518980711698532,0.08151159908528391,-0.35660725831985474,0.013661026954650879,1.0,1.0,0.003389000426977873,0.009428223595023155,0.09379050135612488,0.02065578513615863,0.1526513695716858,173000,True,124.0,112.0,15000.0,14000.0,14876.0,False,16000.0,15395.0,15876.0,False,16000.0,15395.0,15876.0,False,1455.0,13894.0,12439.0,False,4981.0,20000.0,15019.0,False,10000.0,61000.0,51000.0,False,,,,True,,,,True,0.09377603232860565,-0.022226914763450623,2.3484230041503906e-05,-0.0017534219111674481,0.02305277119371565,232.29122924804688,0.02066600754256145,-0.02166965086696749,-0.02295102406086747,0.1289706528186798,-0.18575519323349,0.010200917720794678,0.25476577921080473,0.21373307409029538,199.40586853027344,0.05719136940397842,0.07593763099858232,-0.6299318729258686,0.0,3662.0,11317.0,25710.0
ntk_N800_a1_wd0.0003_s0,1.0,800,0.0003,0,100.0,2.9999999999999997e-06,ok,,,200000,200000,307,95.35478401184082,12.055238008499146,1,a32604fecc91de55d340ab4799441a26f2677242,False,3.5117008678753336e-07,234.78900146484375,122.00077819824219,0.51961879575739,0.14121368527412415,0.07341108584641051,-1.0520610809326172,0.017044544219970703,1.0,0.8679245114326477,0.020157983526587486,0.030730487778782845,0.09363151341676712,0.020794046840994396,0.14160113036632538,153000,True,20000.0,19000.0,,,180000.0,True,,,180000.0,True,,,180000.0,True,16000.0,,184000.0,True,,,,True,,,,True,,,,True,,,,True,0.12827587127685547,-1.2311828136444092,0.01800704002380371,0.19315468515232645,0.7154388344477031,109.12646484375,0.06057943576120925,-0.9679481000158391,-1.612138405094538,,,,,,,,,,0.0,8000.0,16000.0,78000.0
ntk_N800_a1_wd0.0003_s1,1.0,800,0.0003,1,100.0,2.9999999999999997e-06,ok,,,200000,200000,307,94.2380919456482,11.257095098495483,1,a32604fecc91de55d340ab4799441a26f2677242,False,3.39647556302225e-07,235.95555114746094,122.74702453613281,0.5202124889167019,0.1403181105852127,0.0707335230553068,-1.0524709224700928,0.017684102058410645,1.0,0.849056601524353,0.020018989220261574,0.030502930283546448,0.09310635179281235,0.020338137765431516,0.14053930342197418,141000,True,22000.0,21000.0,,,178000.0,True,,,178000.0,True,,,178000.0,True,16000.0,,184000.0,True,,,,True,,,,True,,,,True,,,,True,0.12952971458435059,-1.1856005191802979,0.01752018928527832,0.2050788961036704,0.7021044037839352,112.9474105834961,0.06041058823838516,-0.9265701859027206,-1.5610135539263048,,,,,,,,,,0.0,9000.0,17000.0,118000.0
ntk_N800_a1_wd0.0003_s2,1.0,800,0.0003,2,100.0,2.9999999999999997e-06,ok,,,200000,200000,307,96.16134881973267,11.091214895248413,1,a32604fecc91de55d340ab4799441a26f2677242,False,3.4925568570542964e-07,234.07850646972656,122.54159545898438,0.5235063966662514,0.140135258436203,0.07205302788589193,-1.0421278476715088,0.018450617790222168,1.0,0.9056603908538818,0.020118217915296555,0.028987033292651176,0.09289082139730453,0.020478002477207206,0.14049281179904938,185000,True,23000.0,22000.0,,,177000.0,True,,,177000.0,True,,,177000.0,True,15395.0,50000.0,34605.0,False,,,,True,,,,True,,,,True,,,,True,0.13099415600299835,-1.1533910036087036,0.018217921257019043,0.21033708440449425,0.6927848074482067,114.19225311279297,0.06285368047976082,-0.8745882848396223,-1.5611402130973209,,,,,,,,,,0.0,8319.0,16000.0,172000.0
ntk_N800_a1_wd0.0003_s3,1.0,800,0.0003,3,100.0,2.9999999999999997e-06,ok,,,200000,200000,307,97.32900381088257,12.27697491645813,1,a32604fecc91de55d340ab4799441a26f2677242,False,3.754117869902984e-07,234.3752899169922,123.60536193847656,0.5273822252433412,0.1380956619977951,0.06999343792319865,-1.0277825593948364,0.017201483249664307,1.0,0.9245283007621765,0.01996585540473461,0.030343182384967804,0.09247861057519913,0.02014054130192231,0.13864046335220337,181000,True,25000.0,24000.0,,,175000.0,True,,,175000.0,True,,,175000.0,True,16000.0,,184000.0,True,166000.0,,34000.0,True,,,,True,,,,True,,,,True,0.1297776848077774,-1.1269361972808838,0.01817375421524048,0.20627642260787607,0.6846320004594747,116.10417938232422,0.061888380220680564,-0.8529893420913348,-1.5198578627841226,,,,,,,,,,0.0,9218.0,18000.0,
ntk_N800_a1_wd0.0003_s4,1.0,800,0.0003,4,100.0,2.9999999999999997e-06,ok,,,200000,200000,307,93.6571638584137,11.598788976669312,1,a32604fecc91de55d340ab4799441a26f2677242,False,3.5465157566250127e-07,234.9948272705078,122.98930358886719,0.5233702589005989,0.13883481919765472,0.07118690915717517,-1.039591908454895,0.01684093475341797,1.0,0.849056601524353,0.020112982019782066,0.030264580622315407,0.09379050135612488,0.02065578513615863,0.13935160636901855,167000,True,31000.0,30000.0,,,169000.0,True,,,169000.0,True,,,169000.0,True,15395.0,,184605.0,True,,,,True,,,,True,,,,True,,,,True,0.13411425054073334,-1.0760447978973389,0.01663219928741455,0.23162701313162945,0.6676073640294878,119.65504455566406,0.06634556868684663,-0.80962605846906,-1.487045026457381,,,,,,,,,,0.0,8319.0,16000.0,
ntk_N800_a1_wd0.001_s0,1.0,800,0.001,0,100.0,1e-05,ok,,,200000,200000,307,97.20442700386047,11.827550649642944,1,a32604fecc91de55d340ab4799441a26f2677242,False,3.7469470726136933e-07,234.78900146484375,31.106412887573242,0.13248666970556958,0.06129581481218338,0.004709191558809925,-3.01544189453125,0.11288762092590332,0.04621848836541176,0.03773584961891174,0.051379039883613586,0.05603061616420746,0.09363151341676712,0.020794046840994396,0.09363151341676712,0,False,,,,,,True,,,,True,,,,True,,,,True,,,,True,,,,True,,,,True,,,,True,,,,,,,,,,,,,,,,,,,0.0,,,
ntk_N800_a1_wd0.001_s1,1.0,800,0.001,1,100.0,1e-05,ok,,,200000,200000,307,98.86052298545837,12.380418539047241,1,a32604fecc91de55d340ab4799441a26f2677242,False,3.908041037448129e-07,235.95555114746094,35.544151306152344,0.15063918239388632,0.06046362593770027,0.004881374123415948,-2.7950496673583984,0.1047205924987793,0.03991596773266792,0.056603774428367615,0.05143773928284645,0.05529933422803879,0.09310635179281235,0.020338137765431516,0.09311380237340927,10,False,,,,,,True,,,,True,,,,True,,,,True,,,,True,,,,True,,,,True,,,,True,,,,,,,,,,,,,,,,,,,0.0,,,
ntk_N800_a1_wd0.001_s2,1.0,800,0.001,2,100.0,1e-05,ok,,,200000,200000,307,97.08675289154053,11.735448360443115,1,a32604fecc91de55d340ab4799441a26f2677242,False,3.9357931314043526e-07,234.07850646972656,33.10533905029297,0.1414283590132804,0.060854095965623856,0.004778807031900763,-2.888793468475342,0.12827706336975098,0.04621848836541176,0.056603774428367615,0.0515315905213356,0.05315503850579262,0.09289082139730453,0.020478002477207206,0.09289173781871796,1,False,,,,,,True,,,,True,,,,True,,,,True,,,,True,,,,True,,,,True,,,,True,,,,,,,,,,,,,,,,,,,0.0,,,
ntk_N800_a1_wd0.001_s3,1.0,800,0.001,3,100.0,1e-05,ok,,,200000,200000,307,101.18843698501587,12.621696710586548,1,a32604fecc91de55d340ab4799441a26f2677242,False,3.8766370380471926e-07,234.3752899169922,37.890464782714844,0.161665783095711,0.06051807105541229,0.003979574259062707,-2.638791084289551,0.0995715856552124,0.03781512752175331,0.07547169923782349,0.05124688521027565,0.055111292749643326,0.09247861057519913,0.02014054130192231,0.09248073399066925,4,False,,,,,,True,,,,True,,,,True,,,,True,,,,True,,,,True,,,,True,,,,True,,,,,,,,,,,,,,,,,,,0.0,,,
ntk_N800_a1_wd0.001_s4,1.0,800,0.001,4,100.0,1e-05,ok,,,200000,200000,307,96.39216089248657,12.211063861846924,1,a32604fecc91de55d340ab4799441a26f2677242,False,3.9476668689530925e-07,234.9948272705078,33.939361572265625,0.14442599425049157,0.059395257383584976,0.0050982557725183265,-2.8692140579223633,0.119956374168396,0.04831932857632637,0.01886792480945587,0.05167628452181816,0.05404118448495865,0.09379050135612488,0.02065578513615863,0.09379348903894424,1,False,,,,,,True,,,,True,,,,True,,,,True,,,,True,,,,True,,,,True,,,,True,,,,,,,,,,,,,,,,,,,0.0,,,
ntk_N800_a1_wd0.003_s0,1.0,800,0.003,0,100.0,3e-05,ok,,,200000,200000,307,94.59480118751526,11.566898584365845,1,a32604fecc91de55d340ab4799441a26f2677242,False,4.054376745443733e-07,234.78900146484375,13.720629692077637,0.05843812787854163,0.058091700077056885,3.079811796216636e-17,-4.8039069175720215,0.032909393310546875,0.04411764815449715,0.03773584961891174,0.05691038817167282,0.060323845595121384,0.09363151341676712,0.020794046840994396,0.09363151341676712,0,False,,,,,,True,,,,True,,,,True,,,,True,,,,True,,,,True,,,,True,,,,True,,,,,,,,,,,,,,,,,,,0.0,,,
ntk_N800_a1_wd0.003_s1,1.0,800,0.003,1,100.0,3e-05,ok,,,200000,200000,307,95.42096590995789,11.732412338256836,1,a32604fecc91de55d340ab4799441a26f2677242,False,4.334797552019154e-07,235.95555114746094,16.95874786376953,0.07187263779681591,0.05816061794757843,4.4628471924934576e-17,-4.414071559906006,0.02978670597076416,0.03781512752175331,0.07547169923782349,0.058373648673295975,0.061034854501485825,0.09310635179281235,0.020338137765431516,0.09311311691999435,10,False,,,,,,True,,,,True,,,,True,,,,True,,,,True,,,,True,,,,True,,,,True,,,,,,,,,,,,,,,,,,,0.0,,,
ntk_N800_a1_wd0.003_s2,1.0,800,0.003,2,100.0,3e-05,ok,,,200000,200000,307,95.65016603469849,11.653517246246338,1,a32604fecc91de55d340ab4799441a26f2677242,False,4.2319587123529345e-07,234.07850646972656,14.591071128845215,0.06233409187755682,0.058121614158153534,5.083552936241409e-17,-4.703442096710205,0.02808302640914917,0.04621848836541176,0.07547169923782349,0.05786626785993576,0.05820947512984276,0.09289082139730453,0.020478002477207206,0.09289173036813736,1,False,,,,,,True,,,,True,,,,True,,,,True,,,,True,,,,True,,,,True,,,,True,,,,,,,,,,,,,,,,,,,0.0,,,
ntk_N800_a1_wd0.003_s3,1.0,800,0.003,3,100.0,3e-05,ok,,,200000,200000,307,99.25410413742065,12.29526686668396,1,a32604fecc91de55d340ab4799441a26f2677242,False,4.2599157268341514e-07,234.3752899169922,20.82682991027832,0.08886103103127672,0.05765822157263756,3.8333323060940616e-17,-4.003792762756348,0.029070258140563965,0.03361344709992409,0.056603774428367615,0.05835570767521858,0.06029956042766571,0.09247861057519913,0.02014054130192231,0.09248053282499313,4,False,,,,,,True,,,,True,,,,True,,,,True,,,,True,,,,True,,,,True,,,,True,,,,,,,,,,,,,,,,,,,0.0,,,
ntk_N800_a1_wd0.003_s4,1.0,800,0.003,4,100.0,3e-05,ok,,,200000,200000,307,91.00002098083496,11.677252531051636,1,a32604fecc91de55d340ab4799441a26f2677242,False,4.242728834924492e-07,234.9948272705078,14.491239547729492,0.06166620651206208,0.05675504729151726,2.1338454007230334e-17,-4.711277961730957,0.032982587814331055,0.04831932857632637,0.03773584961891174,0.058430448174476624,0.058984752744436264,0.09379050135612488,0.02065578513615863,0.09379346668720245,1,False,,,,,,True,,,,True,,,,True,,,,True,,,,True,,,,True,,,,True,,,,True,,,,,,,,,,,,,,,,,,,0.0,,,
ntk_N800_a2_wd0_s0,2.0,800,0.0,0,25.0,0.0,ok,,,200000,200000,307,95.11321520805359,12.3425133228302,1,a32604fecc91de55d340ab4799441a26f2677242,False,2.9897216791141545e-07,234.78900146484375,281.1537170410156,1.197473967208444,0.1003982350230217,0.027197858129311497,0.3979893624782562,0.0030875205993652344,1.0,0.0,1.5767104288855194e-09,0.060233812779188156,0.09363151341676712,0.020794046840994396,0.10040449351072311,116000,True,74.0,67.0,,,199926.0,True,,,199926.0,True,,,199926.0,True,1069.0,,198931.0,True,2692.0,,197308.0,True,5520.0,,194480.0,True,11000.0,,189000.0,True,15395.0,,184605.0,True,0.09362645447254181,0.00013052565918769687,6.318092346191406e-06,-0.001383010151146974,0.003327568012795199,234.80410766601562,0.020793241018765063,0.0001815549800995808,9.525241968328242e-05,,,,,,,,,,0.0,18900.0,,
ntk_N800_a2_wd0_s1,2.0,800,0.0,1,25.0,0.0,ok,,,200000,200000,307,90.4434220790863,11.177394151687622,1,a32604fecc91de55d340ab4799441a26f2677242,False,3.012574154581671e-07,235.95555114746094,281.9378967285156,1.194877151045783,0.10027440637350082,0.026568492124717503,0.381964772939682,0.0030474066734313965,1.0,0.0,1.659238302309518e-09,0.061612751334905624,0.09310635179281235,0.020338137765431516,0.10027652233839035,185000,True,82.0,74.0,,,199918.0,True,,,199918.0,True,,,199918.0,True,1069.0,,198931.0,True,2692.0,,197308.0,True,5520.0,,194480.0,True,11000.0,,189000.0,True,15395.0,,184605.0,True,0.09310499578714371,-0.00023063697153702378,4.708766937255859e-06,-0.0002663053503748159,0.0033030175305204935,235.9488983154297,0.02033597179556606,-0.00019292725541147175,-0.0002773369711099191,,,,,,,,,,0.0,24000.0,,
ntk_N800_a2_wd0_s2,2.0,800,0.0,2,25.0,0.0,ok,,,200000,200000,307,93.69643115997314,12.583932399749756,1,a32604fecc91de55d340ab4799441a26f2677242,False,2.981102227295196e-07,234.07850646972656,280.5752868652344,1.1986375472774184,0.10001399368047714,0.027001103274011735,0.391248494386673,0.0030938386917114258,1.0,0.0,1.6270883529401203e-09,0.06051342189311981,0.09289082139730453,0.020478002477207206,0.10002763569355011,77000,True,207.0,187.0,,,199793.0,True,,,199793.0,True,,,199793.0,True,1069.0,,198931.0,True,2692.0,,197308.0,True,5520.0,,194480.0,True,11000.0,,189000.0,True,15395.0,,184605.0,True,0.09287961572408676,0.0013525871327146888,1.430511474609375e-05,-0.0016773670713491106,0.005928414856755606,234.15338134765625,0.02047951147835509,0.0019239734096311567,0.0006823422221223513,,,,,,,,,,0.0,58000.0,,
ntk_N800_a2_wd0_s3,2.0,800,0.0,3,25.0,0.0,ok,,,200000,200000,307,97.53296995162964,12.902531147003174,1,a32604fecc91de55d340ab4799441a26f2677242,False,3.063438782646699e-07,234.3752899169922,280.6826171875,1.1975776852880196,0.09982800483703613,0.026661474149467627,0.38306111097335815,0.0029104948043823242,1.0,0.03773584961891174,1.5855600166148065e-09,0.0582684762775898,0.09247861057519913,0.02014054130192231,0.0998457819223404,72000,True,82.0,74.0,,,199918.0,True,,,199918.0,True,,,199918.0,True,1069.0,,198931.0,True,2692.0,,197308.0,True,5520.0,,194480.0,True,10214.0,,189786.0,True,15395.0,,184605.0,True,0.09248767793178558,0.0003268184664193541,4.470348358154297e-06,0.0029817323817374146,0.0032474290691390873,234.41403198242188,0.020147029890838164,0.0003060528912345107,0.00035710859464502774,,,,,,,,,,0.0,,,
ntk_N800_a2_wd0_s4,2.0,800,0.0,4,25.0,0.0,ok,,,200000,200000,307,93.19330620765686,12.144500255584717,1,a32604fecc91de55d340ab4799441a26f2677242,False,3.0195641897989844e-07,234.9948272705078,280.44036865234375,1.1933895392919545,0.10045015811920166,0.02708791470203374,0.3849444091320038,0.0030854344367980957,1.0,0.0,1.674842819987532e-09,0.06335248053073883,0.09379050135612488,0.02065578513615863,0.10046360641717911,67000,True,101.0,91.0,,,199899.0,True,,,199899.0,True,,,199899.0,True,1069.0,,198931.0,True,2692.0,,197308.0,True,5520.0,,194480.0,True,10214.0,,189786.0,True,15000.0,,185000.0,True,0.09380066394805908,0.00013124081306159496,7.3909759521484375e-06,0.002800305894515875,0.0038950342890264065,235.03355407714844,0.020666171197678582,-4.984993670498448e-05,0.00034701222309612616,,,,,,,,,,0.0,18000.0,,
ntk_N800_a2_wd3e-06_s0,2.0,800,3e-06,0,25.0,1.2000000000000002e-07,ok,,,200000,200000,307,99.542475938797,12.234474658966064,1,a32604fecc91de55d340ab4799441a26f2677242,False,3.1766941788191616e-07,234.78900146484375,227.85011291503906,0.9704462793976162,0.10741878300905228,0.03367658819510265,0.034266397356987,0.0054228901863098145,1.0,0.0,3.9926999306771904e-05,0.05113082751631737,0.09363151341676712,0.020794046840994396,0.10741878300905228,200000,True,74.0,67.0,,,199926.0,True,,,199926.0,True,,,199926.0,True,1069.0,,198931.0,True,2692.0,,197308.0,True,5520.0,,194480.0,True,11000.0,,189000.0,True,17000.0,,183000.0,True,0.09362634271383286,-0.000309276714688167,5.9604644775390625e-06,-0.0014316162915715867,0.0033248596519766618,234.7520751953125,0.020793106315664077,-0.00025842747336414664,-0.00034340377312565995,,,,,,,,,,0.0,15000.0,,
ntk_N800_a2_wd3e-06_s1,2.0,800,3e-06,1,25.0,1.2000000000000002e-07,ok,,,200000,200000,307,95.76534104347229,11.765851020812988,1,a32604fecc91de55d340ab4799441a26f2677242,False,3.090240170422476e-07,235.95555114746094,229.01174926757812,0.9705715680512078,0.10705072432756424,0.03262598105484565,0.023974750190973282,0.00559002161026001,1.0,0.03773584961891174,4.084768079337664e-05,0.05368040129542351,0.09310635179281235,0.020338137765431516,0.10705072432756424,200000,True,82.0,74.0,,,199918.0,True,,,199918.0,True,,,199918.0,True,1069.0,,198931.0,True,2692.0,,197308.0,True,5520.0,,194480.0,True,11000.0,,189000.0,True,17000.0,,183000.0,True,0.09310472011566162,-0.0007205816800706089,4.470348358154297e-06,-0.00035735295099787666,0.003373799656570953,235.89134216308594,0.020335895493304508,-0.0006887207643035728,-0.0007616099176713353,,,,,,,,,,0.0,17000.0,,
ntk_N800_a2_wd3e-06_s2,2.0,800,3e-06,2,25.0,1.2000000000000002e-07,ok,,,200000,200000,307,93.9872989654541,11.119378805160522,1,a32604fecc91de55d340ab4799441a26f2677242,False,3.210553245480696e-07,234.07850646972656,227.9968719482422,0.9740188255077109,0.10724900662899017,0.03349697342983651,0.031974297016859055,0.005465805530548096,1.0,0.01886792480945587,3.985632793046534e-05,0.049976248294115067,0.09289082139730453,0.020478002477207206,0.10724900662899017,200000,True,207.0,187.0,,,199793.0,True,,,199793.0,True,,,199793.0,True,1069.0,,198931.0,True,2692.0,,197308.0,True,5520.0,,194480.0,True,11000.0,,189000.0,True,17000.0,,183000.0,True,0.09288050979375839,0.00022897482267580926,1.4543533325195312e-05,-0.0015265054564656954,0.005751850534098637,234.01026916503906,0.020478592716791824,0.000874454265884103,-0.0005253810465256837,,,,,,,,,,0.0,18900.0,,
ntk_N800_a2_wd3e-06_s3,2.0,800,3e-06,3,25.0,1.2000000000000002e-07,ok,,,200000,200000,307,92.92615604400635,11.413939237594604,1,a32604fecc91de55d340ab4799441a26f2677242,False,3.17691529971853e-07,234.3752899169922,227.85540771484375,0.9721818703479468,0.10712897032499313,0.03321655335212357,0.01787411794066429,0.005596280097961426,1.0,0.07547169923782349,3.970911348005757e-05,0.04941414296627045,0.09247861057519913,0.02014054130192231,0.10712897032499313,200000,True,82.0,74.0,,,199918.0,True,,,199918.0,True,,,199918.0,True,1069.0,,198931.0,True,2692.0,,197308.0,True,5520.0,,194480.0,True,11000.0,,189000.0,True,17000.0,,183000.0,True,0.0924881100654602,-0.00014717469457536936,4.76837158203125e-06,0.003131896058312621,0.0032307163754121543,234.35684204101562,0.020146786210808468,-0.00015871986137186997,-0.0001270507405630971,,,,,,,,,,0.0,18900.0,,
ntk_N800_a2_wd3e-06_s4,2.0,800,3e-06,4,25.0,1.2000000000000002e-07,ok,,,200000,200000,307,95.39635396003723,11.248623371124268,1,a32604fecc91de55d340ab4799441a26f2677242,False,3.1434365155291744e-07,234.9948272705078,227.25759887695312,0.9670748991225744,0.10731171071529388,0.03366380418993098,0.021669529378414154,0.005739450454711914,1.0,0.03773584961891174,3.890241350745782e-05,0.052247874438762665,0.09379050135612488,0.02065578513615863,0.10731562227010727,199000,True,101.0,91.0,,,199899.0,True,,,199899.0,True,,,199899.0,True,1069.0,,198931.0,True,2692.0,,197308.0,True,5520.0,,194480.0,True,11000.0,,189000.0,True,17000.0,,183000.0,True,0.09379951655864716,-0.0004511300940066576,7.569789886474609e-06,0.0025164957028694836,0.003908092791189029,234.96331787109375,0.020665530831976225,-0.000621100193443976,-0.00024896077542683613,,,,,,,,,,0.0,13894.0,,
ntk_N800_a2_wd1e-05_s0,2.0,800,1e-05,0,25.0,4.0000000000000003e-07,ok,,,200000,200000,307,93.52094292640686,11.44561243057251,1,a32604fecc91de55d340ab4799441a26f2677242,False,3.010599982644635e-07,234.78900146484375,185.983154296875,0.7921289035539566,0.11914825439453125,0.045919341623870014,-0.3121843934059143,0.008293628692626953,1.0,0.849056601524353,0.0003262217214796692,0.030334582552313805,0.09363151341676712,0.020794046840994396,0.11918249726295471,199000,True,82.0,74.0,,,199918.0,True,,,199918.0,True,,,199918.0,True,1069.0,,198931.0,True,2692.0,,197308.0,True,6000.0,,194000.0,True,13000.0,,187000.0,True,23000.0,,177000.0,True,0.09362576901912689,-0.0014335054438561201,6.854534149169922e-06,-0.001502589967000277,0.003766424200675008,234.61512756347656,0.020793798425586388,-0.0013410068548717572,-0.0015167181245661445,,,,,,,,,,0.0,12000.0,,
ntk_N800_a2_wd1e-05_s1,2.0,800,1e-05,1,25.0,4.0000000000000003e-07,ok,,,200000,200000,307,100.04004216194153,12.53564739227295,1,a32604fecc91de55d340ab4799441a26f2677242,False,3.0523142413585447e-07,235.95555114746094,187.18490600585938,0.7933057946531538,0.11849308758974075,0.04438020114038656,-0.32392174005508423,0.008394300937652588,1.0,0.7547169923782349,0.00032845704117789865,0.032967422157526016,0.09310635179281235,0.020338137765431516,0.11849308758974075,200000,True,74.0,67.0,,,199926.0,True,,,199926.0,True,,,199926.0,True,1069.0,,198931.0,True,2983.0,,197017.0,True,6000.0,,194000.0,True,13000.0,,187000.0,True,23000.0,,177000.0,True,0.09310835599899292,-0.00180335424374789,4.470348358154297e-06,0.0007887836869533835,0.003610070520782921,235.7748260498047,0.02033813999525262,-0.0018667735096841145,-0.001731112755692513,,,,,,,,,,0.0,13000.0,,
ntk_N800_a2_wd1e-05_s2,2.0,800,1e-05,2,25.0,4.0000000000000003e-07,ok,,,200000,200000,307,100.60010099411011,12.538466930389404,1,a32604fecc91de55d340ab4799441a26f2677242,False,3.0375309734154143e-07,234.07850646972656,186.5915985107422,0.7971325574690221,0.11877673119306564,0.04549444560243861,-0.30976736545562744,0.008603036403656006,1.0,0.9245283007621765,0.00032696538255549967,0.028654122725129128,0.09289082139730453,0.020478002477207206,0.11881262063980103,199000,True,207.0,187.0,,,199793.0,True,,,199793.0,True,,,199793.0,True,1069.0,187000.0,185931.0,False,2983.0,,197017.0,True,6000.0,,194000.0,True,13000.0,,187000.0,True,23000.0,,177000.0,True,0.09287970513105392,-0.0026532411575317383,1.4185905456542969e-05,-0.0016731510183778736,0.006322197370172325,233.67730712890625,0.020477437775307916,-0.0020640921846722914,-0.0033433783914931423,,,,,,,,,,0.0,13894.0,,
ntk_N800_a2_wd1e-05_s3,2.0,800,1e-05,3,25.0,4.0000000000000003e-07,ok,,,200000,200000,307,92.67689919471741,11.476706981658936,1,a32604fecc91de55d340ab4799441a26f2677242,False,3.0119036864562077e-07,234.3752899169922,186.2502899169922,0.794666920659408,0.11855388432741165,0.04522850403949612,-0.3247435986995697,0.008684217929840088,1.0,0.8301886916160583,0.0003232270246371627,0.030068323016166687,0.09247861057519913,0.02014054130192231,0.11855388432741165,200000,True,82.0,74.0,,,199918.0,True,,,199918.0,True,,,199918.0,True,1069.0,,198931.0,True,2692.0,,197308.0,True,6000.0,,194000.0,True,12539.0,,187461.0,True,22000.0,,178000.0,True,0.09248746186494827,-0.001287752646021545,4.649162292480469e-06,0.0029249805739820813,0.003474963533920305,234.2235565185547,0.02014682345204262,-0.0013081433255974747,-0.0012568450409315803,,,,,,,,,,0.0,13894.0,,
ntk_N800_a2_wd1e-05_s4,2.0,800,1e-05,4,25.0,4.0000000000000003e-07,ok,,,200000,200000,307,94.53060412406921,11.505078554153442,1,a32604fecc91de55d340ab4799441a26f2677242,False,3.0466577527477057e-07,234.9948272705078,185.7847900390625,0.7905909768184023,0.11901465803384781,0.04593280103689164,-0.3220720589160919,0.008676767349243164,1.0,0.9056603908538818,0.0003266294952481985,0.029544245451688766,0.09379050135612488,0.02065578513615863,0.11904042959213257,199000,True,91.0,82.0,,,199909.0,True,,,199909.0,True,,,199909.0,True,1069.0,196000.0,194931.0,False,2692.0,,197308.0,True,6000.0,,194000.0,True,12539.0,,187461.0,True,22000.0,,178000.0,True,0.09380076825618744,-0.0017539734253659844,6.4373016357421875e-06,0.0029245016897237646,0.004118869267261695,234.8180694580078,0.020664542870137755,-0.001997055774270087,-0.001464174351692615,,,,,,,,,,0.0,12000.0,,
ntk_N800_a2_wd3e-05_s0,2.0,800,3e-05,0,25.0,1.2e-06,ok,,,200000,200000,307,92.35081601142883,11.83629298210144,1,a32604fecc91de55d340ab4799441a26f2677242,False,3.323131920751621e-07,234.78900146484375,155.45291137695312,0.6620962242996291,0.13126197457313538,0.05987840652787766,-0.6257856488227844,0.011178433895111084,1.0,1.0,0.0021459090057760477,0.02029346115887165,0.09363151341676712,0.020794046840994396,0.13127049803733826,199000,True,101.0,91.0,94000.0,93000.0,93899.0,False,104000.0,103000.0,103899.0,False,104000.0,103000.0,103899.0,False,1185.0,75000.0,73815.0,False,3305.0,,196695.0,True,8319.0,,191681.0,True,38751.0,,161249.0,True,,,,True,0.09362292289733887,-0.005601688288152218,7.68899917602539e-06,-0.0020762732688513375,0.00678306484096228,234.10801696777344,0.020795690372011125,-0.005368232032595833,-0.005844290364208917,0.12609003484249115,-0.5634106993675232,0.009830594062805176,0.2397004533615368,0.4435364601941856,161.39175415039062,0.05396005976012509,-0.28503334479708925,-1.0335081394273962,0.0,10000.0,66000.0,
ntk_N800_a2_wd3e-05_s1,2.0,800,3e-05,1,25.0,1.2e-06,ok,,,200000,200000,307,97.72560501098633,11.515031099319458,1,a32604fecc91de55d340ab4799441a26f2677242,False,3.4510762247919047e-07,235.95555114746094,156.47288513183594,0.6631455982743456,0.13011012971401215,0.05769712423455581,-0.6355019807815552,0.011483311653137207,1.0,1.0,0.002174078021198511,0.021417690441012383,0.09310635179281235,0.020338137765431516,0.13013707101345062,199000,True,82.0,74.0,112000.0,111000.0,111918.0,False,147000.0,146000.0,146918.0,False,147000.0,146000.0,146918.0,False,1185.0,84000.0,82815.0,False,3305.0,,196695.0,True,9000.0,,191000.0,True,41000.0,,159000.0,True,,,,True,0.09310362488031387,-0.0051050931215286255,4.887580871582031e-06,-0.0006749877700962122,0.0060720718053133595,235.3743133544922,0.020336311538345638,-0.005096737303837687,-0.005120554815266895,0.12838111817836761,-0.6150673627853394,0.010948240756988525,0.24701893575024172,0.4721037260994387,158.56039428710938,0.05570284453937862,-0.3380111454767252,-1.0790566803248722,0.0,10214.0,71000.0,
ntk_N800_a2_wd3e-05_s2,2.0,800,3e-05,2,25.0,1.2e-06,ok,,,200000,200000,307,91.15084409713745,11.672467708587646,1,a32604fecc91de55d340ab4799441a26f2677242,False,3.312191267923481e-07,234.07850646972656,156.2922821044922,0.6676917264281397,0.13101550936698914,0.059002196702142046,-0.6265563368797302,0.011871755123138428,1.0,1.0,0.002144495490938425,0.018926508724689484,0.09289082139730453,0.020478002477207206,0.13103026151657104,199000,True,207.0,187.0,78000.0,77000.0,77793.0,False,174000.0,173000.0,173793.0,False,174000.0,173000.0,173793.0,False,1185.0,67000.0,65815.0,False,3305.0,150000.0,146695.0,False,9000.0,,191000.0,True,38000.0,,162000.0,True,,,,True,0.09287695586681366,-0.010626670904457569,1.4901161193847656e-05,-0.002126328866434148,0.01204141237781827,232.72845458984375,0.02047775116515532,-0.009970875099571223,-0.011394830549635844,0.13033610582351685,-0.618960440158844,0.011634230613708496,0.25438319596987585,0.47488002843590826,157.0370635986328,0.05825167076208761,-0.32542992027397155,-1.1058171733180369,0.0,10214.0,68000.0,
ntk_N800_a2_wd3e-05_s3,2.0,800,3e-05,3,25.0,1.2e-06,ok,,,200000,200000,307,96.19211792945862,11.23386812210083,1,a32604fecc91de55d340ab4799441a26f2677242,False,3.3754713513189927e-07,234.3752899169922,156.14544677734375,0.666219748816717,0.13022443652153015,0.0582892882445173,-0.6322330236434937,0.011723101139068604,1.0,1.0,0.0021402400452643633,0.02016300894320011,0.09247861057519913,0.02014054130192231,0.1304289698600769,199000,True,82.0,74.0,87000.0,86000.0,86918.0,False,97000.0,96000.0,96918.0,False,97000.0,96000.0,96918.0,False,1185.0,72000.0,70815.0,False,3305.0,,196695.0,True,8319.0,,191681.0,True,38000.0,,162000.0,True,,,,True,0.09249156713485718,-0.004558566492050886,4.887580871582031e-06,0.004193010101280559,0.005578430270120176,233.84336853027344,0.020146730211575252,-0.004613818661386756,-0.004484857297776208,0.12467283755540848,-0.5655234456062317,0.010244488716125488,0.23312883405854443,0.44520726746072403,162.86863708496094,0.05223121285301907,-0.27736135893018926,-1.0442635733112242,0.0,10214.0,69000.0,
ntk_N800_a2_wd3e-05_s4,2.0,800,3e-05,4,25.0,1.2e-06,ok,,,200000,200000,307,96.65225601196289,12.026307106018066,1,a32604fecc91de55d340ab4799441a26f2677242,False,3.412263538393745e-07,234.9948272705078,156.31895446777344,0.6652016824516362,0.1305864453315735,0.05869288563754457,-0.6256973147392273,0.011425971984863281,1.0,1.0,0.0021530641242861748,0.02049786038696766,0.09379050135612488,0.02065578513615863,0.13064345717430115,194000,True,91.0,82.0,103000.0,102000.0,102909.0,False,126000.0,125000.0,125909.0,False,126000.0,125000.0,125909.0,False,1185.0,71000.0,69815.0,False,3305.0,,196695.0,True,8319.0,,191681.0,True,36000.0,,164000.0,True,,,,True,0.09379842132329941,-0.005315997637808323,7.569789886474609e-06,0.0023541698372506405,0.006448561923469337,234.39511108398438,0.020663226271103376,-0.005545336110313288,-0.005048633983181215,0.12768669426441193,-0.5929480195045471,0.010614335536956787,0.24117229030744738,0.46023321022382907,159.55435180664062,0.05563283471856065,-0.32361585367297985,-1.0510153467464776,0.0,10000.0,67000.0,
ntk_N800_a2_wd0.0001_s0,2.0,800,0.0001,0,25.0,4e-06,ok,,,200000,200000,307,93.26748919487,11.666064262390137,1,a32604fecc91de55d340ab4799441a26f2677242,False,3.405334609851707e-07,234.78900146484375,119.14873504638672,0.5074715353062546,0.13133646547794342,0.062310688537092304,-1.0640422105789185,0.014995157718658447,1.0,0.9245283007621765,0.012773454189300537,0.02834617905318737,0.09363151341676712,0.020794046840994396,0.1314498633146286,198000,True,640.0,578.0,,,199360.0,True,,,199360.0,True,,,199360.0,True,1455.0,82000.0,80545.0,False,28000.0,,172000.0,True,,,,True,,,,True,,,,True,0.09369992464780807,-0.11587411165237427,8.809566497802734e-05,0.005806743437993465,0.11012310754120473,221.22390747070312,0.020917473094161587,-0.11335639797151173,-0.11887265642057444,,,,,,,,,,0.0,10000.0,38000.0,
ntk_N800_a2_wd0.0001_s1,2.0,800,0.0001,1,25.0,4e-06,ok,,,200000,200000,307,92.86284804344177,11.90931248664856,1,a32604fecc91de55d340ab4799441a26f2677242,False,3.241994193103892e-07,235.95555114746094,119.81478118896484,0.5077853884187126,0.12994718551635742,0.059878304696150825,-1.0679901838302612,0.016193747520446777,1.0,0.8867924809455872,0.012907576747238636,0.028522666543722153,0.09310635179281235,0.020338137765431516,0.13013117015361786,183000,True,2692.0,2430.0,,,197308.0,True,,,197308.0,True,,,197308.0,True,1612.0,90000.0,88388.0,False,28000.0,,172000.0,True,,,,True,,,,True,,,,True,0.09418264031410217,-0.4141155779361725,0.0007486939430236816,0.029718872402549838,0.340534050413237,189.2227783203125,0.021491986630659512,-0.3864816180447295,-0.44795804650622206,,,,,,,,,,0.0,11000.0,41000.0,
ntk_N800_a2_wd0.0001_s2,2.0,800,0.0001,2,25.0,4e-06,ok,,,200000,200000,307,87.72026109695435,11.287421464920044,1,a32604fecc91de55d340ab4799441a26f2677242,False,3.1843032388678694e-07,234.07850646972656,119.7726821899414,0.511677402578744,0.1306418627500534,0.06133333009814677,-1.062283992767334,0.016670644283294678,1.0,0.9622641801834106,0.01289804745465517,0.02537064626812935,0.09289082139730453,0.020478002477207206,0.13081617653369904,190000,True,710.0,640.0,103000.0,102000.0,102290.0,False,,,199290.0,True,,,199290.0,True,1612.0,54000.0,52388.0,False,27000.0,,173000.0,True,,,,True,,,,True,,,,True,0.09297800064086914,-0.1259586662054062,9.566545486450195e-05,0.006955350990410126,0.11906810234498472,219.23855590820312,0.020578430447247026,-0.1227064616094614,-0.1298420764420073,,,,,,,,,,0.0,10214.0,38000.0,
ntk_N800_a2_wd0.0001_s3,2.0,800,0.0001,3,25.0,4e-06,ok,,,200000,200000,307,87.39144396781921,11.063566446304321,1,a32604fecc91de55d340ab4799441a26f2677242,False,3.248341613470984e-07,234.3752899169922,120.34062957763672,0.5134527177342685,0.12845906615257263,0.05942681441847603,-1.0498491525650024,0.016090869903564453,1.0,0.9433962106704712,0.01278521679341793,0.02816726826131344,0.09247861057519913,0.02014054130192231,0.12855738401412964,186000,True,710.0,640.0,,,199290.0,True,,,199290.0,True,,,199290.0,True,1455.0,82000.0,80545.0,False,28000.0,,172000.0,True,,,,True,,,,True,,,,True,0.09265730530023575,-0.12696373462677002,9.638071060180664e-05,0.013476833846809285,0.11995492684343836,219.55465698242188,0.020283910624275814,-0.12405080167459685,-0.1303395217063962,,,,,,,,,,0.0,11000.0,42000.0,
ntk_N800_a2_wd0.0001_s4,2.0,800,0.0001,4,25.0,4e-06,ok,,,200000,200000,307,92.70171904563904,11.556805849075317,1,a32604fecc91de55d340ab4799441a26f2677242,False,3.307336555735674e-07,234.9948272705078,120.00505828857422,0.5106710631993346,0.12915246188640594,0.06055314499317746,-1.0570658445358276,0.01564157009124756,1.0,0.8301886916160583,0.012914454564452171,0.028313158079981804,0.09379050135612488,0.02065578513615863,0.12930928170681,199000,True,965.0,871.0,,,199035.0,True,,,199035.0,True,,,199035.0,True,1455.0,85000.0,83545.0,False,26000.0,,174000.0,True,,,,True,,,,True,,,,True,0.09385760128498077,-0.1662391871213913,0.00015878677368164062,0.004616695741673504,0.15403356506011504,215.36929321289062,0.020873684053291312,-0.16004008569077788,-0.17397727692600404,,,,,,,,,,0.0,10214.0,38000.0,
ntk_N800_a2_wd0.0003_s0,2.0,800,0.0003,0,25.0,1.1999999999999999e-05,ok,,,200000,200000,307,93.69622707366943,11.708406925201416,1,a32604fecc91de55d340ab4799441a26f2677242,False,3.4075245025633194e-07,234.78900146484375,63.04438400268555,0.2685150650556582,0.0787116289138794,0.0159035293464104,-1.900081992149353,0.06500816345214844,0.09873949736356735,0.0,0.04840429127216339,0.06282311677932739,0.09363151341676712,0.020794046840994396,0.09363151341676712,0,False,,,,,,True,,,,True,,,,True,,,,True,,,,True,,,,True,,,,True,,,,True,,,,,,,,,,,,,,,,,,,0.0,,,
ntk_N800_a2_wd0.0003_s1,2.0,800,0.0003,1,25.0,1.1999999999999999e-05,ok,,,200000,200000,307,96.42724585533142,12.379307270050049,1,a32604fecc91de55d340ab4799441a26f2677242,False,3.3884367667269544e-07,235.95555114746094,66.86595916748047,0.28338370867864193,0.07770077139139175,0.015683917232822624,-1.8061610460281372,0.06024283170700073,0.13235294818878174,0.03773584961891174,0.047353681176900864,0.06083599105477333,0.09310635179281235,0.020338137765431516,0.09311355650424957,22,False,,,,,,True,,,,True,,,,True,,,,True,,,,True,,,,True,,,,True,,,,True,,,,,,,,,,,,,,,,,,,0.0,,,
ntk_N800_a2_wd0.0003_s2,2.0,800,0.0003,2,25.0,1.1999999999999999e-05,ok,,,200000,200000,307,94.61193490028381,12.235816717147827,1,a32604fecc91de55d340ab4799441a26f2677242,False,3.432439257267106e-07,234.07850646972656,64.81995391845703,0.2769154455744112,0.07776354253292084,0.015895603913827643,-1.8469688892364502,0.06510937213897705,0.11554621905088425,0.03773584961891174,0.048201944679021835,0.05761900171637535,0.09289082139730453,0.020478002477207206,0.09289145469665527,2,False,,,,,,True,,,,True,,,,True,,,,True,,,,True,,,,True,,,,True,,,,True,,,,,,,,,,,,,,,,,,,0.0,,,
ntk_N800_a2_wd0.0003_s3,2.0,800,0.0003,3,25.0,1.1999999999999999e-05,ok,,,200000,200000,307,93.72512412071228,11.759065866470337,1,a32604fecc91de55d340ab4799441a26f2677242,False,3.495767373351555e-07,234.3752899169922,66.52428436279297,0.2838365955146279,0.07685579359531403,0.015077376400542493,-1.793332576751709,0.06227177381515503,0.09873949736356735,0.056603774428367615,0.047683000564575195,0.06075294315814972,0.09247861057519913,0.02014054130192231,0.09250414371490479,965,False,,,,,,True,,,,True,,,,True,,,,True,,,,True,,,,True,,,,True,,,,True,,,,,,,,,,,,,,,,,,,0.0,,,
ntk_N800_a2_wd0.0003_s4,2.0,800,0.0003,4,25.0,1.1999999999999999e-05,ok,,,200000,200000,307,95.60747790336609,11.447383403778076,1,a32604fecc91de55d340ab4799441a26f2677242,False,3.449571295277565e-07,234.9948272705078,65.35367584228516,0.2781068698463523,0.07768232375383377,0.016051808572057562,-1.8488131761550903,0.06284224987030029,0.12184873968362808,0.03773584961891174,0.04808422550559044,0.06029766425490379,0.09379050135612488,0.02065578513615863,0.09379328042268753,2,False,,,,,,True,,,,True,,,,True,,,,True,,,,True,,,,True,,,,True,,,,True,,,,,,,,,,,,,,,,,,,0.0,,,
ntk_N800_a2_wd0.001_s0,2.0,800,0.001,0,25.0,4e-05,ok,,,200000,200000,307,94.28254508972168,11.226768016815186,1,a32604fecc91de55d340ab4799441a26f2677242,False,3.8978109273557493e-07,234.78900146484375,28.674169540405273,0.12212739677543548,0.05969719961285591,0.003734120512596825,-3.1317808628082275,0.12157320976257324,0.04411764815449715,0.03773584961891174,0.08294849097728729,0.09219413995742798,0.09363151341676712,0.020794046840994396,0.09363151341676712,0,False,,,,,,True,,,,True,,,,True,,,,True,,,,True,,,,True,,,,True,,,,True,,,,,,,,,,,,,,,,,,,0.0,,,
ntk_N800_a2_wd0.001_s1,2.0,800,0.001,1,25.0,4e-05,ok,,,200000,200000,307,98.40170001983643,12.119824886322021,1,a32604fecc91de55d340ab4799441a26f2677242,False,4.0561999981036934e-07,235.95555114746094,34.23423767089844,0.1450876552995512,0.058298807591199875,0.0033389089223805294,-2.8163468837738037,0.10841023921966553,0.04621848836541176,0.056603774428367615,0.08368166536092758,0.08950846642255783,0.09310635179281235,0.020338137765431516,0.09311142563819885,22,False,,,,,,True,,,,True,,,,True,,,,True,,,,True,,,,True,,,,True,,,,True,,,,,,,,,,,,,,,,,,,0.0,,,
ntk_N800_a2_wd0.001_s2,2.0,800,0.001,2,25.0,4e-05,ok,,,200000,200000,307,89.82277607917786,10.931419372558594,1,a32604fecc91de55d340ab4799441a26f2677242,False,4.026482258723263e-07,234.07850646972656,31.78824234008789,0.13580162834898757,0.05854060873389244,0.003424397760022554,-2.913780450820923,0.13410329818725586,0.04411764815449715,0.056603774428367615,0.08281826227903366,0.08608333021402359,0.09289082139730453,0.020478002477207206,0.09289140999317169,2,False,,,,,,True,,,,True,,,,True,,,,True,,,,True,,,,True,,,,True,,,,True,,,,,,,,,,,,,,,,,,,0.0,,,
ntk_N800_a2_wd0.001_s3,2.0,800,0.001,3,25.0,4e-05,ok,,,200000,200000,307,93.9684829711914,11.890618085861206,1,a32604fecc91de55d340ab4799441a26f2677242,False,4.090551044555468e-07,234.3752899169922,35.40103530883789,0.15104423047914198,0.058632925152778625,0.0030478897770812503,-2.732764482498169,0.10690838098526001,0.03361344709992409,0.07547169923782349,0.08252592384815216,0.08983433991670609,0.09247861057519913,0.02014054130192231,0.09248121082782745,7,False,,,,,,True,,,,True,,,,True,,,,True,,,,True,,,,True,,,,True,,,,True,,,,,,,,,,,,,,,,,,,0.0,,,
ntk_N800_a2_wd0.001_s4,2.0,800,0.001,4,25.0,4e-05,ok,,,200000,200000,307,97.01490998268127,12.022696256637573,1,a32604fecc91de55d340ab4799441a26f2677242,False,3.85749729048257e-07,234.9948272705078,30.6732120513916,0.1305271797156751,0.057810377329587936,0.004456274809021806,-3.027203321456909,0.13371014595031738,0.05042016878724098,0.01886792480945587,0.08471356332302094,0.08795790374279022,0.09379050135612488,0.02065578513615863,0.09379346668720245,2,False,,,,,,True,,,,True,,,,True,,,,True,,,,True,,,,True,,,,True,,,,True,,,,,,,,,,,,,,,,,,,0.0,,,
ntk_N800_a2_wd0.003_s0,2.0,800,0.003,0,25.0,0.00012,ok,,,200000,200000,307,97.28376507759094,11.856328964233398,1,a32604fecc91de55d340ab4799441a26f2677242,False,4.162181710398727e-07,234.78900146484375,11.024868965148926,0.046956496668774925,0.057699453085660934,4.301572119336239e-17,-5.23004674911499,0.03870147466659546,0.042016807943582535,0.03773584961891174,0.1031586155295372,0.1103743463754654,0.09363151341676712,0.020794046840994396,0.09363151341676712,0,False,,,,,,True,,,,True,,,,True,,,,True,,,,True,,,,True,,,,True,,,,True,,,,,,,,,,,,,,,,,,,0.0,,,
ntk_N800_a2_wd0.003_s1,2.0,800,0.003,1,25.0,0.00012,ok,,,200000,200000,307,95.92607021331787,11.775879621505737,1,a32604fecc91de55d340ab4799441a26f2677242,False,4.268337647772569e-07,235.95555114746094,16.54938316345215,0.07013771484913943,0.058318864554166794,5.320722161472613e-17,-4.464365482330322,0.02960038185119629,0.03781512752175331,0.07547169923782349,0.1095273569226265,0.11461997777223587,0.09310635179281235,0.020338137765431516,0.09310947358608246,3,False,,,,,,True,,,,True,,,,True,,,,True,,,,True,,,,True,,,,True,,,,True,,,,,,,,,,,,,,,,,,,0.0,,,
ntk_N800_a2_wd0.003_s2,2.0,800,0.003,2,25.0,0.00012,ok,,,200000,200000,307,97.20028591156006,11.87798547744751,1,a32604fecc91de55d340ab4799441a26f2677242,False,4.2719511839095503e-07,234.07850646972656,13.849772453308105,0.05916721130096283,0.05804000049829483,4.209414934674971e-17,-4.811922550201416,0.026117444038391113,0.04621848836541176,0.07547169923782349,0.1065426617860794,0.10916735976934433,0.09289082139730453,0.020478002477207206,0.092891626060009,2,False,,,,,,True,,,,True,,,,True,,,,True,,,,True,,,,True,,,,True,,,,True,,,,,,,,,,,,,,,,,,,0.0,,,
ntk_N800_a2_wd0.003_s3,2.0,800,0.003,3,25.0,0.00012,ok,,,200000,200000,307,93.72613620758057,11.202310562133789,1,a32604fecc91de55d340ab4799441a26f2677242,False,4.260309651726857e-07,234.3752899169922,18.570566177368164,0.07923431767890392,0.05721521005034447,2.744386749103933e-17,-4.220604419708252,0.03564310073852539,0.031512606889009476,0.056603774428367615,0.10860970616340637,0.11401841789484024,0.09247861057519913,0.02014054130192231,0.09248033910989761,6,False,,,,,,True,,,,True,,,,True,,,,True,,,,True,,,,True,,,,True,,,,True,,,,,,,,,,,,,,,,,,,0.0,,,
ntk_N800_a2_wd0.003_s4,2.0,800,0.003,4,25.0,0.00012,ok,,,200000,200000,307,90.28731417655945,11.965307474136353,1,a32604fecc91de55d340ab4799441a26f2677242,False,4.2324782612013223e-07,234.9948272705078,10.417216300964355,0.044329555769212166,0.055783435702323914,5.970565838606112e-17,-5.347823619842529,0.04527568817138672,0.05042016878724098,0.056603774428367615,0.10886489599943161,0.11019588261842728,0.09379050135612488,0.02065578513615863,0.09379346668720245,2,False,,,,,,True,,,,True,,,,True,,,,True,,,,True,,,,True,,,,True,,,,True,,,,,,,,,,,,,,,,,,,0.0,,,
ntk_N1600_a0.5_wd0_s0,0.5,1600,0.0,0,400.0,0.0,ok,,,200000,200000,307,255.86120080947876,32.44545006752014,1,a32604fecc91de55d340ab4799441a26f2677242,False,3.9949182450982335e-07,332.86187744140625,527.382080078125,1.5843871461998835,0.10909845679998398,0.03565375916779159,0.9908586740493774,0.0030198097229003906,1.0,0.056603774428367615,4.9711693095311205e-11,0.04360305145382881,0.09359957277774811,0.02083720532399138,0.10914519429206848,11000,True,61.0,55.0,,,199939.0,True,,,199939.0,True,,,199939.0,True,1069.0,,198931.0,True,2193.0,,197807.0,True,3662.0,,196338.0,True,5520.0,,194480.0,True,6776.0,,193224.0,True,0.09359569102525711,0.0014129426563158631,8.821487426757812e-06,-0.0007607052466695761,0.004277651829925926,333.01300048828125,0.020844662639724648,0.0015265461212881203,0.0012645980208749648,,,,,,,,,,0.0,2430.0,,
ntk_N1600_a0.5_wd0_s1,0.5,1600,0.0,1,400.0,0.0,ok,,,200000,200000,307,256.2235300540924,31.837929487228394,1,a32604fecc91de55d340ab4799441a26f2677242,False,4.0150970903596317e-07,332.9020690917969,526.8441772460938,1.5825800623090085,0.11013413965702057,0.03588372701516197,0.976621687412262,0.003243088722229004,1.0,0.03773584961891174,4.905218245476739e-11,0.042156487703323364,0.09326162934303284,0.020501382185995256,0.11020112037658691,13000,True,61.0,55.0,,,199939.0,True,,,199939.0,True,,,199939.0,True,1069.0,,198931.0,True,2193.0,,197807.0,True,3662.0,,196338.0,True,5520.0,,194480.0,True,6776.0,,193224.0,True,0.0932704284787178,0.001149827498011291,7.867813110351562e-06,0.0023625332398688405,0.004213898257795471,333.024658203125,0.020504168221466734,0.0013000369409077069,0.0009868755371460261,,,,,,,,,,0.0,2430.0,,
ntk_N1600_a0.5_wd0_s2,0.5,1600,0.0,2,400.0,0.0,ok,,,200000,200000,307,261.03321504592896,32.63897919654846,1,a32604fecc91de55d340ab4799441a26f2677242,False,3.9784077898730175e-07,331.5013122558594,526.4501953125,1.58807876726043,0.10945505648851395,0.03592249246207602,0.9908723831176758,0.003136754035949707,1.0,0.01886792480945587,4.9815727931612486e-11,0.04434272274374962,0.0939817726612091,0.02075771110716952,0.10950607061386108,15395,True,55.0,49.0,,,199945.0,True,,,199945.0,True,,,199945.0,True,1069.0,,198931.0,True,2193.0,,197807.0,True,3662.0,,196338.0,True,5520.0,,194480.0,True,6776.0,,193224.0,True,0.09398312866687775,0.0013250865740701556,7.271766662597656e-06,0.0005317689747361762,0.003916102606392003,331.6480407714844,0.02075899375441207,0.0014479104291710712,0.0011675562687894154,,,,,,,,,,0.0,2193.0,,
ntk_N1600_a0.5_wd0_s3,0.5,1600,0.0,3,400.0,0.0,ok,,,200000,200000,307,270.11478090286255,33.0763943195343,1,a32604fecc91de55d340ab4799441a26f2677242,False,4.0803789147503267e-07,331.4903869628906,525.9832763671875,1.5867225628659627,0.1089322417974472,0.03548135792502122,0.9776812195777893,0.0031707286834716797,1.0,0.15094339847564697,5.0345606156243505e-11,0.0423269160091877,0.09298034757375717,0.020234789322023373,0.10896928608417511,12539,True,61.0,55.0,,,199939.0,True,,,199939.0,True,,,199939.0,True,1069.0,,198931.0,True,2193.0,,197807.0,True,3662.0,,196338.0,True,5520.0,,194480.0,True,6776.0,,193224.0,True,0.09296094626188278,0.0006613928126171231,8.881092071533203e-06,-0.004720483982686482,0.0040165706878118185,331.5669860839844,0.020240900436211053,0.0008564081159625452,0.0004423420333267268,,,,,,,,,,0.0,2692.0,,
ntk_N1600_a0.5_wd0_s4,0.5,1600,0.0,4,400.0,0.0,ok,,,200000,200000,307,273.46720600128174,32.686439990997314,1,a32604fecc91de55d340ab4799441a26f2677242,False,4.036726011236169e-07,331.8200378417969,526.168701171875,1.585705024308202,0.10974818468093872,0.035974835181493366,0.993331253528595,0.003153085708618164,1.0,0.07547169923782349,5.080749709840404e-11,0.042799778282642365,0.09408541023731232,0.02062907558247193,0.1098051443696022,12539,True,61.0,55.0,,,199939.0,True,,,199939.0,True,,,199939.0,True,1069.0,,198931.0,True,2193.0,,197807.0,True,3662.0,,196338.0,True,5520.0,,194480.0,True,6776.0,,193224.0,True,0.09407763928174973,0.0011397063499316573,6.794929504394531e-06,-0.0017439928991215459,0.004156048839524366,331.9673156738281,0.020637257591662315,0.0012214496454115238,0.0010259210974897927,,,,,,,,,,0.0,2193.0,,
ntk_N1600_a0.5_wd3e-06_s0,0.5,1600,3e-06,0,400.0,7.500000000000001e-09,ok,,,200000,200000,307,284.00952911376953,33.143229722976685,1,a32604fecc91de55d340ab4799441a26f2677242,False,4.354310760845692e-07,332.86187744140625,448.9488220214844,1.3487541002664474,0.11959529668092728,0.046770239039136505,0.7052376866340637,0.00451284646987915,1.0,1.0,2.7247365324001294e-06,0.025440523400902748,0.09359957277774811,0.02083720532399138,0.11963142454624176,199000,True,61.0,55.0,176000.0,175000.0,175939.0,False,191000.0,190000.0,190939.0,False,191000.0,190000.0,190939.0,False,1069.0,149000.0,147931.0,False,2193.0,,197807.0,True,3662.0,,196338.0,True,5520.0,,194480.0,True,6776.0,,193224.0,True,0.09359602630138397,0.0010440857149660587,7.510185241699219e-06,-0.0007093866280399063,0.004169816787888866,332.9522705078125,0.020844627855511562,0.0011555276311592624,0.0009011413779887509,0.11909594386816025,0.7152976989746094,0.00444948673248291,0.27622595691445434,1.0534655234183552,451.4947814941406,0.046265698114090044,0.9530925515322716,0.3180038727197994,0.0,2430.0,,
ntk_N1600_a0.5_wd3e-06_s1,0.5,1600,3e-06,1,400.0,7.500000000000001e-09,ok,,,200000,200000,307,292.0565071105957,33.67311668395996,1,a32604fecc91de55d340ab4799441a26f2677242,False,4.360073546649801e-07,332.9020690917969,447.09674072265625,1.3430278217927523,0.1215798556804657,0.047464605491711165,0.6817016005516052,0.004880189895629883,1.0,1.0,2.6848722427530447e-06,0.02511235512793064,0.09326162934303284,0.020501382185995256,0.1215798556804657,200000,True,61.0,55.0,158000.0,157000.0,157939.0,False,170000.0,169000.0,169939.0,False,170000.0,169000.0,169939.0,False,1069.0,142000.0,140931.0,False,2193.0,,197807.0,True,3662.0,,196338.0,True,5520.0,,194480.0,True,6776.0,,193224.0,True,0.09326956421136856,0.0008042200352065265,8.285045623779297e-06,0.002158193191272033,0.00413988859007107,332.9637756347656,0.020504110950578046,0.0009677584669023539,0.0006234027623249778,0.11997286975383759,0.7154005169868469,0.004670441150665283,0.28243547569281613,1.0541067339494927,455.9020080566406,0.04576732299323547,0.9540416495114742,0.31912019152357207,0.0,2430.0,172000.0,
ntk_N1600_a0.5_wd3e-06_s2,0.5,1600,3e-06,2,400.0,7.500000000000001e-09,ok,,,200000,200000,307,294.8302390575409,33.16917657852173,1,a32604fecc91de55d340ab4799441a26f2677242,False,4.5007394078311336e-07,331.5013122558594,447.9108581542969,1.3511586277178604,0.12018915265798569,0.04722773264142627,0.7025839686393738,0.0046579837799072266,1.0,1.0,2.69515794570907e-06,0.025411907583475113,0.0939817726612091,0.02075771110716952,0.12018915265798569,200000,True,61.0,55.0,144000.0,143000.0,143939.0,False,165000.0,164000.0,164939.0,False,165000.0,164000.0,164939.0,False,1069.0,149000.0,147931.0,False,2193.0,,197807.0,True,3662.0,,196338.0,True,5520.0,,194480.0,True,6776.0,,193224.0,True,0.0939800888299942,0.0011870964663103223,8.106231689453125e-06,-0.0002601795840090161,0.0040950238849988265,331.6046447753906,0.020760533134101915,0.001413767051587496,0.0008992330013986185,0.11825263500213623,0.7435702681541443,0.004397392272949219,0.26471113066892743,1.1117800085183935,458.1087951660156,0.04516960398220386,0.9750630534914785,0.35748470455025355,0.0,2193.0,197000.0,
ntk_N1600_a0.5_wd3e-06_s3,0.5,1600,3e-06,3,400.0,7.500000000000001e-09,ok,,,200000,200000,307,294.64723682403564,33.3271050453186,1,a32604fecc91de55d340ab4799441a26f2677242,False,4.3608312694232154e-07,331.4903869628906,447.0879821777344,1.3487208068805463,0.1201375424861908,0.04709805535306313,0.6808483600616455,0.004888057708740234,1.0,1.0,2.7033727292291587e-06,0.024728450924158096,0.09298034757375717,0.020234789322023373,0.1201375424861908,200000,True,61.0,55.0,149000.0,148000.0,148939.0,False,172000.0,171000.0,171939.0,False,172000.0,171000.0,171939.0,False,1069.0,138000.0,136931.0,False,2193.0,,197807.0,True,3662.0,,196338.0,True,5520.0,,194480.0,True,6776.0,,193224.0,True,0.09296080470085144,0.0002935693773906678,9.417533874511719e-06,-0.004738938910258331,0.0039799771180358285,331.50640869140625,0.020240992849956757,0.000484223768189632,7.841977736254475e-05,0.11848855018615723,0.7149966955184937,0.004621624946594238,0.2712728281501912,1.0531906110614209,455.218017578125,0.04538166447090751,0.9567770562950179,0.31725029978015523,0.0,2692.0,199000.0,
ntk_N1600_a0.5_wd3e-06_s4,0.5,1600,3e-06,4,400.0,7.500000000000001e-09,ok,,,200000,200000,307,292.54684805870056,32.8894567489624,1,a32604fecc91de55d340ab4799441a26f2677242,False,4.3307062469466473e-07,331.8200378417969,447.62451171875,1.3489978321687905,0.12059053033590317,0.04728977412559747,0.7071460485458374,0.004755735397338867,1.0,1.0,2.6962543415720575e-06,0.024805530905723572,0.09408541023731232,0.02062907558247193,0.12068907171487808,199000,True,61.0,55.0,151000.0,150000.0,150939.0,False,153000.0,152000.0,152939.0,False,153000.0,152000.0,152939.0,False,1069.0,140000.0,138931.0,False,2193.0,,197807.0,True,3662.0,,196338.0,True,5520.0,,194480.0,True,6776.0,,193224.0,True,0.09407754987478256,0.0007746794726699591,6.735324859619141e-06,-0.001761303235907354,0.004076275968674191,331.906982421875,0.02063724933297042,0.0008552499370373028,0.0006622372836108815,0.11811545491218567,0.7604671120643616,0.004438638687133789,0.2608819229198877,1.1475812577642388,461.5777893066406,0.044649309555648685,0.9947573863526211,0.37303197629887525,0.0,2193.0,190000.0,
ntk_N1600_a0.5_wd1e-05_s0,0.5,1600,1e-05,0,400.0,2.5000000000000002e-08,ok,,,200000,200000,307,285.7305176258087,33.287118434906006,1,a32604fecc91de55d340ab4799441a26f2677242,False,4.73690789704051e-07,332.86187744140625,370.996337890625,1.114565418973014,0.14130625128746033,0.06987052979810963,0.3455096483230591,0.0073157548904418945,1.0,1.0,2.607243186503183e-05,0.005701054353266954,0.09359957277774811,0.02083720532399138,0.14130625128746033,200000,True,61.0,55.0,54000.0,53000.0,53939.0,False,58000.0,57000.0,57939.0,False,58000.0,57000.0,57939.0,False,1069.0,46000.0,44931.0,False,2193.0,83000.0,80807.0,False,3662.0,142000.0,138338.0,False,5520.0,,194480.0,True,7000.0,,193000.0,True,0.09359674155712128,0.00017975145601667464,8.821487426757812e-06,-0.0004984681600835125,0.004036028399079832,332.8108215332031,0.02084473906347827,0.00027571402428351664,5.300716251994386e-05,0.11930571496486664,0.6926059126853943,0.004444718360900879,0.2785914786208693,1.0077724473675649,446.6109924316406,0.0465444671483366,0.9296619125369759,0.2971310019001068,0.0,2430.0,62000.0,191000.0
ntk_N1600_a0.5_wd1e-05_s1,0.5,1600,1e-05,1,400.0,2.5000000000000002e-08,ok,,,200000,200000,307,287.6470742225647,33.94079279899597,1,a32604fecc91de55d340ab4799441a26f2677242,False,4.6773524786658527e-07,332.9020690917969,370.0208740234375,1.1115006735551565,0.14287808537483215,0.07015873328621902,0.3305565416812897,0.00786900520324707,1.0,1.0,2.6503284971113317e-05,0.006033188663423061,0.09326162934303284,0.020501382185995256,0.14287808537483215,200000,True,61.0,55.0,47000.0,46000.0,46939.0,False,51000.0,50000.0,50939.0,False,51000.0,50000.0,50939.0,False,1069.0,44000.0,42931.0,False,2430.0,83000.0,80570.0,False,3662.0,145000.0,141338.0,False,5520.0,,194480.0,True,7000.0,,193000.0,True,0.09326914697885513,-3.856494731735438e-05,8.225440979003906e-06,0.002051180856143482,0.004058413153158498,332.82244873046875,0.020504119077336586,0.00013113186585668498,-0.00022459722721040228,0.11996789276599884,0.6965468525886536,0.004611194133758545,0.2841071691610018,1.015964360299937,451.71942138671875,0.045862654038332576,0.9344906053403801,0.30188006230170883,0.0,2430.0,52000.0,173000.0
ntk_N1600_a0.5_wd1e-05_s2,0.5,1600,1e-05,2,400.0,2.5000000000000002e-08,ok,,,200000,200000,307,290.99721026420593,33.998345136642456,1,a32604fecc91de55d340ab4799441a26f2677242,False,4.655057637137361e-07,331.5013122558594,371.1933898925781,1.1197343001951183,0.14137762784957886,0.06947132118758606,0.35383307933807373,0.007396697998046875,1.0,1.0,2.6293286282452755e-05,0.005698489490896463,0.0939817726612091,0.02075771110716952,0.14137762784957886,200000,True,61.0,55.0,44000.0,43000.0,43939.0,False,50000.0,49000.0,49939.0,False,50000.0,49000.0,49939.0,False,1069.0,46000.0,44931.0,False,2430.0,83000.0,80570.0,False,3662.0,143000.0,139338.0,False,5520.0,,194480.0,True,7000.0,,193000.0,True,0.09397875517606735,0.00034683887497521937,8.344650268554688e-06,-0.0005964990385375552,0.0039351828062225876,331.4638366699219,0.020760099922494158,0.0005796127766389469,5.166265493215739e-05,0.11841801553964615,0.7220795154571533,0.004383206367492676,0.2668798467080487,1.0671989501101924,453.41778564453125,0.04536013699409334,0.952908864023844,0.3374904759599068,0.0,2193.0,58000.0,188000.0
ntk_N1600_a0.5_wd1e-05_s3,0.5,1600,1e-05,3,400.0,2.5000000000000002e-08,ok,,,200000,200000,307,285.5054898262024,33.1788547039032,1,a32604fecc91de55d340ab4799441a26f2677242,False,4.604319769896392e-07,331.4903869628906,369.7164611816406,1.115315785078948,0.1416688710451126,0.06993742071133169,0.3266902565956116,0.007983624935150146,1.0,1.0,2.6197074475931004e-05,0.005588318221271038,0.09298034757375717,0.020234789322023373,0.1416688710451126,200000,True,61.0,55.0,46000.0,45000.0,45939.0,False,52000.0,51000.0,51939.0,False,52000.0,51000.0,51939.0,False,1069.0,42937.0,41868.0,False,2430.0,81000.0,78570.0,False,3662.0,141000.0,137338.0,False,5520.0,,194480.0,True,7000.0,,193000.0,True,0.09296047687530518,-0.0005469029420055449,8.106231689453125e-06,-0.004856971034197184,0.00400137959572905,331.365478515625,0.02024090416978757,-0.0003465477611034429,-0.0007707600925871064,0.11863432824611664,0.6939447522163391,0.004649639129638672,0.27202026653653116,1.010844530011134,450.66241455078125,0.04557835560853364,0.9348357872646698,0.2983270509792586,0.0,2692.0,60000.0,183000.0
ntk_N1600_a0.5_wd1e-05_s4,0.5,1600,1e-05,4,400.0,2.5000000000000002e-08,ok,,,200000,200000,307,282.78720211982727,33.637306690216064,1,a32604fecc91de55d340ab4799441a26f2677242,False,4.6316480961650086e-07,331.8200378417969,371.05035400390625,1.1182276887715061,0.1419258862733841,0.06979465996748822,0.35456839203834534,0.007685542106628418,1.0,1.0,2.629523260111455e-05,0.005749231670051813,0.09408541023731232,0.02062907558247193,0.1419258862733841,200000,True,61.0,55.0,46000.0,45000.0,45939.0,False,47000.0,46000.0,46939.0,False,47000.0,46000.0,46939.0,False,1069.0,43000.0,41931.0,False,2430.0,81000.0,78570.0,False,3662.0,142000.0,138338.0,False,5520.0,,194480.0,True,7000.0,,193000.0,True,0.09407725185155869,-8.344998786924407e-05,7.271766662597656e-06,-0.0018283815815143007,0.0040005524721521525,331.7662353515625,0.020637073693217135,-1.2386932244242309e-05,-0.00018624582106902947,0.11823782324790955,0.7386866807937622,0.00442272424697876,0.26266036020291594,1.101619573953556,456.25238037109375,0.044833267075037195,0.9734138287969567,0.3503696126968926,0.0,2193.0,57000.0,183000.0
ntk_N1600_a0.5_wd3e-05_s0,0.5,1600,3e-05,0,400.0,7.5e-08,ok,,,200000,200000,307,285.7257981300354,33.18269371986389,1,a32604fecc91de55d340ab4799441a26f2677242,False,5.539249059438589e-07,332.86187744140625,334.4020690917969,1.0046271193992822,0.15583285689353943,0.08511265735987829,0.14929290115833282,0.00945746898651123,1.0,1.0,0.00021513705723918974,0.002282622503116727,0.09359957277774811,0.02083720532399138,0.156279519200325,197000,True,61.0,55.0,18900.0,18000.0,18839.0,False,22000.0,21000.0,21939.0,False,22000.0,21000.0,21939.0,False,1185.0,17000.0,15815.0,False,2430.0,30000.0,27570.0,False,4000.0,51000.0,47000.0,False,6000.0,117000.0,111000.0,False,8319.0,,191681.0,True,0.09359528124332428,-0.002220172667875886,8.046627044677734e-06,-0.0008800347659312881,0.004593553432070874,332.40625,0.020844409552842946,-0.002103893199488161,-0.002370231659674729,0.1208210363984108,0.6091023087501526,0.004624426364898682,0.289178191118966,0.8488544321364384,428.0079650878906,0.04826916411108417,0.8486114803572022,0.20852264254368144,0.0,2430.0,20941.0,60000.0
ntk_N1600_a0.5_wd3e-05_s1,0.5,1600,3e-05,1,400.0,7.5e-08,ok,,,200000,200000,307,291.69405698776245,33.7529878616333,1,a32604fecc91de55d340ab4799441a26f2677242,False,5.260530429040955e-07,332.9020690917969,334.5906066894531,1.005072175136258,0.1567753106355667,0.08527905802334834,0.13423672318458557,0.010053753852844238,1.0,1.0,0.00021861493587493896,0.002608564682304859,0.09326162934303284,0.020501382185995256,0.1567753106355667,200000,True,61.0,55.0,17000.0,16000.0,16939.0,False,18000.0,17057.0,17939.0,False,18000.0,17057.0,17939.0,False,1185.0,17000.0,15815.0,False,2430.0,30000.0,27570.0,False,4000.0,52000.0,48000.0,False,6116.0,136000.0,129884.0,False,8319.0,,191681.0,True,0.09326846897602081,-0.0024682320654392242,7.748603820800781e-06,0.0018706305553418778,0.004742590421149415,332.4182434082031,0.020503528984605612,-0.002303059998963592,-0.0026481506311299644,0.12038397043943405,0.6325642466545105,0.004682362079620361,0.28638664720461043,0.8923615813640984,437.40509033203125,0.04641737209377235,0.8706479250285042,0.23770632304370704,0.0,2430.0,18000.0,56000.0
ntk_N1600_a0.5_wd3e-05_s2,0.5,1600,3e-05,2,400.0,7.5e-08,ok,,,200000,200000,307,283.2865471839905,33.30329155921936,1,a32604fecc91de55d340ab4799441a26f2677242,False,5.42988004781364e-07,331.5013122558594,334.7986755371094,1.0099467578538726,0.15538638830184937,0.08421828950051902,0.1606844663619995,0.009454607963562012,1.0,1.0,0.00021786862635053694,0.002222754992544651,0.0939817726612091,0.02075771110716952,0.15648476779460907,199000,True,61.0,55.0,17000.0,16000.0,16939.0,False,18900.0,18000.0,18839.0,False,18900.0,18000.0,18839.0,False,1185.0,17000.0,15815.0,False,2430.0,30000.0,27570.0,False,4000.0,51000.0,47000.0,False,6000.0,115000.0,109000.0,False,8319.0,,191681.0,True,0.09397953748703003,-0.0021023780573159456,7.62939453125e-06,-0.00041612190539573834,0.004449615158122761,331.06170654296875,0.020760566248519612,-0.0018901505062266094,-0.00237010688294884,0.11966272443532944,0.6432422399520874,0.004498481750488281,0.27673635599422913,0.9120748522883003,435.60009765625,0.04671356680669289,0.8762799947768878,0.25400658156749517,0.0,2193.0,20000.0,59000.0
ntk_N1600_a0.5_wd3e-05_s3,0.5,1600,3e-05,3,400.0,7.5e-08,ok,,,200000,200000,307,282.01296615600586,34.402003049850464,1,a32604fecc91de55d340ab4799441a26f2677242,False,5.498891368915793e-07,331.4903869628906,333.89520263671875,1.0072545562960695,0.15647751092910767,0.08547368970036809,0.12302412837743759,0.0101165771484375,1.0,1.0,0.00021433680376503617,0.002373103052377701,0.09298034757375717,0.020234789322023373,0.15647751092910767,200000,True,61.0,55.0,17000.0,16000.0,16939.0,False,18900.0,18000.0,18839.0,False,18900.0,18000.0,18839.0,False,1185.0,16000.0,14815.0,False,2430.0,29000.0,26570.0,False,4000.0,50000.0,46000.0,False,6116.0,119000.0,112884.0,False,8319.0,,191681.0,True,0.09296054393053055,-0.002970393979921937,7.748603820800781e-06,-0.0048777162416764,0.004925644835804046,330.96234130859375,0.020240890689511928,-0.002768402649345749,-0.003196592507528754,0.11929578334093094,0.6255297660827637,0.004738450050354004,0.2763837621013914,0.8793660697869979,434.6980895996094,0.0464035678081521,0.868560695264147,0.2254069022461722,0.0,2692.0,20941.0,60000.0
ntk_N1600_a0.5_wd3e-05_s4,0.5,1600,3e-05,4,400.0,7.5e-08,ok,,,200000,200000,307,287.1137270927429,33.47150158882141,1,a32604fecc91de55d340ab4799441a26f2677242,False,5.421687205853232e-07,331.8200378417969,334.5367126464844,1.0081871933423825,0.15613429248332977,0.08506661339645744,0.15471819043159485,0.009586453437805176,1.0,1.0,0.00021863667643629014,0.0024137217551469803,0.09408541023731232,0.02062907558247193,0.15617336332798004,197000,True,61.0,55.0,17000.0,16000.0,16939.0,False,17000.0,16000.0,16939.0,False,17000.0,16000.0,16939.0,False,1185.0,17000.0,15815.0,False,2430.0,29000.0,26570.0,False,4000.0,50000.0,46000.0,False,6000.0,123000.0,117000.0,False,8319.0,,191681.0,True,0.09407668560743332,-0.0024947025813162327,6.139278411865234e-06,-0.001996950379734721,0.004707559625100817,331.3629455566406,0.020636926007354405,-0.002411113608588561,-0.0026103539202877823,0.11893006414175034,0.6688559651374817,0.004519462585449219,0.2672483300822285,0.9612255495084391,440.5748291015625,0.045554878482471486,0.9038912780671846,0.2800372495973367,0.0,2193.0,18900.0,58408.0
ntk_N1600_a0.5_wd0.0001_s0,0.5,1600,0.0001,0,400.0,2.5e-07,ok,,,200000,200000,307,291.07613801956177,33.65499925613403,1,a32604fecc91de55d340ab4799441a26f2677242,False,5.396778988142614e-07,332.86187744140625,306.77191162109375,0.9216192433304258,0.1581757813692093,0.08793242000401646,-0.019526099786162376,0.00954735279083252,1.0,1.0,0.0014488471206277609,0.004718517418950796,0.09359957277774811,0.02083720532399138,0.15911056101322174,167000,True,67.0,61.0,8319.0,8000.0,8252.0,False,10214.0,10000.0,10147.0,False,10214.0,10000.0,10147.0,False,1313.0,9000.0,7687.0,False,3305.0,12539.0,9234.0,False,6000.0,20941.0,14941.0,False,10000.0,,190000.0,True,,,,True,0.09359417855739594,-0.011739948764443398,8.881092071533203e-06,-0.0010830458377507528,0.012404964467021717,330.8157653808594,0.0208467772930766,-0.011585781687083237,-0.011936505645342337,0.12630267441272736,0.2868982255458832,0.00529026985168457,0.3245989113536562,0.3528627934148588,362.8858337402344,0.05435026017977203,0.5365635879944619,-0.1348052598455611,0.0,2193.0,8000.0,18900.0
ntk_N1600_a0.5_wd0.0001_s1,0.5,1600,0.0001,1,400.0,2.5e-07,ok,,,200000,200000,307,289.9576985836029,33.97223949432373,1,a32604fecc91de55d340ab4799441a26f2677242,False,5.394402933234232e-07,332.9020690917969,306.5105895996094,0.9207229935092109,0.15877102315425873,0.08791859201037495,-0.028889060020446777,0.00983273983001709,1.0,1.0,0.0014557914109900594,0.0051226564683020115,0.09326162934303284,0.020501382185995256,0.15946510434150696,160000,True,61.0,55.0,8319.0,8000.0,8258.0,False,9000.0,8319.0,8939.0,False,9000.0,8319.0,8939.0,False,1313.0,9000.0,7687.0,False,3305.0,12539.0,9234.0,False,6000.0,22000.0,16000.0,False,10000.0,,190000.0,True,,,,True,0.09326932579278946,-0.010986195877194405,8.344650268554688e-06,0.0020894993079974378,0.011650680949490523,331.0073547363281,0.020504218169824583,-0.010851387271508885,-0.01113084613723008,0.1250678449869156,0.27961617708206177,0.005350768566131592,0.314054363755871,0.34386228915626776,364.2168884277344,0.05177516694857028,0.5314631508635242,-0.1445930907293661,0.0,2193.0,7508.0,17000.0
ntk_N1600_a0.5_wd0.0001_s2,0.5,1600,0.0001,2,400.0,2.5e-07,ok,,,200000,200000,307,281.66726303100586,33.67215633392334,1,a32604fecc91de55d340ab4799441a26f2677242,False,5.162417551218823e-07,331.5013122558594,306.8875732421875,0.9257507041339417,0.15861576795578003,0.08814637402359662,-0.017650367692112923,0.00990915298461914,1.0,1.0,0.0014573177322745323,0.004589424468576908,0.0939817726612091,0.02075771110716952,0.1592637449502945,170000,True,67.0,61.0,9000.0,8319.0,8933.0,False,9000.0,8319.0,8933.0,False,9000.0,8319.0,8933.0,False,1313.0,9000.0,7687.0,False,3305.0,12539.0,9234.0,False,6000.0,20941.0,14941.0,False,10000.0,,190000.0,True,,,,True,0.09398174285888672,-0.011587681248784065,8.821487426757812e-06,0.0001673265275853189,0.012246849489718565,329.47857666015625,0.020761076816681226,-0.011310959995411284,-0.011932375331074874,0.12414602935314178,0.2955641746520996,0.0050803422927856445,0.30578354284880227,0.36318757170604,364.9531555175781,0.05162308631013548,0.5385087598783419,-0.11432121188122955,0.0,2193.0,7508.0,18000.0
ntk_N1600_a0.5_wd0.0001_s3,0.5,1600,0.0001,3,400.0,2.5e-07,ok,,,200000,200000,307,279.9872319698334,34.44151067733765,1,a32604fecc91de55d340ab4799441a26f2677242,False,5.399468250288919e-07,331.4903869628906,306.35107421875,0.9241627699238383,0.15804438292980194,0.087935684034077,-0.0382879339158535,0.010007262229919434,1.0,1.0,0.0014442299725487828,0.004861088469624519,0.09298034757375717,0.020234789322023373,0.15949223935604095,115000,True,55.0,49.0,8319.0,8000.0,8264.0,False,9000.0,8319.0,8945.0,False,9000.0,8319.0,8945.0,False,1313.0,9000.0,7687.0,False,3305.0,12539.0,9234.0,False,6000.0,20941.0,14941.0,False,10000.0,,190000.0,True,,,,True,0.09296248108148575,-0.010379349812865257,6.973743438720703e-06,-0.004616042119246501,0.010980543181446452,329.7404479980469,0.020238316975974634,-0.010206411213987803,-0.010570111434663312,0.12364055961370468,0.27725672721862793,0.005440950393676758,0.3004731729944037,0.3412375299747113,363.7400207519531,0.05133916904970157,0.5303025728666303,-0.14367238251417425,0.0,2430.0,8000.0,18000.0
ntk_N1600_a0.5_wd0.0001_s4,0.5,1600,0.0001,4,400.0,2.5e-07,ok,,,200000,200000,307,280.0976619720459,33.154648780822754,1,a32604fecc91de55d340ab4799441a26f2677242,False,5.498836230799498e-07,331.8200378417969,306.6727600097656,0.9242141071540085,0.15860773622989655,0.08844353103802158,-0.01620446890592575,0.009884655475616455,1.0,1.0,0.001452300464734435,0.004846386145800352,0.09408541023731232,0.02062907558247193,0.15942491590976715,154000,True,67.0,61.0,9000.0,8319.0,8933.0,False,9000.0,8319.0,8933.0,False,9000.0,8319.0,8933.0,False,1313.0,9000.0,7687.0,False,3305.0,12539.0,9234.0,False,6000.0,20941.0,14941.0,False,10000.0,,190000.0,True,,,,True,0.09407646209001541,-0.012014209292829037,7.271766662597656e-06,-0.001919082352770094,0.012660241473624597,329.7768249511719,0.020637872230834332,-0.011885151138923898,-0.012193429468807927,0.12446455657482147,0.30049076676368713,0.0053372979164123535,0.30059571456963613,0.3705189901245389,364.735107421875,0.051726004386368846,0.549761706270624,-0.11838033627629518,0.0,2193.0,7508.0,18000.0
ntk_N1600_a0.5_wd0.0003_s0,0.5,1600,0.0003,0,400.0,7.499999999999999e-07,ok,,,200000,200000,307,281.31944704055786,32.24192476272583,1,a32604fecc91de55d340ab4799441a26f2677242,False,5.330485350896197e-07,332.86187744140625,238.70858764648438,0.7171400626630915,0.1553872972726822,0.08603523205114275,-0.5017198324203491,0.010511577129364014,1.0,1.0,0.010576707310974598,0.01828848570585251,0.09359957277774811,0.02083720532399138,0.1565171182155609,197000,True,425.0,383.0,10000.0,9218.0,9575.0,False,10214.0,10000.0,9789.0,False,10214.0,10000.0,9789.0,False,6000.0,10214.0,4214.0,False,10000.0,17000.0,7000.0,False,,,,True,,,,True,,,,True,0.09393245726823807,-0.22589561343193054,0.00012439489364624023,0.021934406091333365,0.20268920538692187,296.31048583984375,0.021244143874122563,-0.21905796832830862,-0.23433472400797617,0.1422460526227951,-0.7109139561653137,0.00904017686843872,0.37054191116660523,0.5174587034920143,214.001220703125,0.07331176717140665,-0.43772043334538296,-1.168028166733231,0.0,2430.0,6776.0,10000.0
ntk_N1600_a0.5_wd0.0003_s1,0.5,1600,0.0003,1,400.0,7.499999999999999e-07,ok,,,200000,200000,307,276.33494687080383,32.8757119178772,1,a32604fecc91de55d340ab4799441a26f2677242,False,5.203618229643325e-07,332.9020690917969,238.6102294921875,0.7167580247943468,0.15672048926353455,0.08661533688051778,-0.5189003348350525,0.010575294494628906,1.0,1.0,0.010555731132626534,0.018928660079836845,0.09326162934303284,0.020501382185995256,0.157250314950943,174000,True,207.0,187.0,10000.0,9218.0,9793.0,False,10214.0,10000.0,10007.0,False,10214.0,10000.0,10007.0,False,6000.0,11000.0,5000.0,False,10000.0,18000.0,8000.0,False,,,,True,,,,True,,,,True,0.09333054721355438,-0.1156950294971466,4.404783248901367e-05,0.007866474582334398,0.10960741855822263,313.8041687011719,0.02059698811398216,-0.11381522996859215,-0.11800125185674634,0.143076553940773,-0.7290764451026917,0.009466588497161865,0.3709278995038193,0.5263933809214463,213.47291564941406,0.07319987913041455,-0.45214450482290575,-1.1889335977857451,0.0,2430.0,6116.0,10000.0
ntk_N1600_a0.5_wd0.0003_s2,0.5,1600,0.0003,2,400.0,7.499999999999999e-07,ok,,,200000,200000,307,282.55294489860535,33.31120705604553,1,a32604fecc91de55d340ab4799441a26f2677242,False,5.22239758993237e-07,331.5013122558594,238.7842559814453,0.7203116462994475,0.15625007450580597,0.08703812763248453,-0.5080954432487488,0.01097416877746582,1.0,1.0,0.01058298721909523,0.018144065514206886,0.0939817726612091,0.02075771110716952,0.1563219428062439,186000,True,282.0,254.0,10000.0,9218.0,9718.0,False,10000.0,9218.0,9718.0,False,10000.0,9218.0,9718.0,False,6000.0,10214.0,4214.0,False,10000.0,16000.0,6000.0,False,,,,True,,,,True,,,,True,0.0941382572054863,-0.15376299619674683,6.818771362304688e-05,0.014002770738551827,0.14293370392055282,306.3478088378906,0.020939049242978715,-0.15006238866230046,-0.15839120926873834,0.14235249161720276,-0.7284086346626282,0.009589195251464844,0.3582303837500105,0.5261939963974473,212.0353546142578,0.07291137674628945,-0.4587444948217373,-1.1753980590459183,0.0,2193.0,6116.0,10000.0
ntk_N1600_a0.5_wd0.0003_s3,0.5,1600,0.0003,3,400.0,7.499999999999999e-07,ok,,,200000,200000,307,288.8628189563751,33.492974519729614,1,a32604fecc91de55d340ab4799441a26f2677242,False,5.188701379665872e-07,331.4903869628906,238.07301330566406,0.7181897957490865,0.1556244194507599,0.08670901861205535,-0.5292367339134216,0.0107002854347229,1.0,1.0,0.010570816695690155,0.01859232410788536,0.09298034757375717,0.020234789322023373,0.1568552553653717,147000,True,169.0,152.0,10000.0,9218.0,9831.0,False,10000.0,9218.0,9831.0,False,10000.0,9218.0,9831.0,False,6000.0,10214.0,4214.0,False,10000.0,17000.0,7000.0,False,,,,True,,,,True,,,,True,0.09296481311321259,-0.0959826186299324,3.0994415283203125e-05,-0.001616120654995704,0.09182771286110693,315.7108154296875,0.020285966891859505,-0.09451042263148947,-0.09771409432043399,0.14209726452827454,-0.7635368704795837,0.00971764326095581,0.36122834808865734,0.5423991498577427,210.48858642578125,0.0730270630896487,-0.48312102871814794,-1.226142385560242,0.0,2692.0,6776.0,10000.0
ntk_N1600_a0.5_wd0.0003_s4,0.5,1600,0.0003,4,400.0,7.499999999999999e-07,ok,,,200000,200000,307,286.6360569000244,33.005361557006836,1,a32604fecc91de55d340ab4799441a26f2677242,False,5.089506771582819e-07,331.8200378417969,238.53091430664062,0.7188562687717067,0.15610408782958984,0.08713619327297686,-0.5023806691169739,0.010696053504943848,1.0,1.0,0.010585762560367584,0.018415573984384537,0.09408541023731232,0.02062907558247193,0.15693464875221252,31000,True,137.0,124.0,10000.0,9218.0,9863.0,False,11000.0,10214.0,10863.0,False,11000.0,10214.0,10863.0,False,6000.0,10214.0,4214.0,False,10000.0,17000.0,7000.0,False,,,,True,,,,True,,,,True,0.09407652914524078,-0.07777030020952225,2.372264862060547e-05,-0.0009306194418075505,0.07512321643040941,318.9800720214844,0.020672092296352806,-0.07694054301415715,-0.07880549090666522,0.145309180021286,-0.6531857252120972,0.01003175973892212,0.3708634160835705,0.4903798012955351,219.5414581298828,0.07606481084950004,-0.37522164648360606,-1.1144024062417668,0.0,2430.0,6116.0,10000.0
ntk_N1600_a0.5_wd0.001_s0,0.5,1600,0.001,0,400.0,2.5e-06,ok,,,200000,200000,307,286.5625388622284,33.41258692741394,1,a32604fecc91de55d340ab4799441a26f2677242,False,5.693527782568708e-07,332.86187744140625,37.05376052856445,0.1113187271951473,0.05990669131278992,0.0031002410343795145,-3.442488431930542,0.0738447904586792,0.05672268941998482,0.01886792480945587,0.04467383772134781,0.04500099644064903,0.09359957277774811,0.02083720532399138,0.09379061311483383,710,False,,,,,,True,,,,True,,,,True,,,,True,,,,True,,,,True,,,,True,,,,True,,,,,,,,,,,,,,,,,,,0.0,,,
ntk_N1600_a0.5_wd0.001_s1,0.5,1600,0.001,1,400.0,2.5e-06,ok,,,200000,200000,307,292.2964699268341,33.10815644264221,1,a32604fecc91de55d340ab4799441a26f2677242,False,6.167059609651915e-07,332.9020690917969,37.200496673583984,0.11174606626829359,0.05887337028980255,0.003637699255100822,-3.4132473468780518,0.08861470222473145,0.04621848836541176,0.03773584961891174,0.04460028558969498,0.0459403321146965,0.09326162934303284,0.020501382185995256,0.0934344083070755,640,False,,,,,,True,,,,True,,,,True,,,,True,,,,True,,,,True,,,,True,,,,True,,,,,,,,,,,,,,,,,,,0.0,,,
ntk_N1600_a0.5_wd0.001_s2,0.5,1600,0.001,2,400.0,2.5e-06,ok,,,200000,200000,307,291.3098509311676,32.72455883026123,1,a32604fecc91de55d340ab4799441a26f2677242,False,6.492186912510078e-07,331.5013122558594,37.92667007446289,0.11440880826797549,0.06119219958782196,0.0030648692687177794,-3.4299964904785156,0.04956698417663574,0.03991596773266792,0.03773584961891174,0.04473941773176193,0.04464581981301308,0.0939817726612091,0.02075771110716952,0.09413468837738037,710,False,,,,,,True,,,,True,,,,True,,,,True,,,,True,,,,True,,,,True,,,,True,,,,,,,,,,,,,,,,,,,0.0,,,
ntk_N1600_a0.5_wd0.001_s3,0.5,1600,0.001,3,400.0,2.5e-06,ok,,,200000,200000,307,273.8095541000366,33.20798349380493,1,a32604fecc91de55d340ab4799441a26f2677242,False,5.823133619742293e-07,331.4903869628906,32.99821853637695,0.09954502403133339,0.056168083101511,0.004249682878831176,-3.5915493965148926,0.1520429253578186,0.05042016878724098,0.01886792480945587,0.04443539306521416,0.045677199959754944,0.09298034757375717,0.020234789322023373,0.09314820170402527,786,False,,,,,,True,,,,True,,,,True,,,,True,,,,True,,,,True,,,,True,,,,True,,,,,,,,,,,,,,,,,,,0.0,,,
ntk_N1600_a0.5_wd0.001_s4,0.5,1600,0.001,4,400.0,2.5e-06,ok,,,200000,200000,307,214.29128909111023,27.7816801071167,1,a32604fecc91de55d340ab4799441a26f2677242,False,6.311224751698319e-07,331.8200378417969,34.82010269165039,0.10493670882001317,0.058337751775979996,0.0024721675231492743,-3.5433807373046875,0.06969249248504639,0.04831932857632637,0.056603774428367615,0.04465408995747566,0.044732466340065,0.09408541023731232,0.02062907558247193,0.09409146010875702,7,False,,,,,,True,,,,True,,,,True,,,,True,,,,True,,,,True,,,,True,,,,True,,,,,,,,,,,,,,,,,,,0.0,,,
ntk_N1600_a0.5_wd0.003_s0,0.5,1600,0.003,0,400.0,7.5e-06,ok,,,200000,200000,307,168.8340528011322,19.940753936767578,1,a32604fecc91de55d340ab4799441a26f2677242,False,5.677827061845164e-07,332.86187744140625,21.789356231689453,0.06546065412830293,0.05866903066635132,7.006656539687572e-17,-4.624985218048096,0.014459550380706787,0.04621848836541176,0.056603774428367615,0.04635953530669212,0.045698318630456924,0.09359957277774811,0.02083720532399138,0.09360304474830627,5,False,,,,,,True,,,,True,,,,True,,,,True,,,,True,,,,True,,,,True,,,,True,,,,,,,,,,,,,,,,,,,0.0,,,
ntk_N1600_a0.5_wd0.003_s1,0.5,1600,0.003,1,400.0,7.5e-06,ok,,,200000,200000,307,178.22740483283997,19.223743200302124,1,a32604fecc91de55d340ab4799441a26f2677242,False,5.814145538352022e-07,332.9020690917969,21.24652862548828,0.06382215852082795,0.057961709797382355,9.753753794222719e-17,-4.661324977874756,0.02186805009841919,0.042016807943582535,0.07547169923782349,0.046350933611392975,0.04641556367278099,0.09326162934303284,0.020501382185995256,0.09326490759849548,4,False,,,,,,True,,,,True,,,,True,,,,True,,,,True,,,,True,,,,True,,,,True,,,,,,,,,,,,,,,,,,,0.0,,,
ntk_N1600_a0.5_wd0.003_s2,0.5,1600,0.003,2,400.0,7.5e-06,ok,,,200000,200000,307,167.59925198554993,18.64154624938965,1,a32604fecc91de55d340ab4799441a26f2677242,False,5.831218459206866e-07,331.5013122558594,25.13669204711914,0.0758268251671901,0.058572616428136826,8.014286933741288e-17,-4.3351006507873535,0.014270186424255371,0.0357142873108387,0.07547169923782349,0.04628383740782738,0.045776017010211945,0.0939817726612091,0.02075771110716952,0.09398321062326431,2,False,,,,,,True,,,,True,,,,True,,,,True,,,,True,,,,True,,,,True,,,,True,,,,,,,,,,,,,,,,,,,0.0,,,
ntk_N1600_a0.5_wd0.003_s3,0.5,1600,0.003,3,400.0,7.5e-06,ok,,,200000,200000,307,171.86356401443481,19.05612063407898,1,a32604fecc91de55d340ab4799441a26f2677242,False,5.635010325022449e-07,331.4903869628906,13.927793502807617,0.04201567843464128,0.058247894048690796,5.244150383040824e-17,-5.520787715911865,0.01926124095916748,0.04621848836541176,0.09433962404727936,0.04615168645977974,0.04640061780810356,0.09298034757375717,0.020234789322023373,0.09298305213451385,2,False,,,,,,True,,,,True,,,,True,,,,True,,,,True,,,,True,,,,True,,,,True,,,,,,,,,,,,,,,,,,,0.0,,,
ntk_N1600_a0.5_wd0.003_s4,0.5,1600,0.003,4,400.0,7.5e-06,ok,,,200000,200000,307,167.97869110107422,19.504132747650146,1,a32604fecc91de55d340ab4799441a26f2677242,False,5.861407998963841e-07,331.8200378417969,20.864971160888672,0.06288038328425646,0.05789424851536751,1.011831677472097e-16,-4.68500280380249,0.020054221153259277,0.03991596773266792,0.07547169923782349,0.046170223504304886,0.04523513838648796,0.09408541023731232,0.02062907558247193,0.09409179538488388,7,False,,,,,,True,,,,True,,,,True,,,,True,,,,True,,,,True,,,,True,,,,True,,,,,,,,,,,,,,,,,,,0.0,,,
ntk_N1600_a1_wd0_s0,1.0,1600,0.0,0,100.0,0.0,ok,,,200000,200000,307,171.3374412059784,20.240389108657837,1,a32604fecc91de55d340ab4799441a26f2677242,False,4.0263398659590166e-07,332.86187744140625,427.98333740234375,1.2857685616992345,0.10333959758281708,0.029748139443563238,0.5467814207077026,0.0019550323486328125,1.0,0.01886792480945587,1.73968700556415e-10,0.052026908844709396,0.09359957277774811,0.02083720532399138,0.10335183143615723,54000,True,61.0,55.0,,,199939.0,True,,,199939.0,True,,,199939.0,True,1000.0,,199000.0,True,2430.0,,197570.0,True,4496.0,,195504.0,True,8000.0,,192000.0,True,11000.0,,189000.0,True,0.09359972923994064,0.00040046300273388624,3.874301910400391e-06,0.00021419767413551595,0.0025053255512176467,332.9034423828125,0.02083838070899837,0.00044066820592362414,0.0003539163927882038,,,,,,,,,,0.0,6000.0,,
ntk_N1600_a1_wd0_s1,1.0,1600,0.0,1,100.0,0.0,ok,,,200000,200000,307,167.86693024635315,19.63732933998108,1,a32604fecc91de55d340ab4799441a26f2677242,False,4.0679094581719255e-07,332.9020690917969,427.8913269042969,1.285336940294916,0.1036401242017746,0.029729391949262315,0.5385720133781433,0.0020758509635925293,1.0,0.01886792480945587,1.715266539914495e-10,0.05080400034785271,0.09326162934303284,0.020501382185995256,0.10366396605968475,31000,True,61.0,55.0,,,199939.0,True,,,199939.0,True,,,199939.0,True,1069.0,,198931.0,True,2430.0,,197570.0,True,4981.0,,195019.0,True,8000.0,,192000.0,True,11000.0,,189000.0,True,0.09325858950614929,0.0002675890573300421,3.337860107421875e-06,-0.0010463407741564377,0.0026128287042920793,332.9294128417969,0.02050135595394377,0.00031930088118284144,0.0002217158068861988,,,,,,,,,,0.0,6000.0,,
ntk_N1600_a1_wd0_s2,1.0,1600,0.0,2,100.0,0.0,ok,,,200000,200000,307,170.94359397888184,20.059427738189697,1,a32604fecc91de55d340ab4799441a26f2677242,False,4.024124677926011e-07,331.5013122558594,427.20025634765625,1.2886834547971096,0.10358251631259918,0.02992808563658039,0.5467276573181152,0.0019879937171936035,1.0,0.0,1.717837955217405e-10,0.053968410938978195,0.0939817726612091,0.02075771110716952,0.10358698666095734,79000,True,55.0,49.0,,,199945.0,True,,,199945.0,True,,,199945.0,True,1000.0,,199000.0,True,2430.0,,197570.0,True,4496.0,,195504.0,True,8000.0,,192000.0,True,11000.0,,189000.0,True,0.09398768097162247,0.00035958975786343217,2.9802322387695312e-06,0.002574478564450801,0.0024048500170101702,331.5436096191406,0.020757580675310916,0.0003878822270732997,0.00032986088380273143,,,,,,,,,,0.0,5520.0,,
ntk_N1600_a1_wd0_s3,1.0,1600,0.0,3,100.0,0.0,ok,,,200000,200000,307,161.32065629959106,18.157129049301147,1,a32604fecc91de55d340ab4799441a26f2677242,False,4.079217035268812e-07,331.4903869628906,426.817138671875,1.2875701844097698,0.10259503126144409,0.029341821075878405,0.5386790633201599,0.0019925832748413086,1.0,0.0,1.713552494342352e-10,0.05110665038228035,0.09298034757375717,0.020234789322023373,0.10259709507226944,91000,True,61.0,55.0,,,199939.0,True,,,199939.0,True,,,199939.0,True,1000.0,,199000.0,True,2430.0,,197570.0,True,4981.0,,195019.0,True,8000.0,,192000.0,True,11000.0,,189000.0,True,0.0929676815867424,0.00019059749320149422,4.172325134277344e-06,-0.0049005400975973045,0.002536707002333459,331.49432373046875,0.02023528215318947,0.00039138987340413636,-4.097169443009448e-05,,,,,,,,,,0.0,7508.0,,
ntk_N1600_a1_wd0_s4,1.0,1600,0.0,4,100.0,0.0,ok,,,200000,200000,307,171.12900805473328,20.02563738822937,1,a32604fecc91de55d340ab4799441a26f2677242,False,3.979051541591616e-07,331.8200378417969,427.2656555175781,1.2876427183137362,0.1036679595708847,0.029910169932224305,0.5486762523651123,0.001983821392059326,1.0,0.0,1.6989604167960692e-10,0.05186459422111511,0.09408541023731232,0.02062907558247193,0.10368569940328598,39000,True,61.0,55.0,,,199939.0,True,,,199939.0,True,,,199939.0,True,1069.0,,198931.0,True,2430.0,,197570.0,True,4981.0,,195019.0,True,8000.0,,192000.0,True,11000.0,,189000.0,True,0.09409227967262268,4.5298504119273275e-05,2.9802322387695312e-06,0.0029241392964092514,0.002525549090349973,331.85980224609375,0.020635548940673022,-0.00011901190899535383,0.0002339777174894211,,,,,,,,,,0.0,5520.0,,
ntk_N1600_a1_wd3e-06_s0,1.0,1600,3e-06,0,100.0,3.0000000000000004e-08,ok,,,200000,200000,307,174.87557697296143,19.54842257499695,1,a32604fecc91de55d340ab4799441a26f2677242,False,4.2385789811305585e-07,332.86187744140625,349.6410827636719,1.050408912703496,0.11221126466989517,0.03873452894477265,0.1903231143951416,0.0035473108291625977,1.0,0.43396225571632385,1.3616824617201928e-05,0.038464952260255814,0.09359957277774811,0.02083720532399138,0.11221126466989517,200000,True,61.0,55.0,,,199939.0,True,,,199939.0,True,,,199939.0,True,1069.0,,198931.0,True,2430.0,,197570.0,True,4981.0,,195019.0,True,8000.0,,192000.0,True,11000.0,,189000.0,True,0.09359901398420334,5.113947918289341e-05,3.337860107421875e-06,-9.507776735317238e-05,0.0024776832680592446,332.84228515625,0.020838165209820046,0.00010416701372518453,-9.831959063003101e-06,,,,,,,,,,0.0,6000.0,,
ntk_N1600_a1_wd3e-06_s1,1.0,1600,3e-06,1,100.0,3.0000000000000004e-08,ok,,,200000,200000,307,172.32046389579773,19.096124410629272,1,a32604fecc91de55d340ab4799441a26f2677242,False,4.1548807416802447e-07,332.9020690917969,348.6025390625,1.047162428318743,0.11347819119691849,0.03904932038091947,0.17229968309402466,0.0038480758666992188,1.0,0.2641509473323822,1.3261475032777525e-05,0.03866564482450485,0.09326162934303284,0.020501382185995256,0.11347819119691849,200000,True,61.0,55.0,,,199939.0,True,,,199939.0,True,,,199939.0,True,1069.0,,198931.0,True,2430.0,,197570.0,True,4981.0,,195019.0,True,8000.0,,192000.0,True,11000.0,,189000.0,True,0.09325864911079407,-9.835250239120796e-05,3.5762786865234375e-06,-0.0010222616127922165,0.002603726815373973,332.8688659667969,0.02050147628873486,-4.873206725535496e-05,-0.00014207025241029956,,,,,,,,,,0.0,6000.0,,
ntk_N1600_a1_wd3e-06_s2,1.0,1600,3e-06,2,100.0,3.0000000000000004e-08,ok,,,200000,200000,307,169.05409002304077,19.219637632369995,1,a32604fecc91de55d340ab4799441a26f2677242,False,4.2563365809655807e-07,331.5013122558594,348.941650390625,1.0526101631878453,0.11272120475769043,0.039075477197584293,0.18833981454372406,0.0036922693252563477,1.0,0.2075471729040146,1.3344938452064525e-05,0.038795918226242065,0.0939817726612091,0.02075771110716952,0.11272120475769043,200000,True,55.0,49.0,,,199945.0,True,,,199945.0,True,,,199945.0,True,1069.0,,198931.0,True,2430.0,,197570.0,True,4981.0,,195019.0,True,8000.0,,192000.0,True,11000.0,,189000.0,True,0.09398815035820007,2.634490556374658e-05,3.2186508178710938e-06,0.0027786900548017347,0.002378425771258637,331.4891662597656,0.020757483982630012,5.007404665514666e-05,1.8895266034867963e-06,,,,,,,,,,0.0,5520.0,,
ntk_N1600_a1_wd3e-06_s3,1.0,1600,3e-06,3,100.0,3.0000000000000004e-08,ok,,,200000,200000,307,173.07442784309387,19.87158966064453,1,a32604fecc91de55d340ab4799441a26f2677242,False,4.1928177552108536e-07,331.4903869628906,348.0740661621094,1.050027632327918,0.11221515387296677,0.038786546661376514,0.17042605578899384,0.003770172595977783,1.0,0.3962264060974121,1.3404584024101496e-05,0.03745461255311966,0.09298034757375717,0.020234789322023373,0.11221515387296677,200000,True,61.0,55.0,,,199939.0,True,,,199939.0,True,,,199939.0,True,1069.0,,198931.0,True,2430.0,,197570.0,True,4981.0,,195019.0,True,8000.0,,192000.0,True,11000.0,,189000.0,True,0.09296777099370956,-0.0001833010755944997,4.172325134277344e-06,-0.004865335836890375,0.0025353438771638717,331.4337463378906,0.020235572646725312,9.106910769176711e-06,-0.0004050418698597642,,,,,,,,,,0.0,7000.0,,
ntk_N1600_a1_wd3e-06_s4,1.0,1600,3e-06,4,100.0,3.0000000000000004e-08,ok,,,200000,200000,307,173.07460284233093,19.41038680076599,1,a32604fecc91de55d340ab4799441a26f2677242,False,4.186576347819937e-07,331.8200378417969,348.7164001464844,1.0509202591096782,0.11289350688457489,0.03916210231542088,0.19257745146751404,0.003660142421722412,1.0,0.3207547068595886,1.3446033335640095e-05,0.03801678493618965,0.09408541023731232,0.02062907558247193,0.11289350688457489,200000,True,61.0,55.0,,,199939.0,True,,,199939.0,True,,,199939.0,True,1069.0,,198931.0,True,2430.0,,197570.0,True,4981.0,,195019.0,True,8000.0,,192000.0,True,11000.0,,189000.0,True,0.09409204125404358,-0.0003126752271782607,2.86102294921875e-06,0.002817116862284483,0.0025442062722457423,331.7990417480469,0.02063547140246272,-0.0004717283177130299,-0.00012992997834073775,,,,,,,,,,0.0,5520.0,,
ntk_N1600_a1_wd1e-05_s0,1.0,1600,1e-05,0,100.0,1.0000000000000001e-07,ok,,,200000,200000,307,173.1456537246704,18.475866317749023,1,a32604fecc91de55d340ab4799441a26f2677242,False,4.4819543632002024e-07,332.86187744140625,279.2618713378906,0.8389722292155525,0.13110913336277008,0.058990387445937265,-0.21141576766967773,0.006248891353607178,1.0,1.0,0.00011989430640824139,0.012969017960131168,0.09359957277774811,0.02083720532399138,0.13113561272621155,198000,True,61.0,55.0,105000.0,104000.0,104939.0,False,128000.0,127000.0,127939.0,False,128000.0,127000.0,127939.0,False,1069.0,95000.0,93931.0,False,2692.0,142000.0,139308.0,False,4981.0,,195019.0,True,9000.0,,191000.0,True,12539.0,,187461.0,True,0.09359896183013916,-0.000801825022790581,2.682209014892578e-06,-0.0001468727126616412,0.002599698168953854,332.70111083984375,0.020838192711685577,-0.0007505886486602644,-0.0008586368450169315,0.12251321226358414,-0.07243193686008453,0.005035042762756348,0.2944945518774321,0.11936543085746677,301.90081787109375,0.049729250937985844,0.18025765728231938,-0.5028893852512695,0.0,6000.0,111000.0,
ntk_N1600_a1_wd1e-05_s1,1.0,1600,1e-05,1,100.0,1.0000000000000001e-07,ok,,,200000,200000,307,170.86723113059998,17.914490461349487,1,a32604fecc91de55d340ab4799441a26f2677242,False,4.514192539772921e-07,332.9020690917969,278.3631286621094,0.8361712182249954,0.13284336030483246,0.05958351597704791,-0.2331990897655487,0.006800293922424316,1.0,1.0,0.00012002415314782411,0.014038896188139915,0.09326162934303284,0.020501382185995256,0.13284336030483246,200000,True,61.0,55.0,106000.0,105000.0,105939.0,False,112000.0,111000.0,111939.0,False,112000.0,111000.0,111939.0,False,1069.0,98000.0,96931.0,False,2692.0,149000.0,146308.0,False,4981.0,,195019.0,True,9000.0,,191000.0,True,13000.0,,187000.0,True,0.09325869381427765,-0.0009579476900398731,4.0531158447265625e-06,-0.0009862539114924849,0.0027784411013591958,332.7270202636719,0.020501407686862316,-0.0009181171390602082,-0.000990881192765561,0.12158291041851044,-0.04724306985735893,0.0051076412200927734,0.2865415928072031,0.10896406799797062,308.1615905761719,0.04754968103850812,0.20691991174203722,-0.4782504777643761,0.0,6000.0,102000.0,
ntk_N1600_a1_wd1e-05_s2,1.0,1600,1e-05,2,100.0,1.0000000000000001e-07,ok,,,200000,200000,307,176.36390280723572,18.63084387779236,1,a32604fecc91de55d340ab4799441a26f2677242,False,4.5658481440113974e-07,331.5013122558594,278.99139404296875,0.8415996671157596,0.13160406053066254,0.059271406565721885,-0.20990213751792908,0.006292760372161865,1.0,1.0,0.00012002341100014746,0.012821757234632969,0.0939817726612091,0.02075771110716952,0.13165877759456635,199000,True,61.0,55.0,103000.0,102000.0,102939.0,False,112000.0,111000.0,111939.0,False,112000.0,111000.0,111939.0,False,1069.0,94000.0,92931.0,False,2692.0,141000.0,138308.0,False,4981.0,,195019.0,True,9000.0,,191000.0,True,12539.0,,187461.0,True,0.09398787468671799,-0.0008136362885124981,3.6954879760742188e-06,0.002532430394000038,0.0026478769802908892,331.3471374511719,0.0207579827434681,-0.0007791771977546773,-0.000853930540384344,0.12065917998552322,-0.030039697885513306,0.00482487678527832,0.27777238689709793,0.10118576466329503,308.6636657714844,0.047579786712223876,0.21619669698715505,-0.44885720030357357,0.0,5520.0,107000.0,
ntk_N1600_a1_wd1e-05_s3,1.0,1600,1e-05,3,100.0,1.0000000000000001e-07,ok,,,200000,200000,307,174.10180497169495,18.369938373565674,1,a32604fecc91de55d340ab4799441a26f2677242,False,4.476606250136683e-07,331.4903869628906,277.6504821777344,0.8375823043363744,0.13170789182186127,0.05938396583343811,-0.23725585639476776,0.006718695163726807,1.0,1.0,0.00011965537851210684,0.012818720191717148,0.09298034757375717,0.020234789322023373,0.13175873458385468,199000,True,61.0,55.0,95000.0,94000.0,94939.0,False,111000.0,110000.0,110939.0,False,111000.0,110000.0,110939.0,False,1069.0,92000.0,90931.0,False,2692.0,140000.0,137308.0,False,4981.0,,195019.0,True,9000.0,,191000.0,True,13000.0,,187000.0,True,0.09296832233667374,-0.0010528144193813205,3.0994415283203125e-06,-0.004700925056228264,0.0027296283140278745,331.2927551269531,0.020235796517053026,-0.00087587917224953,-0.001254504442005242,0.12031573802232742,-0.05082454904913902,0.005066037178039551,0.27778496034290706,0.10993925610749133,307.962646484375,0.04733826554289774,0.20454603319176642,-0.4786633795361946,0.0,6776.0,109000.0,
ntk_N1600_a1_wd1e-05_s4,1.0,1600,1e-05,4,100.0,1.0000000000000001e-07,ok,,,200000,200000,307,166.83517408370972,18.665891408920288,1,a32604fecc91de55d340ab4799441a26f2677242,False,4.548901699763519e-07,331.8200378417969,278.7585144042969,0.8400894539623965,0.1318679302930832,0.05935471280175474,-0.20781433582305908,0.006410360336303711,1.0,1.0,0.00011999627895420417,0.0130607346072793,0.09408541023731232,0.02062907558247193,0.1318679302930832,200000,True,61.0,55.0,99000.0,98000.0,98939.0,False,109000.0,108081.0,108939.0,False,109000.0,108081.0,108939.0,False,1069.0,93000.0,91931.0,False,2692.0,141000.0,138308.0,False,4981.0,,195019.0,True,9000.0,,191000.0,True,12539.0,,187461.0,True,0.09409234672784805,-0.0011710822582244873,1.6689300537109375e-06,0.0028888518493424896,0.002791357977194038,331.6582946777344,0.020635376389613536,-0.0013356534121587208,-0.0009790434060447599,0.12063953280448914,-0.018680280074477196,0.004839897155761719,0.27605298728417055,0.09922460401390786,309.9952697753906,0.0472582380804619,0.2320536624128052,-0.4428350254752675,0.0,5520.0,106000.0,
ntk_N1600_a1_wd3e-05_s0,1.0,1600,3e-05,0,100.0,3e-07,ok,,,200000,200000,307,173.28999590873718,18.414558172225952,1,a32604fecc91de55d340ab4799441a26f2677242,False,5.304414685269876e-07,332.86187744140625,238.97389221191406,0.7179371036684148,0.14877714216709137,0.07773599043244485,-0.5082083940505981,0.009083271026611328,1.0,1.0,0.0009135283762589097,0.0066769844852387905,0.09359957277774811,0.02083720532399138,0.14877714216709137,200000,True,67.0,61.0,38000.0,37000.0,37933.0,False,51000.0,50000.0,50933.0,False,51000.0,50000.0,50933.0,False,1069.0,36000.0,34931.0,False,2983.0,52000.0,49017.0,False,6000.0,93000.0,87000.0,False,12539.0,,187461.0,True,41000.0,,159000.0,True,0.09359665215015411,-0.0035064828116446733,2.7418136596679688e-06,-0.0010285647886305036,0.004356244297985713,332.2419128417969,0.02083801135216822,-0.003417859435214621,-0.0036110632485303086,0.12633848190307617,-0.2389403134584427,0.005554139614105225,0.31737905399627897,0.23220796925131412,276.2125244140625,0.05413465639695599,0.020240356832314964,-0.6827104228541128,0.0,5520.0,38000.0,95000.0
ntk_N1600_a1_wd3e-05_s1,1.0,1600,3e-05,1,100.0,3e-07,ok,,,200000,200000,307,167.4989368915558,18.412798166275024,1,a32604fecc91de55d340ab4799441a26f2677242,False,5.170727490622085e-07,332.9020690917969,239.10055541992188,0.7182309081833629,0.14837239682674408,0.07679196129445573,-0.5111196041107178,0.009449124336242676,1.0,1.0,0.0009153843857347965,0.007513241842389107,0.09326162934303284,0.020501382185995256,0.14850571751594543,197000,True,61.0,55.0,38000.0,37000.0,37939.0,False,40000.0,39000.0,39939.0,False,40000.0,39000.0,39939.0,False,1185.0,37000.0,35815.0,False,2983.0,55000.0,52017.0,False,6116.0,104000.0,97884.0,False,13000.0,,187000.0,True,38751.0,,161249.0,True,0.0932592824101448,-0.0033814795315265656,3.933906555175781e-06,-0.0007619494812193659,0.004262823469348731,332.3229675292969,0.020501167868987463,-0.0033389970347270214,-0.0034163067964094354,0.12279295921325684,-0.17775709927082062,0.005223393440246582,0.29534723854923806,0.18779787428482933,288.15228271484375,0.049102293407544274,0.07735026090392114,-0.6101321294576163,0.0,5520.0,34974.0,90000.0
ntk_N1600_a1_wd3e-05_s2,1.0,1600,3e-05,2,100.0,3e-07,ok,,,200000,200000,307,176.2506241798401,18.405442476272583,1,a32604fecc91de55d340ab4799441a26f2677242,False,5.444929911391228e-07,331.5013122558594,239.17535400390625,0.7214914245024343,0.1484275758266449,0.07731028655609448,-0.4981568455696106,0.008886575698852539,1.0,1.0,0.0009181291097775102,0.006478718016296625,0.0939817726612091,0.02075771110716952,0.1484672874212265,198000,True,61.0,55.0,38000.0,37000.0,37939.0,False,39000.0,38751.0,38939.0,False,39000.0,38751.0,38939.0,False,1069.0,36000.0,34931.0,False,2983.0,52000.0,49017.0,False,6000.0,91000.0,85000.0,False,12539.0,,187461.0,True,40000.0,,160000.0,True,0.09398819506168365,-0.0032310772221535444,3.6954879760742188e-06,0.0026493373868472286,0.00409491883921063,330.9449157714844,0.020757792360358844,-0.0031906009222077932,-0.0032777247930917824,0.12141097337007523,-0.151206836104393,0.004889130592346191,0.2836435661421646,0.16762403368341303,290.0937194824219,0.04849503682585843,0.09523698069219441,-0.5698581569613694,0.0,4981.0,37000.0,92000.0
ntk_N1600_a1_wd3e-05_s3,1.0,1600,3e-05,3,100.0,3e-07,ok,,,200000,200000,307,171.52332210540771,19.583098888397217,1,a32604fecc91de55d340ab4799441a26f2677242,False,5.379083631851245e-07,331.4903869628906,238.25408935546875,0.7187360440172903,0.14879091084003448,0.0774493805965577,-0.5282202959060669,0.00958108901977539,1.0,1.0,0.0009036888950504363,0.006620361004024744,0.09298034757375717,0.020234789322023373,0.14879091084003448,200000,True,61.0,55.0,37000.0,36000.0,36939.0,False,40000.0,39000.0,39939.0,False,40000.0,39000.0,39939.0,False,1069.0,34974.0,33905.0,False,2983.0,52000.0,49017.0,False,6116.0,91000.0,84884.0,False,13000.0,,187000.0,True,39000.0,,161000.0,True,0.09296916425228119,-0.0034756790846586227,3.5762786865234375e-06,-0.004351368646693872,0.004283510499927179,330.8904724121094,0.020235741595280975,-0.003296293473713936,-0.003681462316569443,0.12186378240585327,-0.18672996759414673,0.005311250686645508,0.286667135566467,0.1944879946908308,287.394775390625,0.0491750371627816,0.06910657269410991,-0.6145300905116163,0.0,6000.0,37000.0,93000.0
ntk_N1600_a1_wd3e-05_s4,1.0,1600,3e-05,4,100.0,3e-07,ok,,,200000,200000,307,172.28011107444763,19.0325448513031,1,a32604fecc91de55d340ab4799441a26f2677242,False,5.289219302540005e-07,331.8200378417969,238.7632598876953,0.7195564844143963,0.148687481880188,0.07773718697815091,-0.49939659237861633,0.008928418159484863,1.0,1.0,0.0009164831135421991,0.006792857311666012,0.09408541023731232,0.02062907558247193,0.14880907535552979,191000,True,67.0,61.0,38751.0,38000.0,38684.0,False,40000.0,39000.0,39933.0,False,40000.0,39000.0,39933.0,False,1185.0,34974.0,33789.0,False,2983.0,52000.0,49017.0,False,6116.0,94000.0,87884.0,False,12539.0,,187461.0,True,40000.0,,160000.0,True,0.0940912663936615,-0.003891579806804657,1.9669532775878906e-06,0.00238434954777449,0.004685947422229118,331.200439453125,0.02063557614406429,-0.004026905034711808,-0.0037379592609225764,0.12239109724760056,-0.15907296538352966,0.0051361918449401855,0.28567228668822,0.17433058674081817,288.2665100097656,0.049257915276055136,0.09405676020345495,-0.5878092800635495,0.0,5000.0,36000.0,90000.0
ntk_N1600_a1_wd0.0001_s0,1.0,1600,0.0001,0,100.0,1e-06,ok,,,200000,200000,307,169.8836486339569,18.55595088005066,1,a32604fecc91de55d340ab4799441a26f2677242,False,5.357065333555511e-07,332.86187744140625,200.05833435058594,0.6010250734880334,0.1515822410583496,0.08160328130866068,-0.8320899605751038,0.01052480936050415,1.0,1.0,0.005654162261635065,0.012565849348902702,0.09359957277774811,0.02083720532399138,0.15185412764549255,193000,True,124.0,112.0,20941.0,20000.0,20817.0,False,25000.0,24000.0,24876.0,False,25000.0,24000.0,24876.0,False,1455.0,20000.0,18545.0,False,7508.0,28487.0,20979.0,False,20000.0,,180000.0,True,,,,True,,,,True,0.09360206872224808,-0.023736730217933655,7.987022399902344e-06,0.0008465691514572588,0.023765192251101616,328.88873291015625,0.020848915832378884,-0.02366280458163063,-0.023836812306647324,0.13521121442317963,-0.7506175637245178,0.0072269439697265625,0.353909763849154,0.5343489028422954,210.207275390625,0.06436942346591704,-0.48145191466824133,-1.2083827241850014,0.0,4981.0,16000.0,31000.0
ntk_N1600_a1_wd0.0001_s1,1.0,1600,0.0001,1,100.0,1e-06,ok,,,200000,200000,307,169.92985606193542,18.89089274406433,1,a32604fecc91de55d340ab4799441a26f2677242,False,5.530161502065312e-07,332.9020690917969,200.0728302001953,0.6009960549239655,0.15119805932044983,0.08099138974260439,-0.8350908756256104,0.010530591011047363,1.0,1.0,0.005653913598507643,0.013606698252260685,0.09326162934303284,0.020501382185995256,0.15164317190647125,199000,True,82.0,74.0,21000.0,20941.0,20918.0,False,23000.0,22000.0,22918.0,False,23000.0,22000.0,22918.0,False,1455.0,20941.0,19486.0,False,7508.0,31000.0,23492.0,False,20000.0,,180000.0,True,,,,True,,,,True,0.09326314926147461,-0.01594153232872486,4.947185516357422e-06,0.0006545833011292928,0.016100815276184174,330.2369689941406,0.02050274496204558,-0.015901408185115446,-0.015977234693859782,0.13349910080432892,-0.7601047158241272,0.007418453693389893,0.338117991468829,0.5388591727233324,210.91612243652344,0.06179792467968584,-0.48745390746197337,-1.2231211473462313,0.0,4981.0,15395.0,31000.0
ntk_N1600_a1_wd0.0001_s2,1.0,1600,0.0001,2,100.0,1e-06,ok,,,200000,200000,307,167.50126314163208,18.667916774749756,1,a32604fecc91de55d340ab4799441a26f2677242,False,5.644462248710624e-07,331.5013122558594,200.18841552734375,0.6038842325089631,0.15100131928920746,0.08155525372955799,-0.823101818561554,0.010334491729736328,1.0,1.0,0.005656842608004808,0.012186294421553612,0.0939817726612091,0.02075771110716952,0.15147168934345245,157000,True,112.0,101.0,20000.0,19000.0,19888.0,False,22000.0,21000.0,21888.0,False,22000.0,21000.0,21888.0,False,1455.0,20000.0,18545.0,False,7508.0,28000.0,20492.0,False,20000.0,,180000.0,True,,,,True,,,,True,0.09399150311946869,-0.021409496665000916,6.198883056640625e-06,0.002933224345059447,0.021462037309485503,327.9305725097656,0.02076508003862153,-0.021305616216961913,-0.02154232250214699,0.13182348012924194,-0.7426239848136902,0.006905257701873779,0.32954568966880754,0.5303683662910038,211.3176727294922,0.06041303453371172,-0.47746287261417314,-1.1951415237412262,0.0,4981.0,15395.0,31000.0
ntk_N1600_a1_wd0.0001_s3,1.0,1600,0.0001,3,100.0,1e-06,ok,,,200000,200000,307,170.5647530555725,17.813143253326416,1,a32604fecc91de55d340ab4799441a26f2677242,False,5.508857157110469e-07,331.4903869628906,199.4600067138672,0.6017067600098948,0.1511853188276291,0.08169987718992389,-0.8572887778282166,0.010652661323547363,1.0,1.0,0.0056221564300358295,0.012799390591681004,0.09298034757375717,0.020234789322023373,0.15180286765098572,189000,True,91.0,82.0,20941.0,20000.0,20850.0,False,20941.0,20000.0,20850.0,False,20941.0,20000.0,20850.0,False,1455.0,20000.0,18545.0,False,7508.0,28487.0,20979.0,False,20000.0,,180000.0,True,,,,True,,,,True,0.09296336024999619,-0.01785368099808693,4.827976226806641e-06,-0.005146458699127431,0.017982662923278128,328.5240783691406,0.020237574986113456,-0.01771493358291592,-0.018008578223828592,0.13015171885490417,-0.7735514044761658,0.0071489810943603516,0.31837131947168845,0.5447172555795606,210.36085510253906,0.05899779729058528,-0.501249242621942,-1.2309511390350776,0.0,5520.0,16000.0,30000.0
ntk_N1600_a1_wd0.0001_s4,1.0,1600,0.0001,4,100.0,1e-06,ok,,,200000,200000,307,168.43360686302185,18.93048334121704,1,a32604fecc91de55d340ab4799441a26f2677242,False,5.331841066436027e-07,331.8200378417969,199.80636596679688,0.6021528032675932,0.15135423839092255,0.0819877771849608,-0.8255413770675659,0.010281562805175781,1.0,1.0,0.005659100133925676,0.012752648442983627,0.09408541023731232,0.02062907558247193,0.1519547551870346,175000,True,74.0,67.0,20941.0,20000.0,20867.0,False,24000.0,23204.0,23926.0,False,24000.0,23204.0,23926.0,False,1455.0,20000.0,18545.0,False,7508.0,28487.0,20979.0,False,20000.0,,180000.0,True,,,,True,,,,True,0.09409110993146896,-0.014545634388923645,2.086162567138672e-06,0.0022346898615778735,0.014694952212097795,329.4336853027344,0.02063477950789868,-0.014657630626561322,-0.014416777670955578,0.13462749123573303,-0.7423268556594849,0.00753408670425415,0.3381645074088009,0.5307964235666234,210.23980712890625,0.06347432898294555,-0.4678340431498225,-1.209900603497586,0.0,4981.0,15395.0,30000.0
ntk_N1600_a1_wd0.0003_s0,1.0,1600,0.0003,0,100.0,2.9999999999999997e-06,ok,,,200000,200000,307,166.24287676811218,18.053749799728394,1,a32604fecc91de55d340ab4799441a26f2677242,False,6.446781526392442e-07,332.86187744140625,103.03726196289062,0.3095496028409811,0.11781159043312073,0.05061791335468985,-1.9432755708694458,0.0229952335357666,0.7184873819351196,0.07547169923782349,0.033665645867586136,0.04214649647474289,0.09359957277774811,0.02083720532399138,0.11804156750440598,199000,False,,,,,,True,,,,True,,,,True,,,,True,,,,True,,,,True,,,,True,,,,True,,,,,,,,,,,,,,,,,,,0.0,28487.0,,
ntk_N1600_a1_wd0.0003_s1,1.0,1600,0.0003,1,100.0,2.9999999999999997e-06,ok,,,200000,200000,307,171.73721313476562,19.47821593284607,1,a32604fecc91de55d340ab4799441a26f2677242,False,5.709312631552166e-07,332.9020690917969,102.45323944091797,0.30775789324597663,0.11410143971443176,0.048605101769249065,-1.9443926811218262,0.027022838592529297,0.6659663915634155,0.07547169923782349,0.03385376185178757,0.04429749771952629,0.09326162934303284,0.020501382185995256,0.11416421085596085,190000,False,,,,,,True,,,,True,,,,True,,,,True,,,,True,,,,True,,,,True,,,,True,,,,,,,,,,,,,,,,,,,0.0,32000.0,,
ntk_N1600_a1_wd0.0003_s2,1.0,1600,0.0003,2,100.0,2.9999999999999997e-06,ok,,,200000,200000,307,170.58580112457275,19.30815625190735,1,a32604fecc91de55d340ab4799441a26f2677242,False,6.624910611208179e-07,331.5013122558594,103.63817596435547,0.31263277740621864,0.11609546840190887,0.050564242195212716,-1.9204269647598267,0.024036824703216553,0.7373949289321899,0.16981132328510284,0.03357104957103729,0.04144681990146637,0.0939817726612091,0.02075771110716952,0.11621618270874023,199000,False,,,,,,True,,,,True,,,,True,,,,True,,,,True,,,,True,,,,True,,,,True,,,,,,,,,,,,,,,,,,,0.0,30000.0,,
ntk_N1600_a1_wd0.0003_s3,1.0,1600,0.0003,3,100.0,2.9999999999999997e-06,ok,,,200000,200000,307,168.5649871826172,17.830530405044556,1,a32604fecc91de55d340ab4799441a26f2677242,False,6.545444648509147e-07,331.4903869628906,100.42259979248047,0.3029427209414748,0.11633341759443283,0.0506093472264324,-2.0134475231170654,0.0275726318359375,0.6974790096282959,0.15094339847564697,0.03394405543804169,0.04330800473690033,0.09298034757375717,0.020234789322023373,0.11647634208202362,199000,False,,,,,,True,,,,True,,,,True,,,,True,,,,True,,,,True,,,,True,,,,True,,,,,,,,,,,,,,,,,,,0.0,30000.0,,
ntk_N1600_a1_wd0.0003_s4,1.0,1600,0.0003,4,100.0,2.9999999999999997e-06,ok,,,200000,200000,307,174.3630828857422,18.664033889770508,1,a32604fecc91de55d340ab4799441a26f2677242,False,6.905976306370576e-07,331.8200378417969,101.24418640136719,0.30511775919222145,0.11575626581907272,0.050556669341572616,-1.9629652500152588,0.02361983060836792,0.6974790096282959,0.15094339847564697,0.03405413404107094,0.04241302236914635,0.09408541023731232,0.02062907558247193,0.11578431725502014,198000,False,,,,,,True,,,,True,,,,True,,,,True,,,,True,,,,True,,,,True,,,,True,,,,,,,,,,,,,,,,,,,0.0,33000.0,,
ntk_N1600_a1_wd0.001_s0,1.0,1600,0.001,0,100.0,1e-05,ok,,,200000,200000,307,168.75960111618042,18.352219581604004,1,a32604fecc91de55d340ab4799441a26f2677242,False,5.617116585199255e-07,332.86187744140625,30.39341926574707,0.09130940286514856,0.055807001888751984,0.0007189426549403533,-3.777817726135254,0.07858556509017944,0.04621848836541176,0.01886792480945587,0.0550096333026886,0.05506649240851402,0.09359957277774811,0.02083720532399138,0.09360194951295853,11,False,,,,,,True,,,,True,,,,True,,,,True,,,,True,,,,True,,,,True,,,,True,,,,,,,,,,,,,,,,,,,0.0,,,
ntk_N1600_a1_wd0.001_s1,1.0,1600,0.001,1,100.0,1e-05,ok,,,200000,200000,307,166.78567123413086,18.884744882583618,1,a32604fecc91de55d340ab4799441a26f2677242,False,5.80347546019766e-07,332.9020690917969,30.13459587097168,0.0905209028985102,0.05426500737667084,0.0010704250995475593,-3.7760350704193115,0.09933114051818848,0.042016807943582535,0.056603774428367615,0.05514603480696678,0.05664927512407303,0.09326162934303284,0.020501382185995256,0.09326516836881638,8,False,,,,,,True,,,,True,,,,True,,,,True,,,,True,,,,True,,,,True,,,,True,,,,,,,,,,,,,,,,,,,0.0,,,
ntk_N1600_a1_wd0.001_s2,1.0,1600,0.001,2,100.0,1e-05,ok,,,200000,200000,307,169.95206689834595,18.693435668945312,1,a32604fecc91de55d340ab4799441a26f2677242,False,5.686104600499675e-07,331.5013122558594,31.286333084106445,0.09437770508720951,0.05813969671726227,0.00036722403601099484,-3.802536964416504,0.04219019412994385,0.03781512752175331,0.07547169923782349,0.05524805188179016,0.054094020277261734,0.0939817726612091,0.02075771110716952,0.09398241341114044,4,False,,,,,,True,,,,True,,,,True,,,,True,,,,True,,,,True,,,,True,,,,True,,,,,,,,,,,,,,,,,,,0.0,,,
ntk_N1600_a1_wd0.001_s3,1.0,1600,0.001,3,100.0,1e-05,ok,,,200000,200000,307,168.52188205718994,18.58912181854248,1,a32604fecc91de55d340ab4799441a26f2677242,False,5.598350867330737e-07,331.4903869628906,26.819103240966797,0.08090461834107159,0.05175074189901352,0.001506364416682559,-3.9136953353881836,0.17511272430419922,0.052521008998155594,0.03773584961891174,0.054444484412670135,0.055872902274131775,0.09298034757375717,0.020234789322023373,0.0929829329252243,3,False,,,,,,True,,,,True,,,,True,,,,True,,,,True,,,,True,,,,True,,,,True,,,,,,,,,,,,,,,,,,,0.0,,,
ntk_N1600_a1_wd0.001_s4,1.0,1600,0.001,4,100.0,1e-05,ok,,,200000,200000,307,172.9365062713623,19.253857374191284,1,a32604fecc91de55d340ab4799441a26f2677242,False,5.740863002756669e-07,331.8200378417969,28.17432975769043,0.08490846406064005,0.05492251366376877,0.0005870359628998853,-3.9306294918060303,0.07662379741668701,0.04411764815449715,0.07547169923782349,0.054712921380996704,0.053476035594940186,0.09408541023731232,0.02062907558247193,0.0940922349691391,20,False,,,,,,True,,,,True,,,,True,,,,True,,,,True,,,,True,,,,True,,,,True,,,,,,,,,,,,,,,,,,,0.0,,,
ntk_N1600_a1_wd0.003_s0,1.0,1600,0.003,0,100.0,3e-05,ok,,,200000,200000,307,173.48875308036804,19.748135089874268,1,a32604fecc91de55d340ab4799441a26f2677242,False,5.738514801123529e-07,332.86187744140625,15.911584854125977,0.04780236468180979,0.05849015712738037,7.487771253728015e-17,-5.249845504760742,0.015581846237182617,0.042016807943582535,0.09433962404727936,0.06047677621245384,0.059562619775533676,0.09359957277774811,0.02083720532399138,0.09360199421644211,12,False,,,,,,True,,,,True,,,,True,,,,True,,,,True,,,,True,,,,True,,,,True,,,,,,,,,,,,,,,,,,,0.0,,,
ntk_N1600_a1_wd0.003_s1,1.0,1600,0.003,1,100.0,3e-05,ok,,,200000,200000,307,168.11797618865967,18.296032667160034,1,a32604fecc91de55d340ab4799441a26f2677242,False,5.898010613236693e-07,332.9020690917969,15.469911575317383,0.04646985708896749,0.057104017585515976,3.884831909287123e-17,-5.275177955627441,0.03199934959411621,0.0357142873108387,0.07547169923782349,0.060691915452480316,0.061120882630348206,0.09326162934303284,0.020501382185995256,0.0932646319270134,7,False,,,,,,True,,,,True,,,,True,,,,True,,,,True,,,,True,,,,True,,,,True,,,,,,,,,,,,,,,,,,,0.0,,,
ntk_N1600_a1_wd0.003_s2,1.0,1600,0.003,2,100.0,3e-05,ok,,,200000,200000,307,165.91704297065735,18.181851387023926,1,a32604fecc91de55d340ab4799441a26f2677242,False,5.694807327927265e-07,331.5013122558594,20.914409637451172,0.06308997540651969,0.05831010639667511,9.88385805492098e-17,-4.695161819458008,0.016573071479797363,0.03781512752175331,0.056603774428367615,0.059988584369421005,0.059235088527202606,0.0939817726612091,0.02075771110716952,0.0939825177192688,4,False,,,,,,True,,,,True,,,,True,,,,True,,,,True,,,,True,,,,True,,,,True,,,,,,,,,,,,,,,,,,,0.0,,,
ntk_N1600_a1_wd0.003_s3,1.0,1600,0.003,3,100.0,3e-05,ok,,,200000,200000,307,162.31816697120667,18.227030515670776,1,a32604fecc91de55d340ab4799441a26f2677242,False,5.670164568982727e-07,331.4903869628906,6.535214900970459,0.019714643796599922,0.05782131850719452,5.526720574244859e-17,-7.026238918304443,0.022266864776611328,0.04411764815449715,0.09433962404727936,0.060053180903196335,0.06035938113927841,0.09298034757375717,0.020234789322023373,0.09298279136419296,2,False,,,,,,True,,,,True,,,,True,,,,True,,,,True,,,,True,,,,True,,,,True,,,,,,,,,,,,,,,,,,,0.0,,,
ntk_N1600_a1_wd0.003_s4,1.0,1600,0.003,4,100.0,3e-05,ok,,,200000,200000,307,162.2252070903778,18.322614908218384,1,a32604fecc91de55d340ab4799441a26f2677242,False,5.908985372116149e-07,331.8200378417969,14.705001831054688,0.04431619599195407,0.05767850577831268,6.398148070380083e-17,-5.379490375518799,0.022719144821166992,0.04411764815449715,0.11320754885673523,0.05969451740384102,0.05774511769413948,0.09408541023731232,0.02062907558247193,0.09408941864967346,20,False,,,,,,True,,,,True,,,,True,,,,True,,,,True,,,,True,,,,True,,,,True,,,,,,,,,,,,,,,,,,,0.0,,,
ntk_N1600_a2_wd0_s0,2.0,1600,0.0,0,25.0,0.0,ok,,,200000,200000,307,167.26367807388306,19.293987035751343,1,a32604fecc91de55d340ab4799441a26f2677242,False,3.9102073401409143e-07,332.86187744140625,369.16802978515625,1.1090727259691702,0.09836842864751816,0.025073703960012236,0.22749513387680054,0.0009668469429016113,1.0,0.0,6.819504960731138e-10,0.055475398898124695,0.09359957277774811,0.02083720532399138,0.09837259352207184,82000,True,61.0,55.0,,,199939.0,True,,,199939.0,True,,,199939.0,True,1000.0,,199000.0,True,2430.0,,197570.0,True,4981.0,,195019.0,True,10000.0,,190000.0,True,13894.0,,186106.0,True,0.09360061585903168,5.2689116273541003e-05,1.1920928955078125e-06,0.0007100218737388332,0.0016194411815839058,332.8739318847656,0.020837261590542125,1.148778824743615e-05,0.00010658716645952036,,,,,,,,,,0.0,,,
ntk_N1600_a2_wd0_s1,2.0,1600,0.0,1,25.0,0.0,ok,,,200000,200000,307,162.3381052017212,20.774903535842896,1,a32604fecc91de55d340ab4799441a26f2677242,False,3.938521331292577e-07,332.9020690917969,368.94158935546875,1.1082586250124329,0.09837973117828369,0.02494711260398573,0.21970173716545105,0.001025557518005371,1.0,0.0,7.262968004795312e-10,0.05442342534661293,0.09326162934303284,0.020501382185995256,0.09838220477104187,90000,True,61.0,55.0,,,199939.0,True,,,199939.0,True,,,199939.0,True,1000.0,,199000.0,True,2430.0,,197570.0,True,4981.0,,195019.0,True,10000.0,,190000.0,True,13894.0,,186106.0,True,0.09325842559337616,8.642300235806033e-05,1.8477439880371094e-06,-0.001839003578227635,0.001655057304218422,332.9072570800781,0.0205005848188059,0.00013132376105973875,4.2129607983925353e-05,,,,,,,,,,0.0,,,
ntk_N1600_a2_wd0_s2,2.0,1600,0.0,2,25.0,0.0,ok,,,200000,200000,307,166.95702695846558,19.34738516807556,1,a32604fecc91de55d340ab4799441a26f2677242,False,3.9394015516336367e-07,331.5013122558594,368.2662353515625,1.1109043063676538,0.09873703867197037,0.025132226704089662,0.22737300395965576,0.0009610652923583984,1.0,0.0,6.818856590484756e-10,0.058165788650512695,0.0939817726612091,0.02075771110716952,0.09874139726161957,68000,True,55.0,49.0,,,199945.0,True,,,199945.0,True,,,199945.0,True,1000.0,,199000.0,True,2430.0,,197570.0,True,4981.0,,195019.0,True,10000.0,,190000.0,True,13894.0,,186106.0,True,0.09398054331541061,0.0001567479339428246,2.205371856689453e-06,-0.0006976241512258985,0.001608879772246051,331.5147399902344,0.020758501735459595,0.000203262259760282,0.00010190761405896832,,,,,,,,,,0.0,,,
ntk_N1600_a2_wd0_s3,2.0,1600,0.0,3,25.0,0.0,ok,,,200000,200000,307,170.00467586517334,18.52690601348877,1,a32604fecc91de55d340ab4799441a26f2677242,False,3.9438117482859525e-07,331.4903869628906,367.70465087890625,1.1092467997271658,0.0973522737622261,0.024509159930203132,0.2223697304725647,0.0009278655052185059,1.0,0.0,7.120030676155409e-10,0.05452832952141762,0.09298034757375717,0.020234789322023373,0.09735618531703949,86000,True,61.0,55.0,,,199939.0,True,,,199939.0,True,,,199939.0,True,1000.0,,199000.0,True,2430.0,,197570.0,True,4981.0,,195019.0,True,10000.0,,190000.0,True,13894.0,,186106.0,True,0.0929684042930603,7.962863310240209e-05,1.6093254089355469e-06,-0.0071477885555795585,0.001668379077986866,331.4840087890625,0.02023340680465012,0.00021929165403195195,-8.390519789558247e-05,,,,,,,,,,0.0,,,
ntk_N1600_a2_wd0_s4,2.0,1600,0.0,4,25.0,0.0,ok,,,200000,200000,307,163.47661995887756,18.468728065490723,1,a32604fecc91de55d340ab4799441a26f2677242,False,3.878818120028882e-07,331.8200378417969,368.55908203125,1.1107197878356259,0.09866324067115784,0.025085892928360137,0.2287781685590744,0.0009475946426391602,1.0,0.0,7.21889381605223e-10,0.055637605488300323,0.09408541023731232,0.02062907558247193,0.09866708517074585,60000,True,61.0,55.0,,,199939.0,True,,,199939.0,True,,,199939.0,True,1000.0,,199000.0,True,2430.0,,197570.0,True,4981.0,,195019.0,True,10000.0,,190000.0,True,13894.0,,186106.0,True,0.09408953785896301,-2.5749537599040195e-05,1.0132789611816406e-06,0.002590799049340524,0.0017120126954468776,331.8311767578125,0.020631408973523974,-9.021681420533478e-05,4.984776092709005e-05,,,,,,,,,,0.0,,,
ntk_N1600_a2_wd3e-06_s0,2.0,1600,3e-06,0,25.0,1.2000000000000002e-07,ok,,,200000,200000,307,160.8600368499756,17.881714582443237,1,a32604fecc91de55d340ab4799441a26f2677242,False,3.9409223973052576e-07,332.86187744140625,280.1404113769531,0.8416115823484962,0.10574420541524887,0.031822660640783415,-0.2678127586841583,0.002652764320373535,1.0,0.01886792480945587,6.431340443668887e-05,0.05073794350028038,0.09359957277774811,0.02083720532399138,0.10574420541524887,200000,True,61.0,55.0,,,199939.0,True,,,199939.0,True,,,199939.0,True,1000.0,,199000.0,True,2430.0,,197570.0,True,5520.0,,194480.0,True,10214.0,,189786.0,True,15395.0,,184605.0,True,0.0936005637049675,-0.0003111250407528132,1.3709068298339844e-06,0.0006999973922119457,0.0016479891007468177,332.8133850097656,0.020837151186267538,-0.0003524970341994966,-0.0002572635115779836,,,,,,,,,,0.0,50000.0,,
ntk_N1600_a2_wd3e-06_s1,2.0,1600,3e-06,1,25.0,1.2000000000000002e-07,ok,,,200000,200000,307,162.3859052658081,16.942859649658203,1,a32604fecc91de55d340ab4799441a26f2677242,False,3.938521331292577e-07,332.9020690917969,279.7465515136719,0.8403268633230768,0.10629147291183472,0.03187525130993048,-0.28147435188293457,0.0028194189071655273,1.0,0.0,6.35802061879076e-05,0.052776120603084564,0.09326162934303284,0.020501382185995256,0.10629147291183472,200000,True,61.0,55.0,,,199939.0,True,,,199939.0,True,,,199939.0,True,1000.0,,199000.0,True,2430.0,,197570.0,True,5520.0,,194480.0,True,10214.0,,189786.0,True,15395.0,,184605.0,True,0.09325841069221497,-0.0002750536659732461,1.4901161193847656e-06,-0.001879840209832202,0.0016686797269701555,332.8470153808594,0.02050073459449161,-0.00022799031622344518,-0.00032172480634736346,,,,,,,,,,0.0,47000.0,,
ntk_N1600_a2_wd3e-06_s2,2.0,1600,3e-06,2,25.0,1.2000000000000002e-07,ok,,,200000,200000,307,170.7137041091919,18.59252119064331,1,a32604fecc91de55d340ab4799441a26f2677242,False,3.9394015516336367e-07,331.5013122558594,279.9908142089844,0.8446144973111956,0.10601479560136795,0.031941748166122434,-0.26490071415901184,0.0026510953903198242,1.0,0.0,6.424317689379677e-05,0.05214479938149452,0.0939817726612091,0.02075771110716952,0.10601479560136795,200000,True,61.0,55.0,,,199939.0,True,,,199939.0,True,,,199939.0,True,1000.0,,199000.0,True,2430.0,,197570.0,True,5520.0,,194480.0,True,10214.0,,189786.0,True,15395.0,,184605.0,True,0.09398103505373001,-0.00018640109919942915,1.8477439880371094e-06,-0.0003983884611620808,0.0016619865066795827,331.45599365234375,0.020758422666469184,-0.00013112799757044767,-0.00025256952022813706,,,,,,,,,,0.0,41000.0,,
ntk_N1600_a2_wd3e-06_s3,2.0,1600,3e-06,3,25.0,1.2000000000000002e-07,ok,,,200000,200000,307,172.14144802093506,18.880436658859253,1,a32604fecc91de55d340ab4799441a26f2677242,False,3.9438117482859525e-07,331.4903869628906,278.86712646484375,0.8412525292809233,0.10514509677886963,0.03154972270497096,-0.284782737493515,0.002695322036743164,1.0,0.0,6.404265150194988e-05,0.05041428655385971,0.09298034757375717,0.020234789322023373,0.10514509677886963,200000,True,61.0,55.0,,,199939.0,True,,,199939.0,True,,,199939.0,True,1000.0,,199000.0,True,2430.0,,197570.0,True,5520.0,,194480.0,True,10214.0,,189786.0,True,15395.0,,184605.0,True,0.09296835213899612,-0.00027779623633250594,1.0728836059570312e-06,-0.007212506369268491,0.0016838362655350015,331.4234619140625,0.02023341110842733,-0.00013214184919345965,-0.00044793552110187904,,,,,,,,,,0.0,73000.0,,
ntk_N1600_a2_wd3e-06_s4,2.0,1600,3e-06,4,25.0,1.2000000000000002e-07,ok,,,200000,200000,307,170.49315786361694,18.22309136390686,1,a32604fecc91de55d340ab4799441a26f2677242,False,3.9201546542244614e-07,331.8200378417969,279.52581787109375,0.8424018624347345,0.10601901262998581,0.03208556732282903,-0.2656380236148834,0.002674698829650879,1.0,0.0,6.349188333842903e-05,0.05132429674267769,0.09408541023731232,0.02062907558247193,0.10601901262998581,200000,True,61.0,55.0,,,199939.0,True,,,199939.0,True,,,199939.0,True,1000.0,,199000.0,True,2430.0,,197570.0,True,5520.0,,194480.0,True,10214.0,,189786.0,True,15395.0,,184605.0,True,0.09408919513225555,-0.00038219839916564524,-3.5762786865234375e-07,0.002346503383051627,0.0017375730110045556,331.7708740234375,0.020631450015198487,-0.0004384047424259684,-0.0003141169190290237,,,,,,,,,,0.0,42000.0,,
ntk_N1600_a2_wd1e-05_s0,2.0,1600,1e-05,0,25.0,4.0000000000000003e-07,ok,,,200000,200000,307,170.19979310035706,18.816025972366333,1,a32604fecc91de55d340ab4799441a26f2677242,False,4.7298397021222627e-07,332.86187744140625,218.1454315185547,0.6553632191086673,0.11857816576957703,0.04538435955460181,-0.6920742988586426,0.005204498767852783,1.0,0.849056601524353,0.0005487452144734561,0.03167083114385605,0.09359957277774811,0.02083720532399138,0.11864224076271057,198000,True,61.0,55.0,,,199939.0,True,,,199939.0,True,,,199939.0,True,1000.0,,199000.0,True,2692.0,,197308.0,True,5520.0,,194480.0,True,12539.0,,187461.0,True,25000.0,,175000.0,True,0.09360077977180481,-0.0011611166410148144,2.384185791015625e-07,0.000762470982709631,0.0019918406214054734,332.6714172363281,0.020837170627852668,-0.0012016888300832548,-0.0011062301198342941,,,,,,,,,,0.0,22000.0,,
ntk_N1600_a2_wd1e-05_s1,2.0,1600,1e-05,1,25.0,4.0000000000000003e-07,ok,,,200000,200000,307,171.8311128616333,20.36211061477661,1,a32604fecc91de55d340ab4799441a26f2677242,False,4.6810475851088995e-07,332.9020690917969,217.8888702392578,0.6545134154127937,0.11918667703866959,0.04511376894071757,-0.7044037580490112,0.005540311336517334,1.0,0.5849056839942932,0.0005466206930577755,0.035302627831697464,0.09326162934303284,0.020501382185995256,0.11918667703866959,200000,True,61.0,55.0,,,199939.0,True,,,199939.0,True,,,199939.0,True,1069.0,,198931.0,True,2692.0,,197308.0,True,6000.0,,194000.0,True,12539.0,,187461.0,True,25000.0,,175000.0,True,0.09325828403234482,-0.001117555657401681,1.9073486328125e-06,-0.001931978896507508,0.0019869060120487657,332.7051696777344,0.020500679503481178,-0.0010657197437336677,-0.0011707070429503154,,,,,,,,,,0.0,22000.0,,
ntk_N1600_a2_wd1e-05_s2,2.0,1600,1e-05,2,25.0,4.0000000000000003e-07,ok,,,200000,200000,307,175.72706007957458,20.276798486709595,1,a32604fecc91de55d340ab4799441a26f2677242,False,4.7300750338763464e-07,331.5013122558594,217.7916717529297,0.6569858510389054,0.11904201656579971,0.045739984071942165,-0.6924300193786621,0.005258440971374512,1.0,0.8301886916160583,0.000546925759408623,0.031226597726345062,0.0939817726612091,0.02075771110716952,0.11904201656579971,200000,True,61.0,55.0,,,199939.0,True,,,199939.0,True,,,199939.0,True,1000.0,,199000.0,True,2692.0,,197308.0,True,5520.0,,194480.0,True,12539.0,,187461.0,True,25000.0,,175000.0,True,0.09398233890533447,-0.0010516807669773698,1.1920928955078125e-06,0.00035618868781794145,0.001949860483400863,331.3149108886719,0.02075866222552626,-0.0010086361490101944,-0.0011010747392052168,,,,,,,,,,0.0,20000.0,,
ntk_N1600_a2_wd1e-05_s3,2.0,1600,1e-05,3,25.0,4.0000000000000003e-07,ok,,,200000,200000,307,167.05117297172546,18.249754428863525,1,a32604fecc91de55d340ab4799441a26f2677242,False,4.689484569553315e-07,331.4903869628906,216.5616455078125,0.6532969100309263,0.11863011121749878,0.04561971027713164,-0.7219387292861938,0.005572259426116943,1.0,0.7358490824699402,0.0005450728931464255,0.03131038695573807,0.09298034757375717,0.020234789322023373,0.11863011121749878,200000,True,61.0,55.0,,,199939.0,True,,,199939.0,True,,,199939.0,True,1000.0,,199000.0,True,2692.0,,197308.0,True,5520.0,,194480.0,True,12539.0,,187461.0,True,25000.0,,175000.0,True,0.0929686650633812,-0.0011291916016489267,1.0728836059570312e-06,-0.00702806166369731,0.0020077025001707396,331.282470703125,0.02023313582869403,-0.00098479410450992,-0.0012973627853550178,,,,,,,,,,0.0,28000.0,,
ntk_N1600_a2_wd1e-05_s4,2.0,1600,1e-05,4,25.0,4.0000000000000003e-07,ok,,,200000,200000,307,171.42546105384827,18.759568214416504,1,a32604fecc91de55d340ab4799441a26f2677242,False,4.877619517174026e-07,331.8200378417969,217.11521911621094,0.6543161785176029,0.11924348771572113,0.04604963151250951,-0.6932421326637268,0.005415678024291992,1.0,0.8113207817077637,0.0005478169186972082,0.03204653784632683,0.09408541023731232,0.02062907558247193,0.11924348771572113,200000,True,61.0,55.0,,,199939.0,True,,,199939.0,True,,,199939.0,True,1069.0,,198931.0,True,2692.0,,197308.0,True,6000.0,,194000.0,True,12539.0,,187461.0,True,25000.0,,175000.0,True,0.09408851712942123,-0.001222642371430993,1.1920928955078125e-07,0.001964447842428513,0.0020887690214502408,331.62939453125,0.020631280661409977,-0.0012728766951148082,-0.0011634017847197565,,,,,,,,,,0.0,20000.0,,
ntk_N1600_a2_wd3e-05_s0,2.0,1600,3e-05,0,25.0,1.2e-06,ok,,,200000,200000,307,166.6288104057312,18.973337411880493,1,a32604fecc91de55d340ab4799441a26f2677242,False,4.939435029882588e-07,332.86187744140625,176.23638916015625,0.5294580157836765,0.13147270679473877,0.060278583290448016,-1.0604864358901978,0.008190035820007324,1.0,0.9811320900917053,0.003635992296040058,0.02164865843951702,0.09359957277774811,0.02083720532399138,0.13174830377101898,199000,True,74.0,67.0,104000.0,103000.0,103926.0,False,,,199926.0,True,,,199926.0,True,1069.0,87000.0,85931.0,False,2983.0,,197017.0,True,9000.0,,191000.0,True,,,,True,,,,True,0.09360212832689285,-0.004330880474299192,4.76837158203125e-07,0.0014763489531487953,0.00466532027254085,332.14190673828125,0.020838051015240527,-0.004367618358238595,-0.004283523915654562,,,,,,,,,,0.0,14000.0,75000.0,
ntk_N1600_a2_wd3e-05_s1,2.0,1600,3e-05,1,25.0,1.2e-06,ok,,,200000,200000,307,170.78144311904907,18.250775575637817,1,a32604fecc91de55d340ab4799441a26f2677242,False,4.968943585481611e-07,332.9020690917969,176.59927368164062,0.5304841575885304,0.13079610466957092,0.059239987590198495,-1.067307472229004,0.008801817893981934,1.0,0.9811320900917053,0.003644949523732066,0.024242138490080833,0.09326162934303284,0.020501382185995256,0.1308104395866394,199000,True,61.0,55.0,139000.0,138000.0,138939.0,False,,,199939.0,True,,,199939.0,True,1069.0,105000.0,103931.0,False,2983.0,,197017.0,True,9000.0,,191000.0,True,,,,True,,,,True,0.09325741231441498,-0.0035469180438667536,1.9073486328125e-06,-0.0024787351401082004,0.0038990022299858476,332.301025390625,0.020500408575905866,-0.003499069888052267,-0.0035964264286547105,,,,,,,,,,0.0,13894.0,75000.0,
ntk_N1600_a2_wd3e-05_s2,2.0,1600,3e-05,2,25.0,1.2e-06,ok,,,200000,200000,307,165.56242108345032,18.053943872451782,1,a32604fecc91de55d340ab4799441a26f2677242,False,5.144705141901795e-07,331.5013122558594,176.30918884277344,0.5318506513382802,0.13146056234836578,0.060426799035661866,-1.0556191205978394,0.008173584938049316,1.0,1.0,0.0036454680375754833,0.02099730260670185,0.0939817726612091,0.02075771110716952,0.13174131512641907,199000,True,67.0,61.0,103000.0,102000.0,102933.0,False,138000.0,137000.0,137933.0,False,138000.0,137000.0,137933.0,False,1069.0,85000.0,83931.0,False,2983.0,,197017.0,True,9000.0,,191000.0,True,,,,True,,,,True,0.09398102015256882,-0.003785673761740327,7.748603820800781e-07,-0.0004578856912777004,0.004145436745424242,330.85467529296875,0.020758108107714873,-0.0037117628416296557,-0.0038719374361166686,0.128899946808815,-1.027510643005371,0.00748211145401001,0.2930555767433247,0.6462596500840984,179.54310607910156,0.05733893036716935,-0.7582115869845769,-1.4842692122083863,0.0,13894.0,73000.0,
ntk_N1600_a2_wd3e-05_s3,2.0,1600,3e-05,3,25.0,1.2e-06,ok,,,200000,200000,307,172.81581020355225,18.596954822540283,1,a32604fecc91de55d340ab4799441a26f2677242,False,4.97912083119445e-07,331.4903869628906,175.29473876953125,0.528807910164692,0.13161619007587433,0.060387062176795264,-1.0928913354873657,0.009062767028808594,1.0,1.0,0.003617890877649188,0.021186934784054756,0.09298034757375717,0.020234789322023373,0.13175556063652039,199000,True,61.0,55.0,102000.0,101000.0,101939.0,False,116000.0,115000.0,115939.0,False,116000.0,115000.0,115939.0,False,1069.0,87000.0,85931.0,False,2983.0,,197017.0,True,9000.0,,191000.0,True,,,,True,,,,True,0.09296736121177673,-0.0035422523505985737,1.1920928955078125e-06,-0.007829215412420702,0.0039031454202304123,330.8796081542969,0.02023290042104299,-0.003386914272666708,-0.0037243084045707254,0.12690472602844238,-1.0395071506500244,0.007757425308227539,0.27990279349347347,0.6506010735640192,180.75128173828125,0.05518118947358398,-0.7617858432657835,-1.5046682233769704,0.0,16000.0,75000.0,
ntk_N1600_a2_wd3e-05_s4,2.0,1600,3e-05,4,25.0,1.2e-06,ok,,,200000,200000,307,166.93083000183105,19.447728872299194,1,a32604fecc91de55d340ab4799441a26f2677242,False,5.029305611969903e-07,331.8200378417969,175.70057678222656,0.5295056257753669,0.13162225484848022,0.06090480564123203,-1.061523199081421,0.008256018161773682,1.0,0.9811320900917053,0.003653341205790639,0.022370239719748497,0.09408541023731232,0.02062907558247193,0.13162225484848022,200000,True,67.0,61.0,140000.0,139000.0,139933.0,False,,,199933.0,True,,,199933.0,True,1069.0,91000.0,89931.0,False,2983.0,,197017.0,True,9000.0,,191000.0,True,,,,True,,,,True,0.09409032762050629,-0.004065361805260181,1.7881393432617188e-07,0.002879652277183294,0.0044333437416538436,331.1689453125,0.020631673293088064,-0.004170635437286366,-0.003939758439376981,,,,,,,,,,0.0,13894.0,72000.0,
ntk_N1600_a2_wd0.0001_s0,2.0,1600,0.0001,0,25.0,4e-06,ok,,,200000,200000,307,170.93774914741516,17.55004048347473,1,a32604fecc91de55d340ab4799441a26f2677242,False,4.979593768439372e-07,332.86187744140625,125.1759262084961,0.3760596652601974,0.12242032587528229,0.053474108459687315,-1.6086384057998657,0.01573491096496582,0.993697464466095,0.6792452931404114,0.020660098642110825,0.03578072041273117,0.09359957277774811,0.02083720532399138,0.12242032587528229,200000,True,786.0,710.0,,,199214.0,True,,,199214.0,True,,,199214.0,True,1455.0,,198545.0,True,,,,True,,,,True,,,,True,,,,True,0.09366759657859802,-0.14749747514724731,3.3020973205566406e-05,0.00866023243841752,0.13734859764621762,308.7475280761719,0.02091221826332588,-0.14565785026762515,-0.1497775022939114,,,,,,,,,,0.0,28000.0,95000.0,
ntk_N1600_a2_wd0.0001_s1,2.0,1600,0.0001,1,25.0,4e-06,ok,,,200000,200000,307,163.7953908443451,18.894447803497314,1,a32604fecc91de55d340ab4799441a26f2677242,False,4.749586821617413e-07,332.9020690917969,125.42913818359375,0.37677488315342067,0.11979392915964127,0.051985158849987965,-1.598404049873352,0.01718592643737793,0.9978991746902466,0.5094339847564697,0.020697984844446182,0.03859887644648552,0.09326162934303284,0.020501382185995256,0.11987561732530594,188000,True,346.0,312.0,,,199654.0,True,,,199654.0,True,,,199654.0,True,1455.0,,198545.0,True,,,,True,,,,True,,,,True,,,,True,0.09327954798936844,-0.06677445769309998,1.0848045349121094e-05,0.004099300530085476,0.06474940919741769,321.84033203125,0.020515375525408462,-0.0663515928379179,-0.06728980621447958,,,,,,,,,,0.0,31000.0,,
ntk_N1600_a2_wd0.0001_s2,2.0,1600,0.0001,2,25.0,4e-06,ok,,,200000,200000,307,161.04639387130737,17.962977409362793,1,a32604fecc91de55d340ab4799441a26f2677242,False,4.970010536453628e-07,331.5013122558594,125.40294647216797,0.37828793382084547,0.1216626763343811,0.05376094558790266,-1.5931155681610107,0.015972793102264404,1.0,0.7169811129570007,0.020607566460967064,0.03418998420238495,0.0939817726612091,0.02075771110716952,0.12167543172836304,196000,True,425.0,383.0,,,199575.0,True,,,199575.0,True,,,199575.0,True,1455.0,,198545.0,True,,,,True,,,,True,,,,True,,,,True,0.09400079399347305,-0.08136574923992157,1.4424324035644531e-05,0.003853855283448298,0.0783076374298747,318.1195983886719,0.020780759562456008,-0.08083120391201201,-0.08203097623307146,,,,,,,,,,0.0,28000.0,109000.0,
ntk_N1600_a2_wd0.0001_s3,2.0,1600,0.0001,3,25.0,4e-06,ok,,,200000,200000,307,163.45808100700378,17.610732793807983,1,a32604fecc91de55d340ab4799441a26f2677242,False,4.796862071998476e-07,331.4903869628906,123.92932891845703,0.3738549707395604,0.12139496207237244,0.053351396321557686,-1.6462639570236206,0.017755568027496338,0.9978991746902466,0.5660377144813538,0.02067253179848194,0.036300163716077805,0.09298034757375717,0.020234789322023373,0.12150818109512329,191000,True,383.0,346.0,,,199617.0,True,,,199617.0,True,,,199617.0,True,1455.0,,198545.0,True,,,,True,,,,True,,,,True,,,,True,0.0929497480392456,-0.07393161952495575,1.1861324310302734e-05,-0.006239093623432248,0.07141191389777281,319.31280517578125,0.02024222796225161,-0.07334724057776727,-0.07462072386267793,,,,,,,,,,0.0,30000.0,119000.0,
ntk_N1600_a2_wd0.0001_s4,2.0,1600,0.0001,4,25.0,4e-06,ok,,,200000,200000,307,165.6040699481964,17.552194833755493,1,a32604fecc91de55d340ab4799441a26f2677242,False,4.978375045538996e-07,331.8200378417969,124.59884643554688,0.37550127245465614,0.12173296511173248,0.054069231213097146,-1.6062918901443481,0.015251874923706055,1.0,0.6415094137191772,0.020686950534582138,0.03576866164803505,0.09408541023731232,0.02062907558247193,0.12181676924228668,198000,True,312.0,282.0,,,199688.0,True,,,199688.0,True,,,199688.0,True,1455.0,,198545.0,True,,,,True,,,,True,,,,True,,,,True,0.09408720582723618,-0.060487013310194016,6.9141387939453125e-06,0.0006260247657546912,0.058837293413365875,321.8631591796875,0.02064406543214325,-0.06028176914109667,-0.06076702352362037,,,,,,,,,,0.0,28000.0,107000.0,
ntk_N1600_a2_wd0.0003_s0,2.0,1600,0.0003,0,25.0,1.1999999999999999e-05,ok,,,200000,200000,307,164.9290177822113,18.17226505279541,1,a32604fecc91de55d340ab4799441a26f2677242,False,5.279458719087415e-07,332.86187744140625,66.76277923583984,0.2005720202896834,0.06979881227016449,0.009195970642663795,-2.3548531532287598,0.07766151428222656,0.04621848836541176,0.03773584961891174,0.05629386007785797,0.06488320231437683,0.09359957277774811,0.02083720532399138,0.0936027467250824,30,False,,,,,,True,,,,True,,,,True,,,,True,,,,True,,,,True,,,,True,,,,True,,,,,,,,,,,,,,,,,,,0.0,,,
ntk_N1600_a2_wd0.0003_s1,2.0,1600,0.0003,1,25.0,1.1999999999999999e-05,ok,,,200000,200000,307,168.59629583358765,19.03588032722473,1,a32604fecc91de55d340ab4799441a26f2677242,False,5.568898018282198e-07,332.9020690917969,67.79481506347656,0.2036479233920962,0.0702614113688469,0.00946572887042084,-2.3342483043670654,0.08290636539459229,0.06512605398893356,0.01886792480945587,0.055982187390327454,0.0682573989033699,0.09326162934303284,0.020501382185995256,0.09326405078172684,20,False,,,,,,True,,,,True,,,,True,,,,True,,,,True,,,,True,,,,True,,,,True,,,,,,,,,,,,,,,,,,,0.0,,,
ntk_N1600_a2_wd0.0003_s2,2.0,1600,0.0003,2,25.0,1.1999999999999999e-05,ok,,,200000,200000,307,172.33553886413574,19.001556158065796,1,a32604fecc91de55d340ab4799441a26f2677242,False,5.583387405749818e-07,331.5013122558594,67.30451202392578,0.20302939848388535,0.06818299740552902,0.008743029299277935,-2.3203845024108887,0.0740811824798584,0.04411764815449715,0.03773584961891174,0.05622227489948273,0.06204817444086075,0.0939817726612091,0.02075771110716952,0.09398306906223297,13,False,,,,,,True,,,,True,,,,True,,,,True,,,,True,,,,True,,,,True,,,,True,,,,,,,,,,,,,,,,,,,0.0,,,
ntk_N1600_a2_wd0.0003_s3,2.0,1600,0.0003,3,25.0,1.1999999999999999e-05,ok,,,200000,200000,307,162.68557596206665,18.156265020370483,1,a32604fecc91de55d340ab4799441a26f2677242,False,5.219598619987664e-07,331.4903869628906,65.23209381103516,0.19678427000158438,0.06927236169576645,0.009595903042399597,-2.4170632362365723,0.09611731767654419,0.06722689419984818,0.0,0.05587872117757797,0.06603217869997025,0.09298034757375717,0.020234789322023373,0.09298372268676758,9,False,,,,,,True,,,,True,,,,True,,,,True,,,,True,,,,True,,,,True,,,,True,,,,,,,,,,,,,,,,,,,0.0,,,
ntk_N1600_a2_wd0.0003_s4,2.0,1600,0.0003,4,25.0,1.1999999999999999e-05,ok,,,200000,200000,307,167.82859110832214,18.507357120513916,1,a32604fecc91de55d340ab4799441a26f2677242,False,5.684962047780573e-07,331.8200378417969,64.86260223388672,0.19547524210943376,0.06786028295755386,0.009218336064813096,-2.392211437225342,0.08080112934112549,0.06302521377801895,0.03773584961891174,0.05648370087146759,0.06356720626354218,0.09408541023731232,0.02062907558247193,0.09409157186746597,22,False,,,,,,True,,,,True,,,,True,,,,True,,,,True,,,,True,,,,True,,,,True,,,,,,,,,,,,,,,,,,,0.0,,,
ntk_N1600_a2_wd0.001_s0,2.0,1600,0.001,0,25.0,4e-05,ok,,,200000,200000,307,165.95426988601685,18.864577531814575,1,a32604fecc91de55d340ab4799441a26f2677242,False,5.635150728267035e-07,332.86187744140625,28.684829711914062,0.08617637421384627,0.054976098239421844,0.00037537252471319765,-3.887249708175659,0.07874166965484619,0.042016807943582535,0.03773584961891174,0.0955999419093132,0.09773058444261551,0.09359957277774811,0.02083720532399138,0.09360190480947495,27,False,,,,,,True,,,,True,,,,True,,,,True,,,,True,,,,True,,,,True,,,,True,,,,,,,,,,,,,,,,,,,0.0,,,
ntk_N1600_a2_wd0.001_s1,2.0,1600,0.001,1,25.0,4e-05,ok,,,200000,200000,307,168.34172701835632,18.043850421905518,1,a32604fecc91de55d340ab4799441a26f2677242,False,5.741821382798662e-07,332.9020690917969,28.551733016967773,0.08576616268820698,0.053477704524993896,0.0007916668172807105,-3.8770554065704346,0.10302656888961792,0.03991596773266792,0.056603774428367615,0.09676288068294525,0.10033231228590012,0.09326162934303284,0.020501382185995256,0.09326393902301788,2,False,,,,,,True,,,,True,,,,True,,,,True,,,,True,,,,True,,,,True,,,,True,,,,,,,,,,,,,,,,,,,0.0,,,
ntk_N1600_a2_wd0.001_s2,2.0,1600,0.001,2,25.0,4e-05,ok,,,200000,200000,307,166.05613803863525,17.9226975440979,1,a32604fecc91de55d340ab4799441a26f2677242,False,5.6597622233312e-07,331.5013122558594,29.8065242767334,0.08991374445518974,0.05767551064491272,4.152760429618592e-05,-3.9016857147216797,0.04072391986846924,0.03781512752175331,0.07547169923782349,0.09618024528026581,0.09433058649301529,0.0939817726612091,0.02075771110716952,0.09398292750120163,10,False,,,,,,True,,,,True,,,,True,,,,True,,,,True,,,,True,,,,True,,,,True,,,,,,,,,,,,,,,,,,,0.0,,,
ntk_N1600_a2_wd0.001_s3,2.0,1600,0.001,3,25.0,4e-05,ok,,,200000,200000,307,166.3651361465454,17.840932607650757,1,a32604fecc91de55d340ab4799441a26f2677242,False,5.657230985889328e-07,331.4903869628906,26.4373722076416,0.07975305845174083,0.052248138934373856,0.0009162567810214585,-3.9523680210113525,0.15833914279937744,0.052521008998155594,0.056603774428367615,0.09396602213382721,0.09679943323135376,0.09298034757375717,0.020234789322023373,0.09298382699489594,9,False,,,,,,True,,,,True,,,,True,,,,True,,,,True,,,,True,,,,True,,,,True,,,,,,,,,,,,,,,,,,,0.0,,,
ntk_N1600_a2_wd0.001_s4,2.0,1600,0.001,4,25.0,4e-05,ok,,,200000,200000,307,167.4463930130005,17.652827262878418,1,a32604fecc91de55d340ab4799441a26f2677242,False,5.780075866823609e-07,331.8200378417969,26.59442901611328,0.08014714599240932,0.05447717756032944,0.00031195973788203537,-4.0425310134887695,0.07981812953948975,0.04621848836541176,0.07547169923782349,0.09421613812446594,0.09089779853820801,0.09408541023731232,0.02062907558247193,0.09409017860889435,24,False,,,,,,True,,,,True,,,,True,,,,True,,,,True,,,,True,,,,True,,,,True,,,,,,,,,,,,,,,,,,,0.0,,,
ntk_N1600_a2_wd0.003_s0,2.0,1600,0.003,0,25.0,0.00012,ok,,,200000,200000,307,175.8362648487091,19.89247155189514,1,a32604fecc91de55d340ab4799441a26f2677242,False,5.615331701847026e-07,332.86187744140625,13.93096923828125,0.041852101975040745,0.05825430899858475,5.397971566262205e-17,-5.509284973144531,0.01759326457977295,0.03991596773266792,0.09433962404727936,0.11655009537935257,0.11701516062021255,0.09359957277774811,0.02083720532399138,0.09360064566135406,6,False,,,,,,True,,,,True,,,,True,,,,True,,,,True,,,,True,,,,True,,,,True,,,,,,,,,,,,,,,,,,,0.0,,,
ntk_N1600_a2_wd0.003_s1,2.0,1600,0.003,1,25.0,0.00012,ok,,,200000,200000,307,162.72916197776794,17.882232189178467,1,a32604fecc91de55d340ab4799441a26f2677242,False,5.763224635302322e-07,332.9020690917969,13.629143714904785,0.04094039953577634,0.05680343136191368,4.52044543290675e-17,-5.520467281341553,0.03621959686279297,0.03361344709992409,0.07547169923782349,0.11807230114936829,0.12079748511314392,0.09326162934303284,0.020501382185995256,0.09326403588056564,2,False,,,,,,True,,,,True,,,,True,,,,True,,,,True,,,,True,,,,True,,,,True,,,,,,,,,,,,,,,,,,,0.0,,,
ntk_N1600_a2_wd0.003_s2,2.0,1600,0.003,2,25.0,0.00012,ok,,,200000,200000,307,166.15183997154236,18.156145095825195,1,a32604fecc91de55d340ab4799441a26f2677242,False,5.662892021973676e-07,331.5013122558594,19.608949661254883,0.05915195185146146,0.05810060352087021,9.898088208434852e-17,-4.818896293640137,0.01827836036682129,0.03781512752175331,0.056603774428367615,0.11434058845043182,0.1136023998260498,0.0939817726612091,0.02075771110716952,0.09398214519023895,1,False,,,,,,True,,,,True,,,,True,,,,True,,,,True,,,,True,,,,True,,,,True,,,,,,,,,,,,,,,,,,,0.0,,,
ntk_N1600_a2_wd0.003_s3,2.0,1600,0.003,3,25.0,0.00012,ok,,,200000,200000,307,161.59126496315002,18.629268407821655,1,a32604fecc91de55d340ab4799441a26f2677242,False,5.647989951285126e-07,331.4903869628906,6.989534854888916,0.021085181138816474,0.057799261063337326,4.195184781161099e-17,-6.891902446746826,0.022203803062438965,0.04831932857632637,0.09433962404727936,0.11570141464471817,0.11599233001470566,0.09298034757375717,0.020234789322023373,0.09298302978277206,9,False,,,,,,True,,,,True,,,,True,,,,True,,,,True,,,,True,,,,True,,,,True,,,,,,,,,,,,,,,,,,,0.0,,,
ntk_N1600_a2_wd0.003_s4,2.0,1600,0.003,4,25.0,0.00012,ok,,,200000,200000,307,136.67693781852722,17.696868181228638,1,a32604fecc91de55d340ab4799441a26f2677242,False,5.776694820269768e-07,331.8200378417969,12.64737606048584,0.038115166711287576,0.057678744196891785,5.226532097737935e-17,-5.680838584899902,0.022974014282226562,0.04411764815449715,0.11320754885673523,0.1134953498840332,0.11054424196481705,0.09408541023731232,0.02062907558247193,0.09408583492040634,4,False,,,,,,True,,,,True,,,,True,,,,True,,,,True,,,,True,,,,True,,,,True,,,,,,,,,,,,,,,,,,,0.0,,,
